player_id,name,pos,ppg,g,ppg_next,g_next,age,year,rank0,played_next,d,era,band
00-0004541,Donald Driver,WR,3.0777777777777775,9,,,38.60369609856263,2013,119.0,False,,2013-18,32+
00-0006101,Tony Gonzalez,TE,14.8125,16,13.775,16.0,37.53593429158111,2013,3.0,True,-1.0374999999999996,2013-18,32+
00-0007091,Matt Hasselbeck,QB,9.56,8,1.0,3.0,37.960301163586585,2013,31.0,False,-8.56,2013-18,32+
00-0010346,Peyton Manning,QB,19.435000000000002,16,27.62375,16.0,37.464750171115675,2013,7.0,True,8.188749999999999,2013-18,32+
00-0011754,Randy Moss,WR,5.5875,16,,,36.57221081451061,2013,92.0,False,,2013-18,32+
00-0015754,Brandon Stokley,WR,9.242857142857144,14,4.083333333333333,6.0,37.215605749486656,2013,57.5,False,-5.159523809523811,2013-18,32+
00-0019596,Tom Brady,QB,21.7675,16,16.72,16.0,36.10403832991102,2013,2.0,True,-5.047499999999999,2013-18,32+
00-0020245,Mike Vick,QB,15.168000000000001,10,15.571428571428573,7.0,33.20739219712526,2013,16.0,False,0.4034285714285719,2013-18,32+
00-0020337,Steve Smith,WR,13.9125,16,10.833333333333334,15.0,34.332648870636554,2013,23.0,True,-3.0791666666666657,2013-18,32+
00-0020494,Santana Moss,WR,9.10625,16,6.23125,16.0,34.27789185489391,2013,61.0,True,-2.874999999999999,2013-18,32+
00-0020498,Reggie Wayne,WR,17.5,16,14.900000000000002,7.0,34.8145106091718,2013,9.0,False,-2.599999999999998,2013-18,32+
00-0020531,Drew Brees,QB,22.59875,16,22.855,16.0,34.652977412731005,2013,1.0,True,0.2562500000000014,2013-18,32+
00-0021192,Deion Branch,WR,3.388888888888889,9,,,34.1492128678987,2013,117.0,False,,2013-18,32+
00-0021236,Randy McMichael,TE,1.281818181818182,11,,,34.20396988364134,2013,66.0,False,,2013-18,32+
00-0021429,Carson Palmer,QB,15.488,15,14.57875,16.0,33.7056810403833,2013,15.0,True,-0.9092500000000001,2013-18,32+
00-0021547,Antonio Gates,TE,9.653333333333334,15,11.7,16.0,33.229295003422315,2013,14.0,True,2.046666666666665,2013-18,32+
00-0021678,Tony Romo,QB,18.995,16,17.928,15.0,33.38809034907597,2013,8.0,True,-1.0670000000000002,2013-18,32+
00-0021756,Will Heller,TE,3.4545454545454546,11,,,32.53114305270363,2013,49.0,False,,2013-18,32+
00-0021931,Kevin Walter,WR,6.550000000000001,16,,,32.101300479123886,2013,79.0,False,,2013-18,32+
00-0022044,Andre Johnson,WR,19.45625,16,18.45,16.0,32.167008898015055,2013,4.0,True,-1.0062500000000014,2013-18,32+
00-0022084,Anquan Boldin,WR,12.326666666666666,15,15.96875,16.0,32.936344969199176,2013,34.0,True,3.642083333333334,2013-18,32+
00-0022097,Brandon Lloyd,WR,12.00625,16,,,32.18343600273785,2013,39.0,False,,2013-18,32+
00-0022127,Jason Witten,TE,14.775,16,13.1625,16.0,31.34839151266256,2013,4.0,True,-1.6125000000000007,2013-18,30-31
00-0022165,Dallas Clark,TE,7.15625,16,7.572727272727274,11.0,34.247775496235455,2013,27.0,True,0.4164772727272741,2013-18,32+
00-0022178,Willis McGahee,RB,14.820000000000002,10,5.245454545454546,11.0,31.887748117727583,2013,14.0,True,-9.574545454545456,2013-18,31+
00-0022217,Mewelde Moore,RB,2.1888888888888887,9,,,31.132101300479125,2013,84.0,False,,2013-18,31+
00-0022388,Terrance Copper,WR,1.7777777777777777,9,,,31.498973305954827,2013,132.0,False,,2013-18,30-31
00-0022414,Malcom Floyd,WR,12.171428571428573,14,11.200000000000001,2.0,32.00547570157426,2013,36.0,False,-0.9714285714285715,2013-18,32+
00-0022421,Ruvell Martin,WR,1.0125,8,,,31.085557837097877,2013,142.0,False,,2013-18,30-31
00-0022427,Wes Welker,WR,18.55625,16,16.215384615384615,13.0,32.36139630390144,2013,8.0,True,-2.340865384615384,2013-18,32+
00-0022736,Steven Jackson,RB,12.9125,16,12.366666666666667,12.0,30.138261464750173,2013,23.0,True,-0.5458333333333325,2013-18,29-30
00-0022781,Michael Jenkins,WR,6.05625,16,,,31.23066392881588,2013,84.0,False,,2013-18,30-31
00-0022787,Matt Schaub,QB,14.48875,16,10.48,10.0,32.21081451060917,2013,19.0,True,-4.008749999999999,2013-18,32+
00-0022803,Eli Manning,QB,15.0575,16,11.145,16.0,32.68446269678302,2013,17.0,True,-3.9124999999999996,2013-18,32+
00-0022811,Jerricho Cotchery,WR,3.125,12,11.146666666666668,15.0,31.236139630390145,2013,118.0,True,8.021666666666668,2013-18,30-31
00-0022821,Michael Turner,RB,11.3625,16,,,31.572895277207394,2013,28.0,False,,2013-18,31+
00-0022921,Larry Fitzgerald,WR,11.1125,16,14.950000000000001,16.0,30.028747433264886,2013,46.0,True,3.8375000000000004,2013-18,30-31
00-0022924,Ben Roethlisberger,QB,17.215384615384615,13,17.1775,16.0,31.526351813826146,2013,12.0,True,-0.03788461538461618,2013-18,30-31
00-0022929,Devery Henderson,WR,4.16,15,,,31.460643394934976,2013,108.0,False,,2013-18,30-31
00-0022942,Philip Rivers,QB,13.015,16,19.46375,16.0,31.756331279945243,2013,23.0,True,6.44875,2013-18,30-31
00-0022943,Benjamin Watson,TE,7.31875,16,3.8285714285714287,14.0,32.72826830937714,2013,26.0,True,-3.490178571428571,2013-18,32+
00-0023176,Josh Cribbs,WR,1.09375,16,1.6033333333333335,6.0,30.255989048596852,2013,137.0,False,0.5095833333333335,2013-18,30-31
00-0023310,Lance Moore,WR,14.073333333333334,15,7.2846153846153845,13.0,30.028747433264886,2013,22.0,True,-6.78871794871795,2013-18,30-31
00-0023367,Nate Washington,WR,9.13125,16,10.775,16.0,30.036960985626283,2013,59.0,True,1.6437500000000007,2013-18,30-31
00-0023436,Alex Smith,QB,12.268,10,16.948,15.0,29.34428473648186,2013,25.0,True,4.68,2013-18,28-29
00-0023437,Ronnie Brown,RB,7.721428571428571,14,2.5500000000000003,14.0,31.745379876796715,2013,38.0,True,-5.171428571428571,2013-18,31+
00-0023438,Braylon Edwards,WR,4.877777777777777,9,,,30.55167693360712,2013,98.0,False,,2013-18,30-31
00-0023459,Aaron Rodgers,QB,21.5375,16,19.715555555555554,9.0,29.7741273100616,2013,3.0,True,-1.8219444444444477,2013-18,28-29
00-0023462,Roddy White,WR,17.475,16,11.77692307692308,13.0,31.854893908281998,2013,10.0,True,-5.698076923076922,2013-18,30-31
00-0023465,Heath Miller,TE,13.506666666666668,15,8.664285714285715,14.0,30.885694729637233,2013,5.0,True,-4.842380952380953,2013-18,30-31
00-0023490,Roscoe Parrish,WR,0.0,13,,,31.15400410677618,2013,148.5,False,,2013-18,30-31
00-0023496,Vincent Jackson,WR,17.15,16,15.524999999999999,16.0,30.65571526351814,2013,11.0,True,-1.625,2013-18,30-31
00-0023500,Frank Gore,RB,14.6125,16,12.49375,16.0,30.327173169062284,2013,16.0,True,-2.1187500000000004,2013-18,29-30
00-0023503,Courtney Roby,WR,0.9875,8,,,30.666666666666668,2013,143.0,False,,2013-18,30-31
00-0023506,Alex Smith,TE,1.9666666666666666,9,1.275,8.0,31.304585900068446,2013,56.0,True,-0.6916666666666667,2013-18,30-31
00-0023564,Darren Sproles,RB,16.853846153846153,13,11.793333333333333,15.0,30.2258726899384,2013,11.0,True,-5.06051282051282,2013-18,29-30
00-0023630,Joel Dreessen,TE,6.6625,16,2.5285714285714285,7.0,31.12662559890486,2013,28.0,False,-4.133928571428571,2013-18,30-31
00-0023662,Matt Cassel,QB,8.704444444444444,9,11.997777777777777,9.0,31.318275154004105,2013,33.0,True,3.293333333333333,2013-18,30-31
00-0023682,Ryan Fitzpatrick,QB,13.35625,16,15.969090909090909,11.0,30.795345653661876,2013,22.0,True,2.6128409090909095,2013-18,30-31
00-0023921,Miles Austin,WR,12.33125,16,4.3999999999999995,11.0,29.196440793976727,2013,33.0,True,-7.931250000000001,2013-18,28-29
00-0023968,Micheal Spurlock,WR,4.6923076923076925,13,0.0,11.0,30.60917180013689,2013,101.0,True,-4.6923076923076925,2013-18,30-31
00-0024103,Montell Owens,RB,5.355555555555556,9,,,29.352498288843258,2013,55.0,False,,2013-18,29-30
00-0024204,Fred Jackson,RB,11.84,10,14.85625,16.0,32.55304585900068,2013,26.0,True,3.0162499999999994,2013-18,31+
00-0024217,Reggie Bush,RB,13.3,16,17.835714285714285,14.0,28.525667351129364,2013,21.0,True,4.535714285714285,2013-18,27-28
00-0024221,Vernon Davis,TE,7.956250000000001,16,14.3,15.0,29.609856262833677,2013,23.0,True,6.34375,2013-18,28-29
00-0024226,Jay Cutler,QB,12.308,15,15.33090909090909,11.0,30.368240930869266,2013,24.0,True,3.0229090909090903,2013-18,30-31
00-0024242,DeAngelo Williams,RB,9.4625,16,11.106666666666667,15.0,30.379192334017795,2013,32.0,True,1.644166666666667,2013-18,29-30
00-0024243,Marcedes Lewis,TE,8.766666666666667,15,8.290000000000001,10.0,29.311430527036276,2013,19.0,True,-0.47666666666666657,2013-18,28-29
00-0024267,Greg Jennings,WR,12.2625,8,11.593333333333334,15.0,29.971252566735114,2013,35.0,True,-0.6691666666666656,2013-18,28-29
00-0024268,Anthony Fasano,TE,6.6375,16,6.777777777777778,9.0,29.39082819986311,2013,29.0,True,0.1402777777777775,2013-18,28-29
00-0024272,Devin Hester,WR,3.586666666666667,15,0.375,16.0,30.850102669404517,2013,114.0,True,-3.211666666666667,2013-18,30-31
00-0024276,Tony Scheffler,TE,6.5600000000000005,15,3.8,4.0,30.56810403832991,2013,30.0,False,-2.7600000000000007,2013-18,30-31
00-0024297,Derek Hagan,WR,3.8249999999999997,12,,,28.969199178644764,2013,112.0,False,,2013-18,28-29
00-0024301,David Thomas,TE,4.36,10,,,30.184804928131417,2013,43.0,False,,2013-18,30-31
00-0024313,Owen Daniels,TE,11.306666666666667,15,13.440000000000001,5.0,30.836413415468858,2013,9.0,False,2.1333333333333346,2013-18,30-31
00-0024318,Brad Smith,WR,4.1866666666666665,15,0.9800000000000001,5.0,29.746748802190282,2013,106.0,False,-3.2066666666666666,2013-18,28-29
00-0024324,Jason Avant,WR,8.521428571428572,14,6.180000000000001,15.0,30.392881587953458,2013,65.0,True,-2.3414285714285716,2013-18,30-31
00-0024332,Leon Washington,RB,1.7125000000000001,16,0.014285714285714287,7.0,31.033538672142367,2013,91.0,False,-1.698214285714286,2013-18,31+
00-0024334,Brandon Marshall,WR,21.56875,16,19.65625,16.0,29.467488021902806,2013,2.0,True,-1.9125000000000014,2013-18,28-29
00-0024345,Domenik Hixon,WR,8.4,13,2.642857142857143,7.0,28.922655715263517,2013,66.0,False,-5.757142857142858,2013-18,28-29
00-0024369,Jeff King,TE,2.4916666666666667,12,,,30.55715263518138,2013,52.0,False,,2013-18,30-31
00-0024389,Delanie Walker,TE,4.4625,16,10.206666666666667,15.0,29.078713210130047,2013,42.0,True,5.744166666666667,2013-18,28-29
00-0024447,Devin Aromashodu,WR,2.6545454545454548,11,,,29.300479123887747,2013,124.0,False,,2013-18,28-29
00-0024466,Marques Colston,WR,16.181250000000002,16,13.486666666666668,15.0,30.26694045174538,2013,16.0,True,-2.694583333333334,2013-18,30-31
00-0024535,Eric Weems,WR,0.4272727272727272,11,0.2,9.0,28.186173853524984,2013,145.0,True,-0.22727272727272718,2013-18,28-29
00-0024559,D.J. Ware,RB,2.0785714285714287,14,,,28.55852156057495,2013,85.0,False,,2013-18,27-28
00-0024756,Matt Willis,WR,1.3571428571428572,14,,,29.409993155373034,2013,136.0,False,,2013-18,28-29
00-0024813,Pierre Thomas,RB,9.113333333333333,15,13.325000000000001,16.0,28.72826830937714,2013,33.0,True,4.211666666666668,2013-18,27-28
00-0025389,Calvin Johnson,WR,23.243750000000002,16,22.87142857142857,14.0,27.94798083504449,2013,1.0,True,-0.372321428571432,2013-18,25-27
00-0025394,Adrian Peterson,RB,24.212500000000002,16,18.05,14.0,28.473648186173854,2013,1.0,True,-6.162500000000001,2013-18,27-28
00-0025396,Ted Ginn,WR,0.2153846153846154,13,7.78125,16.0,28.413415468856947,2013,147.0,True,7.5658653846153845,2013-18,28-29
00-0025399,Marshawn Lynch,RB,18.725,16,17.76875,16.0,27.38672142368241,2013,4.0,True,-0.9562500000000007,2013-18,27-28
00-0025409,Brady Quinn,QB,4.424,10,,,28.870636550308006,2013,35.0,False,,2013-18,28-29
00-0025410,Dwayne Bowe,WR,12.161538461538461,13,10.286666666666667,15.0,28.969199178644764,2013,37.0,True,-1.874871794871794,2013-18,28-29
00-0025414,Robert Meachem,WR,5.122222222222223,9,4.0200000000000005,15.0,28.95003422313484,2013,97.0,True,-1.1022222222222222,2013-18,28-29
00-0025418,Greg Olsen,TE,11.55,16,11.9125,16.0,28.501026694045173,2013,8.0,True,0.36249999999999893,2013-18,28-29
00-0025425,Zach Miller,TE,5.85,16,7.823076923076924,13.0,27.748117727583846,2013,33.0,True,1.973076923076924,2013-18,25-27
00-0025431,Sidney Rice,WR,10.525,16,6.7625,8.0,27.025325119780973,2013,49.0,True,-3.7625,2013-18,25-27
00-0025438,Steve Smith,WR,3.011111111111111,9,,,28.347707049965777,2013,120.0,False,,2013-18,28-29
00-0025439,Brian Leonard,RB,2.3583333333333334,12,4.06875,16.0,29.60164271047228,2013,83.0,True,1.7104166666666663,2013-18,29-30
00-0025460,Jacoby Jones,WR,5.95,16,8.5,12.0,29.166324435318277,2013,88.0,True,2.55,2013-18,28-29
00-0025464,Matt Spaeth,TE,1.6444444444444446,9,4.05,2.0,29.796030116358658,2013,61.0,False,2.405555555555555,2013-18,28-29
00-0025465,James Jones,WR,15.193333333333333,15,11.407142857142858,14.0,29.44558521560575,2013,18.0,True,-3.786190476190475,2013-18,28-29
00-0025487,Michael Bush,RB,6.6461538461538465,13,3.75,14.0,29.234770704996578,2013,48.0,True,-2.8961538461538465,2013-18,29-30
00-0025516,Scott Chandler,TE,8.94,15,8.03125,16.0,28.134154688569474,2013,18.0,True,-0.9087499999999995,2013-18,28-29
00-0025542,Dante Rosario,TE,3.227272727272727,11,0.25555555555555554,9.0,28.876112251882272,2013,50.0,True,-2.9717171717171715,2013-18,28-29
00-0025549,Brent Celek,TE,8.726666666666667,15,7.2625,16.0,28.62422997946612,2013,20.0,True,-1.4641666666666664,2013-18,28-29
00-0025637,Ahmad Bradshaw,RB,14.0,14,13.933333333333332,3.0,27.479808350444902,2013,18.0,False,-0.0666666666666682,2013-18,27-28
00-0025701,Jackie Battle,RB,5.3933333333333335,15,2.5272727272727273,11.0,29.94387405886379,2013,53.0,True,-2.866060606060606,2013-18,29-30
00-0025860,BenJarvus Green-Ellis,RB,12.386666666666667,15,7.487500000000001,16.0,28.191649555099247,2013,24.0,True,-4.899166666666666,2013-18,27-28
00-0025951,Darius Reynaud,RB,1.8625,16,0.15555555555555556,9.0,28.698151950718685,2013,90.0,True,-1.7069444444444444,2013-18,27-28
00-0026000,Davone Bess,WR,11.36923076923077,13,6.585714285714286,14.0,27.991786447638603,2013,44.0,True,-4.783516483516483,2013-18,25-27
00-0026008,Matthew Mulligan,TE,2.2399999999999998,10,1.92,5.0,28.643394934976044,2013,53.0,False,-0.31999999999999984,2013-18,28-29
00-0026019,Danny Woodhead,RB,10.446666666666667,15,13.9625,16.0,28.62422997946612,2013,30.0,True,3.515833333333333,2013-18,27-28
00-0026035,Danny Amendola,WR,13.581818181818182,11,11.158333333333333,12.0,27.854893908281998,2013,26.0,True,-2.423484848484849,2013-18,25-27
00-0026143,Matt Ryan,QB,19.55375,16,16.00625,16.0,28.317590691307323,2013,6.0,True,-3.5474999999999994,2013-18,28-29
00-0026144,Darren McFadden,RB,13.458333333333334,12,10.134,10.0,26.039698836413415,2013,20.0,True,-3.3243333333333336,2013-18,25-26
00-0026153,Jonathan Stewart,RB,8.7,9,4.8999999999999995,6.0,26.47501711156742,2013,35.0,False,-3.8,2013-18,25-26
00-0026158,Joe Flacco,QB,14.68,16,12.97375,16.0,28.648870636550306,2013,18.0,True,-1.706249999999999,2013-18,28-29
00-0026162,Felix Jones,RB,7.4625,16,2.1133333333333337,15.0,26.34360027378508,2013,39.0,True,-5.349166666666667,2013-18,25-26
00-0026164,Chris Johnson,RB,14.156250000000002,16,15.387500000000001,16.0,27.964407939767284,2013,17.0,True,1.2312499999999993,2013-18,27-28
00-0026170,Dustin Keller,TE,8.9625,8,,,28.958247775496236,2013,17.0,False,,2013-18,28-29
00-0026173,Donnie Avery,WR,10.0,16,7.446666666666667,15.0,29.245722108145106,2013,51.5,True,-2.553333333333333,2013-18,28-29
00-0026176,Jordy Nelson,WR,14.208333333333334,12,16.993750000000002,16.0,28.279260780287473,2013,20.0,True,2.785416666666668,2013-18,28-29
00-0026178,John Carlson,TE,1.3666666666666667,9,5.56923076923077,13.0,29.3305954825462,2013,65.0,True,4.202564102564104,2013-18,28-29
00-0026182,Eddie Royal,WR,5.46,10,10.68,15.0,27.307323750855577,2013,94.0,True,5.22,2013-18,25-27
00-0026184,Matt Forte,RB,15.360000000000001,15,22.01875,16.0,27.750855578370977,2013,12.0,True,6.6587499999999995,2013-18,27-28
00-0026186,Jerome Simpson,WR,4.283333333333333,12,8.1,16.0,27.59753593429158,2013,105.0,True,3.8166666666666664,2013-18,25-27
00-0026189,DeSean Jackson,WR,11.754545454545456,11,17.30625,16.0,26.77618069815195,2013,41.0,True,5.551704545454543,2013-18,25-27
00-0026195,Ray Rice,RB,18.44375,16,12.073333333333332,15.0,26.633812457221083,2013,5.0,True,-6.370416666666669,2013-18,25-26
00-0026197,Chad Henne,QB,11.416,10,10.756,15.0,28.191649555099247,2013,29.0,True,-0.6600000000000001,2013-18,28-29
00-0026201,Martellus Bennett,TE,9.225,16,10.55625,16.0,26.50513347022587,2013,15.0,True,1.3312500000000007,2013-18,25-27
00-0026204,Kevin Smith,RB,4.811111111111112,9,,,26.732375085557837,2013,62.0,False,,2013-18,25-26
00-0026210,Earl Bennett,WR,6.666666666666667,12,5.878571428571428,14.0,26.469541409993155,2013,78.0,True,-0.7880952380952388,2013-18,25-27
00-0026213,Jamaal Charles,RB,16.90625,16,26.1,15.0,26.704996577686515,2013,9.0,True,9.193750000000001,2013-18,25-26
00-0026221,Early Doucet,WR,4.133333333333334,12,,,27.86858316221766,2013,109.0,False,,2013-18,25-27
00-0026224,Harry Douglas,WR,5.593333333333334,15,12.8875,16.0,28.982888432580424,2013,91.0,True,7.294166666666666,2013-18,28-29
00-0026225,Craig Stevens,TE,3.7666666666666666,15,0.4166666666666667,6.0,29.023956194387406,2013,46.0,False,-3.35,2013-18,28-29
00-0026231,Jermichael Finley,TE,8.60625,16,12.166666666666666,6.0,26.46132785763176,2013,21.0,False,3.560416666666667,2013-18,25-27
00-0026235,Mario Manningham,WR,8.108333333333333,12,3.5,5.0,27.29637234770705,2013,68.0,False,-4.6083333333333325,2013-18,25-27
00-0026262,Tashard Choice,RB,3.0200000000000005,10,1.6785714285714286,14.0,28.804928131416837,2013,77.0,True,-1.3414285714285719,2013-18,27-28
00-0026267,Jacob Tamme,TE,7.966666666666667,15,3.6999999999999997,12.0,28.490075290896645,2013,22.0,True,-4.2666666666666675,2013-18,28-29
00-0026281,Gary Barnidge,TE,2.2,9,2.692857142857143,14.0,27.967145790554415,2013,55.0,True,0.4928571428571429,2013-18,25-27
00-0026293,Matthew Slater,WR,0.0,13,0.0,8.0,28.00273785078713,2013,148.5,True,0.0,2013-18,28-29
00-0026298,Kellen Davis,TE,3.46,15,2.033333333333333,6.0,27.915126625598905,2013,48.0,False,-1.4266666666666667,2013-18,25-27
00-0026314,Josh Morgan,WR,7.09375,16,3.0500000000000003,14.0,28.22450376454483,2013,75.0,True,-4.043749999999999,2013-18,28-29
00-0026316,Jalen Parmele,RB,2.481818181818182,11,,,27.696098562628336,2013,81.0,False,,2013-18,27-28
00-0026345,Pierre Garcon,WR,13.520000000000001,10,17.8125,16.0,27.091033538672143,2013,27.0,True,4.292499999999999,2013-18,25-27
00-0026364,Steve Johnson,WR,13.881250000000001,16,11.016666666666666,12.0,27.137577002053387,2013,25.0,True,-2.8645833333333357,2013-18,25-27
00-0026366,Chaz Schilens,WR,5.575,12,,,27.84120465434634,2013,93.0,False,,2013-18,25-27
00-0026367,Peyton Hillis,RB,4.007692307692308,13,8.185714285714287,7.0,27.63586584531143,2013,68.0,False,4.178021978021979,2013-18,27-28
00-0026373,Justin Forsett,RB,3.585714285714286,14,3.2875,8.0,27.906913073237508,2013,73.0,True,-0.29821428571428577,2013-18,27-28
00-0026432,Lance Ball,RB,3.536363636363637,11,,,28.227241615331966,2013,74.0,False,,2013-18,27-28
00-0026491,Stefan Logan,WR,0.7,15,,,32.27378507871321,2013,144.0,False,,2013-18,32+
00-0026498,Matthew Stafford,QB,18.286250000000003,16,17.93125,16.0,25.590691307323752,2013,9.0,True,-0.355000000000004,2013-18,25-27
00-0026566,Isaac Redman,RB,6.778571428571429,14,3.3,2.0,28.83230663928816,2013,46.0,False,-3.4785714285714295,2013-18,27-28
00-0026577,Marcus Thigpen,WR,1.02,15,1.59375,16.0,27.32375085557837,2013,141.0,True,0.57375,2013-18,25-27
00-0026745,Curtis Brinkley,RB,3.466666666666667,9,,,27.972621492128678,2013,75.0,False,,2013-18,27-28
00-0026780,Kevin Ogletree,WR,7.285714285714286,14,4.991666666666666,12.0,26.099931553730322,2013,74.0,True,-2.2940476190476193,2013-18,25-27
00-0026796,Arian Foster,RB,20.19375,16,14.3125,8.0,27.04722792607803,2013,3.0,True,-5.881250000000001,2013-18,27-28
00-0026878,Tom Crabtree,TE,4.63,10,2.4200000000000004,5.0,27.849418206707735,2013,41.0,False,-2.2099999999999995,2013-18,25-27
00-0026898,Mark Sanchez,QB,7.874666666666667,15,,,26.830937713894592,2013,34.0,False,,2013-18,25-27
00-0026899,Shonn Greene,RB,12.025,16,5.763636363636365,11.0,28.05475701574264,2013,25.0,True,-6.261363636363636,2013-18,27-28
00-0026901,Mike Wallace,WR,13.153333333333334,15,12.83125,16.0,27.110198494182068,2013,30.5,True,-0.3220833333333335,2013-18,25-27
00-0026931,Bear Pascoe,TE,1.5,9,1.6916666666666667,12.0,27.54551676933607,2013,63.0,True,0.19166666666666665,2013-18,25-27
00-0026932,Cedric Peerman,RB,4.481818181818182,11,0.1416666666666667,12.0,26.91854893908282,2013,66.0,True,-4.340151515151516,2013-18,25-26
00-0026937,Brandon Gibson,WR,10.106666666666667,15,11.514285714285716,7.0,26.078028747433265,2013,50.0,False,1.4076190476190487,2013-18,25-27
00-0026956,LaRod Stephens-Howling,RB,6.6571428571428575,14,5.0,1.0,26.376454483230663,2013,47.0,False,-1.6571428571428575,2013-18,25-26
00-0026983,Darrius Heyward-Bey,WR,8.88,15,4.7,15.0,26.537987679671456,2013,64.0,True,-4.180000000000001,2013-18,25-27
00-0026986,Michael Crabtree,WR,16.01875,16,10.98,5.0,25.99041752224504,2013,17.0,False,-5.03875,2013-18,25-27
00-0026988,Knowshon Moreno,RB,14.775,8,19.0375,16.0,26.154688569472963,2013,15.0,True,4.262500000000001,2013-18,25-26
00-0026993,Josh Freeman,QB,16.03125,16,7.61,4.0,25.659137577002053,2013,13.0,False,-8.42125,2013-18,25-27
00-0026995,Jeremy Maclin,WR,13.280000000000001,15,,,25.333333333333332,2013,29.0,False,,2013-18,25-27
00-0026996,Brandon Pettigrew,TE,9.976923076923075,13,6.614285714285714,14.0,28.54483230663929,2013,12.0,True,-3.3626373626373613,2013-18,28-29
00-0026998,Percy Harvin,WR,19.08888888888889,9,2.7,1.0,25.286789869952088,2013,6.0,False,-16.38888888888889,2013-18,25-27
00-0027003,Donald Brown,RB,6.8,10,9.38125,16.0,26.417522245037645,2013,45.0,True,2.58125,2013-18,25-26
00-0027005,Hakeem Nicks,WR,11.808333333333335,12,10.006666666666666,15.0,25.65639972621492,2013,40.0,True,-1.8016666666666694,2013-18,25-27
00-0027006,Kenny Britt,WR,9.242857142857144,14,2.06,10.0,24.974674880219027,2013,57.5,True,-7.182857142857143,2013-18,25-27
00-0027007,Chris Wells,RB,6.85,8,,,25.09240246406571,2013,44.0,False,,2013-18,25-26
00-0027026,Mohamed Massaquoi,WR,4.711111111111112,9,,,26.795345653661876,2013,100.0,False,,2013-18,25-27
00-0027029,LeSean McCoy,RB,17.358333333333334,12,22.38125,16.0,25.163586584531142,2013,8.0,True,5.022916666666667,2013-18,25-26
00-0027057,Brandon Tate,WR,2.5062500000000005,16,0.1,16.0,25.932922655715263,2013,127.0,True,-2.4062500000000004,2013-18,25-27
00-0027061,Jared Cook,TE,9.1,13,9.225,16.0,26.428473648186174,2013,16.0,True,0.125,2013-18,25-27
00-0027076,Mike Thomas,WR,2.892857142857143,14,,,26.269678302532512,2013,122.0,False,,2013-18,25-27
00-0027077,Brian Hartline,WR,13.153333333333334,15,12.787500000000001,16.0,26.80082135523614,2013,30.5,True,-0.3658333333333328,2013-18,25-27
00-0027080,Mike Goodson,RB,5.300000000000001,12,5.0,2.0,26.302532511978097,2013,56.0,False,-0.3000000000000007,2013-18,25-26
00-0027089,Louis Murphy,WR,4.326666666666667,15,1.9571428571428573,7.0,26.33538672142368,2013,104.0,False,-2.36952380952381,2013-18,25-27
00-0027094,Andre Brown,RB,11.209999999999999,10,12.4375,8.0,26.7378507871321,2013,29.0,True,1.227500000000001,2013-18,25-26
00-0027109,James Casey,TE,5.3500000000000005,16,0.5083333333333334,12.0,28.966461327857633,2013,36.0,True,-4.841666666666667,2013-18,28-29
00-0027135,Brandon Myers,TE,11.56875,16,8.213333333333333,15.0,28.016427104722794,2013,7.0,True,-3.3554166666666667,2013-18,28-29
00-0027139,John Phillips,TE,1.7727272727272727,11,0.7777777777777778,9.0,26.250513347022586,2013,59.0,True,-0.9949494949494949,2013-18,25-27
00-0027140,Chris Ogbonnaya,RB,3.641666666666667,12,7.143750000000001,16.0,27.310061601642712,2013,71.0,True,3.5020833333333337,2013-18,27-28
00-0027150,Julian Edelman,WR,7.888888888888889,9,16.10625,16.0,27.304585900068446,2013,69.0,True,8.21736111111111,2013-18,25-27
00-0027155,Rashad Jennings,RB,7.2299999999999995,10,12.033333333333333,15.0,28.459958932238195,2013,40.0,True,4.803333333333334,2013-18,27-28
00-0027156,Tiquan Underwood,WR,5.8999999999999995,14,7.791666666666667,12.0,26.562628336755647,2013,89.0,True,1.8916666666666675,2013-18,25-27
00-0027215,Logan Paulsen,TE,4.753846153846154,13,4.58,15.0,26.537987679671456,2013,40.0,True,-0.17384615384615376,2013-18,25-27
00-0027218,Joique Bell,RB,9.86875,16,13.54375,16.0,27.10198494182067,2013,31.0,True,3.674999999999999,2013-18,27-28
00-0027265,Victor Cruz,WR,16.41875,16,14.342857142857143,14.0,26.830937713894592,2013,15.0,True,-2.075892857142856,2013-18,25-27
00-0027321,Jeff Cumberland,TE,5.921428571428572,14,6.907692307692307,13.0,26.360027378507873,2013,32.0,True,0.9862637362637354,2013-18,25-27
00-0027325,LeGarrette Blount,RB,2.8300000000000005,10,7.75,16.0,26.765229295003422,2013,78.0,True,4.92,2013-18,25-26
00-0027356,Marlon Moore,WR,2.041666666666667,12,1.2818181818181817,11.0,26.02053388090349,2013,129.0,True,-0.7598484848484852,2013-18,25-27
00-0027518,Donald Jones,WR,9.108333333333333,12,,,25.73305954825462,2013,60.0,False,,2013-18,25-27
00-0027567,Steve Maneri,TE,1.2625000000000002,8,0.0,2.0,25.475701574264203,2013,68.0,False,-1.2625000000000002,2013-18,25-27
00-0027606,Trindon Holliday,WR,1.0466666666666666,15,0.8466666666666666,15.0,27.37303216974675,2013,139.0,True,-0.20000000000000007,2013-18,25-27
00-0027608,Kyle Williams,WR,3.936363636363636,11,2.8444444444444446,9.0,25.144421629021217,2013,111.0,True,-1.0919191919191915,2013-18,25-27
00-0027618,Brandon Banks,WR,1.0916666666666666,12,,,25.72210814510609,2013,138.0,False,,2013-18,25-27
00-0027651,Dexter McCluster,WR,6.7625,16,8.573333333333332,15.0,25.04312114989733,2013,77.0,True,1.8108333333333322,2013-18,25-27
00-0027654,Arrelious Benn,WR,1.025,8,,,25.00479123887748,2013,140.0,False,,2013-18,25-27
00-0027656,Rob Gronkowski,TE,18.40909090909091,11,18.1,7.0,24.32580424366872,2013,1.0,False,-0.30909090909090864,2013-18,<=24
00-0027666,Montario Hardesty,RB,3.6700000000000004,10,,,26.60643394934976,2013,70.0,False,,2013-18,25-26
00-0027675,Ed Dickson,TE,3.9545454545454546,11,4.164285714285715,14.0,26.130047912388775,2013,44.0,True,0.20974025974026,2013-18,25-27
00-0027681,Brandon LaFell,WR,10.707692307692309,13,9.646666666666668,15.0,26.850102669404517,2013,48.0,True,-1.0610256410256405,2013-18,25-27
00-0027685,Emmanuel Sanders,WR,6.9375,16,11.34375,16.0,26.48596851471595,2013,76.0,True,4.40625,2013-18,25-27
00-0027690,Eric Decker,WR,17.025,16,17.95625,16.0,26.491444216290212,2013,12.0,True,0.9312500000000021,2013-18,25-27
00-0027691,Andre Roberts,WR,11.72,15,6.38125,16.0,25.67008898015058,2013,42.0,True,-5.338750000000001,2013-18,25-27
00-0027692,Armanti Edwards,WR,1.7100000000000002,10,0.5,4.0,25.508555783709788,2013,135.0,False,-1.2100000000000002,2013-18,25-27
00-0027695,Tony Moeaki,TE,6.021428571428571,14,,,26.258726899383984,2013,31.0,False,,2013-18,25-27
00-0027696,Jimmy Graham,TE,16.013333333333335,15,19.53125,16.0,26.795345653661876,2013,2.0,True,3.5179166666666646,2013-18,25-27
00-0027702,Mike Williams,WR,13.88875,16,9.266666666666667,6.0,26.316221765913756,2013,24.0,False,-4.622083333333332,2013-18,25-27
00-0027712,Joe McKnight,RB,1.9071428571428573,14,,,25.401779603011637,2013,88.0,False,,2013-18,25-26
00-0027713,Aaron Hernandez,TE,12.98,10,,,23.84394250513347,2013,6.0,False,,2013-18,<=24
00-0027714,Dennis Pitta,TE,10.7125,16,10.725000000000001,4.0,28.199863107460644,2013,10.0,False,0.012500000000001066,2013-18,28-29
00-0027718,Garrett Graham,TE,5.164285714285714,14,11.083333333333334,12.0,27.10198494182067,2013,37.0,True,5.91904761904762,2013-18,25-27
00-0027725,Clay Harbor,TE,4.872727272727273,11,4.514285714285714,14.0,26.193018480492814,2013,38.0,True,-0.3584415584415588,2013-18,25-27
00-0027758,Riley Cooper,WR,5.9818181818181815,11,11.8,16.0,26.0041067761807,2013,86.0,True,5.818181818181819,2013-18,25-27
00-0027772,Anthony Dixon,RB,2.475,8,1.6857142857142857,14.0,25.963039014373717,2013,82.0,True,-0.7892857142857144,2013-18,25-26
00-0027783,Anthony McCoy,TE,4.757142857142858,14,,,25.702943189596166,2013,39.0,False,,2013-18,25-27
00-0027786,Jonathan Dwyer,RB,8.069230769230769,13,2.2733333333333334,15.0,24.125941136208077,2013,37.0,True,-5.795897435897436,2013-18,<=24
00-0027793,Antonio Brown,WR,13.315384615384618,13,20.150000000000002,16.0,25.169062286105408,2013,28.0,True,6.834615384615384,2013-18,25-27
00-0027854,Sam Bradford,QB,14.405,16,16.94,7.0,25.83983572895277,2013,20.0,False,2.535000000000002,2013-18,25-27
00-0027861,C.J. Spiller,RB,16.89375,16,11.120000000000001,15.0,26.099931553730322,2013,10.0,True,-5.77375,2013-18,25-26
00-0027864,Ryan Mathews,RB,11.408333333333333,12,14.275,16.0,25.919233401779604,2013,27.0,True,2.866666666666667,2013-18,25-26
00-0027873,Jermaine Gresham,TE,10.45,16,7.842857142857143,14.0,25.234770704996578,2013,11.0,True,-2.607142857142856,2013-18,25-27
00-0027874,Demaryius Thomas,WR,18.993750000000002,16,20.5,16.0,25.711156741957563,2013,7.0,True,1.5062499999999979,2013-18,25-27
00-0027876,Tim Tebow,QB,1.0690909090909093,11,,,26.075290896646134,2013,36.0,False,,2013-18,25-27
00-0027888,Toby Gerhart,RB,3.6266666666666665,15,4.6230769230769235,13.0,26.455852156057496,2013,72.0,True,0.996410256410257,2013-18,25-26
00-0027890,Ben Tate,RB,4.8909090909090915,11,10.578571428571427,14.0,25.05407255304586,2013,61.0,True,5.687662337662336,2013-18,25-26
00-0027891,Golden Tate,WR,10.948,15,11.86875,16.0,25.10609171800137,2013,47.0,True,0.92075,2013-18,25-27
00-0027893,Damian Williams,WR,4.800000000000001,13,3.644444444444444,9.0,25.29226557152635,2013,99.0,True,-1.1555555555555568,2013-18,25-27
00-0027902,Dez Bryant,WR,19.5375,16,18.65,16.0,24.84873374401095,2013,3.0,True,-0.8875000000000028,2013-18,25-27
00-0027912,Danario Alexander,WR,14.780000000000001,10,,,25.09240246406571,2013,19.0,False,,2013-18,25-27
00-0027918,Andrew Hawkins,WR,9.37857142857143,14,4.025,8.0,27.50444900752909,2013,56.0,True,-5.3535714285714295,2013-18,25-27
00-0027939,Cam Newton,QB,20.52875,16,18.60375,16.0,24.334017796030118,2013,5.0,True,-1.9249999999999972,2013-18,<=24
00-0027942,A.J. Green,WR,19.20625,16,19.725,16.0,25.111567419575632,2013,5.0,True,0.5187500000000007,2013-18,25-27
00-0027944,Julio Jones,WR,16.7375,16,22.84,5.0,24.58590006844627,2013,13.0,False,6.102499999999999,2013-18,25-27
00-0027946,Jake Locker,QB,12.012727272727274,11,14.248571428571429,7.0,25.23750855578371,2013,27.0,False,2.2358441558441555,2013-18,25-27
00-0027948,Blaine Gabbert,QB,9.408,10,4.1466666666666665,3.0,23.904175222450377,2013,32.0,False,-5.261333333333333,2013-18,<=24
00-0027950,Christian Ponder,QB,12.137500000000001,16,11.891111111111112,9.0,25.541409993155373,2013,26.0,True,-0.2463888888888892,2013-18,25-27
00-0027964,Jon Baldwin,WR,4.178571428571429,14,1.4500000000000002,4.0,24.084873374401095,2013,107.0,False,-2.7285714285714286,2013-18,<=24
00-0027966,Mark Ingram,RB,6.1937500000000005,16,5.581818181818182,11.0,23.720739219712527,2013,49.0,True,-0.6119318181818185,2013-18,<=24
00-0027973,Andy Dalton,QB,15.6725,16,18.00125,16.0,25.867214236824093,2013,14.0,True,2.3287499999999994,2013-18,25-27
00-0027974,Colin Kaepernick,QB,13.38923076923077,13,17.017500000000002,16.0,25.853524982888434,2013,21.0,True,3.6282692307692326,2013-18,25-27
00-0027981,Kyle Rudolph,TE,9.89375,16,9.912500000000001,8.0,23.835728952772072,2013,13.0,True,0.01875000000000071,2013-18,<=24
00-0027982,Titus Young,WR,9.84,10,,,24.05475701574264,2013,55.0,False,,2013-18,<=24
00-0027985,Lance Kendricks,TE,7.5875,16,5.8428571428571425,14.0,25.61259411362081,2013,25.0,True,-1.7446428571428578,2013-18,25-27
00-0027994,Shane Vereen,RB,5.833333333333333,12,17.375,8.0,24.525667351129364,2013,51.0,True,11.541666666666668,2013-18,25-26
00-0027995,Mikel Leshoure,RB,13.299999999999999,14,0.9,1.0,23.449691991786448,2013,22.0,False,-12.399999999999999,2013-18,<=24
00-0027996,Torrey Smith,WR,11.65,16,12.925,16.0,24.621492128678987,2013,43.0,True,1.2750000000000004,2013-18,25-27
00-0027997,Greg Little,WR,8.95,16,6.3125,16.0,24.281998631074607,2013,63.0,True,-2.6374999999999993,2013-18,<=24
00-0028000,Daniel Thomas,RB,6.925000000000001,12,6.726666666666666,15.0,25.867214236824093,2013,43.0,True,-0.19833333333333503,2013-18,25-26
00-0028002,Randall Cobb,WR,16.473333333333336,15,18.183333333333334,6.0,23.052703627652292,2013,14.0,False,1.7099999999999973,2013-18,<=24
00-0028007,Rob Housler,TE,5.78,15,6.953846153846154,13.0,25.4839151266256,2013,34.0,True,1.1738461538461538,2013-18,25-27
00-0028009,DeMarco Murray,RB,14.940000000000001,10,19.07857142857143,14.0,25.57700205338809,2013,13.0,True,4.138571428571428,2013-18,25-26
00-0028011,Stevan Ridley,RB,13.5875,16,9.321428571428571,14.0,24.618754277891856,2013,19.0,True,-4.266071428571429,2013-18,25-26
00-0028016,Austin Pettis,WR,6.161538461538461,13,7.278571428571429,14.0,25.587953456536617,2013,81.0,True,1.1170329670329684,2013-18,25-27
00-0028017,Leonard Hankerson,WR,7.386666666666668,15,8.55,10.0,24.61054072553046,2013,73.0,True,1.163333333333333,2013-18,25-27
00-0028034,Alex Green,RB,6.990909090909091,11,0.9000000000000001,7.0,25.215605749486652,2013,42.0,False,-6.090909090909091,2013-18,25-26
00-0028040,Jordan Cameron,TE,3.4714285714285715,14,14.446666666666667,15.0,25.09240246406571,2013,47.0,True,10.975238095238096,2013-18,25-27
00-0028042,Luke Stocker,TE,2.9615384615384617,13,,,25.149897330595483,2013,51.0,False,,2013-18,25-27
00-0028049,Clyde Gates,WR,3.96,10,4.033333333333334,6.0,27.24435318275154,2013,110.0,False,0.07333333333333414,2013-18,25-27
00-0028052,Cecil Shorts,WR,14.178571428571429,14,12.553846153846154,13.0,25.71937029431896,2013,21.0,True,-1.6247252747252752,2013-18,25-27
00-0028053,Kendall Hunter,RB,5.827272727272728,11,3.44375,16.0,24.982888432580424,2013,52.0,True,-2.383522727272728,2013-18,25-26
00-0028057,Delone Carter,RB,4.0625,8,,,26.220396988364133,2013,67.0,False,,2013-18,25-26
00-0028061,Tandon Doss,WR,2.5300000000000002,10,4.625,12.0,23.967145790554415,2013,126.0,True,2.0949999999999998,2013-18,<=24
00-0028063,Taiwan Jones,RB,0.52,10,0.6533333333333334,15.0,25.125256673511295,2013,96.0,True,0.13333333333333341,2013-18,25-26
00-0028064,Bilal Powell,RB,7.05,14,8.94375,16.0,24.870636550308006,2013,41.0,True,1.8937499999999998,2013-18,25-26
00-0028070,Kealoha Pilares,WR,1.7374999999999998,8,,,25.555099247091032,2013,134.0,False,,2013-18,25-27
00-0028079,D.J. Williams,TE,1.27,10,0.0,4.0,24.999315537303218,2013,67.0,False,-1.27,2013-18,25-27
00-0028083,Jacquizz Rodgers,RB,8.8375,16,9.42,15.0,23.592060232717316,2013,34.0,True,0.5824999999999996,2013-18,<=24
00-0028086,Denarius Moore,WR,11.206666666666667,15,11.307692307692308,13.0,24.752908966461327,2013,45.0,True,0.10102564102564138,2013-18,25-27
00-0028091,Jeremy Kerley,WR,9.9175,16,9.533333333333333,12.0,24.83778234086242,2013,54.0,True,-0.3841666666666672,2013-18,25-27
00-0028093,Niles Paul,TE,2.2384615384615385,13,0.7,13.0,24.087611225188226,2013,54.0,True,-1.5384615384615385,2013-18,<=24
00-0028097,Lee Smith,TE,1.9222222222222223,9,1.4222222222222223,9.0,25.804243668720055,2013,57.0,True,-0.5,2013-18,25-27
00-0028112,Charles Clay,TE,3.9384615384615387,13,11.86875,16.0,24.57221081451061,2013,45.0,True,7.930288461538462,2013-18,25-27
00-0028114,Dwayne Harris,WR,3.546666666666667,15,2.7384615384615385,13.0,25.984941820670773,2013,115.0,True,-0.8082051282051284,2013-18,25-27
00-0028115,Evan Royster,RB,3.1133333333333337,15,0.325,4.0,25.790554414784395,2013,76.0,False,-2.7883333333333336,2013-18,25-26
00-0028116,Aldrick Robinson,WR,6.011111111111111,9,5.084615384615384,13.0,24.960985626283367,2013,85.0,True,-0.9264957264957268,2013-18,25-27
00-0028119,Richard Gordon,TE,0.9888888888888889,9,1.3,1.0,26.261464750171115,2013,71.0,False,0.3111111111111111,2013-18,25-27
00-0028163,Anthony Allen,RB,1.176923076923077,13,,,25.09514031485284,2013,93.0,False,,2013-18,25-26
00-0028170,Baron Batch,RB,2.0,9,,,25.72210814510609,2013,86.5,False,,2013-18,25-26
00-0028174,Stephen Burton,WR,1.8125,8,3.675,4.0,23.748117727583846,2013,131.0,False,1.8624999999999998,2013-18,<=24
00-0028179,David Ausberry,TE,1.4727272727272727,11,,,25.960301163586585,2013,64.0,False,,2013-18,25-27
00-0028202,Shaun Draughn,RB,4.5687500000000005,16,0.2,1.0,25.760438056125942,2013,64.0,False,-4.36875,2013-18,25-26
00-0028238,Konrad Reuland,TE,1.7545454545454546,11,0.42500000000000004,4.0,26.43668720054757,2013,60.0,False,-1.3295454545454546,2013-18,25-27
00-0028307,Drew Davis,WR,1.75,8,3.7999999999999994,12.0,24.681724845995895,2013,133.0,True,2.0499999999999994,2013-18,25-27
00-0028337,Kyle Adams,TE,0.8888888888888888,9,0.0,1.0,25.642710472279262,2013,73.0,False,-0.8888888888888888,2013-18,25-27
00-0028400,Armon Binns,WR,6.188888888888889,9,,,24.005475701574266,2013,80.0,False,,2013-18,<=24
00-0028434,Doug Baldwin,WR,5.971428571428572,14,9.9,16.0,24.969199178644764,2013,87.0,True,3.928571428571428,2013-18,25-27
00-0028532,Joseph Morgan,WR,6.136363636363637,11,,,25.467488021902806,2013,82.0,False,,2013-18,25-27
00-0028565,Armando Allen,RB,2.0,11,,,24.36413415468857,2013,86.5,False,,2013-18,<=24
00-0028613,Phillip Tanner,RB,1.5777777777777777,9,1.5,9.0,25.089664613278575,2013,92.0,True,-0.07777777777777772,2013-18,25-26
00-0028736,William Powell,RB,4.491666666666666,12,,,25.505817932922657,2013,65.0,False,,2013-18,25-26
00-0028841,Will Johnson,RB,2.723076923076923,13,1.6454545454545455,11.0,24.82135523613963,2013,79.0,True,-1.0776223776223777,2013-18,25-26
00-0028995,Stephen Hill,WR,5.836363636363637,11,5.308333333333334,12.0,22.379192334017795,2013,90.0,True,-0.5280303030303033,2013-18,<=24
00-0029000,Cole Beasley,WR,3.475,8,6.271428571428571,14.0,24.3750855578371,2013,116.0,True,2.7964285714285713,2013-18,<=24
00-0029004,Lance Dunbar,RB,1.8666666666666667,9,3.2375000000000003,8.0,23.6249144421629,2013,89.0,True,1.3708333333333336,2013-18,<=24
00-0029055,Kevin Elliott,WR,2.3111111111111113,9,,,24.720054757015742,2013,128.0,False,,2013-18,25-27
00-0029129,Rod Streater,WR,7.793333333333334,15,11.0,16.0,25.585215605749486,2013,71.0,True,3.206666666666666,2013-18,25-27
00-0029137,Alshon Jeffery,WR,7.87,10,19.00625,16.0,23.57015742642026,2013,70.0,True,11.13625,2013-18,<=24
00-0029140,Chris Rainey,RB,2.5124999999999997,16,0.0,2.0,25.52498288843258,2013,80.0,False,-2.5124999999999997,2013-18,25-26
00-0029141,Alfred Morris,RB,17.375,16,11.70625,16.0,24.744695414099933,2013,7.0,True,-5.668749999999999,2013-18,25-26
00-0029205,Travaris Cadet,RB,0.8250000000000001,12,1.2142857142857142,7.0,24.605065023956193,2013,95.0,False,0.3892857142857141,2013-18,25-26
00-0029209,Ryan Broyles,WR,8.3125,8,2.75,6.0,25.420944558521562,2013,67.0,False,-5.5625,2013-18,25-27
00-0029218,David Paulson,TE,1.2100000000000002,10,2.8400000000000003,5.0,24.54757015742642,2013,69.0,False,1.6300000000000001,2013-18,25-27
00-0029239,Brandon Bolden,RB,5.055555555555556,9,7.390909090909091,11.0,23.62217659137577,2013,57.0,True,2.3353535353535344,2013-18,<=24
00-0029251,David Wilson,RB,5.0125,16,3.88,5.0,22.239561943874058,2013,59.0,False,-1.1325000000000003,2013-18,<=24
00-0029262,Rueben Randle,WR,5.13846153846154,13,8.725,16.0,22.34633812457221,2013,96.0,True,3.58653846153846,2013-18,<=24
00-0029263,Russell Wilson,QB,17.22625,16,17.07375,16.0,24.78028747433265,2013,11.0,True,-0.15249999999999986,2013-18,25-27
00-0029264,Bernard Pierce,RB,4.926666666666667,15,5.375,16.0,22.338124572210816,2013,60.0,True,0.44833333333333325,2013-18,<=24
00-0029269,Travis Benjamin,WR,5.415384615384616,13,3.25,8.0,23.698836413415467,2013,95.0,True,-2.1653846153846157,2013-18,<=24
00-0029271,Joe Adams,WR,0.3333333333333333,9,,,23.800136892539356,2013,146.0,False,,2013-18,<=24
00-0029273,Robert Turbin,RB,5.033333333333333,15,2.525,16.0,23.772758384668034,2013,58.0,True,-2.5083333333333333,2013-18,<=24
00-0029293,Marvin Jones,WR,6.1,8,11.8875,16.0,23.498973305954827,2013,83.0,True,5.7875,2013-18,<=24
00-0029308,Greg Scruggs,TE,0.0,8,,,23.066392881587955,2013,74.0,False,,2013-18,<=24
00-0029414,Orson Charles,TE,1.5083333333333335,12,0.2571428571428572,7.0,22.62012320328542,2013,62.0,False,-1.2511904761904764,2013-18,<=24
00-0029415,Keshawn Martin,WR,1.8625,16,4.08125,16.0,23.49075975359343,2013,130.0,True,2.21875,2013-18,<=24
00-0029429,Bryce Brown,RB,6.1875,16,4.319999999999999,15.0,22.327173169062284,2013,50.0,True,-1.8675000000000006,2013-18,<=24
00-0029435,Damaris Johnson,WR,3.7,14,0.34,10.0,23.800136892539356,2013,113.0,True,-3.3600000000000003,2013-18,<=24
00-0029547,Vick Ballard,RB,8.4125,16,6.800000000000001,1.0,23.15400410677618,2013,36.0,False,-1.612499999999999,2013-18,<=24
00-0029548,LaVon Brazill,WR,2.966666666666667,12,4.455555555555556,9.0,24.490075290896645,2013,121.0,True,1.488888888888889,2013-18,<=24
00-0029587,Rhett Ellison,TE,1.125,12,2.442857142857143,7.0,24.93634496919918,2013,70.0,False,1.317857142857143,2013-18,25-27
00-0029590,Taylor Thompson,TE,0.9636363636363637,11,1.1444444444444446,9.0,23.89322381930185,2013,72.0,True,0.18080808080808086,2013-18,<=24
00-0029608,T.Y. Hilton,WR,12.966666666666667,15,14.275,16.0,23.822039698836413,2013,32.0,True,1.3083333333333336,2013-18,<=24
00-0029612,Daryl Richardson,RB,5.3625,16,6.8,7.0,23.41409993155373,2013,54.0,False,1.4375,2013-18,<=24
00-0029613,Doug Martin,RB,20.725,16,12.200000000000001,6.0,24.657084188911703,2013,2.0,False,-8.525,2013-18,25-26
00-0029614,Chris Givens,WR,8.966666666666667,15,5.7,16.0,23.761806981519506,2013,62.0,True,-3.2666666666666666,2013-18,<=24
00-0029615,Lamar Miller,RB,4.611111111111111,9,7.93125,16.0,22.379192334017795,2013,63.0,True,3.3201388888888896,2013-18,<=24
00-0029626,Isaiah Pead,RB,1.0,10,2.5444444444444447,9.0,23.73990417522245,2013,94.0,True,1.5444444444444447,2013-18,<=24
00-0029634,James Hanna,TE,1.8444444444444446,9,1.9300000000000002,10.0,24.15879534565366,2013,58.0,True,0.0855555555555556,2013-18,<=24
00-0029638,Michael Floyd,WR,7.513333333333334,15,12.63125,16.0,23.786447638603697,2013,72.0,True,5.117916666666666,2013-18,<=24
00-0029640,Brian Quick,WR,2.757142857142857,14,4.3,14.0,24.265571526351813,2013,123.0,True,1.5428571428571427,2013-18,<=24
00-0029660,Trevor Graham,WR,4.6466666666666665,15,4.40625,16.0,24.123203285420946,2013,102.0,True,-0.2404166666666665,2013-18,<=24
00-0029664,Josh Gordon,WR,10.0,16,24.13571428571429,14.0,22.412046543463383,2013,51.5,True,14.13571428571429,2013-18,<=24
00-0029665,Robert Griffin III,QB,21.366666666666667,15,16.386153846153846,13.0,23.575633127994525,2013,4.0,True,-4.980512820512821,2013-18,<=24
00-0029668,Andrew Luck,QB,17.778750000000002,16,18.286250000000003,16.0,23.994524298425734,2013,10.0,True,0.5075000000000003,2013-18,<=24
00-0029673,DeVier Posey,WR,2.5500000000000003,8,3.388888888888889,9.0,23.49075975359343,2013,125.0,True,0.8388888888888886,2013-18,<=24
00-0029675,Trent Richardson,RB,17.58,15,9.05625,16.0,23.170431211498972,2013,6.0,True,-8.523749999999998,2013-18,<=24
00-0029677,Brandon Weeden,QB,11.04,15,11.205,8.0,29.908281998631075,2013,30.0,True,0.16500000000000092,2013-18,28-29
00-0029683,Ronnie Hillman,RB,3.8000000000000003,14,5.522222222222222,9.0,21.99041752224504,2013,69.0,True,1.7222222222222219,2013-18,<=24
00-0029689,Dwayne Allen,TE,7.706666666666667,15,9.0,1.0,23.54277891854894,2013,24.0,False,1.293333333333333,2013-18,<=24
00-0029697,Coby Fleener,TE,5.508333333333333,12,8.89375,16.0,24.971937029431896,2013,35.0,True,3.385416666666668,2013-18,25-27
00-0029701,Ryan Tannehill,QB,11.92875,16,14.895,16.0,25.12251882272416,2013,28.0,True,2.9662499999999987,2013-18,25-27
00-0029702,Juron Criner,WR,4.344444444444445,9,6.2,1.0,23.745379876796715,2013,103.0,False,1.8555555555555552,2013-18,<=24
00-0029707,Justin Blackmon,WR,12.05,16,19.85,4.0,23.668720054757017,2013,38.0,False,7.800000000000001,2013-18,<=24
00-0029708,Kendall Wright,WR,9.933333333333334,15,13.55625,16.0,23.82751540041068,2013,53.0,True,3.622916666666667,2013-18,<=24
00-0006101,Tony Gonzalez,TE,13.775,16,,,38.535249828884325,2014,5.0,False,,2013-18,32+
00-0010346,Peyton Manning,QB,27.62375,16,20.5425,16.0,38.46406570841889,2014,1.0,True,-7.081250000000001,2013-18,32+
00-0019596,Tom Brady,QB,16.72,16,17.37875,16.0,37.10335386721424,2014,16.0,True,0.6587500000000013,2013-18,32+
00-0020337,Steve Smith,WR,10.833333333333334,15,14.09375,16.0,35.331964407939765,2014,43.0,True,3.260416666666666,2013-18,32+
00-0020494,Santana Moss,WR,6.23125,16,4.32,5.0,35.27720739219713,2014,85.0,False,-1.91125,2013-18,32+
00-0020531,Drew Brees,QB,22.855,16,19.49875,16.0,35.65229295003422,2014,2.0,True,-3.3562499999999993,2013-18,32+
00-0021206,Josh McCown,QB,17.0075,8,11.54,11.0,35.186858316221766,2014,14.0,True,-5.467500000000001,2013-18,32+
00-0021429,Carson Palmer,QB,14.57875,16,17.256666666666668,6.0,34.704996577686515,2014,22.0,False,2.6779166666666683,2013-18,32+
00-0021547,Antonio Gates,TE,11.7,16,13.94375,16.0,34.22861054072553,2014,10.0,True,2.2437500000000004,2013-18,32+
00-0021570,Kassim Osgood,WR,0.30000000000000004,9,0.0,5.0,34.30800821355236,2014,133.0,False,-0.30000000000000004,2013-18,32+
00-0021678,Tony Romo,QB,17.928,15,17.753333333333334,15.0,34.38740588637919,2014,10.0,True,-0.17466666666666697,2013-18,32+
00-0021999,Nate Burleson,WR,10.200000000000001,9,,,33.059548254620125,2014,49.0,False,,2013-18,32+
00-0022044,Andre Johnson,WR,18.45,16,12.806666666666667,15.0,33.16632443531827,2014,9.0,True,-5.643333333333333,2013-18,32+
00-0022084,Anquan Boldin,WR,15.96875,16,13.81875,16.0,33.935660506502394,2014,16.0,True,-2.1500000000000004,2013-18,32+
00-0022127,Jason Witten,TE,13.1625,16,10.26875,16.0,32.34770704996578,2014,6.0,True,-2.893749999999999,2013-18,32+
00-0022165,Dallas Clark,TE,7.572727272727274,11,,,35.24709103353867,2014,24.0,False,,2013-18,32+
00-0022178,Willis McGahee,RB,5.245454545454546,11,,,32.8870636550308,2014,56.0,False,,2013-18,31+
00-0022427,Wes Welker,WR,16.215384615384615,13,7.671428571428572,14.0,33.360711841204655,2014,14.0,True,-8.543956043956044,2013-18,32+
00-0022736,Steven Jackson,RB,12.366666666666667,12,9.633333333333333,15.0,31.137577002053387,2014,24.0,True,-2.7333333333333343,2013-18,31+
00-0022787,Matt Schaub,QB,10.48,10,-1.8599999999999999,2.0,33.210130047912386,2014,34.0,False,-12.34,2013-18,32+
00-0022803,Eli Manning,QB,11.145,16,17.34375,16.0,33.68377823408624,2014,32.0,True,6.19875,2013-18,32+
00-0022811,Jerricho Cotchery,WR,11.146666666666668,15,7.6,15.0,32.23545516769336,2014,40.0,True,-3.5466666666666686,2013-18,32+
00-0022921,Larry Fitzgerald,WR,14.950000000000001,16,11.028571428571428,14.0,31.028062970568104,2014,19.0,True,-3.9214285714285726,2013-18,30-31
00-0022922,Kellen Winslow,TE,6.816666666666666,12,,,31.140314852840522,2014,29.0,False,,2013-18,30-31
00-0022924,Ben Roethlisberger,QB,17.1775,16,20.13625,16.0,32.525667351129364,2014,11.0,True,2.958750000000002,2013-18,32+
00-0022942,Philip Rivers,QB,19.46375,16,16.6025,16.0,32.75564681724846,2014,5.0,True,-2.861250000000002,2013-18,32+
00-0022943,Benjamin Watson,TE,3.8285714285714287,14,3.04,15.0,33.72758384668035,2014,46.0,True,-0.7885714285714287,2013-18,32+
00-0023310,Lance Moore,WR,7.2846153846153845,13,4.345454545454546,11.0,31.028062970568104,2014,75.0,True,-2.939160839160839,2013-18,30-31
00-0023367,Nate Washington,WR,10.775,16,7.3875,16.0,31.0362765229295,2014,44.0,True,-3.3875,2013-18,30-31
00-0023436,Alex Smith,QB,16.948,15,14.666666666666666,15.0,30.34360027378508,2014,15.0,True,-2.2813333333333343,2013-18,30-31
00-0023437,Ronnie Brown,RB,2.5500000000000003,14,1.9625000000000004,8.0,32.74469541409993,2014,73.0,True,-0.5874999999999999,2013-18,31+
00-0023459,Aaron Rodgers,QB,19.715555555555554,9,22.63375,16.0,30.77344284736482,2014,4.0,True,2.9181944444444454,2013-18,30-31
00-0023460,Jason Campbell,QB,12.81111111111111,9,0.265,4.0,32.69267624914442,2014,26.0,False,-12.54611111111111,2013-18,32+
00-0023462,Roddy White,WR,11.77692307692308,13,15.364285714285714,14.0,32.85420944558521,2014,34.0,True,3.5873626373626344,2013-18,32+
00-0023465,Heath Miller,TE,8.664285714285715,14,10.100000000000001,16.0,31.88501026694045,2014,18.0,True,1.4357142857142868,2013-18,30-31
00-0023496,Vincent Jackson,WR,15.524999999999999,16,11.54375,16.0,31.655030800821354,2014,17.0,True,-3.9812499999999993,2013-18,30-31
00-0023500,Frank Gore,RB,12.49375,16,10.66875,16.0,31.326488706365502,2014,22.0,True,-1.825000000000001,2013-18,31+
00-0023506,Alex Smith,TE,1.275,8,,,32.303901437371664,2014,59.0,False,,2013-18,32+
00-0023564,Darren Sproles,RB,11.793333333333333,15,10.606666666666666,15.0,31.225188227241617,2014,27.0,True,-1.1866666666666674,2013-18,31+
00-0023662,Matt Cassel,QB,11.997777777777777,9,7.6000000000000005,3.0,32.31759069130732,2014,29.0,False,-4.397777777777777,2013-18,32+
00-0023682,Ryan Fitzpatrick,QB,15.969090909090909,11,14.976666666666667,12.0,31.794661190965094,2014,19.0,True,-0.9924242424242422,2013-18,30-31
00-0023921,Miles Austin,WR,4.3999999999999995,11,9.65,12.0,30.195756331279945,2014,104.0,True,5.250000000000001,2013-18,30-31
00-0023968,Micheal Spurlock,WR,0.0,11,1.8,1.0,31.60848733744011,2014,137.5,False,1.8,2013-18,30-31
00-0024204,Fred Jackson,RB,14.85625,16,13.471428571428573,14.0,33.5523613963039,2014,14.0,True,-1.384821428571426,2013-18,31+
00-0024217,Reggie Bush,RB,17.835714285714285,14,9.727272727272727,11.0,29.52498288843258,2014,7.0,True,-8.108441558441559,2013-18,29-30
00-0024221,Vernon Davis,TE,14.3,15,4.838461538461538,13.0,30.60917180013689,2014,4.0,True,-9.461538461538463,2013-18,30-31
00-0024226,Jay Cutler,QB,15.33090909090909,11,17.038666666666668,15.0,31.367556468172484,2014,20.0,True,1.7077575757575776,2013-18,30-31
00-0024240,Santonio Holmes,WR,7.610000000000001,10,2.1,7.0,30.521560574948666,2014,70.0,False,-5.510000000000002,2013-18,30-31
00-0024242,DeAngelo Williams,RB,11.106666666666667,15,4.883333333333334,6.0,31.378507871321013,2014,31.0,False,-6.223333333333334,2013-18,31+
00-0024243,Marcedes Lewis,TE,8.290000000000001,10,6.325,8.0,30.310746064339494,2014,19.0,True,-1.9650000000000007,2013-18,30-31
00-0024264,Kellen Clemens,QB,8.532,10,0.4,1.0,31.263518138261464,2014,35.0,False,-8.132,2013-18,30-31
00-0024267,Greg Jennings,WR,11.593333333333334,15,10.575000000000001,16.0,30.97056810403833,2014,35.0,True,-1.0183333333333326,2013-18,30-31
00-0024268,Anthony Fasano,TE,6.777777777777778,9,5.114285714285714,14.0,30.390143737166323,2014,30.0,True,-1.6634920634920638,2013-18,30-31
00-0024272,Devin Hester,WR,0.375,16,7.125,16.0,31.849418206707735,2014,131.0,True,6.75,2013-18,30-31
00-0024275,Maurice Jones-Drew,RB,12.668000000000001,15,2.5181818181818185,11.0,29.467488021902806,2014,21.0,True,-10.149818181818183,2013-18,29-30
00-0024324,Jason Avant,WR,6.180000000000001,15,5.026666666666667,15.0,31.392197125256672,2014,87.0,True,-1.1533333333333333,2013-18,30-31
00-0024334,Brandon Marshall,WR,19.65625,16,14.007692307692308,13.0,30.466803559206024,2014,6.0,True,-5.648557692307692,2013-18,30-31
00-0024389,Delanie Walker,TE,10.206666666666667,15,11.933333333333334,15.0,30.078028747433265,2014,13.0,True,1.7266666666666666,2013-18,30-31
00-0024466,Marques Colston,WR,13.486666666666668,15,12.013333333333332,15.0,31.266255989048595,2014,24.0,True,-1.4733333333333363,2013-18,30-31
00-0024535,Eric Weems,WR,0.2,9,3.22,10.0,29.1854893908282,2014,135.0,True,3.02,2013-18,28-29
00-0024813,Pierre Thomas,RB,13.325000000000001,16,11.181818181818182,11.0,29.727583846680357,2014,20.0,True,-2.1431818181818194,2013-18,29-30
00-0025389,Calvin Johnson,WR,22.87142857142857,14,18.015384615384615,13.0,28.947296372347708,2014,2.0,True,-4.856043956043955,2013-18,28-29
00-0025394,Adrian Peterson,RB,18.05,14,11.3,1.0,29.472963723477072,2014,6.0,False,-6.75,2013-18,29-30
00-0025396,Ted Ginn,WR,7.78125,16,2.5,16.0,29.412731006160165,2014,68.0,True,-5.28125,2013-18,28-29
00-0025399,Marshawn Lynch,RB,17.76875,16,19.83125,16.0,28.386036960985628,2014,8.0,True,2.0625,2013-18,27-28
00-0025410,Dwayne Bowe,WR,10.286666666666667,15,9.026666666666667,15.0,29.968514715947983,2014,48.0,True,-1.2599999999999998,2013-18,28-29
00-0025414,Robert Meachem,WR,4.0200000000000005,15,1.8399999999999999,10.0,29.949349760438057,2014,108.0,True,-2.1800000000000006,2013-18,28-29
00-0025418,Greg Olsen,TE,11.9125,16,14.08125,16.0,29.50034223134839,2014,8.0,True,2.168750000000001,2013-18,28-29
00-0025425,Zach Miller,TE,7.823076923076924,13,4.533333333333334,3.0,28.747433264887064,2014,23.0,False,-3.2897435897435896,2013-18,28-29
00-0025431,Sidney Rice,WR,6.7625,8,,,28.024640657084188,2014,78.0,False,,2013-18,28-29
00-0025439,Brian Leonard,RB,4.06875,16,2.5,1.0,30.600958247775495,2014,63.0,False,-1.5687499999999996,2013-18,29-30
00-0025460,Jacoby Jones,WR,8.5,12,1.8562500000000002,16.0,30.16563997262149,2014,63.0,True,-6.64375,2013-18,30-31
00-0025465,James Jones,WR,11.407142857142858,14,10.94375,16.0,30.444900752908968,2014,36.0,True,-0.4633928571428587,2013-18,30-31
00-0025487,Michael Bush,RB,3.75,14,,,30.234086242299796,2014,65.0,False,,2013-18,29-30
00-0025516,Scott Chandler,TE,8.03125,16,7.2625,16.0,29.13347022587269,2014,21.0,True,-0.7687499999999998,2013-18,28-29
00-0025542,Dante Rosario,TE,0.25555555555555554,9,1.9714285714285715,14.0,29.87542778918549,2014,68.0,True,1.715873015873016,2013-18,28-29
00-0025549,Brent Celek,TE,7.2625,16,4.46875,16.0,29.623545516769337,2014,25.0,True,-2.79375,2013-18,28-29
00-0025701,Jackie Battle,RB,2.5272727272727273,11,1.47,10.0,30.94318959616701,2014,75.0,True,-1.0572727272727274,2013-18,29-30
00-0025860,BenJarvus Green-Ellis,RB,7.487500000000001,16,,,29.190965092402465,2014,45.0,False,,2013-18,29-30
00-0025951,Darius Reynaud,RB,0.15555555555555556,9,,,29.697467488021903,2014,92.0,False,,2013-18,29-30
00-0026000,Davone Bess,WR,6.585714285714286,14,,,28.99110198494182,2014,79.0,False,,2013-18,28-29
00-0026019,Danny Woodhead,RB,13.9625,16,4.066666666666666,3.0,29.623545516769337,2014,17.0,False,-9.895833333333334,2013-18,29-30
00-0026035,Danny Amendola,WR,11.158333333333333,12,3.533333333333333,15.0,28.854209445585216,2014,39.0,True,-7.625,2013-18,28-29
00-0026143,Matt Ryan,QB,16.00625,16,18.26625,16.0,29.31690622861054,2014,18.0,True,2.259999999999998,2013-18,28-29
00-0026144,Darren McFadden,RB,10.134,10,7.5375,16.0,27.039014373716633,2014,34.0,True,-2.5965000000000007,2013-18,27-28
00-0026158,Joe Flacco,QB,12.97375,16,16.4025,16.0,29.648186173853524,2014,24.0,True,3.428749999999999,2013-18,28-29
00-0026162,Felix Jones,RB,2.1133333333333337,15,,,27.342915811088297,2014,79.0,False,,2013-18,27-28
00-0026163,Rashard Mendenhall,RB,9.606666666666666,15,,,27.227926078028748,2014,35.0,False,,2013-18,27-28
00-0026164,Chris Johnson,RB,15.387500000000001,16,7.4,16.0,28.9637234770705,2014,12.0,True,-7.987500000000001,2013-18,27-28
00-0026173,Donnie Avery,WR,7.446666666666667,15,6.12,5.0,30.245037645448324,2014,73.0,False,-1.326666666666667,2013-18,30-31
00-0026176,Jordy Nelson,WR,16.993750000000002,16,21.556250000000002,16.0,29.27857631759069,2014,13.0,True,4.5625,2013-18,28-29
00-0026178,John Carlson,TE,5.56923076923077,13,4.75,16.0,30.32991101984942,2014,37.0,True,-0.8192307692307699,2013-18,30-31
00-0026182,Eddie Royal,WR,10.68,15,11.41875,16.0,28.306639288158795,2014,45.0,True,0.7387499999999996,2013-18,28-29
00-0026184,Matt Forte,RB,22.01875,16,22.31875,16.0,28.750171115674195,2014,3.0,True,0.3000000000000007,2013-18,27-28
00-0026186,Jerome Simpson,WR,8.1,16,,,28.5968514715948,2014,64.0,False,,2013-18,28-29
00-0026189,DeSean Jackson,WR,17.30625,16,14.573333333333334,15.0,27.77549623545517,2014,12.0,True,-2.7329166666666644,2013-18,25-27
00-0026195,Ray Rice,RB,12.073333333333332,15,,,27.633127994524298,2014,25.0,False,,2013-18,27-28
00-0026197,Chad Henne,QB,10.756,15,10.06,3.0,29.190965092402465,2014,33.0,False,-0.6959999999999997,2013-18,28-29
00-0026201,Martellus Bennett,TE,10.55625,16,14.0375,16.0,27.50444900752909,2014,12.0,True,3.4812499999999993,2013-18,25-27
00-0026210,Earl Bennett,WR,5.878571428571428,14,,,27.468856947296374,2014,90.0,False,,2013-18,25-27
00-0026213,Jamaal Charles,RB,26.1,15,16.893333333333334,15.0,27.704312114989733,2014,1.0,True,-9.206666666666667,2013-18,27-28
00-0026224,Harry Douglas,WR,12.8875,16,10.3,12.0,29.982203969883642,2014,26.0,True,-2.5874999999999986,2013-18,28-29
00-0026237,Andre Caldwell,WR,3.646666666666667,15,0.7461538461538461,13.0,29.404517453798768,2014,110.0,True,-2.9005128205128208,2013-18,28-29
00-0026262,Tashard Choice,RB,1.6785714285714286,14,,,29.804243668720055,2014,81.0,False,,2013-18,29-30
00-0026267,Jacob Tamme,TE,3.6999999999999997,12,2.6846153846153844,13.0,29.489390828199863,2014,48.0,True,-1.0153846153846153,2013-18,28-29
00-0026281,Gary Barnidge,TE,2.692857142857143,14,2.8600000000000003,10.0,28.966461327857633,2014,53.0,True,0.16714285714285726,2013-18,28-29
00-0026293,Matthew Slater,WR,0.0,8,0.0,9.0,29.00205338809035,2014,137.5,True,0.0,2013-18,28-29
00-0026314,Josh Morgan,WR,3.0500000000000003,14,3.25,8.0,29.22381930184805,2014,115.0,True,0.19999999999999973,2013-18,28-29
00-0026345,Pierre Garcon,WR,17.8125,16,10.16875,16.0,28.09034907597536,2014,11.0,True,-7.643750000000001,2013-18,28-29
00-0026364,Steve Johnson,WR,11.016666666666666,12,7.538461538461538,13.0,28.136892539356605,2014,41.0,True,-3.4782051282051274,2013-18,28-29
00-0026373,Justin Forsett,RB,3.2875,8,16.368750000000002,16.0,28.906228610540726,2014,68.0,True,13.081250000000002,2013-18,27-28
00-0026498,Matthew Stafford,QB,17.93125,16,15.72375,16.0,26.590006844626966,2014,9.0,True,-2.207499999999998,2013-18,25-27
00-0026577,Marcus Thigpen,WR,1.59375,16,0.6666666666666666,9.0,28.32306639288159,2014,124.0,True,-0.9270833333333334,2013-18,28-29
00-0026780,Kevin Ogletree,WR,4.991666666666666,12,2.5,4.0,27.09924709103354,2014,97.0,False,-2.4916666666666663,2013-18,25-27
00-0026796,Arian Foster,RB,14.3125,8,22.653846153846153,13.0,28.046543463381244,2014,15.0,True,8.341346153846153,2013-18,27-28
00-0026855,Antone Smith,RB,2.95,10,7.76,10.0,28.980150581793293,2014,70.0,True,4.81,2013-18,27-28
00-0026899,Shonn Greene,RB,5.763636363636365,11,3.9615384615384617,13.0,29.05407255304586,2014,52.0,True,-1.8020979020979029,2013-18,29-30
00-0026901,Mike Wallace,WR,12.83125,16,13.39375,16.0,28.109514031485283,2014,27.0,True,0.5625,2013-18,28-29
00-0026931,Bear Pascoe,TE,1.6916666666666667,12,4.1499999999999995,2.0,28.54483230663929,2014,56.0,False,2.458333333333333,2013-18,28-29
00-0026932,Cedric Peerman,RB,0.1416666666666667,12,0.8333333333333334,12.0,27.917864476386036,2014,93.0,True,0.6916666666666667,2013-18,27-28
00-0026983,Darrius Heyward-Bey,WR,4.7,15,0.47777777777777786,9.0,27.537303216974674,2014,98.5,True,-4.222222222222222,2013-18,25-27
00-0026988,Knowshon Moreno,RB,19.0375,16,8.533333333333333,3.0,27.15400410677618,2014,5.0,False,-10.504166666666668,2013-18,27-28
00-0026996,Brandon Pettigrew,TE,6.614285714285714,14,1.8888888888888888,9.0,29.544147843942504,2014,31.0,True,-4.725396825396825,2013-18,28-29
00-0027003,Donald Brown,RB,9.38125,16,5.56923076923077,13.0,27.416837782340863,2014,37.0,True,-3.8120192307692298,2013-18,27-28
00-0027005,Hakeem Nicks,WR,10.006666666666666,15,6.833333333333333,15.0,26.65571526351814,2014,51.0,True,-3.173333333333333,2013-18,25-27
00-0027006,Kenny Britt,WR,2.06,10,9.075,16.0,25.973990417522245,2014,121.0,True,7.014999999999999,2013-18,25-27
00-0027029,LeSean McCoy,RB,22.38125,16,13.2125,16.0,26.16290212183436,2014,2.0,True,-9.168750000000001,2013-18,25-26
00-0027057,Brandon Tate,WR,0.1,16,2.96,15.0,26.93223819301848,2014,136.0,True,2.86,2013-18,25-27
00-0027061,Jared Cook,TE,9.225,16,8.3375,16.0,27.42778918548939,2014,16.0,True,-0.8874999999999993,2013-18,25-27
00-0027077,Brian Hartline,WR,12.787500000000001,16,6.15,16.0,27.800136892539356,2014,28.0,True,-6.637500000000001,2013-18,25-27
00-0027094,Andre Brown,RB,12.4375,8,,,27.737166324435318,2014,23.0,False,,2013-18,27-28
00-0027109,James Casey,TE,0.5083333333333334,12,2.322222222222222,9.0,29.965776865160848,2014,67.0,True,1.8138888888888887,2013-18,28-29
00-0027135,Brandon Myers,TE,8.213333333333333,15,3.727272727272727,11.0,29.01574264202601,2014,20.0,True,-4.486060606060606,2013-18,28-29
00-0027139,John Phillips,TE,0.7777777777777778,9,0.7888888888888889,9.0,27.249828884325805,2014,64.0,True,0.011111111111111072,2013-18,25-27
00-0027140,Chris Ogbonnaya,RB,7.143750000000001,16,3.6666666666666665,3.0,28.309377138945926,2014,48.0,False,-3.477083333333334,2013-18,27-28
00-0027150,Julian Edelman,WR,16.10625,16,16.435714285714287,14.0,28.303901437371664,2014,15.0,True,0.32946428571428754,2013-18,28-29
00-0027155,Rashad Jennings,RB,12.033333333333333,15,12.863636363636363,11.0,29.45927446954141,2014,26.0,True,0.8303030303030301,2013-18,29-30
00-0027156,Tiquan Underwood,WR,7.791666666666667,12,,,27.561943874058862,2014,67.0,False,,2013-18,25-27
00-0027215,Logan Paulsen,TE,4.58,15,1.6533333333333333,15.0,27.537303216974674,2014,40.0,True,-2.9266666666666667,2013-18,25-27
00-0027218,Joique Bell,RB,13.54375,16,13.213333333333335,15.0,28.10130047912389,2014,19.0,True,-0.3304166666666646,2013-18,27-28
00-0027265,Victor Cruz,WR,14.342857142857143,14,10.950000000000001,6.0,27.83025325119781,2014,20.0,False,-3.3928571428571423,2013-18,25-27
00-0027321,Jeff Cumberland,TE,6.907692307692307,13,4.10625,16.0,27.359342915811087,2014,28.0,True,-2.801442307692307,2013-18,25-27
00-0027322,David Nelson,WR,7.525000000000001,12,2.4166666666666665,6.0,27.84120465434634,2014,72.0,False,-5.108333333333334,2013-18,25-27
00-0027325,LeGarrette Blount,RB,7.75,16,6.739999999999999,15.0,27.76454483230664,2014,43.0,True,-1.0100000000000007,2013-18,27-28
00-0027346,Alfonso Smith,RB,2.62,10,2.0,3.0,27.630390143737166,2014,72.0,False,-0.6200000000000001,2013-18,27-28
00-0027356,Marlon Moore,WR,1.2818181818181817,11,0.0,12.0,27.019849418206707,2014,127.0,True,-1.2818181818181817,2013-18,25-27
00-0027445,Jeron Mastrud,TE,1.3454545454545455,11,,,26.732375085557837,2014,58.0,False,,2013-18,25-27
00-0027531,Chris Ivory,RB,7.553333333333333,15,9.9,16.0,26.469541409993155,2014,44.0,True,2.3466666666666676,2013-18,25-26
00-0027581,Seyi Ajirotutu,WR,1.2833333333333334,12,0.53125,16.0,27.247091033538673,2014,126.0,True,-0.7520833333333334,2013-18,25-27
00-0027606,Trindon Holliday,WR,0.8466666666666666,15,0.0,2.0,28.372347707049965,2014,129.0,False,-0.8466666666666666,2013-18,28-29
00-0027608,Kyle Williams,WR,2.8444444444444446,9,,,26.143737166324435,2014,117.0,False,,2013-18,25-27
00-0027651,Dexter McCluster,WR,8.573333333333332,15,4.984615384615385,13.0,26.04243668720055,2014,61.0,True,-3.5887179487179477,2013-18,25-27
00-0027675,Ed Dickson,TE,4.164285714285715,14,2.1153846153846154,13.0,27.129363449691994,2014,43.0,True,-2.048901098901099,2013-18,25-27
00-0027681,Brandon LaFell,WR,9.646666666666668,15,13.35,16.0,27.849418206707735,2014,54.0,True,3.7033333333333314,2013-18,25-27
00-0027685,Emmanuel Sanders,WR,11.34375,16,19.51875,16.0,27.485284052019164,2014,37.0,True,8.175,2013-18,25-27
00-0027690,Eric Decker,WR,17.95625,16,13.979999999999999,15.0,27.49075975359343,2014,10.0,True,-3.976250000000002,2013-18,25-27
00-0027691,Andre Roberts,WR,6.38125,16,5.8375,16.0,26.6694045174538,2014,82.0,True,-0.5437499999999993,2013-18,25-27
00-0027696,Jimmy Graham,TE,19.53125,16,15.426666666666668,15.0,27.794661190965094,2014,1.0,True,-4.104583333333332,2013-18,25-27
00-0027708,Marcus Easley,WR,0.2357142857142857,14,0.0,6.0,26.855578370978783,2014,134.0,False,-0.2357142857142857,2013-18,25-27
00-0027709,Jacoby Ford,WR,1.7230769230769232,13,,,27.123887748117728,2014,122.0,False,,2013-18,25-27
00-0027718,Garrett Graham,TE,11.083333333333334,12,4.37,10.0,28.10130047912389,2014,11.0,True,-6.713333333333334,2013-18,28-29
00-0027725,Clay Harbor,TE,4.514285714285714,14,6.090000000000001,10.0,27.19233401779603,2014,41.0,True,1.5757142857142865,2013-18,25-27
00-0027732,Michael Hoomanawanui,TE,3.16,10,1.0571428571428572,7.0,26.184804928131417,2014,50.0,False,-2.102857142857143,2013-18,25-27
00-0027753,Andrew Quarless,TE,5.7846153846153845,13,4.95625,16.0,25.927446954141,2014,36.0,True,-0.8283653846153847,2013-18,25-27
00-0027758,Riley Cooper,WR,11.8,16,8.043750000000001,16.0,27.003422313483917,2014,33.0,True,-3.7562499999999996,2013-18,25-27
00-0027772,Anthony Dixon,RB,1.6857142857142857,14,4.864285714285715,14.0,26.962354551676935,2014,80.0,True,3.178571428571429,2013-18,25-26
00-0027786,Jonathan Dwyer,RB,2.2733333333333334,15,6.949999999999999,2.0,25.125256673511295,2014,77.0,False,4.676666666666666,2013-18,25-26
00-0027791,James Starks,RB,7.323076923076924,13,5.521428571428571,14.0,28.539356605065024,2014,47.0,True,-1.8016483516483524,2013-18,27-28
00-0027793,Antonio Brown,WR,20.150000000000002,16,25.05625,16.0,26.168377823408623,2014,4.0,True,4.9062499999999964,2013-18,25-27
00-0027796,Joe Webb,QB,1.0375,8,0.65,4.0,27.822039698836413,2014,36.0,False,-0.38750000000000007,2013-18,25-27
00-0027825,Jim Dray,TE,3.8333333333333335,15,3.630769230769231,13.0,27.693360711841205,2014,45.0,True,-0.2025641025641023,2013-18,25-27
00-0027861,C.J. Spiller,RB,11.120000000000001,15,7.944444444444445,9.0,27.09924709103354,2014,30.0,True,-3.1755555555555564,2013-18,27-28
00-0027864,Ryan Mathews,RB,14.275,16,11.65,6.0,26.91854893908282,2014,16.0,False,-2.625,2013-18,25-26
00-0027873,Jermaine Gresham,TE,7.842857142857143,14,9.2,15.0,26.234086242299796,2014,22.0,True,1.3571428571428559,2013-18,25-27
00-0027874,Demaryius Thomas,WR,20.5,16,22.650000000000002,16.0,26.71047227926078,2014,3.0,True,2.150000000000002,2013-18,25-27
00-0027888,Toby Gerhart,RB,4.6230769230769235,13,5.8,14.0,27.45516769336071,2014,58.0,True,1.1769230769230763,2013-18,27-28
00-0027890,Ben Tate,RB,10.578571428571427,14,7.190909090909091,11.0,26.053388090349078,2014,32.0,True,-3.387662337662336,2013-18,25-26
00-0027891,Golden Tate,WR,11.86875,16,16.6625,16.0,26.105407255304584,2014,32.0,True,4.793750000000001,2013-18,25-27
00-0027893,Damian Williams,WR,3.644444444444444,9,2.4000000000000004,1.0,26.29158110882957,2014,111.0,False,-1.2444444444444436,2013-18,25-27
00-0027902,Dez Bryant,WR,18.65,16,20.125,16.0,25.848049281314168,2014,8.0,True,1.4750000000000014,2013-18,25-27
00-0027918,Andrew Hawkins,WR,4.025,8,10.693333333333333,15.0,28.503764544832308,2014,107.0,True,6.668333333333333,2013-18,28-29
00-0027939,Cam Newton,QB,18.60375,16,17.99857142857143,14.0,25.333333333333332,2014,6.0,True,-0.6051785714285707,2013-18,25-27
00-0027942,A.J. Green,WR,19.725,16,18.275000000000002,12.0,26.11088295687885,2014,5.0,True,-1.4499999999999993,2013-18,25-27
00-0027950,Christian Ponder,QB,11.891111111111112,9,6.24,2.0,26.54072553045859,2014,30.0,False,-5.651111111111112,2013-18,25-27
00-0027966,Mark Ingram,RB,5.581818181818182,11,15.684615384615386,13.0,24.720054757015742,2014,53.0,True,10.102797202797204,2013-18,25-26
00-0027973,Andy Dalton,QB,18.00125,16,14.10125,16.0,26.86652977412731,2014,8.0,True,-3.8999999999999986,2013-18,25-27
00-0027974,Colin Kaepernick,QB,17.017500000000002,16,15.853750000000002,16.0,26.85284052019165,2014,13.0,True,-1.1637500000000003,2013-18,25-27
00-0027981,Kyle Rudolph,TE,9.912500000000001,8,6.566666666666666,9.0,24.83504449007529,2014,15.0,True,-3.345833333333335,2013-18,25-27
00-0027985,Lance Kendricks,TE,5.8428571428571425,14,5.18125,16.0,26.611909650924023,2014,35.0,True,-0.6616071428571422,2013-18,25-27
00-0027994,Shane Vereen,RB,17.375,8,10.3625,16.0,25.52498288843258,2014,9.0,True,-7.012499999999999,2013-18,25-26
00-0027996,Torrey Smith,WR,12.925,16,12.780000000000001,15.0,25.620807665982205,2014,25.0,True,-0.14499999999999957,2013-18,25-27
00-0027997,Greg Little,WR,6.3125,16,3.225,4.0,25.281314168377822,2014,83.0,False,-3.0875,2013-18,25-27
00-0028000,Daniel Thomas,RB,6.726666666666666,15,4.491666666666666,12.0,26.86652977412731,2014,50.0,True,-2.2349999999999994,2013-18,25-26
00-0028007,Rob Housler,TE,6.953846153846154,13,1.8333333333333333,12.0,26.483230663928815,2014,27.0,True,-5.120512820512821,2013-18,25-27
00-0028009,DeMarco Murray,RB,19.07857142857143,14,24.19375,16.0,26.576317590691307,2014,4.0,True,5.115178571428572,2013-18,25-26
00-0028011,Stevan Ridley,RB,9.321428571428571,14,9.666666666666668,6.0,25.61806981519507,2014,38.0,False,0.3452380952380967,2013-18,25-26
00-0028016,Austin Pettis,WR,7.278571428571429,14,7.450000000000001,4.0,26.587268993839835,2014,76.0,False,0.1714285714285717,2013-18,25-27
00-0028017,Leonard Hankerson,WR,8.55,10,0.0,1.0,25.609856262833677,2014,62.0,False,-8.55,2013-18,25-27
00-0028020,Vincent Brown,WR,5.98125,16,3.966666666666667,6.0,25.623545516769337,2014,89.0,False,-2.0145833333333334,2013-18,25-27
00-0028021,Jerrel Jernigan,WR,6.584615384615384,13,4.9,2.0,25.240246406570844,2014,80.0,False,-1.684615384615384,2013-18,25-27
00-0028040,Jordan Cameron,TE,14.446666666666667,15,7.99,10.0,26.091718001368925,2014,3.0,True,-6.456666666666667,2013-18,25-27
00-0028043,Roy Helu,RB,6.71875,16,9.792307692307693,13.0,25.75770020533881,2014,51.0,True,3.073557692307693,2013-18,25-26
00-0028045,Kris Durham,WR,6.0625,16,2.85,4.0,26.483230663928815,2014,88.0,False,-3.2125,2013-18,25-27
00-0028052,Cecil Shorts,WR,12.553846153846154,13,9.306153846153846,13.0,26.718685831622178,2014,30.0,True,-3.247692307692308,2013-18,25-27
00-0028053,Kendall Hunter,RB,3.44375,16,,,25.982203969883642,2014,66.0,False,,2013-18,25-26
00-0028061,Tandon Doss,WR,4.625,12,,,24.966461327857633,2014,100.0,False,,2013-18,25-27
00-0028063,Taiwan Jones,RB,0.6533333333333334,15,,,26.12457221081451,2014,90.0,False,,2013-18,25-26
00-0028064,Bilal Powell,RB,8.94375,16,2.686666666666667,15.0,25.869952087611225,2014,40.0,True,-6.257083333333332,2013-18,25-26
00-0028067,Julius Thomas,TE,15.62857142857143,14,13.783333333333333,12.0,26.203969883641342,2014,2.0,True,-1.8452380952380967,2013-18,25-27
00-0028083,Jacquizz Rodgers,RB,9.42,15,5.0,16.0,24.591375770020534,2014,36.0,True,-4.42,2013-18,25-26
00-0028086,Denarius Moore,WR,11.307692307692308,13,2.3600000000000003,10.0,25.752224503764545,2014,38.0,True,-8.947692307692307,2013-18,25-27
00-0028091,Jeremy Kerley,WR,9.533333333333333,12,5.84375,16.0,25.83709787816564,2014,55.0,True,-3.689583333333333,2013-18,25-27
00-0028093,Niles Paul,TE,0.7,13,5.85625,16.0,25.086926762491444,2014,66.0,True,5.15625,2013-18,25-27
00-0028097,Lee Smith,TE,1.4222222222222223,9,2.15,8.0,26.803559206023273,2014,57.0,True,0.7277777777777776,2013-18,25-27
00-0028112,Charles Clay,TE,11.86875,16,9.857142857142858,14.0,25.571526351813826,2014,9.0,True,-2.0116071428571427,2013-18,25-27
00-0028114,Dwayne Harris,WR,2.7384615384615385,13,1.20625,16.0,26.98425735797399,2014,118.0,True,-1.5322115384615385,2013-18,25-27
00-0028116,Aldrick Robinson,WR,5.084615384615384,13,0.8,2.0,25.960301163586585,2014,96.0,False,-4.2846153846153845,2013-18,25-27
00-0028121,Jordan Todman,RB,4.5125,16,4.7125,16.0,24.542094455852155,2014,59.0,True,0.20000000000000018,2013-18,25-26
00-0028142,Virgil Green,TE,1.125,12,2.188888888888889,9.0,26.102669404517453,2014,61.5,True,1.063888888888889,2013-18,25-27
00-0028156,Ryan Taylor,TE,1.125,8,0.0,3.0,26.817248459958932,2014,61.5,False,-1.125,2013-18,25-27
00-0028237,Chris Hogan,WR,1.6636363636363638,11,8.123076923076923,13.0,26.88021902806297,2014,123.0,True,6.459440559440559,2013-18,25-27
00-0028249,Jeremy Ross,WR,2.891666666666667,12,3.83125,16.0,26.48596851471595,2014,116.0,True,0.9395833333333328,2013-18,25-27
00-0028263,Andre Holmes,WR,7.5600000000000005,10,8.8625,16.0,26.234086242299796,2014,71.0,True,1.3025000000000002,2013-18,25-27
00-0028307,Drew Davis,WR,3.7999999999999994,12,0.0,2.0,25.68104038329911,2014,109.0,False,-3.7999999999999994,2013-18,25-27
00-0028434,Doug Baldwin,WR,9.9,16,10.64375,16.0,25.968514715947983,2014,53.0,True,0.7437500000000004,2013-18,25-27
00-0028542,Lestar Jean,WR,0.9375,8,,,26.595482546201232,2014,128.0,False,,2013-18,25-27
00-0028581,Patrick DiMarco,RB,1.29,10,1.7666666666666666,12.0,25.363449691991786,2014,84.0,True,0.47666666666666657,2013-18,25-26
00-0028613,Phillip Tanner,RB,1.5,9,,,26.088980150581794,2014,83.0,False,,2013-18,25-26
00-0028795,Chase Reynolds,RB,0.0,9,0.0,11.0,26.885694729637233,2014,94.0,True,0.0,2013-18,25-26
00-0028825,Terrelle Pryor,WR,13.592727272727274,11,,,25.22381930184805,2014,22.0,False,,2013-18,25-27
00-0028838,Larry Donnell,TE,0.7625,8,9.58125,16.0,25.856262833675565,2014,65.0,True,8.818750000000001,2013-18,25-27
00-0028841,Will Johnson,RB,1.6454545454545455,11,0.9181818181818183,11.0,25.82067077344285,2014,82.0,True,-0.7272727272727272,2013-18,25-26
00-0028958,Cory Harkey,TE,3.6300000000000003,10,1.9545454545454546,11.0,24.23271731690623,2014,49.0,True,-1.6754545454545458,2013-18,<=24
00-0028986,Case Keenum,QB,12.950000000000001,8,11.45,2.0,26.562628336755647,2014,25.0,False,-1.5000000000000018,2013-18,25-27
00-0028995,Stephen Hill,WR,5.308333333333334,12,,,23.378507871321013,2014,94.0,False,,2013-18,<=24
00-0029000,Cole Beasley,WR,6.271428571428571,14,6.6,15.0,25.374401095140314,2014,84.0,True,0.3285714285714283,2013-18,25-27
00-0029004,Lance Dunbar,RB,3.2375000000000003,8,3.3066666666666666,15.0,24.62422997946612,2014,69.0,True,0.06916666666666638,2013-18,25-26
00-0029033,Griff Whalen,WR,7.7375,8,0.47777777777777786,9.0,24.528405201916495,2014,69.0,True,-7.259722222222222,2013-18,25-27
00-0029051,Jarrett Boykin,WR,9.206666666666667,15,0.6625000000000001,8.0,24.84873374401095,2014,57.0,True,-8.544166666666667,2013-18,25-27
00-0029098,Eric Page,WR,0.7625,16,,,22.965092402464066,2014,130.0,False,,2013-18,<=24
00-0029129,Rod Streater,WR,11.0,16,7.800000000000001,3.0,26.584531143052704,2014,42.0,False,-3.1999999999999993,2013-18,25-27
00-0029137,Alshon Jeffery,WR,19.00625,16,16.63125,16.0,24.569472963723477,2014,7.0,True,-2.375,2013-18,25-27
00-0029141,Alfred Morris,RB,11.70625,16,11.93125,16.0,25.744010951403148,2014,28.0,True,0.22499999999999964,2013-18,25-26
00-0029155,Mike Brown,WR,8.00909090909091,11,2.7600000000000002,5.0,25.582477754962355,2014,66.0,False,-5.24909090909091,2013-18,25-27
00-0029159,Jermaine Kearse,WR,5.757142857142857,14,6.658666666666667,15.0,24.591375770020534,2014,92.0,True,0.9015238095238098,2013-18,25-27
00-0029239,Brandon Bolden,RB,7.390909090909091,11,1.4749999999999999,12.0,24.621492128678987,2014,46.0,True,-5.915909090909091,2013-18,25-26
00-0029260,LaMichael James,RB,0.95,10,0.3,3.0,24.88432580424367,2014,88.0,False,-0.6499999999999999,2013-18,25-26
00-0029262,Rueben Randle,WR,8.725,16,11.70625,16.0,23.345653661875428,2014,59.0,True,2.981250000000001,2013-18,<=24
00-0029263,Russell Wilson,QB,17.07375,16,21.1,16.0,25.779603011635867,2014,12.0,True,4.026250000000001,2013-18,25-27
00-0029264,Bernard Pierce,RB,5.375,16,3.838461538461538,13.0,23.33744010951403,2014,55.0,True,-1.5365384615384619,2013-18,<=24
00-0029269,Travis Benjamin,WR,3.25,8,4.28125,16.0,24.698151950718685,2014,113.0,True,1.03125,2013-18,25-27
00-0029273,Robert Turbin,RB,2.525,16,4.7250000000000005,16.0,24.772073921971252,2014,76.0,True,2.2000000000000006,2013-18,25-26
00-0029275,Ladarius Green,TE,5.185714285714285,14,4.16,10.0,24.28473648186174,2014,39.0,True,-1.025714285714285,2013-18,<=24
00-0029293,Marvin Jones,WR,11.8875,16,,,24.49828884325804,2014,31.0,False,,2013-18,<=24
00-0029298,Cyrus Gray,RB,1.1666666666666667,12,1.3,7.0,24.810403832991103,2014,87.0,False,0.1333333333333333,2013-18,25-26
00-0029311,Junior Hemingway,WR,3.125,12,2.0727272727272723,11.0,25.702943189596166,2014,114.0,True,-1.0522727272727277,2013-18,25-27
00-0029384,Bobby Rainey,RB,8.3,14,7.606666666666667,15.0,26.902121834360027,2014,41.0,True,-0.6933333333333334,2013-18,25-26
00-0029391,Sean McGrath,TE,5.246153846153846,13,,,26.770704996577688,2014,38.0,False,,2013-18,25-27
00-0029415,Keshawn Martin,WR,4.08125,16,0.9857142857142858,14.0,24.490075290896645,2014,106.0,True,-3.095535714285714,2013-18,<=24
00-0029429,Bryce Brown,RB,4.319999999999999,15,6.314285714285715,7.0,23.326488706365502,2014,62.0,False,1.9942857142857155,2013-18,<=24
00-0029432,Chase Ford,TE,3.0375,8,5.48,10.0,24.145106091718002,2014,51.0,True,2.4425000000000003,2013-18,<=24
00-0029435,Damaris Johnson,WR,0.34,10,4.5,16.0,24.799452429842574,2014,132.0,True,4.16,2013-18,25-27
00-0029438,Chris Polk,RB,4.737500000000001,8,4.618181818181818,11.0,24.733744010951405,2014,57.0,True,-0.11931818181818254,2013-18,25-26
00-0029492,Jamize Olawale,RB,1.2636363636363637,11,1.8799999999999997,10.0,25.399041752224505,2014,85.0,True,0.616363636363636,2013-18,25-26
00-0029548,LaVon Brazill,WR,4.455555555555556,9,,,25.489390828199863,2014,101.0,False,,2013-18,25-27
00-0029567,Nick Foles,QB,21.21076923076923,13,15.915000000000001,8.0,25.637234770704996,2014,3.0,True,-5.2957692307692295,2013-18,25-27
00-0029572,Jarius Wright,WR,5.826666666666667,15,8.193333333333333,15.0,24.791238877481177,2014,91.0,True,2.3666666666666663,2013-18,25-27
00-0029580,Rishard Matthews,WR,7.0928571428571425,14,3.436363636363636,11.0,24.91170431211499,2014,77.0,True,-3.6564935064935065,2013-18,25-27
00-0029590,Taylor Thompson,TE,1.1444444444444446,9,1.4666666666666668,3.0,24.892539356605067,2014,60.0,False,0.3222222222222222,2013-18,25-27
00-0029608,T.Y. Hilton,WR,14.275,16,18.266666666666666,15.0,24.82135523613963,2014,21.0,True,3.9916666666666654,2013-18,25-27
00-0029614,Chris Givens,WR,5.7,16,3.6999999999999997,9.0,24.761122518822724,2014,93.0,True,-2.0000000000000004,2013-18,25-27
00-0029615,Lamar Miller,RB,7.93125,16,14.4625,16.0,23.378507871321013,2014,42.0,True,6.53125,2013-18,<=24
00-0029626,Isaiah Pead,RB,2.5444444444444447,9,,,24.739219712525667,2014,74.0,False,,2013-18,25-26
00-0029632,Mohamed Sanu,WR,6.5687500000000005,16,11.39125,16.0,25.05133470225873,2014,81.0,True,4.822499999999999,2013-18,25-27
00-0029634,James Hanna,TE,1.9300000000000002,10,0.8,11.0,25.15811088295688,2014,55.0,True,-1.1300000000000001,2013-18,25-27
00-0029638,Michael Floyd,WR,12.63125,16,10.612499999999999,16.0,24.78576317590691,2014,29.0,True,-2.0187500000000007,2013-18,25-27
00-0029640,Brian Quick,WR,4.3,14,11.5,7.0,25.26488706365503,2014,105.0,False,7.2,2013-18,25-27
00-0029660,Trevor Graham,WR,4.40625,16,1.6090909090909091,11.0,25.12251882272416,2014,103.0,True,-2.7971590909090907,2013-18,25-27
00-0029664,Josh Gordon,WR,24.13571428571429,14,11.16,5.0,23.411362080766597,2014,1.0,False,-12.97571428571429,2013-18,<=24
00-0029665,Robert Griffin III,QB,16.386153846153846,13,9.706666666666667,9.0,24.57494866529774,2014,17.0,True,-6.679487179487179,2013-18,25-27
00-0029668,Andrew Luck,QB,18.286250000000003,16,22.48375,16.0,24.993839835728952,2014,7.0,True,4.197499999999998,2013-18,25-27
00-0029673,DeVier Posey,WR,3.388888888888889,9,4.0,1.0,24.490075290896645,2014,112.0,False,0.6111111111111112,2013-18,<=24
00-0029675,Trent Richardson,RB,9.05625,16,7.8533333333333335,15.0,24.16974674880219,2014,39.0,True,-1.2029166666666669,2013-18,<=24
00-0029677,Brandon Weeden,QB,11.205,8,5.005,4.0,30.90759753593429,2014,31.0,False,-6.2,2013-18,30-31
00-0029683,Ronnie Hillman,RB,5.522222222222222,9,13.5375,8.0,22.989733059548254,2014,54.0,True,8.015277777777778,2013-18,<=24
00-0029697,Coby Fleener,TE,8.89375,16,11.2125,16.0,25.971252566735114,2014,17.0,True,2.3187499999999996,2013-18,25-27
00-0029701,Ryan Tannehill,QB,14.895,16,17.46875,16.0,26.12183436002738,2014,21.0,True,2.5737500000000004,2013-18,25-27
00-0029708,Kendall Wright,WR,13.55625,16,12.1,14.0,24.826830937713893,2014,23.0,True,-1.4562500000000007,2013-18,25-27
00-0029731,Fozzy Whittaker,RB,4.338461538461539,13,4.6875,8.0,25.60164271047228,2014,61.0,True,0.34903846153846096,2013-18,25-26
00-0029778,Darius Johnson,WR,4.7,10,,,23.548254620123203,2014,98.5,False,,2013-18,<=24
00-0029795,Benny Cunningham,RB,3.357142857142857,14,7.925,16.0,24.177960301163587,2014,67.0,True,4.567857142857143,2013-18,<=24
00-0029878,MarQueis Gray,TE,0.8875000000000001,8,2.488888888888889,9.0,24.840520191649556,2014,63.0,True,1.6013888888888888,2013-18,25-27
00-0029883,Joseph Fauria,TE,6.361538461538462,13,3.5666666666666664,6.0,24.648870636550306,2014,34.0,False,-2.7948717948717956,2013-18,25-27
00-0029910,Timothy Wright,TE,10.092857142857143,14,6.746153846153846,13.0,24.427104722792606,2014,14.0,True,-3.3467032967032972,2013-18,<=24
00-0030000,Kenbrell Thompkins,WR,9.463636363636365,11,3.6692307692307695,13.0,26.116358658453116,2014,56.0,True,-5.794405594405595,2013-18,25-27
00-0030061,Zach Ertz,TE,7.126666666666667,15,9.10625,16.0,23.83299110198494,2014,26.0,True,1.9795833333333324,2013-18,<=24
00-0030068,Marquise Goodwin,WR,5.216666666666667,12,0.7500000000000001,8.0,23.808350444900753,2014,95.0,True,-4.466666666666667,2013-18,<=24
00-0030085,Kenny Stills,WR,8.0375,16,11.793333333333333,15.0,22.38466803559206,2014,65.0,True,3.7558333333333334,2013-18,<=24
00-0030089,Luke Willson,TE,4.092307692307693,13,5.976923076923077,13.0,24.65160848733744,2014,44.0,True,1.8846153846153841,2013-18,25-27
00-0030107,Theo Riddick,RB,1.2583333333333335,12,7.2846153846153845,13.0,23.353867214236825,2014,86.0,True,6.026282051282051,2013-18,<=24
00-0030108,Ryan Griffin,TE,4.490909090909091,11,2.5100000000000002,10.0,24.66255989048597,2014,42.0,True,-1.980909090909091,2013-18,25-27
00-0030128,Michael Cox,RB,0.7727272727272727,11,1.55,4.0,25.82067077344285,2014,89.0,False,0.7772727272727273,2013-18,25-26
00-0030236,Dennis Johnson,RB,3.8625000000000003,8,,,24.542094455852155,2014,64.0,False,,2013-18,25-26
00-0030279,Keenan Allen,WR,15.273333333333333,15,12.985714285714286,14.0,22.3709787816564,2014,18.0,True,-2.2876190476190477,2013-18,<=24
00-0030280,Knile Davis,RB,4.41875,16,7.937500000000001,16.0,22.93223819301848,2014,60.0,True,3.5187500000000007,2013-18,<=24
00-0030282,Stepfan Taylor,RB,2.216666666666667,12,5.4750000000000005,12.0,23.255304585900067,2014,78.0,True,3.2583333333333337,2013-18,<=24
00-0030287,Andre Ellington,RB,11.22,15,14.916666666666666,12.0,25.598904859685145,2014,29.0,True,3.6966666666666654,2013-18,25-26
00-0030300,Jaron Brown,WR,2.5833333333333335,12,4.064285714285714,14.0,24.670773442847366,2014,119.0,True,1.4809523809523806,2013-18,25-27
00-0030348,Khiry Robinson,RB,2.8400000000000003,10,7.388888888888889,9.0,24.700889801505816,2014,71.0,True,4.548888888888889,2013-18,25-26
00-0030400,Marlon Brown,WR,10.371428571428572,14,3.8076923076923075,13.0,23.38672142368241,2014,47.0,True,-6.563736263736264,2013-18,<=24
00-0030431,Robert Woods,WR,8.592857142857143,14,10.4,16.0,22.417522245037645,2014,60.0,True,1.807142857142857,2013-18,<=24
00-0030443,Levine Toilolo,TE,2.85,10,4.319999999999999,15.0,23.11567419575633,2014,52.0,True,1.4699999999999993,2013-18,<=24
00-0030456,Giovani Bernard,RB,13.93125,16,14.684615384615386,13.0,22.80082135523614,2014,18.0,True,0.7533653846153854,2013-18,<=24
00-0030460,Markus Wheaton,WR,1.3777777777777778,9,8.20625,16.0,23.589322381930184,2014,125.0,True,6.8284722222222225,2013-18,<=24
00-0030470,Vance McDonald,TE,1.9900000000000002,10,0.75,4.0,24.243668720054757,2014,54.0,False,-1.2400000000000002,2013-18,<=24
00-0030472,Jordan Reed,TE,12.911111111111111,9,8.727272727272727,11.0,24.188911704312115,2014,7.0,True,-4.183838383838385,2013-18,<=24
00-0030485,Eddie Lacy,RB,16.966666666666665,15,17.69375,16.0,24.27378507871321,2014,10.0,True,0.7270833333333364,2013-18,<=24
00-0030496,Le'Veon Bell,RB,16.915384615384617,13,24.3125,16.0,22.559890485968516,2014,11.0,True,7.3971153846153825,2013-18,<=24
00-0030514,Mychal Rivera,TE,6.41875,16,8.43125,16.0,24.005475701574266,2014,32.0,True,2.0125,2013-18,<=24
00-0030516,Brice Butler,WR,2.4125,8,4.785714285714286,14.0,24.61327857631759,2014,120.0,True,2.3732142857142855,2013-18,25-27
00-0030520,Mike Glennon,QB,12.155384615384616,13,14.930000000000001,6.0,24.744695414099933,2014,28.0,False,2.7746153846153856,2013-18,25-27
00-0030521,Justin Hunter,WR,6.184615384615384,13,7.983333333333333,12.0,23.310061601642712,2014,86.0,True,1.7987179487179494,2013-18,<=24
00-0030522,Montee Ball,RB,6.9625,16,7.279999999999999,5.0,23.76454483230664,2014,49.0,False,0.317499999999999,2013-18,<=24
00-0030525,Tavon Austin,WR,10.184615384615386,13,6.373333333333333,15.0,24.490075290896645,2014,50.0,True,-3.8112820512820527,2013-18,<=24
00-0030526,EJ Manuel,QB,13.348000000000003,10,14.68,4.0,24.479123887748116,2014,23.0,False,1.3319999999999972,2013-18,<=24
00-0030532,Stedman Bailey,WR,4.445454545454546,11,6.792307692307692,13.0,23.83025325119781,2014,102.0,True,2.346853146853146,2013-18,<=24
00-0030536,Zac Stacy,RB,15.03076923076923,13,7.166666666666667,9.0,23.422313483915126,2014,13.0,True,-7.864102564102564,2013-18,<=24
00-0030540,Aaron Dobson,WR,10.4,11,1.7,4.0,23.134839151266256,2014,46.0,False,-8.700000000000001,2013-18,<=24
00-0030542,Terrance Williams,WR,9.966666666666667,15,9.806666666666667,15.0,24.97741273100616,2014,52.0,True,-0.16000000000000014,2013-18,25-27
00-0030544,Gavin Escobar,TE,3.822222222222222,9,3.625,12.0,23.600273785078713,2014,47.0,True,-0.19722222222222197,2013-18,<=24
00-0030547,Denard Robinson,RB,0.18571428571428575,14,9.200000000000001,13.0,23.967145790554415,2014,91.0,True,9.014285714285716,2013-18,<=24
00-0030549,Tyler Eifert,TE,6.366666666666666,15,6.7,1.0,24.005475701574266,2014,33.0,False,0.3333333333333339,2013-18,<=24
00-0030550,Ace Sanders,WR,7.376,15,0.9583333333333334,12.0,22.830937713894592,2014,74.0,True,-6.417666666666667,2013-18,<=24
00-0030564,DeAndre Hopkins,WR,8.981250000000001,16,15.21875,16.0,22.261464750171115,2014,58.0,True,6.237499999999999,2013-18,<=24
00-0030565,Geno Smith,QB,12.17125,16,10.771428571428572,14.0,23.917864476386036,2014,27.0,True,-1.3998214285714283,2013-18,<=24
00-0030578,Cordarrelle Patterson,RB,10.2,16,6.1312500000000005,16.0,23.485284052019164,2014,33.0,True,-4.068749999999999,2013-18,<=24
00-0010346,Peyton Manning,QB,20.5425,16,9.136,10.0,39.46338124572211,2015,4.0,True,-11.406500000000001,2013-18,32+
00-0019596,Tom Brady,QB,17.37875,16,22.04375,16.0,38.10266940451746,2015,11.0,True,4.664999999999999,2013-18,32+
00-0020245,Mike Vick,QB,4.828888888888889,9,6.148000000000001,5.0,35.20602327173169,2015,34.0,False,1.3191111111111118,2013-18,32+
00-0020337,Steve Smith,WR,14.09375,16,19.357142857142858,7.0,36.33127994524298,2015,21.0,False,5.263392857142858,2013-18,32+
00-0020498,Reggie Wayne,WR,10.226666666666667,15,,,36.813141683778234,2015,52.0,False,,2013-18,32+
00-0020531,Drew Brees,QB,19.49875,16,21.346666666666668,15.0,36.65160848733744,2015,6.0,True,1.8479166666666664,2013-18,32+
00-0020679,Shaun Hill,QB,11.285,8,0.033333333333333326,3.0,35.66872005475702,2015,29.0,False,-11.251666666666667,2013-18,32+
00-0021206,Josh McCown,QB,11.54,11,17.52,8.0,36.186173853524984,2015,28.0,True,5.98,2013-18,32+
00-0021547,Antonio Gates,TE,13.94375,16,13.545454545454545,11.0,35.227926078028744,2015,5.0,True,-0.3982954545454547,2013-18,32+
00-0021678,Tony Romo,QB,17.753333333333334,15,10.165000000000001,4.0,35.38672142368241,2015,9.0,False,-7.588333333333333,2013-18,32+
00-0022044,Andre Johnson,WR,12.806666666666667,15,7.206250000000001,16.0,34.16563997262149,2015,30.0,True,-5.600416666666666,2013-18,32+
00-0022084,Anquan Boldin,WR,13.81875,16,12.35,14.0,34.93497604380561,2015,25.0,True,-1.46875,2013-18,32+
00-0022097,Brandon Lloyd,WR,4.116666666666667,12,,,34.182067077344286,2015,101.0,False,,2013-18,32+
00-0022127,Jason Witten,TE,10.26875,16,10.26875,16.0,33.347022587268995,2015,11.0,True,0.0,2013-18,32+
00-0022414,Malcom Floyd,WR,10.94375,16,6.8066666666666675,15.0,34.0041067761807,2015,43.5,True,-4.137083333333332,2013-18,32+
00-0022427,Wes Welker,WR,7.671428571428572,14,3.314285714285714,7.0,34.36002737850787,2015,69.0,False,-4.357142857142858,2013-18,32+
00-0022736,Steven Jackson,RB,9.633333333333333,15,7.0,2.0,32.1368925393566,2015,34.0,False,-2.633333333333333,2013-18,31+
00-0022803,Eli Manning,QB,17.34375,16,18.46125,16.0,34.68309377138946,2015,12.0,True,1.1174999999999997,2013-18,32+
00-0022811,Jerricho Cotchery,WR,7.6,15,7.6499999999999995,14.0,33.23477070499658,2015,70.0,True,0.04999999999999982,2013-18,32+
00-0022921,Larry Fitzgerald,WR,11.028571428571428,14,17.8125,16.0,32.02737850787132,2015,42.0,True,6.7839285714285715,2013-18,32+
00-0022924,Ben Roethlisberger,QB,20.13625,16,19.676666666666666,12.0,33.52498288843258,2015,5.0,True,-0.45958333333333456,2013-18,32+
00-0022942,Philip Rivers,QB,16.6025,16,18.78,16.0,33.75496235455168,2015,14.0,True,2.177500000000002,2013-18,32+
00-0022943,Benjamin Watson,TE,3.04,15,12.09375,16.0,34.72689938398357,2015,55.0,True,9.05375,2013-18,32+
00-0023310,Lance Moore,WR,4.345454545454546,11,6.630769230769231,13.0,32.02737850787132,2015,98.0,True,2.2853146853146855,2013-18,32+
00-0023367,Nate Washington,WR,7.3875,16,10.753846153846155,13.0,32.035592060232716,2015,73.0,True,3.3663461538461545,2013-18,32+
00-0023436,Alex Smith,QB,14.666666666666666,15,16.9525,16.0,31.342915811088297,2015,22.0,True,2.2858333333333345,2013-18,30-31
00-0023437,Ronnie Brown,RB,1.9625000000000004,8,,,33.74401095140315,2015,92.0,False,,2013-18,31+
00-0023459,Aaron Rodgers,QB,22.63375,16,18.8275,16.0,31.772758384668034,2015,1.0,True,-3.8062499999999986,2013-18,30-31
00-0023462,Roddy White,WR,15.364285714285714,14,6.64,15.0,33.85352498288843,2015,17.0,True,-8.724285714285713,2013-18,32+
00-0023465,Heath Miller,TE,10.100000000000001,16,8.613333333333333,15.0,32.884325804243666,2015,12.0,True,-1.4866666666666681,2013-18,32+
00-0023496,Vincent Jackson,WR,11.54375,16,10.88,10.0,32.65434633812457,2015,39.0,True,-0.6637499999999985,2013-18,32+
00-0023500,Frank Gore,RB,10.66875,16,12.0875,16.0,32.32580424366872,2015,27.0,True,1.418750000000001,2013-18,31+
00-0023541,Kyle Orton,QB,14.676666666666668,12,,,32.82135523613963,2015,21.0,False,,2013-18,32+
00-0023564,Darren Sproles,RB,10.606666666666666,15,10.09375,16.0,32.224503764544835,2015,28.0,True,-0.5129166666666656,2013-18,31+
00-0023682,Ryan Fitzpatrick,QB,14.976666666666667,12,17.825,16.0,32.79397672826831,2015,20.0,True,2.8483333333333327,2013-18,32+
00-0023752,Daniel Fells,TE,4.369230769230769,13,6.0,2.0,31.964407939767284,2015,44.0,False,1.6307692307692312,2013-18,30-31
00-0023921,Miles Austin,WR,9.65,12,3.7636363636363637,11.0,31.195071868583163,2015,57.0,True,-5.886363636363637,2013-18,30-31
00-0024204,Fred Jackson,RB,13.471428571428573,14,5.180000000000001,15.0,34.55167693360712,2015,17.0,True,-8.291428571428572,2013-18,31+
00-0024217,Reggie Bush,RB,9.727272727272727,11,1.7399999999999998,5.0,30.524298425735797,2015,33.0,False,-7.987272727272726,2013-18,29-30
00-0024221,Vernon Davis,TE,4.838461538461538,13,5.961538461538462,13.0,31.60848733744011,2015,37.0,True,1.1230769230769235,2013-18,30-31
00-0024226,Jay Cutler,QB,17.038666666666668,15,15.097333333333333,15.0,32.3668720054757,2015,13.0,True,-1.9413333333333345,2013-18,32+
00-0024243,Marcedes Lewis,TE,6.325,8,2.5733333333333333,15.0,31.310061601642712,2015,26.0,True,-3.751666666666667,2013-18,30-31
00-0024267,Greg Jennings,WR,10.575000000000001,16,3.8166666666666664,12.0,31.969883641341546,2015,48.0,True,-6.758333333333335,2013-18,30-31
00-0024268,Anthony Fasano,TE,5.114285714285714,14,4.778571428571429,14.0,31.38945927446954,2015,35.0,True,-0.3357142857142845,2013-18,30-31
00-0024272,Devin Hester,WR,7.125,16,0.0,5.0,32.84873374401095,2015,76.0,False,-7.125,2013-18,32+
00-0024275,Maurice Jones-Drew,RB,2.5181818181818185,11,,,30.466803559206024,2015,86.0,False,,2013-18,29-30
00-0024297,Derek Hagan,WR,4.581818181818182,11,,,30.967830253251197,2015,96.0,False,,2013-18,30-31
00-0024313,Owen Daniels,TE,8.313333333333334,15,7.325,16.0,32.83504449007529,2015,21.0,True,-0.9883333333333342,2013-18,32+
00-0024318,Brad Smith,WR,1.0125,8,,,31.745379876796715,2015,127.0,False,,2013-18,30-31
00-0024324,Jason Avant,WR,5.026666666666667,15,2.6900000000000004,10.0,32.39151266255989,2015,92.0,True,-2.336666666666667,2013-18,32+
00-0024332,Leon Washington,RB,3.9714285714285715,14,,,33.0321697467488,2015,76.0,False,,2013-18,31+
00-0024334,Brandon Marshall,WR,14.007692307692308,13,22.1375,16.0,31.46611909650924,2015,22.0,True,8.129807692307692,2013-18,30-31
00-0024389,Delanie Walker,TE,11.933333333333334,15,16.393333333333334,15.0,31.077344284736483,2015,8.0,True,4.460000000000001,2013-18,30-31
00-0024466,Marques Colston,WR,12.013333333333332,15,9.423076923076923,13.0,32.26557152635181,2015,34.0,True,-2.5902564102564085,2013-18,32+
00-0024535,Eric Weems,WR,3.22,10,0.20833333333333334,12.0,30.184804928131417,2015,111.0,True,-3.0116666666666667,2013-18,30-31
00-0024813,Pierre Thomas,RB,11.181818181818182,11,5.949999999999999,4.0,30.72689938398357,2015,25.0,False,-5.231818181818182,2013-18,29-30
00-0025389,Calvin Johnson,WR,18.015384615384615,13,16.525,16.0,29.946611909650922,2015,11.0,True,-1.4903846153846168,2013-18,28-29
00-0025396,Ted Ginn,WR,2.5,16,12.360000000000001,15.0,30.412046543463383,2015,117.0,True,9.860000000000001,2013-18,30-31
00-0025399,Marshawn Lynch,RB,19.83125,16,12.242857142857144,7.0,29.385352498288842,2015,5.0,False,-7.588392857142857,2013-18,29-30
00-0025410,Dwayne Bowe,WR,9.026666666666667,15,1.4714285714285715,7.0,30.967830253251197,2015,61.0,False,-7.555238095238096,2013-18,30-31
00-0025414,Robert Meachem,WR,1.8399999999999999,10,,,30.94866529774127,2015,123.0,False,,2013-18,30-31
00-0025418,Greg Olsen,TE,14.08125,16,14.49375,16.0,30.49965776865161,2015,3.0,True,0.41249999999999964,2013-18,30-31
00-0025430,Drew Stanton,QB,10.526666666666666,9,-0.19000000000000003,6.0,31.342915811088297,2015,32.0,False,-10.716666666666665,2013-18,30-31
00-0025460,Jacoby Jones,WR,1.8562500000000002,16,0.0,9.0,31.16495550992471,2015,122.0,True,-1.8562500000000002,2013-18,30-31
00-0025465,James Jones,WR,10.94375,16,12.21875,16.0,31.444216290212182,2015,43.5,True,1.2750000000000004,2013-18,30-31
00-0025516,Scott Chandler,TE,7.2625,16,6.075,12.0,30.132785763175907,2015,23.0,True,-1.1875,2013-18,30-31
00-0025542,Dante Rosario,TE,1.9714285714285715,14,,,30.874743326488705,2015,66.0,False,,2013-18,30-31
00-0025549,Brent Celek,TE,4.46875,16,7.191666666666666,12.0,30.622861054072555,2015,41.0,True,2.7229166666666664,2013-18,30-31
00-0025637,Ahmad Bradshaw,RB,15.45,10,7.1499999999999995,6.0,29.478439425051334,2015,11.0,False,-8.3,2013-18,29-30
00-0025701,Jackie Battle,RB,1.47,10,,,31.942505133470227,2015,96.0,False,,2013-18,31+
00-0026035,Danny Amendola,WR,3.533333333333333,15,10.952857142857143,14.0,29.853524982888434,2015,108.0,True,7.41952380952381,2013-18,28-29
00-0026143,Matt Ryan,QB,18.26625,16,14.62125,16.0,30.316221765913756,2015,7.0,True,-3.6449999999999996,2013-18,30-31
00-0026144,Darren McFadden,RB,7.5375,16,13.168750000000001,16.0,28.03832991101985,2015,48.0,True,5.631250000000001,2013-18,27-28
00-0026153,Jonathan Stewart,RB,11.692307692307692,13,12.984615384615385,13.0,28.473648186173854,2015,24.0,True,1.292307692307693,2013-18,27-28
00-0026158,Joe Flacco,QB,16.4025,16,16.194,10.0,30.647501711156742,2015,15.0,True,-0.2085000000000008,2013-18,30-31
00-0026164,Chris Johnson,RB,7.4,16,10.836363636363636,11.0,29.963039014373717,2015,49.0,True,3.4363636363636356,2013-18,29-30
00-0026176,Jordy Nelson,WR,21.556250000000002,16,,,30.27789185489391,2015,4.0,False,,2013-18,30-31
00-0026178,John Carlson,TE,4.75,16,,,31.329226557152634,2015,38.0,False,,2013-18,30-31
00-0026182,Eddie Royal,WR,11.41875,16,7.411111111111111,9.0,29.305954825462013,2015,40.0,True,-4.007638888888888,2013-18,28-29
00-0026184,Matt Forte,RB,22.31875,16,16.746153846153845,13.0,29.749486652977414,2015,4.0,True,-5.572596153846156,2013-18,29-30
00-0026189,DeSean Jackson,WR,14.573333333333334,15,12.033333333333335,9.0,28.774811772758383,2015,19.0,True,-2.539999999999999,2013-18,28-29
00-0026201,Martellus Bennett,TE,14.0375,16,10.445454545454545,11.0,28.503764544832308,2015,4.0,True,-3.5920454545454543,2013-18,28-29
00-0026213,Jamaal Charles,RB,16.893333333333334,15,20.82,5.0,28.70362765229295,2015,7.0,False,3.926666666666666,2013-18,27-28
00-0026224,Harry Douglas,WR,10.3,12,6.321428571428571,14.0,30.981519507186857,2015,51.0,True,-3.9785714285714295,2013-18,30-31
00-0026237,Andre Caldwell,WR,0.7461538461538461,13,2.4583333333333335,12.0,30.403832991101986,2015,134.0,True,1.7121794871794873,2013-18,30-31
00-0026267,Jacob Tamme,TE,2.6846153846153844,13,8.813333333333333,15.0,30.48870636550308,2015,57.0,True,6.128717948717949,2013-18,30-31
00-0026281,Gary Barnidge,TE,2.8600000000000003,10,15.1125,16.0,29.965776865160848,2015,56.0,True,12.252500000000001,2013-18,28-29
00-0026293,Matthew Slater,WR,0.0,9,0.0,13.0,30.001368925393567,2015,142.5,True,0.0,2013-18,30-31
00-0026314,Josh Morgan,WR,3.25,8,,,30.223134839151268,2015,110.0,False,,2013-18,30-31
00-0026345,Pierre Garcon,WR,10.16875,16,11.606250000000001,16.0,29.089664613278575,2015,53.0,True,1.4375000000000018,2013-18,28-29
00-0026364,Steve Johnson,WR,7.538461538461538,13,12.522222222222224,9.0,29.136208076659823,2015,71.0,True,4.983760683760686,2013-18,28-29
00-0026367,Peyton Hillis,RB,3.7750000000000004,8,,,29.634496919917865,2015,81.0,False,,2013-18,29-30
00-0026373,Justin Forsett,RB,16.368750000000002,16,12.84,10.0,29.905544147843944,2015,8.0,True,-3.5287500000000023,2013-18,29-30
00-0026498,Matthew Stafford,QB,15.72375,16,18.673750000000002,16.0,27.589322381930184,2015,18.0,True,2.950000000000001,2013-18,25-27
00-0026577,Marcus Thigpen,WR,0.6666666666666666,9,-0.011111111111111112,9.0,29.322381930184804,2015,135.0,True,-0.6777777777777777,2013-18,28-29
00-0026625,Brian Hoyer,QB,11.209999999999999,14,15.149090909090908,11.0,29.908281998631075,2015,30.0,True,3.9390909090909094,2013-18,28-29
00-0026796,Arian Foster,RB,22.653846153846153,13,19.25,4.0,29.045859000684462,2015,3.0,False,-3.4038461538461533,2013-18,29-30
00-0026855,Antone Smith,RB,7.76,10,1.1,1.0,29.97946611909651,2015,44.0,False,-6.66,2013-18,29-30
00-0026898,Mark Sanchez,QB,15.49111111111111,9,10.946666666666667,3.0,28.829568788501028,2015,19.0,False,-4.5444444444444425,2013-18,28-29
00-0026899,Shonn Greene,RB,3.9615384615384617,13,,,30.053388090349078,2015,77.0,False,,2013-18,29-30
00-0026901,Mike Wallace,WR,13.39375,16,6.593333333333334,15.0,29.1088295687885,2015,26.0,True,-6.800416666666667,2013-18,28-29
00-0026932,Cedric Peerman,RB,0.8333333333333334,12,0.0,12.0,28.917180013689254,2015,100.0,True,-0.8333333333333334,2013-18,27-28
00-0026937,Brandon Gibson,WR,4.607142857142857,14,,,28.076659822039698,2015,95.0,False,,2013-18,28-29
00-0026983,Darrius Heyward-Bey,WR,0.47777777777777786,9,4.6000000000000005,14.0,28.536618754277892,2015,138.5,True,4.122222222222223,2013-18,28-29
00-0026986,Michael Crabtree,WR,10.137500000000001,16,14.731250000000001,16.0,27.98904859685147,2015,54.0,True,4.59375,2013-18,25-27
00-0026995,Jeremy Maclin,WR,17.675,16,16.513333333333332,15.0,27.33196440793977,2015,12.0,True,-1.1616666666666688,2013-18,25-27
00-0026996,Brandon Pettigrew,TE,1.8888888888888888,9,2.4625000000000004,8.0,30.543463381245722,2015,69.0,True,0.5736111111111115,2013-18,30-31
00-0026998,Percy Harvin,WR,10.346153846153847,13,9.98,5.0,27.28542094455852,2015,50.0,False,-0.3661538461538463,2013-18,25-27
00-0027003,Donald Brown,RB,5.56923076923077,13,7.616666666666667,6.0,28.416153319644078,2015,61.0,False,2.0474358974358973,2013-18,27-28
00-0027005,Hakeem Nicks,WR,6.833333333333333,15,2.066666666666667,6.0,27.655030800821354,2015,78.0,False,-4.766666666666666,2013-18,25-27
00-0027006,Kenny Britt,WR,9.075,16,7.7250000000000005,16.0,26.973305954825463,2015,60.0,True,-1.3499999999999988,2013-18,25-27
00-0027029,LeSean McCoy,RB,13.2125,16,15.641666666666667,12.0,27.16221765913758,2015,19.0,True,2.429166666666667,2013-18,27-28
00-0027057,Brandon Tate,WR,2.96,15,0.9266666666666666,15.0,27.9315537303217,2015,113.0,True,-2.033333333333333,2013-18,25-27
00-0027061,Jared Cook,TE,8.3375,16,5.44375,16.0,28.427104722792606,2015,20.0,True,-2.8937500000000007,2013-18,28-29
00-0027069,Chase Coffman,TE,2.3,8,10.55,2.0,28.83230663928816,2015,62.0,False,8.25,2013-18,28-29
00-0027077,Brian Hartline,WR,6.15,16,9.316666666666668,12.0,28.799452429842574,2015,84.0,True,3.166666666666668,2013-18,28-29
00-0027089,Louis Murphy,WR,7.5,11,5.960000000000001,5.0,28.334017796030118,2015,72.0,False,-1.5399999999999991,2013-18,28-29
00-0027109,James Casey,TE,2.322222222222222,9,,,30.965092402464066,2015,61.0,False,,2013-18,30-31
00-0027135,Brandon Myers,TE,3.727272727272727,11,4.116666666666666,6.0,30.015058179329227,2015,50.0,False,0.3893939393939392,2013-18,30-31
00-0027139,John Phillips,TE,0.7888888888888889,9,2.5444444444444443,9.0,28.249144421629023,2015,77.0,True,1.7555555555555555,2013-18,28-29
00-0027150,Julian Edelman,WR,16.435714285714287,14,19.333333333333332,9.0,29.30321697467488,2015,16.0,True,2.8976190476190453,2013-18,28-29
00-0027155,Rashad Jennings,RB,12.863636363636363,11,10.68125,16.0,30.458590006844627,2015,21.0,True,-2.182386363636363,2013-18,29-30
00-0027215,Logan Paulsen,TE,1.6533333333333333,15,,,28.536618754277892,2015,72.0,False,,2013-18,28-29
00-0027218,Joique Bell,RB,13.213333333333335,15,8.13076923076923,13.0,29.100616016427104,2015,18.0,True,-5.082564102564104,2013-18,29-30
00-0027321,Jeff Cumberland,TE,4.10625,16,1.4111111111111112,9.0,28.358658453114305,2015,48.0,True,-2.6951388888888888,2013-18,28-29
00-0027325,LeGarrette Blount,RB,6.739999999999999,15,10.466666666666667,12.0,28.763860369609855,2015,55.0,True,3.7266666666666675,2013-18,27-28
00-0027356,Marlon Moore,WR,0.0,12,2.1100000000000003,10.0,28.019164955509925,2015,142.5,True,2.1100000000000003,2013-18,28-29
00-0027450,Preston Parker,WR,5.6125,16,4.5,2.0,28.57221081451061,2015,89.0,False,-1.1124999999999998,2013-18,28-29
00-0027531,Chris Ivory,RB,9.9,16,14.113333333333335,15.0,27.468856947296374,2015,31.0,True,4.213333333333335,2013-18,27-28
00-0027581,Seyi Ajirotutu,WR,0.53125,16,0.19999999999999998,7.0,28.246406570841888,2015,137.0,False,-0.33125000000000004,2013-18,28-29
00-0027595,Bryan Walters,WR,0.8846153846153846,13,6.8,11.0,27.849418206707735,2015,130.0,True,5.915384615384616,2013-18,25-27
00-0027651,Dexter McCluster,WR,4.984615384615385,13,8.336363636363636,11.0,27.041752224503764,2015,93.0,True,3.3517482517482513,2013-18,25-27
00-0027656,Rob Gronkowski,TE,18.06,15,17.540000000000003,15.0,26.324435318275153,2015,1.0,True,-0.519999999999996,2013-18,25-27
00-0027675,Ed Dickson,TE,2.1153846153846154,13,2.56875,16.0,28.128678986995208,2015,65.0,True,0.45336538461538467,2013-18,28-29
00-0027681,Brandon LaFell,WR,13.35,16,8.263636363636364,11.0,28.84873374401095,2015,27.0,True,-5.086363636363636,2013-18,28-29
00-0027685,Emmanuel Sanders,WR,19.51875,16,15.493333333333334,15.0,28.484599589322382,2015,7.0,True,-4.025416666666667,2013-18,28-29
00-0027690,Eric Decker,WR,13.979999999999999,15,16.946666666666665,15.0,28.490075290896645,2015,23.0,True,2.966666666666667,2013-18,28-29
00-0027691,Andre Roberts,WR,5.8375,16,3.8125,8.0,27.668720054757017,2015,87.0,True,-2.0250000000000004,2013-18,25-27
00-0027696,Jimmy Graham,TE,15.426666666666668,15,11.090909090909092,11.0,28.79397672826831,2015,2.0,True,-4.335757575757576,2013-18,28-29
00-0027718,Garrett Graham,TE,4.37,10,1.625,8.0,29.100616016427104,2015,43.0,True,-2.745,2013-18,28-29
00-0027725,Clay Harbor,TE,6.090000000000001,10,3.69,10.0,28.191649555099247,2015,27.0,True,-2.400000000000001,2013-18,28-29
00-0027753,Andrew Quarless,TE,4.95625,16,2.3666666666666667,3.0,26.926762491444215,2015,36.0,False,-2.589583333333333,2013-18,25-27
00-0027758,Riley Cooper,WR,8.043750000000001,16,5.4750000000000005,12.0,28.00273785078713,2015,67.0,True,-2.5687500000000005,2013-18,28-29
00-0027772,Anthony Dixon,RB,4.864285714285715,14,1.3866666666666667,15.0,27.96167008898015,2015,69.0,True,-3.477619047619048,2013-18,27-28
00-0027791,James Starks,RB,5.521428571428571,14,10.58125,16.0,29.53867214236824,2015,62.0,True,5.059821428571429,2013-18,29-30
00-0027793,Antonio Brown,WR,25.05625,16,25.6375,16.0,27.16769336071184,2015,2.0,True,0.5812500000000007,2013-18,25-27
00-0027825,Jim Dray,TE,3.630769230769231,13,1.0999999999999999,11.0,28.692676249144423,2015,51.0,True,-2.5307692307692315,2013-18,28-29
00-0027861,C.J. Spiller,RB,7.944444444444445,9,6.238461538461538,13.0,28.098562628336754,2015,40.0,True,-1.705982905982907,2013-18,27-28
00-0027873,Jermaine Gresham,TE,9.2,15,3.307142857142857,14.0,27.23340177960301,2015,16.0,True,-5.892857142857142,2013-18,25-27
00-0027874,Demaryius Thomas,WR,22.650000000000002,16,17.087500000000002,16.0,27.709787816564,2015,3.0,True,-5.5625,2013-18,25-27
00-0027888,Toby Gerhart,RB,5.8,14,1.9400000000000002,5.0,28.45448323066393,2015,60.0,False,-3.8599999999999994,2013-18,27-28
00-0027890,Ben Tate,RB,7.190909090909091,11,,,27.052703627652292,2015,52.0,False,,2013-18,27-28
00-0027891,Golden Tate,WR,16.6625,16,13.0875,16.0,27.104722792607802,2015,14.0,True,-3.575000000000001,2013-18,25-27
00-0027902,Dez Bryant,WR,20.125,16,10.066666666666666,9.0,26.847364818617386,2015,6.0,True,-10.058333333333334,2013-18,25-27
00-0027918,Andrew Hawkins,WR,10.693333333333333,15,6.825,8.0,29.503080082135522,2015,45.0,True,-3.868333333333333,2013-18,28-29
00-0027939,Cam Newton,QB,17.99857142857143,14,24.505,16.0,26.33264887063655,2015,8.0,True,6.506428571428568,2013-18,25-27
00-0027942,A.J. Green,WR,18.275000000000002,12,17.8875,16.0,27.110198494182068,2015,9.0,True,-0.38750000000000284,2013-18,25-27
00-0027944,Julio Jones,WR,20.96,15,23.9125,16.0,26.584531143052704,2015,5.0,True,2.9525000000000006,2013-18,25-27
00-0027966,Mark Ingram,RB,15.684615384615386,13,17.2,12.0,25.71937029431896,2015,9.0,True,1.5153846153846136,2013-18,25-26
00-0027973,Andy Dalton,QB,14.10125,16,18.784615384615385,13.0,27.865845311430526,2015,23.0,True,4.683365384615385,2013-18,25-27
00-0027974,Colin Kaepernick,QB,15.853750000000002,16,12.244444444444447,9.0,27.852156057494867,2015,17.0,True,-3.6093055555555544,2013-18,25-27
00-0027981,Kyle Rudolph,TE,6.566666666666666,9,8.125,16.0,25.83436002737851,2015,25.0,True,1.5583333333333336,2013-18,25-27
00-0027985,Lance Kendricks,TE,5.18125,16,4.392857142857143,14.0,27.61122518822724,2015,34.0,True,-0.7883928571428571,2013-18,25-27
00-0027994,Shane Vereen,RB,10.3625,16,9.9,16.0,26.524298425735797,2015,29.0,True,-0.46250000000000036,2013-18,25-26
00-0027996,Torrey Smith,WR,12.780000000000001,15,7.925000000000001,16.0,26.62012320328542,2015,31.0,True,-4.855,2013-18,25-27
00-0028000,Daniel Thomas,RB,4.491666666666666,12,,,27.865845311430526,2015,74.0,False,,2013-18,27-28
00-0028002,Randall Cobb,WR,18.93125,16,12.775,16.0,25.05133470225873,2015,8.0,True,-6.156249999999998,2013-18,25-27
00-0028007,Rob Housler,TE,1.8333333333333333,12,1.46,5.0,27.482546201232033,2015,70.0,False,-0.3733333333333333,2013-18,25-27
00-0028009,DeMarco Murray,RB,24.19375,16,12.493333333333334,15.0,27.575633127994525,2015,2.0,True,-11.700416666666667,2013-18,27-28
00-0028040,Jordan Cameron,TE,7.99,10,5.725,16.0,27.091033538672143,2015,22.0,True,-2.2650000000000006,2013-18,25-27
00-0028043,Roy Helu,RB,9.792307692307693,13,3.3,8.0,26.757015742642025,2015,32.0,True,-6.492307692307693,2013-18,25-26
00-0028050,Greg Salas,WR,4.0875,8,3.5500000000000003,2.0,27.041752224503764,2015,102.0,False,-0.5375000000000001,2013-18,25-27
00-0028052,Cecil Shorts,WR,9.306153846153846,13,9.994545454545454,11.0,27.718001368925393,2015,58.0,True,0.6883916083916084,2013-18,25-27
00-0028064,Bilal Powell,RB,2.686666666666667,15,12.281818181818181,11.0,26.869267624914443,2015,85.0,True,9.595151515151514,2013-18,25-26
00-0028067,Julius Thomas,TE,13.783333333333333,12,10.25,12.0,27.20328542094456,2015,6.0,True,-3.533333333333333,2013-18,25-27
00-0028083,Jacquizz Rodgers,RB,5.0,16,1.22,5.0,25.590691307323752,2015,68.0,False,-3.7800000000000002,2013-18,25-26
00-0028086,Denarius Moore,WR,2.3600000000000003,10,0.0,5.0,26.751540041067763,2015,118.0,False,-2.3600000000000003,2013-18,25-27
00-0028091,Jeremy Kerley,WR,5.84375,16,2.7,16.0,26.836413415468858,2015,86.0,True,-3.14375,2013-18,25-27
00-0028093,Niles Paul,TE,5.85625,16,,,26.086242299794662,2015,31.0,False,,2013-18,25-27
00-0028097,Lee Smith,TE,2.15,8,1.9230769230769231,13.0,27.802874743326488,2015,64.0,True,-0.22692307692307678,2013-18,25-27
00-0028112,Charles Clay,TE,9.857142857142858,14,9.484615384615385,13.0,26.570841889117045,2015,13.0,True,-0.372527472527473,2013-18,25-27
00-0028114,Dwayne Harris,WR,1.20625,16,7.5200000000000005,15.0,27.983572895277206,2015,126.0,True,6.313750000000001,2013-18,25-27
00-0028121,Jordan Todman,RB,4.7125,16,0.3666666666666667,6.0,25.541409993155373,2015,71.0,False,-4.345833333333333,2013-18,25-26
00-0028142,Virgil Green,TE,2.188888888888889,9,2.715384615384615,13.0,27.10198494182067,2015,63.0,True,0.526495726495726,2013-18,25-27
00-0028198,Matt Asiata,RB,12.946666666666665,15,2.893333333333333,15.0,28.13141683778234,2015,20.0,True,-10.053333333333333,2013-18,27-28
00-0028237,Chris Hogan,WR,8.123076923076923,13,6.237333333333334,15.0,27.87953456536619,2015,66.0,True,-1.8857435897435888,2013-18,25-27
00-0028249,Jeremy Ross,WR,3.83125,16,1.6363636363636365,11.0,27.485284052019164,2015,104.0,True,-2.194886363636363,2013-18,25-27
00-0028263,Andre Holmes,WR,8.8625,16,3.8733333333333335,15.0,27.23340177960301,2015,62.0,True,-4.989166666666668,2013-18,25-27
00-0028345,Robert Hughes,RB,2.1,11,,,26.220396988364133,2015,90.0,False,,2013-18,25-26
00-0028409,DuJuan Harris,RB,0.7083333333333334,12,8.899999999999999,4.0,27.017111567419576,2015,101.0,False,8.191666666666665,2013-18,27-28
00-0028434,Doug Baldwin,WR,10.64375,16,17.087500000000002,16.0,26.967830253251197,2015,46.0,True,6.443750000000001,2013-18,25-27
00-0028442,Ricardo Lockette,WR,2.66875,16,2.816666666666667,6.0,29.305954825462013,2015,115.0,False,0.1479166666666667,2013-18,28-29
00-0028497,Kamar Aiken,WR,5.746153846153846,13,12.43125,16.0,26.28062970568104,2015,88.0,True,6.685096153846154,2013-18,25-27
00-0028581,Patrick DiMarco,RB,1.7666666666666666,12,3.0,12.0,26.362765229295004,2015,94.0,True,1.2333333333333334,2013-18,25-26
00-0028795,Chase Reynolds,RB,0.0,11,0.0,8.0,27.88501026694045,2015,104.0,True,0.0,2013-18,27-28
00-0028838,Larry Donnell,TE,9.58125,16,7.9125000000000005,8.0,26.855578370978783,2015,15.0,True,-1.6687500000000002,2013-18,25-27
00-0028841,Will Johnson,RB,0.9181818181818183,11,1.5375,8.0,26.819986310746064,2015,99.0,True,0.6193181818181818,2013-18,25-26
00-0028957,Austin Davis,QB,11.96,9,6.3933333333333335,3.0,26.272416153319643,2015,27.0,False,-5.566666666666667,2013-18,25-27
00-0028958,Cory Harkey,TE,1.9545454545454546,11,0.8444444444444444,9.0,25.232032854209447,2015,67.0,True,-1.11010101010101,2013-18,25-27
00-0029000,Cole Beasley,WR,6.6,15,8.44375,16.0,26.373716632443532,2015,81.0,True,1.84375,2013-18,25-27
00-0029004,Lance Dunbar,RB,3.3066666666666666,15,12.675,4.0,25.623545516769337,2015,83.0,False,9.368333333333334,2013-18,25-26
00-0029006,Saalim Hakim,WR,0.0,12,0.0,1.0,25.60438056125941,2015,142.5,False,0.0,2013-18,25-27
00-0029033,Griff Whalen,WR,0.47777777777777786,9,3.625,12.0,25.527720739219713,2015,138.5,True,3.147222222222222,2013-18,25-27
00-0029048,Joe Banyard,RB,3.0,8,0.0,2.0,26.82546201232033,2015,84.0,False,-3.0,2013-18,25-26
00-0029051,Jarrett Boykin,WR,0.6625000000000001,8,,,25.848049281314168,2015,136.0,False,,2013-18,25-27
00-0029104,Jonas Gray,RB,10.1125,8,4.6000000000000005,7.0,25.204654346338124,2015,30.0,False,-5.5125,2013-18,25-26
00-0029137,Alshon Jeffery,WR,16.63125,16,18.3,9.0,25.568788501026695,2015,15.0,True,1.6687499999999993,2013-18,25-27
00-0029141,Alfred Morris,RB,11.93125,16,6.4125000000000005,16.0,26.743326488706366,2015,22.0,True,-5.51875,2013-18,25-26
00-0029159,Jermaine Kearse,WR,6.658666666666667,15,9.3125,16.0,25.590691307323752,2015,80.0,True,2.653833333333333,2013-18,25-27
00-0029205,Travaris Cadet,RB,5.2,14,7.533333333333334,6.0,26.60369609856263,2015,67.0,False,2.333333333333334,2013-18,25-26
00-0029239,Brandon Bolden,RB,1.4749999999999999,12,5.808333333333334,12.0,25.620807665982205,2015,95.0,True,4.333333333333334,2013-18,25-26
00-0029262,Rueben Randle,WR,11.70625,16,11.6375,16.0,24.344969199178646,2015,37.0,True,-0.06875000000000142,2013-18,<=24
00-0029263,Russell Wilson,QB,21.1,16,21.01625,16.0,26.77891854893908,2015,3.0,True,-0.08375000000000199,2013-18,25-27
00-0029264,Bernard Pierce,RB,3.838461538461538,13,0.9600000000000002,5.0,24.33675564681725,2015,80.0,False,-2.878461538461538,2013-18,<=24
00-0029269,Travis Benjamin,WR,4.28125,16,12.76875,16.0,25.697467488021903,2015,99.0,True,8.4875,2013-18,25-27
00-0029273,Robert Turbin,RB,4.7250000000000005,16,3.5200000000000005,10.0,25.77138945927447,2015,70.0,True,-1.205,2013-18,25-26
00-0029275,Ladarius Green,TE,4.16,10,8.3,13.0,25.284052019164957,2015,47.0,True,4.140000000000001,2013-18,25-27
00-0029281,Adrien Robinson,TE,1.7777777777777777,9,,,26.962354551676935,2015,71.0,False,,2013-18,25-27
00-0029311,Junior Hemingway,WR,2.0727272727272723,11,,,26.702258726899384,2015,120.0,False,,2013-18,25-27
00-0029384,Bobby Rainey,RB,7.606666666666667,15,0.4266666666666667,15.0,27.901437371663246,2015,46.0,True,-7.180000000000001,2013-18,27-28
00-0029394,Brenton Bersin,WR,2.2733333333333334,15,3.7800000000000002,5.0,25.338809034907598,2015,119.0,False,1.5066666666666668,2013-18,25-27
00-0029415,Keshawn Martin,WR,0.9857142857142858,14,7.055555555555555,9.0,25.489390828199863,2015,128.0,True,6.06984126984127,2013-18,25-27
00-0029432,Chase Ford,TE,5.48,10,,,25.144421629021217,2015,32.0,False,,2013-18,25-27
00-0029435,Damaris Johnson,WR,4.5,16,0.6000000000000001,1.0,25.79876796714579,2015,97.0,False,-3.9,2013-18,25-27
00-0029438,Chris Polk,RB,4.618181818181818,11,4.819999999999999,15.0,25.73305954825462,2015,73.0,True,0.20181818181818123,2013-18,25-26
00-0029492,Jamize Olawale,RB,1.8799999999999997,10,2.646153846153846,13.0,26.39835728952772,2015,93.0,True,0.7661538461538464,2013-18,25-26
00-0029510,Jonathan Grimes,RB,2.4916666666666667,12,6.576923076923077,13.0,25.71937029431896,2015,87.0,True,4.0852564102564095,2013-18,25-26
00-0029534,Cooper Helfet,TE,5.3125,8,3.7142857142857144,7.0,26.272416153319643,2015,33.0,False,-1.5982142857142856,2013-18,25-27
00-0029567,Nick Foles,QB,15.915000000000001,8,8.734545454545454,11.0,26.636550308008214,2015,16.0,True,-7.1804545454545465,2013-18,25-27
00-0029572,Jarius Wright,WR,8.193333333333333,15,5.2733333333333325,15.0,25.790554414784395,2015,65.0,True,-2.920000000000001,2013-18,25-27
00-0029580,Rishard Matthews,WR,3.436363636363636,11,12.418181818181818,11.0,25.911019849418206,2015,109.0,True,8.981818181818182,2013-18,25-27
00-0029587,Rhett Ellison,TE,3.4142857142857146,14,2.45,12.0,26.934976043805612,2015,53.0,True,-0.9642857142857144,2013-18,25-27
00-0029588,Dan Herron,RB,5.385714285714286,14,2.4000000000000004,9.0,26.472279260780287,2015,65.0,True,-2.9857142857142858,2013-18,25-26
00-0029608,T.Y. Hilton,WR,18.266666666666666,15,13.4,16.0,25.82067077344285,2015,10.0,True,-4.866666666666665,2013-18,25-27
00-0029613,Doug Martin,RB,7.618181818181819,11,15.58125,16.0,26.65571526351814,2015,45.0,True,7.963068181818182,2013-18,25-26
00-0029614,Chris Givens,WR,3.6999999999999997,9,4.507142857142857,14.0,25.760438056125942,2015,106.0,True,0.8071428571428574,2013-18,25-27
00-0029615,Lamar Miller,RB,14.4625,16,15.05625,16.0,24.37782340862423,2015,14.0,True,0.59375,2013-18,<=24
00-0029632,Mohamed Sanu,WR,11.39125,16,5.71875,16.0,26.050650239561943,2015,41.0,True,-5.672499999999999,2013-18,25-27
00-0029634,James Hanna,TE,0.8,11,1.6900000000000002,10.0,26.157426420260094,2015,76.0,True,0.8900000000000001,2013-18,25-27
00-0029638,Michael Floyd,WR,10.612499999999999,16,12.026666666666667,15.0,25.78507871321013,2015,47.0,True,1.4141666666666683,2013-18,25-27
00-0029660,Trevor Graham,WR,1.6090909090909091,11,1.6,4.0,26.12183436002738,2015,124.0,False,-0.009090909090909038,2013-18,25-27
00-0029665,Robert Griffin III,QB,9.706666666666667,9,,,25.574264202600958,2015,33.0,False,,2013-18,25-27
00-0029668,Andrew Luck,QB,22.48375,16,18.69142857142857,7.0,25.99315537303217,2015,2.0,False,-3.79232142857143,2013-18,25-27
00-0029675,Trent Richardson,RB,7.8533333333333335,15,,,25.169062286105408,2015,43.0,False,,2013-18,25-26
00-0029683,Ronnie Hillman,RB,13.5375,8,10.8375,16.0,23.98904859685147,2015,16.0,True,-2.6999999999999993,2013-18,<=24
00-0029689,Dwayne Allen,TE,9.708333333333334,12,2.5384615384615383,13.0,25.541409993155373,2015,14.0,True,-7.169871794871796,2013-18,25-27
00-0029697,Coby Fleener,TE,11.2125,16,8.206666666666667,15.0,26.97056810403833,2015,9.0,True,-3.0058333333333334,2013-18,25-27
00-0029701,Ryan Tannehill,QB,17.46875,16,16.145,16.0,27.121149897330596,2015,10.0,True,-1.3237500000000004,2013-18,25-27
00-0029708,Kendall Wright,WR,12.1,14,9.8,10.0,25.82614647501711,2015,33.0,True,-2.299999999999999,2013-18,25-27
00-0029731,Fozzy Whittaker,RB,4.6875,8,2.5142857142857147,14.0,26.600958247775495,2015,72.0,True,-2.1732142857142853,2013-18,25-26
00-0029755,Brian Leonhardt,TE,1.9375,8,1.4,1.0,25.440109514031484,2015,68.0,False,-0.5375000000000001,2013-18,25-27
00-0029793,Brandon Williams,TE,1.05,8,0.0,1.0,27.912388774811774,2015,74.0,False,-1.05,2013-18,25-27
00-0029795,Benny Cunningham,RB,7.925,16,4.0625,16.0,25.177275838466805,2015,42.0,True,-3.8625,2013-18,25-26
00-0029854,C.J. Anderson,RB,15.521428571428572,14,9.82,15.0,24.580424366872005,2015,10.0,True,-5.701428571428572,2013-18,25-26
00-0029878,MarQueis Gray,TE,2.488888888888889,9,1.2,1.0,25.83983572895277,2015,59.0,False,-1.288888888888889,2013-18,25-27
00-0029910,Timothy Wright,TE,6.746153846153846,13,3.5875,8.0,25.426420260095824,2015,24.0,True,-3.1586538461538463,2013-18,25-27
00-0029999,Zach Sudfeld,TE,1.0384615384615385,13,,,26.39561943874059,2015,75.0,False,,2013-18,25-27
00-0030000,Kenbrell Thompkins,WR,3.6692307692307695,13,5.583333333333333,6.0,27.11567419575633,2015,107.0,False,1.9141025641025635,2013-18,25-27
00-0030035,Adam Thielen,WR,2.8083333333333336,12,3.53,10.0,25.05133470225873,2015,114.0,True,0.7216666666666662,2013-18,25-27
00-0030061,Zach Ertz,TE,9.10625,16,11.553333333333335,15.0,24.83230663928816,2015,17.0,True,2.4470833333333353,2013-18,25-27
00-0030068,Marquise Goodwin,WR,0.7500000000000001,8,2.2,2.0,24.80766598220397,2015,133.0,False,1.4500000000000002,2013-18,25-27
00-0030085,Kenny Stills,WR,11.793333333333333,15,5.933333333333334,15.0,23.38398357289528,2015,36.0,True,-5.859999999999999,2013-18,<=24
00-0030089,Luke Willson,TE,5.976923076923077,13,3.407692307692308,13.0,25.650924024640656,2015,29.0,True,-2.569230769230769,2013-18,25-27
00-0030095,Corey Fuller,WR,3.0153846153846158,13,1.6571428571428573,7.0,25.215605749486652,2015,112.0,False,-1.3582417582417585,2013-18,25-27
00-0030107,Theo Riddick,RB,7.2846153846153845,13,11.1875,16.0,24.35318275154004,2015,51.0,True,3.9028846153846155,2013-18,<=24
00-0030108,Ryan Griffin,TE,2.5100000000000002,10,6.344444444444445,9.0,25.661875427789184,2015,58.0,True,3.8344444444444448,2013-18,25-27
00-0030113,Charles D. Johnson,WR,8.445454545454545,11,3.6166666666666667,6.0,26.532511978097194,2015,63.0,False,-4.828787878787878,2013-18,25-27
00-0030147,Russell Shepard,WR,0.8583333333333334,12,1.0727272727272728,11.0,24.980150581793293,2015,131.0,True,0.21439393939393936,2013-18,25-27
00-0030154,Frankie Hammond,WR,0.85,10,0.0,7.0,25.560574948665298,2015,132.0,False,-0.85,2013-18,25-27
00-0030181,Jack Doyle,TE,3.8,11,2.5200000000000005,10.0,25.349760438056126,2015,49.0,True,-1.2799999999999994,2013-18,25-27
00-0030216,Josh Hill,TE,4.4,14,2.857142857142857,14.0,25.305954825462013,2015,42.0,True,-1.5428571428571431,2013-18,25-27
00-0030279,Keenan Allen,WR,12.985714285714286,14,21.0,8.0,23.370294318959616,2015,29.0,True,8.014285714285714,2013-18,<=24
00-0030280,Knile Davis,RB,7.937500000000001,16,1.353846153846154,13.0,23.9315537303217,2015,41.0,True,-6.583653846153847,2013-18,<=24
00-0030282,Stepfan Taylor,RB,5.4750000000000005,12,0.8,9.0,24.254620123203285,2015,63.0,True,-4.675000000000001,2013-18,<=24
00-0030287,Andre Ellington,RB,14.916666666666666,12,7.470000000000001,10.0,26.598220396988363,2015,12.0,True,-7.446666666666665,2013-18,25-26
00-0030300,Jaron Brown,WR,4.064285714285714,14,2.6166666666666667,12.0,25.67008898015058,2015,103.0,True,-1.4476190476190474,2013-18,25-27
00-0030348,Khiry Robinson,RB,7.388888888888889,9,8.8125,8.0,25.700205338809035,2015,50.0,True,1.4236111111111107,2013-18,25-26
00-0030388,Joseph Randle,RB,3.900000000000001,14,12.35,6.0,23.698836413415467,2015,78.0,False,8.45,2013-18,<=24
00-0030400,Marlon Brown,WR,3.8076923076923075,13,2.8,9.0,24.386036960985628,2015,105.0,True,-1.0076923076923077,2013-18,<=24
00-0030422,Dion Sims,TE,4.6000000000000005,14,2.6692307692307695,13.0,24.55852156057495,2015,40.0,True,-1.930769230769231,2013-18,25-27
00-0030431,Robert Woods,WR,10.4,16,8.55,14.0,23.416837782340863,2015,49.0,True,-1.8499999999999996,2013-18,<=24
00-0030432,Christine Michael,RB,1.9700000000000002,10,3.9875000000000003,8.0,24.83504449007529,2015,91.0,True,2.0175,2013-18,25-26
00-0030443,Levine Toilolo,TE,4.319999999999999,15,1.2181818181818183,11.0,24.11498973305955,2015,45.0,True,-3.101818181818181,2013-18,<=24
00-0030456,Giovani Bernard,RB,14.684615384615386,13,11.606250000000001,16.0,23.800136892539356,2015,13.0,True,-3.0783653846153847,2013-18,<=24
00-0030460,Markus Wheaton,WR,8.20625,16,9.93125,16.0,24.588637919233403,2015,64.0,True,1.7249999999999996,2013-18,25-27
00-0030472,Jordan Reed,TE,8.727272727272727,11,17.657142857142855,14.0,25.188227241615333,2015,18.0,True,8.929870129870128,2013-18,25-27
00-0030485,Eddie Lacy,RB,17.69375,16,9.973333333333333,15.0,25.27310061601643,2015,6.0,True,-7.720416666666669,2013-18,25-26
00-0030496,Le'Veon Bell,RB,24.3125,16,20.033333333333335,6.0,23.55920602327173,2015,1.0,False,-4.279166666666665,2013-18,<=24
00-0030506,Travis Kelce,TE,11.16875,16,11.9375,16.0,25.930184804928132,2015,10.0,True,0.7687500000000007,2013-18,25-27
00-0030513,Latavius Murray,RB,6.823076923076924,13,13.175,16.0,25.642710472279262,2015,54.0,True,6.351923076923077,2013-18,25-26
00-0030514,Mychal Rivera,TE,8.43125,16,4.4,15.0,25.00479123887748,2015,19.0,True,-4.03125,2013-18,25-27
00-0030516,Brice Butler,WR,4.785714285714286,14,7.56,5.0,25.61259411362081,2015,94.0,False,2.774285714285714,2013-18,25-27
00-0030521,Justin Hunter,WR,7.983333333333333,12,6.044444444444444,9.0,24.309377138945926,2015,68.0,True,-1.938888888888889,2013-18,<=24
00-0030525,Tavon Austin,WR,6.373333333333333,15,12.54375,16.0,25.489390828199863,2015,83.0,True,6.170416666666666,2013-18,25-27
00-0030532,Stedman Bailey,WR,6.792307692307692,13,4.525,8.0,24.829568788501028,2015,79.0,True,-2.267307692307692,2013-18,25-27
00-0030536,Zac Stacy,RB,7.166666666666667,9,4.342857142857143,7.0,24.421629021218344,2015,53.0,False,-2.8238095238095235,2013-18,<=24
00-0030542,Terrance Williams,WR,9.806666666666667,15,9.71875,16.0,25.976728268309376,2015,56.0,True,-0.08791666666666664,2013-18,25-27
00-0030544,Gavin Escobar,TE,3.625,12,2.3000000000000003,8.0,24.59958932238193,2015,52.0,True,-1.3249999999999997,2013-18,25-27
00-0030547,Denard Robinson,RB,9.200000000000001,13,5.666666666666667,12.0,24.966461327857633,2015,36.0,True,-3.533333333333334,2013-18,25-26
00-0030550,Ace Sanders,WR,0.9583333333333334,12,,,23.83025325119781,2015,129.0,False,,2013-18,<=24
00-0030564,DeAndre Hopkins,WR,15.21875,16,21.25625,16.0,23.260780287474333,2015,18.0,True,6.037500000000001,2013-18,<=24
00-0030565,Geno Smith,QB,10.771428571428572,14,20.0,1.0,24.917180013689254,2015,31.0,False,9.228571428571428,2013-18,25-27
00-0030578,Cordarrelle Patterson,RB,6.1312500000000005,16,1.1785714285714286,14.0,24.484599589322382,2015,57.0,True,-4.952678571428572,2013-18,<=24
00-0030653,Ray Agnew,RB,0.47000000000000003,10,,,24.536618754277892,2015,102.0,False,,2013-18,25-26
00-0030656,Isaiah Crowell,RB,8.16,15,8.8,16.0,22.6694045174538,2015,39.0,True,0.6400000000000006,2013-18,<=24
00-0030669,Albert Wilson,WR,4.2,10,6.764285714285714,14.0,23.16221765913758,2015,100.0,True,2.564285714285714,2013-18,<=24
00-0030671,Isaiah Burse,WR,0.0,12,,,23.756331279945243,2015,142.5,False,,2013-18,<=24
00-0030705,Juwan Thompson,RB,4.308333333333334,12,1.9875000000000003,8.0,23.326488706365502,2015,75.0,True,-2.3208333333333333,2013-18,<=24
00-0030780,Ryan Hewitt,TE,2.325,8,1.9888888888888887,9.0,24.62696783025325,2015,60.0,True,-0.33611111111111147,2013-18,25-27
00-0030821,Allen Hurns,WR,9.85625,16,15.506666666666666,15.0,23.82751540041068,2015,55.0,True,5.650416666666667,2013-18,<=24
00-0030860,Orleans Darkwa,RB,2.2625,8,2.2833333333333337,12.0,23.531827515400412,2015,89.0,True,0.02083333333333348,2013-18,<=24
00-0030874,Damien Williams,RB,3.8600000000000003,15,3.2214285714285715,14.0,23.43600273785079,2015,79.0,True,-0.6385714285714288,2013-18,<=24
00-0030985,Trey Watts,RB,0.9750000000000001,8,,,24.57221081451061,2015,98.0,False,,2013-18,25-26
00-0030990,Josh Huff,WR,1.875,12,5.08,15.0,23.906913073237508,2015,121.0,True,3.205,2013-18,<=24
00-0030992,Crockett Gillmore,TE,3.1222222222222222,9,9.97,10.0,23.81656399726215,2015,54.0,True,6.847777777777779,2013-18,<=24
00-0031008,Silas Redd,RB,3.577777777777778,9,,,23.526351813826146,2015,82.0,False,,2013-18,<=24
00-0031042,Jace Amaro,TE,6.035714285714286,14,,,23.20602327173169,2015,28.0,False,,2013-18,<=24
00-0031045,Carlos Hyde,RB,5.292857142857144,14,12.042857142857144,7.0,24.971937029431896,2015,66.0,False,6.750000000000001,2013-18,25-26
00-0031051,John Brown,WR,9.28125,16,14.033333333333333,15.0,25.437371663244353,2015,59.0,True,4.752083333333333,2013-18,25-27
00-0031053,Jalen Saunders,WR,0.21250000000000002,8,,,22.94318959616701,2015,140.0,False,,2013-18,<=24
00-0031055,Andre Williams,RB,9.443750000000001,16,2.2125,16.0,23.033538672142367,2015,35.0,True,-7.231250000000001,2013-18,<=24
00-0031057,Ka'Deem Carey,RB,2.409090909090909,11,4.088888888888889,9.0,22.861054072553046,2015,88.0,True,1.6797979797979794,2013-18,<=24
00-0031060,De'Anthony Thomas,WR,5.158333333333334,12,4.64,10.0,22.677618069815196,2015,91.0,True,-0.5183333333333344,2013-18,<=24
00-0031066,Lorenzo Taliaferro,RB,5.883333333333333,12,6.2,3.0,23.71526351813826,2015,59.0,False,0.3166666666666673,2013-18,<=24
00-0031075,Alfred Blue,RB,6.6312500000000005,16,8.621428571428572,14.0,24.372347707049965,2015,56.0,True,1.9901785714285714,2013-18,<=24
00-0031118,Corey Brown,WR,6.0076923076923086,13,7.392857142857143,14.0,23.734428473648187,2015,85.0,True,1.3851648351648347,2013-18,<=24
00-0031209,Senorise Perry,RB,0.06923076923076923,13,,,23.975359342915812,2015,103.0,False,,2013-18,<=24
00-0031228,Taylor Gabriel,WR,6.5687500000000005,16,4.341666666666667,12.0,24.56125941136208,2015,82.0,True,-2.2270833333333337,2013-18,25-27
00-0031235,Odell Beckham Jr.,WR,25.625,12,22.086666666666666,15.0,22.844626967830255,2015,1.0,True,-3.538333333333334,2013-18,<=24
00-0031236,Brandin Cooks,WR,13.930000000000001,10,16.225,16.0,21.95756331279945,2015,24.0,True,2.295,2013-18,<=24
00-0031237,Teddy Bridgewater,QB,13.82,13,12.5275,16.0,22.830937713894592,2015,24.0,True,-1.2925000000000004,2013-18,<=24
00-0031257,Paul Richardson,WR,5.175,12,5.0,1.0,23.408624229979466,2015,90.0,False,-0.17499999999999982,2013-18,<=24
00-0031277,Branden Oliver,RB,10.807142857142859,14,4.375,8.0,24.344969199178646,2015,26.0,True,-6.432142857142859,2013-18,<=24
00-0031280,Derek Carr,QB,12.0,16,16.955000000000002,16.0,24.45448323066393,2015,26.0,True,4.955000000000002,2013-18,<=24
00-0031285,Devonta Freeman,RB,5.45625,16,21.893333333333334,15.0,23.488021902806295,2015,64.0,True,16.437083333333334,2013-18,<=24
00-0031291,James Wright,WR,1.5545454545454547,11,,,23.693360711841205,2015,125.0,False,,2013-18,<=24
00-0031299,Jordan Matthews,TE,12.91875,16,14.79375,16.0,23.15126625598905,2015,7.0,True,1.875,2013-18,<=24
00-0031301,Jeremy Hill,RB,14.11875,16,10.64375,16.0,22.888432580424368,2015,15.0,True,-3.4749999999999996,2013-18,<=24
00-0031302,C.J. Fiedorowicz,TE,1.5999999999999999,8,2.692857142857143,14.0,23.88501026694045,2015,73.0,True,1.0928571428571432,2013-18,<=24
00-0031325,Sammy Watkins,WR,12.750000000000002,16,17.407692307692308,13.0,22.239561943874058,2015,32.0,True,4.657692307692306,2013-18,<=24
00-0031326,Bruce Ellington,WR,2.5384615384615383,13,2.230769230769231,13.0,24.05201916495551,2015,116.0,True,-0.3076923076923075,2013-18,<=24
00-0031339,Donte Moncrief,WR,7.078571428571429,14,11.01875,16.0,22.094455852156056,2015,77.0,True,3.9401785714285715,2013-18,<=24
00-0031359,Kelvin Benjamin,WR,14.39375,16,,,24.594113620807665,2015,20.0,False,,2013-18,25-27
00-0031373,Martavis Bryant,WR,13.309999999999999,10,15.881818181818181,11.0,23.72347707049966,2015,28.0,True,2.5718181818181822,2013-18,<=24
00-0031375,Terrance West,RB,8.264285714285714,14,3.15,8.0,24.61601642710472,2015,38.0,True,-5.114285714285714,2013-18,25-26
00-0031376,Jerick McKinnon,RB,9.118181818181819,11,5.2125,16.0,23.353867214236825,2015,37.0,True,-3.9056818181818187,2013-18,<=24
00-0031381,Davante Adams,WR,7.292857142857144,14,8.176923076923076,13.0,22.71047227926078,2015,74.0,True,0.8840659340659327,2013-18,<=24
00-0031382,Jarvis Landry,WR,11.8375,16,17.49125,16.0,22.781656399726216,2015,35.0,True,5.6537500000000005,2013-18,<=24
00-0031384,Richard Rodgers,TE,4.1923076923076925,13,10.1,16.0,23.633127994524298,2015,46.0,True,5.907692307692307,2013-18,<=24
00-0031387,Eric Ebron,TE,4.65,12,9.335714285714287,14.0,22.417522245037645,2015,39.0,True,4.685714285714287,2013-18,<=24
00-0031390,Charles Sims,RB,7.5625,8,11.25,16.0,24.974674880219027,2015,47.0,True,3.6875,2013-18,25-26
00-0031391,Tre Mason,RB,11.775,12,3.9615384615384617,13.0,22.094455852156056,2015,23.0,True,-7.813461538461539,2013-18,<=24
00-0031392,Dri Archer,RB,1.33,10,0.0,6.0,24.087611225188226,2015,97.0,False,-1.33,2013-18,<=24
00-0031407,Blake Bortles,QB,12.015714285714287,14,19.7575,16.0,23.367556468172484,2015,25.0,True,7.741785714285713,2013-18,<=24
00-0031408,Mike Evans,WR,17.073333333333334,15,14.673333333333336,15.0,22.053388090349078,2015,13.0,True,-2.3999999999999986,2013-18,<=24
00-0031413,Bishop Sankey,RB,6.0125,16,4.933333333333334,12.0,22.98425735797399,2015,58.0,True,-1.0791666666666666,2013-18,<=24
00-0031418,Austin Seferian-Jenkins,TE,5.9,9,11.471428571428572,7.0,22.94592744695414,2015,30.0,False,5.571428571428571,2013-18,<=24
00-0031428,Allen Robinson,WR,11.680000000000001,10,19.5625,16.0,22.04517453798768,2015,38.0,True,7.8824999999999985,2013-18,<=24
00-0031431,Marqise Lee,WR,7.175,12,4.877777777777777,9.0,23.79192334017796,2015,75.0,True,-2.2972222222222225,2013-18,<=24
00-0007091,Matt Hasselbeck,QB,11.3875,8,,,40.96098562628337,2016,31.0,False,,2013-18,32+
00-0010346,Peyton Manning,QB,9.136,10,,,40.46543463381246,2016,33.0,False,,2013-18,32+
00-0019596,Tom Brady,QB,22.04375,16,22.88,12.0,39.1047227926078,2016,2.0,True,0.8362499999999997,2013-18,32+
00-0020531,Drew Brees,QB,21.346666666666668,15,21.77,16.0,37.65366187542779,2016,3.0,True,0.423333333333332,2013-18,32+
00-0021206,Josh McCown,QB,17.52,8,10.42,5.0,37.18822724161533,2016,17.0,False,-7.1,2013-18,32+
00-0021429,Carson Palmer,QB,19.8275,16,16.208000000000002,15.0,36.70636550308008,2016,5.0,True,-3.6194999999999986,2013-18,32+
00-0021547,Antonio Gates,TE,13.545454545454545,11,11.36923076923077,13.0,36.2299794661191,2016,8.0,True,-2.1762237762237753,2013-18,32+
00-0022044,Andre Johnson,WR,7.206250000000001,16,4.916666666666667,6.0,35.167693360711844,2016,75.0,False,-2.2895833333333337,2013-18,32+
00-0022084,Anquan Boldin,WR,12.35,14,10.8375,16.0,35.937029431895965,2016,37.0,True,-1.5124999999999993,2013-18,32+
00-0022127,Jason Witten,TE,10.26875,16,10.253333333333334,15.0,34.34907597535934,2016,14.0,True,-0.015416666666666856,2013-18,32+
00-0022414,Malcom Floyd,WR,6.8066666666666675,15,,,35.006160164271044,2016,79.0,False,,2013-18,32+
00-0022803,Eli Manning,QB,18.46125,16,14.51125,16.0,35.68514715947981,2016,13.0,True,-3.9499999999999993,2013-18,32+
00-0022811,Jerricho Cotchery,WR,7.6499999999999995,14,,,34.23682409308692,2016,70.0,False,,2013-18,32+
00-0022921,Larry Fitzgerald,WR,17.8125,16,15.33125,16.0,33.02943189596167,2016,11.0,True,-2.4812499999999993,2013-18,32+
00-0022924,Ben Roethlisberger,QB,19.676666666666666,12,18.582857142857144,14.0,34.52703627652293,2016,7.0,True,-1.0938095238095222,2013-18,32+
00-0022942,Philip Rivers,QB,18.78,16,16.18375,16.0,34.757015742642025,2016,11.0,True,-2.5962500000000013,2013-18,32+
00-0022943,Benjamin Watson,TE,12.09375,16,,,35.728952772073924,2016,9.0,False,,2013-18,32+
00-0023310,Lance Moore,WR,6.630769230769231,13,,,33.02943189596167,2016,84.0,False,,2013-18,32+
00-0023367,Nate Washington,WR,10.753846153846155,13,,,33.03764544832307,2016,48.0,False,,2013-18,32+
00-0023436,Alex Smith,QB,16.9525,16,14.985333333333333,15.0,32.34496919917864,2016,20.0,True,-1.9671666666666674,2013-18,32+
00-0023459,Aaron Rodgers,QB,18.8275,16,23.75125,16.0,32.77481177275838,2016,9.0,True,4.923749999999998,2013-18,32+
00-0023462,Roddy White,WR,6.64,15,,,34.85557837097878,2016,83.0,False,,2013-18,32+
00-0023465,Heath Miller,TE,8.613333333333333,15,,,33.88637919233402,2016,21.0,False,,2013-18,32+
00-0023496,Vincent Jackson,WR,10.88,10,6.460000000000001,5.0,33.65639972621492,2016,46.0,False,-4.42,2013-18,32+
00-0023500,Frank Gore,RB,12.0875,16,13.762500000000001,16.0,33.327857631759066,2016,20.0,True,1.6750000000000007,2013-18,31+
00-0023564,Darren Sproles,RB,10.09375,16,10.933333333333334,15.0,33.22655715263518,2016,34.0,True,0.8395833333333336,2013-18,31+
00-0023662,Matt Cassel,QB,8.355,8,3.915,4.0,34.31895961670089,2016,35.0,False,-4.44,2013-18,32+
00-0023682,Ryan Fitzpatrick,QB,17.825,16,9.528571428571428,14.0,33.79603011635866,2016,16.0,True,-8.29642857142857,2013-18,32+
00-0023921,Miles Austin,WR,3.7636363636363637,11,,,32.19712525667351,2016,118.0,False,,2013-18,32+
00-0024204,Fred Jackson,RB,5.180000000000001,15,,,35.553730321697465,2016,60.0,False,,2013-18,31+
00-0024221,Vernon Davis,TE,5.961538461538462,13,7.620000000000001,15.0,32.610540725530456,2016,32.0,True,1.6584615384615393,2013-18,32+
00-0024226,Jay Cutler,QB,15.097333333333333,15,9.352,5.0,33.36892539356605,2016,25.0,False,-5.745333333333333,2013-18,32+
00-0024242,DeAngelo Williams,RB,15.3375,16,12.8875,8.0,33.379876796714576,2016,8.0,True,-2.450000000000001,2013-18,31+
00-0024243,Marcedes Lewis,TE,2.5733333333333333,15,4.290000000000001,10.0,32.31211498973306,2016,58.0,True,1.7166666666666677,2013-18,32+
00-0024267,Greg Jennings,WR,3.8166666666666664,12,,,32.9719370294319,2016,115.0,False,,2013-18,32+
00-0024268,Anthony Fasano,TE,4.778571428571429,14,2.3583333333333334,12.0,32.39151266255989,2016,40.0,True,-2.420238095238096,2013-18,32+
00-0024313,Owen Daniels,TE,7.325,16,,,33.83709787816564,2016,28.0,False,,2013-18,32+
00-0024324,Jason Avant,WR,2.6900000000000004,10,,,33.39356605065024,2016,129.0,False,,2013-18,32+
00-0024334,Brandon Marshall,WR,22.1375,16,10.586666666666668,15.0,32.46817248459959,2016,3.0,True,-11.550833333333332,2013-18,32+
00-0024389,Delanie Walker,TE,16.393333333333334,15,12.639999999999999,15.0,32.07939767282683,2016,3.0,True,-3.7533333333333356,2013-18,32+
00-0024466,Marques Colston,WR,9.423076923076923,13,,,33.267624914442166,2016,56.0,False,,2013-18,32+
00-0024535,Eric Weems,WR,0.20833333333333334,12,0.0,16.0,31.186858316221766,2016,148.0,True,-0.20833333333333334,2013-18,30-31
00-0025389,Calvin Johnson,WR,16.525,16,,,30.94866529774127,2016,17.0,False,,2013-18,30-31
00-0025394,Adrian Peterson,RB,17.91875,16,3.0,3.0,31.474332648870636,2016,2.0,False,-14.91875,2013-18,31+
00-0025396,Ted Ginn,WR,12.360000000000001,15,10.28125,16.0,31.41409993155373,2016,36.0,True,-2.078750000000001,2013-18,30-31
00-0025418,Greg Olsen,TE,14.49375,16,13.14375,16.0,31.50171115674196,2016,7.0,True,-1.3499999999999996,2013-18,30-31
00-0025460,Jacoby Jones,WR,0.0,9,,,32.167008898015055,2016,150.0,False,,2013-18,32+
00-0025465,James Jones,WR,12.21875,16,,,32.446269678302535,2016,38.0,False,,2013-18,32+
00-0025516,Scott Chandler,TE,6.075,12,,,31.134839151266256,2016,31.0,False,,2013-18,30-31
00-0025549,Brent Celek,TE,7.191666666666666,12,2.95,10.0,31.6249144421629,2016,29.0,True,-4.241666666666666,2013-18,30-31
00-0026019,Danny Woodhead,RB,15.19375,16,13.55,2.0,31.6249144421629,2016,9.0,False,-1.643749999999999,2013-18,31+
00-0026035,Danny Amendola,WR,10.952857142857143,14,5.7749999999999995,12.0,30.855578370978783,2016,45.0,True,-5.177857142857143,2013-18,30-31
00-0026143,Matt Ryan,QB,14.62125,16,22.21625,16.0,31.318275154004105,2016,26.0,True,7.594999999999999,2013-18,30-31
00-0026144,Darren McFadden,RB,13.168750000000001,16,4.466666666666668,3.0,29.0403832991102,2016,15.0,False,-8.702083333333334,2013-18,29-30
00-0026153,Jonathan Stewart,RB,12.984615384615385,13,11.492307692307692,13.0,29.475701574264203,2016,16.0,True,-1.4923076923076923,2013-18,29-30
00-0026158,Joe Flacco,QB,16.194,10,15.155000000000001,16.0,31.64955509924709,2016,22.0,True,-1.038999999999998,2013-18,30-31
00-0026164,Chris Johnson,RB,10.836363636363636,11,3.875,4.0,30.965092402464066,2016,27.0,False,-6.961363636363636,2013-18,29-30
00-0026182,Eddie Royal,WR,7.411111111111111,9,9.933333333333334,9.0,30.308008213552363,2016,73.0,True,2.522222222222222,2013-18,30-31
00-0026184,Matt Forte,RB,16.746153846153845,13,13.542857142857143,14.0,30.751540041067763,2016,5.0,True,-3.2032967032967026,2013-18,29-30
00-0026189,DeSean Jackson,WR,12.033333333333335,9,12.533333333333333,15.0,29.776865160848732,2016,39.0,True,0.4999999999999982,2013-18,28-29
00-0026201,Martellus Bennett,TE,10.445454545454545,11,10.7875,16.0,29.505817932922657,2016,13.0,True,0.3420454545454543,2013-18,28-29
00-0026224,Harry Douglas,WR,6.321428571428571,14,4.5,8.0,31.983572895277206,2016,86.0,True,-1.8214285714285712,2013-18,30-31
00-0026225,Craig Stevens,TE,3.6100000000000003,10,,,32.02464065708419,2016,47.0,False,,2013-18,32+
00-0026237,Andre Caldwell,WR,2.4583333333333335,12,,,31.405886379192335,2016,132.0,False,,2013-18,30-31
00-0026267,Jacob Tamme,TE,8.813333333333333,15,7.625,8.0,31.49075975359343,2016,20.0,True,-1.1883333333333326,2013-18,30-31
00-0026281,Gary Barnidge,TE,15.1125,16,8.137500000000001,16.0,30.967830253251197,2016,4.0,True,-6.975,2013-18,30-31
00-0026293,Matthew Slater,WR,0.0,13,0.07142857142857142,7.0,31.003422313483917,2016,150.0,False,0.07142857142857142,2013-18,30-31
00-0026298,Kellen Davis,TE,0.8307692307692307,13,0.0,5.0,30.915811088295687,2016,77.0,False,-0.8307692307692307,2013-18,30-31
00-0026345,Pierre Garcon,WR,11.606250000000001,16,12.6625,16.0,30.091718001368925,2016,43.0,True,1.0562499999999986,2013-18,30-31
00-0026364,Steve Johnson,WR,12.522222222222224,9,,,30.138261464750173,2016,32.0,False,,2013-18,30-31
00-0026373,Justin Forsett,RB,12.84,10,6.844444444444445,9.0,30.90759753593429,2016,17.0,True,-5.995555555555555,2013-18,29-30
00-0026498,Matthew Stafford,QB,18.673750000000002,16,17.486250000000002,16.0,28.591375770020534,2016,12.0,True,-1.1875,2013-18,28-29
00-0026577,Marcus Thigpen,WR,-0.011111111111111112,9,,,30.324435318275153,2016,152.0,False,,2013-18,30-31
00-0026625,Brian Hoyer,QB,15.149090909090908,11,13.266666666666667,6.0,30.910335386721425,2016,24.0,False,-1.882424242424241,2013-18,30-31
00-0026739,Jordan Norwood,WR,4.2700000000000005,10,3.442857142857143,14.0,29.95208761122519,2016,112.0,True,-0.8271428571428574,2013-18,28-29
00-0026901,Mike Wallace,WR,6.593333333333334,15,12.8625,16.0,30.11088295687885,2016,85.0,True,6.269166666666667,2013-18,30-31
00-0026932,Cedric Peerman,RB,0.0,12,0.375,4.0,29.919233401779604,2016,96.0,False,0.375,2013-18,29-30
00-0026983,Darrius Heyward-Bey,WR,4.6000000000000005,14,5.914285714285714,7.0,29.53867214236824,2016,104.0,False,1.3142857142857132,2013-18,28-29
00-0026986,Michael Crabtree,WR,14.731250000000001,16,15.2375,16.0,28.99110198494182,2016,23.0,True,0.5062499999999996,2013-18,28-29
00-0026995,Jeremy Maclin,WR,16.513333333333332,15,9.125,12.0,28.334017796030118,2016,18.0,True,-7.388333333333332,2013-18,28-29
00-0026996,Brandon Pettigrew,TE,2.4625000000000004,8,,,31.54551676933607,2016,65.0,False,,2013-18,30-31
00-0027006,Kenny Britt,WR,7.7250000000000005,16,13.28,15.0,27.975359342915812,2016,68.0,True,5.554999999999999,2013-18,25-27
00-0027029,LeSean McCoy,RB,15.641666666666667,12,21.28666666666667,15.0,28.164271047227928,2016,6.0,True,5.645000000000001,2013-18,27-28
00-0027057,Brandon Tate,WR,0.9266666666666666,15,1.6333333333333333,15.0,28.933607118412045,2016,146.0,True,0.7066666666666667,2013-18,28-29
00-0027061,Jared Cook,TE,5.44375,16,7.32,10.0,29.429158110882955,2016,38.0,True,1.8762500000000006,2013-18,28-29
00-0027077,Brian Hartline,WR,9.316666666666668,12,,,29.801505817932924,2016,57.0,False,,2013-18,28-29
00-0027125,Zach Miller,TE,8.415384615384616,13,11.96,10.0,31.93429158110883,2016,22.0,True,3.544615384615385,2013-18,30-31
00-0027139,John Phillips,TE,2.5444444444444443,9,2.5777777777777775,9.0,29.251197809719372,2016,61.0,True,0.033333333333333215,2013-18,28-29
00-0027150,Julian Edelman,WR,19.333333333333332,9,14.70625,16.0,30.305270362765228,2016,8.0,True,-4.627083333333331,2013-18,30-31
00-0027155,Rashad Jennings,RB,10.68125,16,10.646153846153847,13.0,31.460643394934976,2016,28.0,True,-0.035096153846152944,2013-18,31+
00-0027218,Joique Bell,RB,8.13076923076923,13,0.46666666666666673,3.0,30.102669404517453,2016,47.0,False,-7.6641025641025635,2013-18,29-30
00-0027321,Jeff Cumberland,TE,1.4111111111111112,9,,,29.360711841204655,2016,73.0,False,,2013-18,28-29
00-0027325,LeGarrette Blount,RB,10.466666666666667,12,15.30625,16.0,29.765913757700204,2016,31.0,True,4.839583333333334,2013-18,29-30
00-0027356,Marlon Moore,WR,2.1100000000000003,10,,,29.021218343600275,2016,138.0,False,,2013-18,28-29
00-0027531,Chris Ivory,RB,14.113333333333335,15,8.863636363636363,11.0,28.470910335386723,2016,11.0,True,-5.249696969696972,2013-18,27-28
00-0027595,Bryan Walters,WR,6.8,11,5.95,10.0,28.851471594798085,2016,80.0,True,-0.8499999999999996,2013-18,28-29
00-0027651,Dexter McCluster,WR,8.336363636363636,11,1.8,6.0,28.043805612594113,2016,63.0,False,-6.536363636363636,2013-18,28-29
00-0027656,Rob Gronkowski,TE,17.540000000000003,15,12.6875,8.0,27.326488706365502,2016,2.0,True,-4.852500000000003,2013-18,25-27
00-0027675,Ed Dickson,TE,2.56875,16,2.2615384615384615,13.0,29.130732375085557,2016,59.0,True,-0.3072115384615386,2013-18,28-29
00-0027681,Brandon LaFell,WR,8.263636363636364,11,11.71875,16.0,29.8507871321013,2016,65.0,True,3.4551136363636363,2013-18,28-29
00-0027685,Emmanuel Sanders,WR,15.493333333333334,15,14.473333333333333,15.0,29.48665297741273,2016,22.0,True,-1.0200000000000014,2013-18,28-29
00-0027690,Eric Decker,WR,16.946666666666665,15,13.966666666666667,3.0,29.492128678986994,2016,16.0,False,-2.9799999999999986,2013-18,28-29
00-0027691,Andre Roberts,WR,3.8125,8,3.175,16.0,28.670773442847366,2016,117.0,True,-0.6375000000000002,2013-18,28-29
00-0027696,Jimmy Graham,TE,11.090909090909092,11,12.1125,16.0,29.796030116358658,2016,12.0,True,1.021590909090909,2013-18,28-29
00-0027708,Marcus Easley,WR,1.1636363636363638,11,,,28.856947296372347,2016,144.0,False,,2013-18,28-29
00-0027718,Garrett Graham,TE,1.625,8,,,30.102669404517453,2016,72.0,False,,2013-18,30-31
00-0027725,Clay Harbor,TE,3.69,10,1.225,4.0,29.193702943189596,2016,46.0,False,-2.465,2013-18,28-29
00-0027732,Michael Hoomanawanui,TE,3.46,10,,,28.186173853524984,2016,49.0,False,,2013-18,28-29
00-0027758,Riley Cooper,WR,5.4750000000000005,12,,,29.00479123887748,2016,92.0,False,,2013-18,28-29
00-0027772,Anthony Dixon,RB,1.3866666666666667,15,,,28.9637234770705,2016,89.0,False,,2013-18,27-28
00-0027791,James Starks,RB,10.58125,16,6.544444444444445,9.0,30.54072553045859,2016,30.0,True,-4.0368055555555555,2013-18,29-30
00-0027793,Antonio Brown,WR,25.6375,16,20.886666666666667,15.0,28.16974674880219,2016,1.0,True,-4.750833333333333,2013-18,28-29
00-0027796,Joe Webb,QB,-0.011111111111111112,9,0.14444444444444446,9.0,29.82340862422998,2016,36.0,True,0.15555555555555556,2013-18,28-29
00-0027816,Marc Mariani,WR,3.25,16,0.09375,16.0,29.360711841204655,2016,123.0,True,-3.15625,2013-18,28-29
00-0027825,Jim Dray,TE,1.0999999999999999,11,,,29.694729637234772,2016,75.0,False,,2013-18,28-29
00-0027854,Sam Bradford,QB,13.921428571428573,14,14.792,15.0,28.840520191649556,2016,28.0,True,0.8705714285714272,2013-18,28-29
00-0027861,C.J. Spiller,RB,6.238461538461538,13,3.1333333333333333,6.0,29.100616016427104,2016,56.0,False,-3.1051282051282043,2013-18,29-30
00-0027864,Ryan Mathews,RB,9.807692307692308,13,11.584615384615384,13.0,28.919917864476385,2016,39.0,True,1.776923076923076,2013-18,27-28
00-0027873,Jermaine Gresham,TE,3.307142857142857,14,5.5062500000000005,16.0,28.23545516769336,2016,51.0,True,2.1991071428571436,2013-18,28-29
00-0027874,Demaryius Thomas,WR,17.087500000000002,16,14.33125,16.0,28.711841204654345,2016,14.5,True,-2.7562500000000014,2013-18,28-29
00-0027891,Golden Tate,WR,13.0875,16,14.225,16.0,28.10677618069815,2016,28.0,True,1.1374999999999993,2013-18,28-29
00-0027902,Dez Bryant,WR,10.066666666666666,9,14.192307692307692,13.0,27.849418206707735,2016,50.0,True,4.125641025641025,2013-18,25-27
00-0027918,Andrew Hawkins,WR,6.825,8,5.2125,16.0,30.50513347022587,2016,78.0,True,-1.6124999999999998,2013-18,30-31
00-0027939,Cam Newton,QB,24.505,16,16.950666666666667,15.0,27.3347022587269,2016,1.0,True,-7.554333333333332,2013-18,25-27
00-0027942,A.J. Green,WR,17.8875,16,19.240000000000002,10.0,28.112251882272417,2016,10.0,True,1.3525000000000027,2013-18,28-29
00-0027944,Julio Jones,WR,23.9125,16,19.778571428571432,14.0,27.586584531143053,2016,2.0,True,-4.133928571428569,2013-18,25-27
00-0027948,Blaine Gabbert,QB,16.2175,8,12.283333333333333,6.0,26.90485968514716,2016,21.0,False,-3.934166666666668,2013-18,25-27
00-0027966,Mark Ingram,RB,17.2,12,15.700000000000001,16.0,26.72142368240931,2016,3.0,True,-1.4999999999999982,2013-18,25-26
00-0027973,Andy Dalton,QB,18.784615384615385,13,16.29,16.0,28.867898699520875,2016,10.0,True,-2.4946153846153862,2013-18,28-29
00-0027974,Colin Kaepernick,QB,12.244444444444447,9,18.494545454545456,11.0,28.854209445585216,2016,30.0,True,6.250101010101009,2013-18,28-29
00-0027981,Kyle Rudolph,TE,8.125,16,13.15625,16.0,26.836413415468858,2016,25.0,True,5.03125,2013-18,25-27
00-0027985,Lance Kendricks,TE,4.392857142857143,14,6.86875,16.0,28.61327857631759,2016,43.0,True,2.475892857142857,2013-18,28-29
00-0027994,Shane Vereen,RB,9.9,16,7.640000000000001,5.0,27.526351813826146,2016,37.0,False,-2.26,2013-18,27-28
00-0027996,Torrey Smith,WR,7.925000000000001,16,5.391666666666667,12.0,27.62217659137577,2016,67.0,True,-2.533333333333334,2013-18,25-27
00-0028002,Randall Cobb,WR,12.775,16,11.523076923076925,13.0,26.053388090349078,2016,29.0,True,-1.2519230769230756,2013-18,25-27
00-0028009,DeMarco Murray,RB,12.493333333333334,15,19.3,16.0,28.577686516084874,2016,18.0,True,6.806666666666667,2013-18,27-28
00-0028011,Stevan Ridley,RB,1.6,8,0.7000000000000001,1.0,27.619438740588638,2016,86.0,False,-0.9,2013-18,27-28
00-0028040,Jordan Cameron,TE,5.725,16,6.666666666666667,3.0,28.093086926762492,2016,36.0,False,0.9416666666666673,2013-18,28-29
00-0028042,Luke Stocker,TE,2.6375,8,1.2166666666666666,6.0,28.150581793292265,2016,57.0,False,-1.4208333333333336,2013-18,28-29
00-0028043,Roy Helu,RB,3.3,8,,,27.759069130732374,2016,71.0,False,,2013-18,27-28
00-0028052,Cecil Shorts,WR,9.994545454545454,11,3.742857142857143,7.0,28.720054757015742,2016,51.0,False,-6.251688311688311,2013-18,28-29
00-0028063,Taiwan Jones,RB,2.5833333333333335,12,0.75,10.0,28.125941136208077,2016,78.0,True,-1.8333333333333335,2013-18,27-28
00-0028064,Bilal Powell,RB,12.281818181818181,11,12.6875,16.0,27.871321013004792,2016,19.0,True,0.4056818181818187,2013-18,27-28
00-0028067,Julius Thomas,TE,10.25,12,9.122222222222224,9.0,28.205338809034906,2016,15.0,True,-1.1277777777777764,2013-18,28-29
00-0028091,Jeremy Kerley,WR,2.7,16,9.387500000000001,16.0,27.838466803559207,2016,128.0,True,6.687500000000001,2013-18,25-27
00-0028097,Lee Smith,TE,1.9230769230769231,13,2.225,4.0,28.804928131416837,2016,69.0,False,0.30192307692307696,2013-18,28-29
00-0028112,Charles Clay,TE,9.484615384615385,13,9.08,15.0,27.572895277207394,2016,18.0,True,-0.4046153846153846,2013-18,25-27
00-0028114,Dwayne Harris,WR,7.5200000000000005,15,0.51875,16.0,28.985626283367555,2016,71.0,True,-7.001250000000001,2013-18,28-29
00-0028118,Tyrod Taylor,QB,19.400000000000002,14,18.061333333333334,15.0,27.104722792607802,2016,8.0,True,-1.3386666666666684,2013-18,25-27
00-0028142,Virgil Green,TE,2.715384615384615,13,5.17,10.0,28.10403832991102,2016,54.0,True,2.454615384615385,2013-18,28-29
00-0028198,Matt Asiata,RB,2.893333333333333,15,8.28125,16.0,29.13347022587269,2016,76.0,True,5.387916666666667,2013-18,29-30
00-0028202,Shaun Draughn,RB,7.081818181818182,11,7.260000000000001,15.0,28.761122518822724,2016,53.0,True,0.17818181818181866,2013-18,27-28
00-0028237,Chris Hogan,WR,6.237333333333334,15,8.793333333333333,15.0,28.88158795345654,2016,87.0,True,2.555999999999999,2013-18,28-29
00-0028249,Jeremy Ross,WR,1.6363636363636365,11,2.7399999999999998,5.0,28.487337440109513,2016,141.0,False,1.1036363636363633,2013-18,28-29
00-0028263,Andre Holmes,WR,3.8733333333333335,15,2.7875,16.0,28.23545516769336,2016,114.0,True,-1.0858333333333334,2013-18,28-29
00-0028411,Dontrelle Inman,WR,7.661538461538462,13,10.375,16.0,27.60848733744011,2016,69.0,True,2.713461538461538,2013-18,25-27
00-0028434,Doug Baldwin,WR,17.087500000000002,16,16.13125,16.0,27.969883641341546,2016,14.5,True,-0.9562500000000007,2013-18,25-27
00-0028497,Kamar Aiken,WR,12.43125,16,4.2375,16.0,27.28268309377139,2016,33.0,True,-8.193750000000001,2013-18,25-27
00-0028581,Patrick DiMarco,RB,3.0,12,1.8199999999999998,10.0,27.364818617385353,2016,75.0,True,-1.1800000000000002,2013-18,27-28
00-0028702,Chris Matthews,WR,2.841666666666667,12,,,26.92950034223135,2016,126.0,False,,2013-18,25-27
00-0028795,Chase Reynolds,RB,0.0,8,0.12727272727272726,11.0,28.8870636550308,2016,96.0,True,0.12727272727272726,2013-18,27-28
00-0028838,Larry Donnell,TE,7.9125000000000005,8,4.0285714285714285,7.0,27.857631759069132,2016,27.0,False,-3.883928571428572,2013-18,25-27
00-0028841,Will Johnson,RB,1.5375,8,,,27.822039698836413,2016,88.0,False,,2013-18,27-28
00-0028903,Garrett Celek,TE,5.5600000000000005,10,5.714285714285714,14.0,28.28473648186174,2016,37.0,True,0.15428571428571392,2013-18,28-29
00-0028958,Cory Harkey,TE,0.8444444444444444,9,0.0,1.0,26.234086242299796,2016,76.0,False,-0.8444444444444444,2013-18,25-27
00-0028987,Phillip Supernaw,TE,0.42000000000000004,10,1.457142857142857,7.0,26.611909650924023,2016,80.0,False,1.037142857142857,2013-18,25-27
00-0029000,Cole Beasley,WR,8.44375,16,11.8125,16.0,27.37577002053388,2016,61.0,True,3.3687500000000004,2013-18,25-27
00-0029033,Griff Whalen,WR,3.625,12,1.05,4.0,26.529774127310063,2016,119.0,False,-2.575,2013-18,25-27
00-0029119,Derek Carrier,TE,3.091666666666667,12,1.0,3.0,26.130047912388775,2016,52.0,False,-2.091666666666667,2013-18,25-27
00-0029137,Alshon Jeffery,WR,18.3,9,12.299999999999999,12.0,26.570841889117045,2016,9.0,True,-6.000000000000002,2013-18,25-27
00-0029141,Alfred Morris,RB,6.4125000000000005,16,2.885714285714286,14.0,27.745379876796715,2016,55.0,True,-3.5267857142857144,2013-18,27-28
00-0029159,Jermaine Kearse,WR,9.3125,16,6.125,16.0,26.5927446954141,2016,58.0,True,-3.1875,2013-18,25-27
00-0029239,Brandon Bolden,RB,5.808333333333334,12,0.65,6.0,26.622861054072555,2016,57.0,False,-5.158333333333333,2013-18,25-26
00-0029262,Rueben Randle,WR,11.6375,16,,,25.347022587268995,2016,42.0,False,,2013-18,25-27
00-0029263,Russell Wilson,QB,21.01625,16,16.87875,16.0,27.78097193702943,2016,4.0,True,-4.137499999999999,2013-18,25-27
00-0029269,Travis Benjamin,WR,12.76875,16,9.814285714285715,14.0,26.699520876112253,2016,30.0,True,-2.9544642857142858,2013-18,25-27
00-0029273,Robert Turbin,RB,3.5200000000000005,10,7.22,15.0,26.77344284736482,2016,70.0,True,3.6999999999999993,2013-18,25-26
00-0029275,Ladarius Green,TE,8.3,13,9.316666666666666,6.0,26.286105407255306,2016,23.0,False,1.0166666666666657,2013-18,25-27
00-0029293,Marvin Jones,WR,10.86875,16,12.120000000000001,15.0,26.49965776865161,2016,47.0,True,1.2512500000000006,2013-18,25-27
00-0029319,Josh Bellamy,WR,3.814285714285714,14,4.3769230769230765,13.0,27.315537303216974,2016,116.0,True,0.5626373626373624,2013-18,25-27
00-0029384,Bobby Rainey,RB,0.4266666666666667,15,3.7818181818181817,11.0,28.903490759753595,2016,94.0,True,3.355151515151515,2013-18,27-28
00-0029415,Keshawn Martin,WR,7.055555555555555,9,0.0,1.0,26.491444216290212,2016,77.0,False,-7.055555555555555,2013-18,25-27
00-0029438,Chris Polk,RB,4.819999999999999,15,,,26.73511293634497,2016,62.0,False,,2013-18,25-26
00-0029492,Jamize Olawale,RB,2.646153846153846,13,4.415384615384616,13.0,27.40041067761807,2016,77.0,True,1.7692307692307696,2013-18,27-28
00-0029510,Jonathan Grimes,RB,6.576923076923077,13,3.29,10.0,26.72142368240931,2016,54.0,True,-3.2869230769230766,2013-18,25-26
00-0029567,Nick Foles,QB,8.734545454545454,11,14.0,2.0,27.638603696098563,2016,34.0,False,5.265454545454546,2013-18,25-27
00-0029572,Jarius Wright,WR,5.2733333333333325,15,5.925000000000001,4.0,26.792607802874745,2016,96.0,False,0.6516666666666682,2013-18,25-27
00-0029580,Rishard Matthews,WR,12.418181818181818,11,13.5,16.0,26.913073237508556,2016,35.0,True,1.081818181818182,2013-18,25-27
00-0029587,Rhett Ellison,TE,2.45,12,1.8909090909090909,11.0,27.93702943189596,2016,66.0,True,-0.5590909090909093,2013-18,25-27
00-0029588,Dan Herron,RB,2.4000000000000004,9,,,27.474332648870636,2016,80.0,False,,2013-18,27-28
00-0029604,Kirk Cousins,QB,18.34,16,19.7675,16.0,28.060232717316907,2016,14.0,True,1.4274999999999984,2013-18,28-29
00-0029608,T.Y. Hilton,WR,13.4,16,17.675,16.0,26.822724161533195,2016,27.0,True,4.275,2013-18,25-27
00-0029613,Doug Martin,RB,15.58125,16,10.6875,8.0,27.65776865160849,2016,7.0,True,-4.893750000000001,2013-18,27-28
00-0029614,Chris Givens,WR,4.507142857142857,14,,,26.76249144421629,2016,106.0,False,,2013-18,25-27
00-0029615,Lamar Miller,RB,15.05625,16,14.507142857142858,14.0,25.37987679671458,2016,10.0,True,-0.5491071428571423,2013-18,25-26
00-0029632,Mohamed Sanu,WR,5.71875,16,9.92,15.0,27.052703627652292,2016,90.0,True,4.20125,2013-18,25-27
00-0029634,James Hanna,TE,1.6900000000000002,10,,,27.159479808350444,2016,71.0,False,,2013-18,25-27
00-0029638,Michael Floyd,WR,12.026666666666667,15,8.37857142857143,14.0,26.78713210130048,2016,40.0,True,-3.6480952380952374,2013-18,25-27
00-0029640,Brian Quick,WR,2.244444444444445,9,7.2125,16.0,27.266255989048595,2016,135.0,True,4.968055555555555,2013-18,25-27
00-0029682,Brock Osweiler,QB,14.5975,8,11.265333333333334,15.0,25.801505817932924,2016,27.0,True,-3.332166666666666,2013-18,25-27
00-0029683,Ronnie Hillman,RB,10.8375,16,3.6750000000000003,8.0,24.99110198494182,2016,26.0,True,-7.1625,2013-18,25-26
00-0029689,Dwayne Allen,TE,2.5384615384615383,13,8.114285714285714,14.0,26.543463381245722,2016,62.0,True,5.5758241758241756,2013-18,25-27
00-0029697,Coby Fleener,TE,8.206666666666667,15,8.675,16.0,27.972621492128678,2016,24.0,True,0.4683333333333337,2013-18,25-27
00-0029701,Ryan Tannehill,QB,16.145,16,14.63076923076923,13.0,28.123203285420946,2016,23.0,True,-1.5142307692307693,2013-18,28-29
00-0029708,Kendall Wright,WR,9.8,10,8.327272727272726,11.0,26.82819986310746,2016,53.0,True,-1.4727272727272744,2013-18,25-27
00-0029731,Fozzy Whittaker,RB,2.5142857142857147,14,4.6937500000000005,16.0,27.603011635865844,2016,79.0,True,2.179464285714286,2013-18,27-28
00-0029738,Darren Fells,TE,5.841666666666668,12,3.933333333333333,9.0,30.38740588637919,2016,33.0,True,-1.9083333333333345,2013-18,30-31
00-0029795,Benny Cunningham,RB,4.0625,16,3.2,11.0,26.17932922655715,2016,66.0,True,-0.8624999999999998,2013-18,25-26
00-0029848,Nick Williams,WR,4.081818181818182,11,5.45,2.0,25.79876796714579,2016,113.0,False,1.3681818181818182,2013-18,25-27
00-0029854,C.J. Anderson,RB,9.82,15,15.071428571428571,7.0,25.582477754962355,2016,38.0,False,5.251428571428571,2013-18,25-26
00-0029910,Timothy Wright,TE,3.5875,8,,,26.428473648186174,2016,48.0,False,,2013-18,25-27
00-0030035,Adam Thielen,WR,3.53,10,13.012500000000001,16.0,26.053388090349078,2016,121.0,True,9.482500000000002,2013-18,25-27
00-0030047,Marquess Wilson,WR,7.445454545454546,11,10.833333333333334,3.0,23.98904859685147,2016,72.0,False,3.3878787878787877,2013-18,<=24
00-0030061,Zach Ertz,TE,11.553333333333335,15,13.328571428571431,14.0,25.83436002737851,2016,11.0,True,1.7752380952380964,2013-18,25-27
00-0030085,Kenny Stills,WR,5.933333333333334,15,10.63125,16.0,24.386036960985628,2016,89.0,True,4.697916666666666,2013-18,<=24
00-0030089,Luke Willson,TE,3.407692307692308,13,3.9899999999999998,10.0,26.652977412731005,2016,50.0,True,0.5823076923076917,2013-18,25-27
00-0030107,Theo Riddick,RB,11.1875,16,16.18,10.0,25.35523613963039,2016,25.0,True,4.9925,2013-18,25-26
00-0030108,Ryan Griffin,TE,6.344444444444445,9,6.5125,16.0,26.663928815879533,2016,30.0,True,0.16805555555555518,2013-18,25-27
00-0030110,Michael Williams,TE,0.6222222222222222,9,,,26.00684462696783,2016,79.0,False,,2013-18,25-27
00-0030147,Russell Shepard,WR,1.0727272727272728,11,5.384615384615385,13.0,25.982203969883642,2016,145.0,True,4.311888111888113,2013-18,25-27
00-0030155,Demetrius Harris,TE,2.55,8,2.664285714285714,14.0,25.11978097193703,2016,60.0,True,0.11428571428571432,2013-18,25-27
00-0030181,Jack Doyle,TE,2.5200000000000005,10,9.0875,16.0,26.351813826146476,2016,63.0,True,6.5675,2013-18,25-27
00-0030187,Rashad Ross,WR,3.4153846153846152,13,0.9,2.0,26.60369609856263,2016,122.0,False,-2.5153846153846153,2013-18,25-27
00-0030216,Josh Hill,TE,2.857142857142857,14,4.4875,8.0,26.308008213552363,2016,53.0,True,1.6303571428571426,2013-18,25-27
00-0030274,Myles White,WR,2.18,10,,,26.45037645448323,2016,137.0,False,,2013-18,25-27
00-0030279,Keenan Allen,WR,21.0,8,12.3,1.0,24.372347707049965,2016,6.0,False,-8.7,2013-18,<=24
00-0030280,Knile Davis,RB,1.353846153846154,13,1.1444444444444446,9.0,24.933607118412045,2016,90.0,True,-0.20940170940170932,2013-18,25-26
00-0030282,Stepfan Taylor,RB,0.8,9,0.4000000000000001,3.0,25.256673511293634,2016,92.0,False,-0.39999999999999997,2013-18,25-26
00-0030287,Andre Ellington,RB,7.470000000000001,10,2.15,14.0,27.600273785078713,2016,50.0,True,-5.32,2013-18,27-28
00-0030288,Rex Burkhead,RB,1.5866666666666667,15,5.635714285714286,14.0,26.193018480492814,2016,87.0,True,4.049047619047619,2013-18,25-26
00-0030300,Jaron Brown,WR,2.6166666666666667,12,5.95,6.0,26.67214236824093,2016,130.0,False,3.3333333333333335,2013-18,25-27
00-0030348,Khiry Robinson,RB,8.8125,8,0.20000000000000018,1.0,26.702258726899384,2016,44.0,False,-8.6125,2013-18,25-26
00-0030400,Marlon Brown,WR,2.8,9,,,25.388090349075977,2016,127.0,False,,2013-18,25-27
00-0030404,Chris Thompson,RB,7.1230769230769235,13,9.21875,16.0,25.89185489390828,2016,52.0,True,2.0956730769230765,2013-18,25-26
00-0030414,Spencer Ware,RB,9.533333333333333,9,14.164285714285715,14.0,24.799452429842574,2016,40.0,True,4.630952380952381,2013-18,25-26
00-0030422,Dion Sims,TE,2.6692307692307695,13,5.815384615384616,13.0,25.560574948665298,2016,56.0,True,3.1461538461538465,2013-18,25-27
00-0030431,Robert Woods,WR,8.55,14,9.261538461538462,13.0,24.418891170431213,2016,60.0,True,0.7115384615384617,2013-18,<=24
00-0030432,Christine Michael,RB,3.9875000000000003,8,9.333333333333334,15.0,25.83709787816564,2016,67.0,True,5.345833333333333,2013-18,25-26
00-0030443,Levine Toilolo,TE,1.2181818181818183,11,3.9538461538461536,13.0,25.117043121149898,2016,74.0,True,2.7356643356643353,2013-18,25-27
00-0030450,Quinton Patton,WR,4.74375,16,6.1,13.0,26.088980150581794,2016,102.0,True,1.3562499999999993,2013-18,25-27
00-0030456,Giovani Bernard,RB,11.606250000000001,16,12.379999999999999,10.0,24.802190280629706,2016,23.0,True,0.7737499999999979,2013-18,25-26
00-0030460,Markus Wheaton,WR,9.93125,16,5.7,3.0,25.590691307323752,2016,52.0,False,-4.23125,2013-18,25-27
00-0030470,Vance McDonald,TE,5.757142857142858,14,8.71,10.0,26.245037645448324,2016,35.0,True,2.952857142857143,2013-18,25-27
00-0030472,Jordan Reed,TE,17.657142857142855,14,14.049999999999999,12.0,26.190280629705683,2016,1.0,True,-3.607142857142856,2013-18,25-27
00-0030485,Eddie Lacy,RB,9.973333333333333,15,9.16,5.0,26.275154004106778,2016,35.0,False,-0.8133333333333326,2013-18,25-26
00-0030506,Travis Kelce,TE,11.9375,16,14.5,16.0,26.93223819301848,2016,10.0,True,2.5625,2013-18,25-27
00-0030513,Latavius Murray,RB,13.175,16,15.3,14.0,26.64476386036961,2016,14.0,True,2.125,2013-18,25-26
00-0030514,Mychal Rivera,TE,4.4,15,4.319999999999999,10.0,26.00684462696783,2016,42.0,True,-0.08000000000000096,2013-18,25-27
00-0030521,Justin Hunter,WR,6.044444444444444,9,5.29,10.0,25.311430527036276,2016,88.0,True,-0.7544444444444443,2013-18,25-27
00-0030525,Tavon Austin,WR,12.54375,16,9.786666666666667,15.0,26.491444216290212,2016,31.0,True,-2.757083333333332,2013-18,25-27
00-0030532,Stedman Bailey,WR,4.525,8,,,25.831622176591377,2016,105.0,False,,2013-18,25-27
00-0030542,Terrance Williams,WR,9.71875,16,8.360000000000001,15.0,26.978781656399725,2016,54.0,True,-1.3587499999999988,2013-18,25-27
00-0030544,Gavin Escobar,TE,2.3000000000000003,8,1.8571428571428572,7.0,25.60164271047228,2016,67.0,False,-0.44285714285714306,2013-18,25-27
00-0030547,Denard Robinson,RB,5.666666666666667,12,1.9600000000000002,10.0,25.968514715947983,2016,58.0,True,-3.706666666666667,2013-18,25-26
00-0030549,Tyler Eifert,TE,14.846153846153847,13,12.4875,8.0,26.00684462696783,2016,5.0,True,-2.358653846153846,2013-18,25-27
00-0030564,DeAndre Hopkins,WR,21.25625,16,12.525,16.0,24.262833675564682,2016,5.0,True,-8.731250000000001,2013-18,<=24
00-0030578,Cordarrelle Patterson,RB,1.1785714285714286,14,7.4750000000000005,16.0,25.48665297741273,2016,91.0,True,6.296428571428572,2013-18,25-26
00-0030656,Isaiah Crowell,RB,8.8,16,13.56875,16.0,23.67145790554415,2016,45.0,True,4.768749999999999,2013-18,<=24
00-0030663,Willie Snead,WR,12.426666666666668,15,12.866666666666667,15.0,23.89869952087611,2016,34.0,True,0.4399999999999995,2013-18,<=24
00-0030668,Charcandrick West,RB,9.053333333333335,15,6.2733333333333325,15.0,25.27583846680356,2016,43.0,True,-2.780000000000002,2013-18,25-26
00-0030669,Albert Wilson,WR,6.764285714285714,14,5.8500000000000005,14.0,24.164271047227928,2016,81.0,True,-0.9142857142857137,2013-18,<=24
00-0030670,Bennie Fowler,WR,2.4200000000000004,15,3.125,12.0,25.253935660506503,2016,133.0,True,0.7049999999999996,2013-18,25-27
00-0030691,Jeremy Butler,WR,8.4125,8,1.55,2.0,25.388090349075977,2016,62.0,False,-6.8625,2013-18,25-27
00-0030705,Juwan Thompson,RB,1.9875000000000003,8,1.72,5.0,24.32854209445585,2016,83.0,False,-0.2675000000000003,2013-18,<=24
00-0030710,Trey Burton,TE,0.7000000000000001,12,5.4071428571428575,14.0,24.867898699520875,2016,78.0,True,4.707142857142857,2013-18,25-27
00-0030780,Ryan Hewitt,TE,1.9888888888888887,9,0.825,4.0,25.6290212183436,2016,68.0,False,-1.1638888888888888,2013-18,25-27
00-0030789,Antonio Andrews,RB,8.002857142857144,14,0.1875,8.0,24.06570841889117,2016,48.0,True,-7.815357142857144,2013-18,<=24
00-0030801,Brandon Coleman,WR,5.4625,16,5.1499999999999995,14.0,24.21902806297057,2016,93.0,True,-0.3125000000000009,2013-18,<=24
00-0030821,Allen Hurns,WR,15.506666666666666,15,9.154545454545454,11.0,24.829568788501028,2016,21.0,True,-6.352121212121212,2013-18,25-27
00-0030860,Orleans Darkwa,RB,2.2833333333333337,12,3.757142857142857,7.0,24.53388090349076,2016,81.0,False,1.4738095238095235,2013-18,25-26
00-0030874,Damien Williams,RB,3.2214285714285715,14,6.2266666666666675,15.0,24.438056125941138,2016,72.0,True,3.005238095238096,2013-18,<=24
00-0030920,Javontee Herndon,WR,5.6,8,,,25.201916495550993,2016,91.0,False,,2013-18,25-27
00-0030990,Josh Huff,WR,5.08,15,4.08,10.0,24.908966461327857,2016,98.0,True,-1.0,2013-18,25-27
00-0030992,Crockett Gillmore,TE,9.97,10,4.220000000000001,5.0,24.8186173853525,2016,17.0,False,-5.75,2013-18,25-27
00-0031001,Jeff Janis,WR,0.7615384615384616,13,2.5785714285714287,14.0,25.215605749486652,2016,147.0,True,1.8170329670329672,2013-18,25-27
00-0031021,Jared Abbrederis,WR,2.5125,8,0.9,2.0,25.73305954825462,2016,131.0,False,-1.6125000000000003,2013-18,25-27
00-0031023,Quincy Enunwa,WR,4.863636363636363,11,10.65,16.0,24.279260780287473,2016,100.0,True,5.786363636363637,2013-18,<=24
00-0031051,John Brown,WR,14.033333333333333,15,7.013333333333334,15.0,26.439425051334702,2016,25.0,True,-7.02,2013-18,25-27
00-0031055,Andre Williams,RB,2.2125,16,8.700000000000001,1.0,24.035592060232716,2016,82.0,False,6.487500000000001,2013-18,<=24
00-0031057,Ka'Deem Carey,RB,4.088888888888889,9,2.1,11.0,23.863107460643395,2016,65.0,True,-1.9888888888888885,2013-18,<=24
00-0031060,De'Anthony Thomas,WR,4.64,10,1.34,10.0,23.679671457905545,2016,103.0,True,-3.3,2013-18,<=24
00-0031062,James White,RB,10.341666666666667,12,10.10625,16.0,24.602327173169062,2016,32.0,True,-0.2354166666666675,2013-18,25-26
00-0031068,Ryan Grant,WR,4.414285714285714,14,1.3833333333333335,12.0,25.727583846680357,2016,108.0,True,-3.03095238095238,2013-18,25-27
00-0031075,Alfred Blue,RB,8.621428571428572,14,4.428571428571429,14.0,25.374401095140314,2016,46.0,True,-4.192857142857143,2013-18,25-26
00-0031118,Corey Brown,WR,7.392857142857143,14,3.825,16.0,24.736481861738536,2016,74.0,True,-3.567857142857143,2013-18,25-27
00-0031166,Seth Roberts,WR,7.09375,16,6.98125,16.0,25.54962354551677,2016,76.0,True,-0.11249999999999982,2013-18,25-27
00-0031189,T.J. Jones,WR,2.89,10,4.766666666666667,3.0,24.145106091718002,2016,125.0,False,1.8766666666666665,2013-18,<=24
00-0031228,Taylor Gabriel,WR,4.341666666666667,12,11.666666666666666,12.0,25.56331279945243,2016,111.0,True,7.324999999999999,2013-18,25-27
00-0031235,Odell Beckham Jr.,WR,22.086666666666666,15,19.31875,16.0,23.8466803559206,2016,4.0,True,-2.7679166666666646,2013-18,<=24
00-0031236,Brandin Cooks,WR,16.225,16,16.720000000000002,15.0,22.9596167008898,2016,19.0,True,0.495000000000001,2013-18,<=24
00-0031237,Teddy Bridgewater,QB,12.5275,16,,,23.83299110198494,2016,29.0,False,,2013-18,<=24
00-0031273,Cameron Brate,TE,5.816666666666666,12,11.4,15.0,25.190965092402465,2016,34.0,True,5.583333333333334,2013-18,25-27
00-0031277,Branden Oliver,RB,4.375,8,,,25.347022587268995,2016,64.0,False,,2013-18,25-26
00-0031280,Derek Carr,QB,16.955000000000002,16,18.432000000000002,15.0,25.456536618754278,2016,19.0,True,1.4770000000000003,2013-18,25-27
00-0031285,Devonta Freeman,RB,21.893333333333334,15,18.13125,16.0,24.490075290896645,2016,1.0,True,-3.762083333333333,2013-18,<=24
00-0031299,Jordan Matthews,TE,14.79375,16,12.35,14.0,24.1533196440794,2016,6.0,True,-2.4437499999999996,2013-18,<=24
00-0031301,Jeremy Hill,RB,10.64375,16,12.153333333333334,15.0,23.890485968514717,2016,29.0,True,1.5095833333333335,2013-18,<=24
00-0031302,C.J. Fiedorowicz,TE,2.692857142857143,14,8.926666666666668,15.0,24.8870636550308,2016,55.0,True,6.233809523809525,2013-18,25-27
00-0031310,Devin Street,WR,2.036363636363636,11,1.5,2.0,25.451060917180012,2016,139.0,False,-0.5363636363636362,2013-18,25-27
00-0031325,Sammy Watkins,WR,17.407692307692308,13,10.5625,8.0,23.241615331964407,2016,13.0,True,-6.845192307692308,2013-18,<=24
00-0031326,Bruce Ellington,WR,2.230769230769231,13,,,25.05407255304586,2016,136.0,False,,2013-18,25-27
00-0031339,Donte Moncrief,WR,11.01875,16,11.399999999999999,9.0,23.096509240246405,2016,44.0,True,0.38124999999999787,2013-18,<=24
00-0031344,Cody Latimer,WR,2.25,8,1.4181818181818182,11.0,23.917864476386036,2016,134.0,True,-0.8318181818181818,2013-18,<=24
00-0031373,Martavis Bryant,WR,15.881818181818181,11,,,24.725530458590008,2016,20.0,False,,2013-18,25-27
00-0031375,Terrance West,RB,3.15,8,10.875,16.0,25.61806981519507,2016,74.0,True,7.725,2013-18,25-26
00-0031376,Jerick McKinnon,RB,5.2125,16,9.893333333333334,15.0,24.355920602327174,2016,59.0,True,4.680833333333334,2013-18,<=24
00-0031381,Davante Adams,WR,8.176923076923076,13,15.79375,16.0,23.71252566735113,2016,66.0,True,7.616826923076923,2013-18,<=24
00-0031382,Jarvis Landry,WR,17.49125,16,14.95625,16.0,23.783709787816566,2016,12.0,True,-2.535,2013-18,<=24
00-0031384,Richard Rodgers,TE,10.1,16,4.6066666666666665,15.0,24.635181382614647,2016,16.0,True,-5.493333333333333,2013-18,25-27
00-0031387,Eric Ebron,TE,9.335714285714287,14,11.092307692307694,13.0,23.419575633127995,2016,19.0,True,1.7565934065934066,2013-18,<=24
00-0031390,Charles Sims,RB,11.25,16,9.7,7.0,25.976728268309376,2016,24.0,False,-1.5500000000000007,2013-18,25-26
00-0031391,Tre Mason,RB,3.9615384615384617,13,,,23.096509240246405,2016,68.0,False,,2013-18,<=24
00-0031407,Blake Bortles,QB,19.7575,16,16.94375,16.0,24.369609856262834,2016,6.0,True,-2.813749999999999,2013-18,<=24
00-0031408,Mike Evans,WR,14.673333333333336,15,19.38125,16.0,23.055441478439427,2016,24.0,True,4.707916666666666,2013-18,<=24
00-0031409,Johnny Manziel,QB,10.88888888888889,9,,,23.761806981519506,2016,32.0,False,,2013-18,<=24
00-0031413,Bishop Sankey,RB,4.933333333333334,12,,,23.98631074606434,2016,61.0,False,,2013-18,<=24
00-0031428,Allen Robinson,WR,19.5625,16,12.64375,16.0,23.04722792607803,2016,7.0,True,-6.918749999999999,2013-18,<=24
00-0031431,Marqise Lee,WR,4.877777777777777,9,11.4625,16.0,24.79397672826831,2016,99.0,True,6.584722222222223,2013-18,25-27
00-0031493,Jarryd Hayne,RB,1.7374999999999998,8,,,28.569472963723477,2016,85.0,False,,2013-18,27-28
00-0031503,Jameis Winston,QB,17.18625,16,16.50625,16.0,22.677618069815196,2016,18.0,True,-0.6799999999999997,2013-18,<=24
00-0031514,Quan Bray,WR,0.0,9,1.2166666666666668,6.0,23.370294318959616,2016,150.0,False,1.2166666666666668,2013-18,<=24
00-0031544,Amari Cooper,WR,13.7625,16,14.89375,16.0,22.234086242299796,2016,26.0,True,1.1312500000000014,2013-18,<=24
00-0031547,DeVante Parker,WR,9.49,10,10.493333333333334,15.0,23.638603696098563,2016,55.0,True,1.0033333333333339,2013-18,<=24
00-0031549,Nelson Agholor,WR,4.407692307692307,13,5.86,15.0,23.299110198494184,2016,109.0,True,1.4523076923076932,2013-18,<=24
00-0031558,Maxx Williams,TE,4.628571428571428,14,0.0,2.0,22.414784394250514,2016,41.0,False,-4.628571428571428,2013-18,<=24
00-0031560,Jaelen Strong,WR,4.8100000000000005,10,4.516666666666667,6.0,22.625598904859686,2016,101.0,False,-0.2933333333333339,2013-18,<=24
00-0031569,Jeremy Langford,RB,9.94,15,6.1000000000000005,12.0,24.763860369609855,2016,36.0,True,-3.839999999999999,2013-18,25-26
00-0031570,Justin Hardy,WR,4.488888888888889,9,5.023076923076923,13.0,24.73100616016427,2016,107.0,True,0.5341880341880341,2013-18,25-27
00-0031577,Javorius Allen,RB,9.2,16,1.9749999999999999,4.0,25.0403832991102,2016,41.0,False,-7.225,2013-18,25-26
00-0031585,MyCole Pruitt,TE,1.718181818181818,11,1.6500000000000001,2.0,24.465434633812457,2016,70.0,False,-0.0681818181818179,2013-18,<=24
00-0031588,Stefon Diggs,WR,11.715384615384616,13,15.215384615384616,13.0,22.781656399726216,2016,41.0,True,3.5,2013-18,<=24
00-0031590,Jay Ajayi,RB,4.7444444444444445,9,16.153333333333332,15.0,23.238877481177276,2016,63.0,True,11.408888888888889,2013-18,<=24
00-0031598,Nick Boyle,TE,3.922222222222222,9,2.6,4.0,23.561943874058862,2016,44.0,False,-1.322222222222222,2013-18,<=24
00-0031600,Keith Mumphery,WR,1.9214285714285715,14,2.1125000000000003,8.0,24.265571526351813,2016,140.0,True,0.19107142857142878,2013-18,<=24
00-0031682,Terron Ward,RB,3.18,10,3.4400000000000004,5.0,24.569472963723477,2016,73.0,False,0.26000000000000023,2013-18,25-26
00-0031687,Raheem Mostert,RB,0.0,9,0.6000000000000001,1.0,24.421629021218344,2016,96.0,False,0.6000000000000001,2013-18,<=24
00-0031757,Lucky Whitehead,WR,1.5250000000000001,12,0.9333333333333333,15.0,24.27378507871321,2016,143.0,True,-0.5916666666666668,2013-18,<=24
00-0031818,Bradley Marquez,WR,1.5571428571428572,14,0.7666666666666667,9.0,23.73990417522245,2016,142.0,True,-0.7904761904761904,2013-18,<=24
00-0031897,Thomas Rawls,RB,12.049999999999999,12,8.722222222222221,9.0,23.104722792607802,2016,21.0,True,-3.3277777777777775,2013-18,<=24
00-0031939,Matt Jones,RB,9.146153846153847,13,11.614285714285716,7.0,23.512662559890487,2016,42.0,False,2.4681318681318682,2013-18,<=24
00-0031941,Jamison Crowder,WR,8.56875,16,12.625,16.0,23.23340177960301,2016,59.0,True,4.05625,2013-18,<=24
00-0031959,Marcus Murphy,RB,0.46153846153846156,13,0.65,2.0,24.93908281998631,2016,93.0,False,0.18846153846153846,2013-18,25-26
00-0032004,Will Tye,TE,8.03076923076923,13,5.84375,16.0,24.851471594798085,2016,26.0,True,-2.1870192307692307,2013-18,25-27
00-0032008,Donteea Dye,WR,3.02,10,,,23.058179329226558,2016,124.0,False,,2013-18,<=24
00-0032009,Adam Humphries,WR,5.363636363636363,11,8.966666666666667,15.0,23.21423682409309,2016,95.0,True,3.6030303030303035,2013-18,<=24
00-0032055,Devin Funchess,WR,6.737500000000001,16,6.15,14.0,22.308008213552363,2016,82.0,True,-0.5875000000000004,2013-18,<=24
00-0032058,Tevin Coleman,RB,3.8000000000000003,12,14.815384615384614,13.0,23.4031485284052,2016,69.0,True,11.015384615384614,2013-18,<=24
00-0032062,Blake Bell,TE,3.7333333333333334,9,1.5625,8.0,25.09514031485284,2016,45.0,True,-2.1708333333333334,2013-18,25-27
00-0032104,Ameer Abdullah,RB,7.3125,16,13.4,2.0,23.24435318275154,2016,51.0,False,6.0875,2013-18,<=24
00-0032112,J.J. Nelson,WR,5.44,10,10.042857142857143,14.0,24.380561259411362,2016,94.0,True,4.602857142857142,2013-18,<=24
00-0032128,Chris Conley,WR,3.5749999999999997,12,6.0625,16.0,23.876796714579054,2016,120.0,True,2.4875000000000003,2013-18,<=24
00-0032130,Jalston Fowler,RB,1.8916666666666668,12,0.45,6.0,26.127310061601644,2016,84.0,False,-1.4416666666666669,2013-18,25-26
00-0032144,Melvin Gordon,RB,7.735714285714286,14,19.96923076923077,13.0,23.411362080766597,2016,49.0,True,12.233516483516484,2013-18,<=24
00-0032152,Karlos Williams,RB,11.845454545454546,11,,,23.353867214236825,2016,22.0,False,,2013-18,<=24
00-0032170,Rashad Greene,WR,5.144444444444445,9,1.025,8.0,23.964407939767284,2016,97.0,True,-4.119444444444445,2013-18,<=24
00-0032187,David Johnson,RB,13.8,16,26.33125,16.0,24.736481861738536,2016,12.0,True,12.53125,2013-18,25-26
00-0032208,Phillip Dorsett,WR,4.381818181818182,11,6.586666666666668,15.0,23.679671457905545,2016,110.0,True,2.204848484848486,2013-18,<=24
00-0032209,T.J. Yeldon,RB,13.491666666666667,12,9.180000000000001,15.0,22.940451745379878,2016,13.0,True,-4.311666666666666,2013-18,<=24
00-0032211,Tyler Lockett,WR,10.55625,16,8.373333333333333,15.0,23.95071868583162,2016,49.0,True,-2.1829166666666673,2013-18,<=24
00-0032214,Tyler Kroft,TE,2.4916666666666667,12,2.1333333333333333,9.0,23.904175222450377,2016,64.0,True,-0.3583333333333334,2013-18,<=24
00-0032218,Dorial Green-Beckham,WR,8.278571428571428,14,6.228571428571429,14.0,23.41409993155373,2016,64.0,True,-2.05,2013-18,<=24
00-0032241,Todd Gurley,RB,17.184615384615384,13,12.387500000000001,16.0,22.105407255304584,2016,4.0,True,-4.797115384615383,2013-18,<=24
00-0032256,Clive Walford,TE,5.260000000000001,15,5.793333333333334,15.0,24.944558521560573,2016,39.0,True,0.5333333333333332,2013-18,25-27
00-0032257,Duke Johnson,RB,10.26875,16,9.012500000000001,16.0,22.965092402464066,2016,33.0,True,-1.2562499999999996,2013-18,<=24
00-0032268,Marcus Mariota,QB,17.835,12,17.329333333333334,15.0,22.863791923340177,2016,15.0,True,-0.5056666666666665,2013-18,<=24
00-0019596,Tom Brady,QB,22.88,12,18.9925,16.0,40.10403832991102,2017,2.0,True,-3.8874999999999993,2013-18,32+
00-0020337,Steve Smith,WR,13.242857142857144,14,,,38.332648870636554,2017,28.0,False,,2013-18,32+
00-0020531,Drew Brees,QB,21.77,16,16.41,16.0,38.652977412731005,2017,4.0,True,-5.359999999999999,2013-18,32+
00-0021429,Carson Palmer,QB,16.208000000000002,15,14.617142857142857,7.0,37.7056810403833,2017,19.0,False,-1.5908571428571445,2013-18,32+
00-0021547,Antonio Gates,TE,11.36923076923077,13,4.975,16.0,37.229295003422315,2017,13.0,True,-6.39423076923077,2013-18,32+
00-0022084,Anquan Boldin,WR,10.8375,16,,,36.936344969199176,2017,47.0,False,,2013-18,32+
00-0022127,Jason Witten,TE,10.253333333333334,15,9.3125,16.0,35.34839151266256,2017,17.0,True,-0.9408333333333339,2013-18,32+
00-0022803,Eli Manning,QB,14.51125,16,13.021333333333333,15.0,36.68446269678302,2017,25.0,True,-1.4899166666666677,2013-18,32+
00-0022921,Larry Fitzgerald,WR,15.33125,16,16.715,16.0,34.02874743326489,2017,12.0,True,1.3837499999999991,2013-18,32+
00-0022924,Ben Roethlisberger,QB,18.582857142857144,14,17.937333333333335,15.0,35.526351813826146,2017,7.0,True,-0.6455238095238087,2013-18,32+
00-0022942,Philip Rivers,QB,16.18375,16,17.4,16.0,35.75633127994524,2017,20.0,True,1.2162499999999987,2013-18,32+
00-0023436,Alex Smith,QB,14.985333333333333,15,19.67866666666667,15.0,33.34428473648186,2017,22.0,True,4.693333333333335,2013-18,32+
00-0023459,Aaron Rodgers,QB,23.75125,16,18.514285714285712,7.0,33.7741273100616,2017,1.0,False,-5.236964285714286,2013-18,32+
00-0023500,Frank Gore,RB,13.762500000000001,16,11.225000000000001,16.0,34.327173169062284,2017,18.0,True,-2.5374999999999996,2013-18,31+
00-0023564,Darren Sproles,RB,10.933333333333334,15,6.800000000000001,3.0,34.2258726899384,2017,28.0,False,-4.133333333333333,2013-18,31+
00-0023682,Ryan Fitzpatrick,QB,9.528571428571428,14,12.32,6.0,34.795345653661876,2017,30.0,False,2.791428571428572,2013-18,32+
00-0024217,Reggie Bush,RB,2.37,10,,,32.525667351129364,2017,82.0,False,,2013-18,31+
00-0024221,Vernon Davis,TE,7.620000000000001,15,7.6125,16.0,33.609856262833674,2017,28.0,True,-0.007500000000001172,2013-18,32+
00-0024242,DeAngelo Williams,RB,12.8875,8,,,34.379192334017795,2017,21.0,False,,2013-18,31+
00-0024243,Marcedes Lewis,TE,4.290000000000001,10,5.4875,16.0,33.31143052703628,2017,47.0,True,1.197499999999999,2013-18,32+
00-0024268,Anthony Fasano,TE,2.3583333333333334,12,2.609090909090909,11.0,33.39082819986311,2017,61.0,True,0.2507575757575755,2013-18,32+
00-0024272,Devin Hester,WR,0.0,12,,,34.85010266940452,2017,151.0,False,,2013-18,32+
00-0024334,Brandon Marshall,WR,10.586666666666668,15,6.6800000000000015,5.0,33.46748802190281,2017,50.0,False,-3.9066666666666663,2013-18,32+
00-0024389,Delanie Walker,TE,12.639999999999999,15,10.90625,16.0,33.07871321013005,2017,7.0,True,-1.7337499999999988,2013-18,32+
00-0024535,Eric Weems,WR,0.0,16,0.13636363636363635,11.0,32.186173853524984,2017,151.0,True,0.13636363636363635,2013-18,32+
00-0025396,Ted Ginn,WR,10.28125,16,10.74,15.0,32.41341546885695,2017,54.0,True,0.4587500000000002,2013-18,32+
00-0025418,Greg Olsen,TE,13.14375,16,6.228571428571429,7.0,32.50102669404517,2017,5.0,False,-6.915178571428572,2013-18,32+
00-0025549,Brent Celek,TE,2.95,10,2.6666666666666665,12.0,32.62422997946612,2017,57.0,True,-0.28333333333333366,2013-18,32+
00-0026035,Danny Amendola,WR,5.7749999999999995,12,9.360000000000001,15.0,31.854893908281998,2017,93.0,True,3.5850000000000017,2013-18,30-31
00-0026143,Matt Ryan,QB,22.21625,16,14.25625,16.0,32.31759069130732,2017,3.0,True,-7.959999999999999,2013-18,32+
00-0026153,Jonathan Stewart,RB,11.492307692307692,13,8.213333333333333,15.0,30.47501711156742,2017,27.0,True,-3.2789743589743594,2013-18,29-30
00-0026158,Joe Flacco,QB,15.155000000000001,16,11.565000000000001,16.0,32.648870636550306,2017,21.0,True,-3.59,2013-18,32+
00-0026176,Jordy Nelson,WR,19.5125,16,9.799999999999999,14.0,32.27926078028747,2017,3.0,True,-9.7125,2013-18,32+
00-0026182,Eddie Royal,WR,9.933333333333334,9,,,31.307323750855577,2017,56.0,False,,2013-18,30-31
00-0026184,Matt Forte,RB,13.542857142857143,14,10.033333333333333,12.0,31.750855578370977,2017,20.0,True,-3.5095238095238095,2013-18,31+
00-0026189,DeSean Jackson,WR,12.533333333333333,15,10.007142857142856,14.0,30.77618069815195,2017,35.0,True,-2.526190476190477,2013-18,30-31
00-0026201,Martellus Bennett,TE,10.7875,16,6.511111111111111,9.0,30.50513347022587,2017,15.0,True,-4.276388888888889,2013-18,30-31
00-0026224,Harry Douglas,WR,4.5,8,1.8,1.0,32.982888432580424,2017,104.0,False,-2.7,2013-18,32+
00-0026267,Jacob Tamme,TE,7.625,8,,,32.49007529089665,2017,27.0,False,,2013-18,32+
00-0026281,Gary Barnidge,TE,8.137500000000001,16,,,31.967145790554415,2017,25.0,False,,2013-18,30-31
00-0026289,Tim Hightower,RB,8.1125,16,,,31.301848049281315,2017,47.0,False,,2013-18,31+
00-0026345,Pierre Garcon,WR,12.6625,16,11.4375,8.0,31.091033538672143,2017,32.0,True,-1.2249999999999996,2013-18,30-31
00-0026373,Justin Forsett,RB,6.844444444444445,9,,,31.906913073237508,2017,53.0,False,,2013-18,31+
00-0026498,Matthew Stafford,QB,17.486250000000002,16,17.6025,16.0,29.590691307323752,2017,12.0,True,0.1162499999999973,2013-18,28-29
00-0026739,Jordan Norwood,WR,3.442857142857143,14,,,30.951403148528406,2017,115.0,False,,2013-18,30-31
00-0026901,Mike Wallace,WR,12.8625,16,10.280000000000001,15.0,31.110198494182068,2017,31.0,True,-2.5824999999999996,2013-18,30-31
00-0026957,David Johnson,TE,1.5454545454545454,11,,,30.04243668720055,2017,70.0,False,,2013-18,30-31
00-0026986,Michael Crabtree,WR,15.2375,16,13.215384615384616,13.0,29.99041752224504,2017,13.0,True,-2.0221153846153843,2013-18,28-29
00-0026995,Jeremy Maclin,WR,9.125,12,8.5,12.0,29.333333333333332,2017,67.0,True,-0.625,2013-18,28-29
00-0027006,Kenny Britt,WR,13.28,15,4.8,12.0,28.974674880219027,2017,26.0,True,-8.48,2013-18,28-29
00-0027029,LeSean McCoy,RB,21.28666666666667,15,17.225,16.0,29.163586584531142,2017,4.0,True,-4.061666666666667,2013-18,29-30
00-0027057,Brandon Tate,WR,1.6333333333333333,15,1.5461538461538462,13.0,29.932922655715263,2017,132.0,True,-0.08717948717948709,2013-18,28-29
00-0027061,Jared Cook,TE,7.32,10,8.4875,16.0,30.428473648186174,2017,29.0,True,1.1675000000000004,2013-18,30-31
00-0027125,Zach Miller,TE,11.96,10,6.95,8.0,32.93360711841205,2017,11.0,True,-5.010000000000001,2013-18,32+
00-0027135,Brandon Myers,TE,2.09,10,,,32.016427104722794,2017,65.0,False,,2013-18,32+
00-0027139,John Phillips,TE,2.5777777777777775,9,0.0,1.0,30.250513347022586,2017,60.0,False,-2.5777777777777775,2013-18,30-31
00-0027150,Julian Edelman,WR,14.70625,16,,,31.304585900068446,2017,17.0,False,,2013-18,30-31
00-0027155,Rashad Jennings,RB,10.646153846153847,13,,,32.459958932238195,2017,31.0,False,,2013-18,31+
00-0027215,Logan Paulsen,TE,0.45,10,0.0,3.0,30.537987679671456,2017,73.0,False,-0.45,2013-18,30-31
00-0027265,Victor Cruz,WR,7.257142857142857,14,,,30.830937713894592,2017,77.0,False,,2013-18,30-31
00-0027325,LeGarrette Blount,RB,15.30625,16,6.9125000000000005,16.0,30.765229295003422,2017,12.0,True,-8.39375,2013-18,29-30
00-0027531,Chris Ivory,RB,8.863636363636363,11,6.05,14.0,29.470225872689937,2017,41.0,True,-2.8136363636363635,2013-18,29-30
00-0027595,Bryan Walters,WR,5.95,10,,,29.8507871321013,2017,90.0,False,,2013-18,28-29
00-0027654,Arrelious Benn,WR,1.8833333333333335,12,0.44000000000000006,5.0,29.00479123887748,2017,130.0,False,-1.4433333333333334,2013-18,28-29
00-0027656,Rob Gronkowski,TE,12.6875,8,17.838461538461537,13.0,28.32580424366872,2017,6.0,True,5.150961538461537,2013-18,28-29
00-0027675,Ed Dickson,TE,2.2615384615384615,13,5.8,14.0,30.130047912388775,2017,62.0,True,3.5384615384615383,2013-18,30-31
00-0027681,Brandon LaFell,WR,11.71875,16,7.800000000000001,16.0,30.850102669404517,2017,41.0,True,-3.9187499999999993,2013-18,30-31
00-0027685,Emmanuel Sanders,WR,14.473333333333333,15,9.666666666666666,12.0,30.48596851471595,2017,18.0,True,-4.806666666666667,2013-18,30-31
00-0027691,Andre Roberts,WR,3.175,16,0.1375,16.0,29.67008898015058,2017,118.0,True,-3.0374999999999996,2013-18,28-29
00-0027696,Jimmy Graham,TE,12.1125,16,10.6875,16.0,30.795345653661876,2017,10.0,True,-1.4250000000000007,2013-18,30-31
00-0027714,Dennis Pitta,TE,10.65,16,,,32.199863107460644,2017,16.0,False,,2013-18,32+
00-0027791,James Starks,RB,6.544444444444445,9,,,31.540041067761805,2017,55.0,False,,2013-18,31+
00-0027793,Antonio Brown,WR,20.886666666666667,15,23.485714285714288,14.0,29.169062286105408,2017,1.0,True,2.599047619047621,2013-18,28-29
00-0027796,Joe Webb,QB,0.14444444444444446,9,0.5333333333333334,9.0,30.822724161533195,2017,32.0,True,0.38888888888888895,2013-18,30-31
00-0027816,Marc Mariani,WR,0.09375,16,,,30.360027378507873,2017,149.0,False,,2013-18,30-31
00-0027854,Sam Bradford,QB,14.792,15,13.49,2.0,29.83983572895277,2017,23.0,False,-1.3019999999999996,2013-18,28-29
00-0027864,Ryan Mathews,RB,11.584615384615384,13,,,29.919233401779604,2017,26.0,False,,2013-18,29-30
00-0027873,Jermaine Gresham,TE,5.5062500000000005,16,5.514285714285714,14.0,29.234770704996578,2017,38.0,True,0.008035714285713702,2013-18,28-29
00-0027874,Demaryius Thomas,WR,14.33125,16,12.9625,16.0,29.711156741957563,2017,19.0,True,-1.3687500000000004,2013-18,28-29
00-0027891,Golden Tate,WR,14.225,16,14.3125,16.0,29.10609171800137,2017,20.0,True,0.08750000000000036,2013-18,28-29
00-0027902,Dez Bryant,WR,14.192307692307692,13,11.65,16.0,28.84873374401095,2017,21.0,True,-2.5423076923076913,2013-18,28-29
00-0027918,Andrew Hawkins,WR,5.2125,16,,,31.50444900752909,2017,98.0,False,,2013-18,30-31
00-0027939,Cam Newton,QB,16.950666666666667,15,18.7175,16.0,28.334017796030118,2017,14.0,True,1.7668333333333344,2013-18,28-29
00-0027942,A.J. Green,WR,19.240000000000002,10,14.45625,16.0,29.111567419575632,2017,6.0,True,-4.783750000000001,2013-18,28-29
00-0027944,Julio Jones,WR,19.778571428571432,14,16.525,16.0,28.58590006844627,2017,2.0,True,-3.2535714285714334,2013-18,28-29
00-0027966,Mark Ingram,RB,15.700000000000001,16,18.125,16.0,27.720739219712527,2017,11.0,True,2.424999999999999,2013-18,27-28
00-0027973,Andy Dalton,QB,16.29,16,13.16875,16.0,29.867214236824093,2017,18.0,True,-3.12125,2013-18,28-29
00-0027974,Colin Kaepernick,QB,18.494545454545456,11,,,29.853524982888434,2017,8.0,False,,2013-18,28-29
00-0027981,Kyle Rudolph,TE,13.15625,16,9.8875,16.0,27.835728952772072,2017,4.0,True,-3.2687500000000007,2013-18,25-27
00-0027985,Lance Kendricks,TE,6.86875,16,3.164285714285714,14.0,29.61259411362081,2017,30.0,True,-3.704464285714286,2013-18,28-29
00-0027996,Torrey Smith,WR,5.391666666666667,12,5.7625,16.0,28.621492128678987,2017,95.0,True,0.37083333333333357,2013-18,28-29
00-0028002,Randall Cobb,WR,11.523076923076925,13,11.385714285714286,14.0,27.052703627652292,2017,44.0,True,-0.13736263736263865,2013-18,25-27
00-0028009,DeMarco Murray,RB,19.3,16,11.633333333333333,15.0,29.57700205338809,2017,6.0,True,-7.666666666666668,2013-18,29-30
00-0028063,Taiwan Jones,RB,0.75,10,0.42000000000000004,5.0,29.125256673511295,2017,94.0,False,-0.32999999999999996,2013-18,29-30
00-0028064,Bilal Powell,RB,12.6875,16,10.08,15.0,28.870636550308006,2017,22.0,True,-2.6075,2013-18,27-28
00-0028067,Julius Thomas,TE,9.122222222222224,9,6.985714285714286,14.0,29.204654346338124,2017,19.0,True,-2.136507936507938,2013-18,28-29
00-0028083,Jacquizz Rodgers,RB,9.68,10,2.925,16.0,27.592060232717316,2017,35.0,True,-6.755,2013-18,27-28
00-0028091,Jeremy Kerley,WR,9.387500000000001,16,6.2125,8.0,28.83778234086242,2017,63.0,True,-3.1750000000000007,2013-18,28-29
00-0028112,Charles Clay,TE,9.08,15,9.100000000000001,13.0,28.57221081451061,2017,21.0,True,0.02000000000000135,2013-18,28-29
00-0028114,Dwayne Harris,WR,0.51875,16,0.0,5.0,29.984941820670773,2017,147.0,False,-0.51875,2013-18,28-29
00-0028116,Aldrick Robinson,WR,5.061538461538461,13,4.071428571428571,14.0,28.960985626283367,2017,100.0,True,-0.9901098901098901,2013-18,28-29
00-0028118,Tyrod Taylor,QB,18.061333333333334,15,14.844,15.0,28.10403832991102,2017,10.0,True,-3.2173333333333343,2013-18,28-29
00-0028121,Jordan Todman,RB,0.9153846153846155,13,0.0,9.0,27.54277891854894,2017,92.0,True,-0.9153846153846155,2013-18,27-28
00-0028142,Virgil Green,TE,5.17,10,3.5545454545454547,11.0,29.10335386721424,2017,40.0,True,-1.6154545454545453,2013-18,28-29
00-0028198,Matt Asiata,RB,8.28125,16,,,30.132785763175907,2017,46.0,False,,2013-18,29-30
00-0028202,Shaun Draughn,RB,7.260000000000001,15,,,29.760438056125942,2017,50.0,False,,2013-18,29-30
00-0028237,Chris Hogan,WR,8.793333333333333,15,12.177777777777779,9.0,29.880903490759753,2017,69.0,True,3.384444444444446,2013-18,28-29
00-0028263,Andre Holmes,WR,2.7875,16,4.3,10.0,29.234770704996578,2017,124.0,True,1.5124999999999997,2013-18,28-29
00-0028409,DuJuan Harris,RB,4.4125000000000005,8,,,29.018480492813143,2017,66.0,False,,2013-18,29-30
00-0028411,Dontrelle Inman,WR,10.375,16,6.529999999999999,10.0,28.607802874743328,2017,53.0,True,-3.8450000000000006,2013-18,28-29
00-0028434,Doug Baldwin,WR,16.13125,16,14.14375,16.0,28.969199178644764,2017,10.0,True,-1.9875000000000007,2013-18,28-29
00-0028497,Kamar Aiken,WR,4.2375,16,2.0214285714285714,14.0,28.281998631074607,2017,108.0,True,-2.2160714285714285,2013-18,28-29
00-0028581,Patrick DiMarco,RB,1.8199999999999998,10,1.0666666666666667,9.0,28.36413415468857,2017,87.0,True,-0.7533333333333332,2013-18,27-28
00-0028795,Chase Reynolds,RB,0.12727272727272726,11,,,29.88637919233402,2017,97.0,False,,2013-18,29-30
00-0028825,Terrelle Pryor,WR,13.62125,16,6.25,8.0,28.22450376454483,2017,24.0,True,-7.37125,2013-18,28-29
00-0028903,Garrett Celek,TE,5.714285714285714,14,5.614285714285714,14.0,29.284052019164957,2017,36.0,True,-0.10000000000000053,2013-18,28-29
00-0028986,Case Keenum,QB,11.114,10,15.858666666666666,15.0,29.56331279945243,2017,29.0,True,4.7446666666666655,2013-18,28-29
00-0029000,Cole Beasley,WR,11.8125,16,6.093333333333334,15.0,28.3750855578371,2017,40.0,True,-5.719166666666666,2013-18,28-29
00-0029004,Lance Dunbar,RB,3.108333333333333,12,6.1,2.0,27.6249144421629,2017,78.0,False,2.9916666666666667,2013-18,27-28
00-0029129,Rod Streater,WR,3.507142857142857,14,,,29.585215605749486,2017,114.0,False,,2013-18,28-29
00-0029137,Alshon Jeffery,WR,12.299999999999999,12,12.24375,16.0,27.57015742642026,2017,38.0,True,-0.05624999999999858,2013-18,25-27
00-0029141,Alfred Morris,RB,2.885714285714286,14,5.7846153846153845,13.0,28.744695414099933,2017,80.0,True,2.8989010989010984,2013-18,27-28
00-0029159,Jermaine Kearse,WR,6.125,16,11.1875,16.0,27.592060232717316,2017,87.0,True,5.0625,2013-18,25-27
00-0029205,Travaris Cadet,RB,6.266666666666667,15,5.357142857142857,7.0,28.605065023956193,2017,57.0,False,-0.9095238095238098,2013-18,27-28
00-0029263,Russell Wilson,QB,16.87875,16,22.245,16.0,28.78028747433265,2017,16.0,True,5.366250000000001,2013-18,28-29
00-0029269,Travis Benjamin,WR,9.814285714285715,14,8.2375,16.0,27.698836413415467,2017,58.0,True,-1.5767857142857142,2013-18,25-27
00-0029273,Robert Turbin,RB,7.22,15,4.316666666666666,6.0,27.772758384668034,2017,51.0,False,-2.9033333333333333,2013-18,27-28
00-0029293,Marvin Jones,WR,12.120000000000001,15,14.35,16.0,27.498973305954827,2017,39.0,True,2.2299999999999986,2013-18,25-27
00-0029319,Josh Bellamy,WR,4.3769230769230765,13,6.2,11.0,28.314852840520192,2017,105.0,True,1.8230769230769237,2013-18,28-29
00-0029336,Brittan Golden,WR,1.6833333333333336,12,1.3333333333333333,9.0,29.141683778234086,2017,131.0,True,-0.3500000000000003,2013-18,28-29
00-0029384,Bobby Rainey,RB,3.7818181818181817,11,3.25,4.0,29.90280629705681,2017,70.0,False,-0.5318181818181817,2013-18,29-30
00-0029388,Deonte Thompson,WR,4.026666666666666,15,6.65625,16.0,28.569472963723477,2017,110.0,True,2.6295833333333336,2013-18,28-29
00-0029391,Sean McGrath,TE,0.5,9,1.72,5.0,29.77138945927447,2017,72.0,False,1.22,2013-18,28-29
00-0029492,Jamize Olawale,RB,4.415384615384616,13,2.8000000000000003,7.0,28.399726214921287,2017,65.0,False,-1.6153846153846154,2013-18,27-28
00-0029510,Jonathan Grimes,RB,3.29,10,,,27.720739219712527,2017,75.0,False,,2013-18,27-28
00-0029580,Rishard Matthews,WR,13.5,16,11.264285714285716,14.0,27.912388774811774,2017,25.0,True,-2.235714285714284,2013-18,25-27
00-0029587,Rhett Ellison,TE,1.8909090909090909,11,4.25,14.0,28.93634496919918,2017,66.0,True,2.3590909090909093,2013-18,28-29
00-0029601,Brandon Bostick,TE,1.588888888888889,9,,,28.355920602327174,2017,68.0,False,,2013-18,28-29
00-0029604,Kirk Cousins,QB,19.7675,16,17.35125,16.0,29.059548254620122,2017,6.0,True,-2.416249999999998,2013-18,28-29
00-0029608,T.Y. Hilton,WR,17.675,16,11.35,16.0,27.822039698836413,2017,7.0,True,-6.325000000000001,2013-18,25-27
00-0029613,Doug Martin,RB,10.6875,8,6.909090909090909,11.0,28.657084188911703,2017,30.0,True,-3.778409090909091,2013-18,27-28
00-0029615,Lamar Miller,RB,14.507142857142858,14,12.09375,16.0,26.379192334017795,2017,16.0,True,-2.413392857142858,2013-18,25-26
00-0029632,Mohamed Sanu,WR,9.92,15,11.622666666666667,15.0,28.05201916495551,2017,57.0,True,1.7026666666666674,2013-18,28-29
00-0029638,Michael Floyd,WR,8.37857142857143,14,1.78,10.0,27.786447638603697,2017,70.0,True,-6.59857142857143,2013-18,25-27
00-0029640,Brian Quick,WR,7.2125,16,2.2666666666666666,6.0,28.265571526351813,2017,78.0,False,-4.945833333333334,2013-18,28-29
00-0029668,Andrew Luck,QB,20.513333333333332,15,,,27.994524298425734,2017,5.0,False,,2013-18,25-27
00-0029682,Brock Osweiler,QB,11.265333333333334,15,11.32,6.0,26.80082135523614,2017,28.0,False,0.054666666666665975,2013-18,25-27
00-0029683,Ronnie Hillman,RB,3.6750000000000003,8,,,25.99041752224504,2017,71.0,False,,2013-18,25-26
00-0029689,Dwayne Allen,TE,8.114285714285714,14,2.0500000000000003,12.0,27.54277891854894,2017,26.0,True,-6.064285714285713,2013-18,25-27
00-0029697,Coby Fleener,TE,8.675,16,5.7727272727272725,11.0,28.971937029431896,2017,24.0,True,-2.9022727272727282,2013-18,28-29
00-0029701,Ryan Tannehill,QB,14.63076923076923,13,,,29.12251882272416,2017,24.0,False,,2013-18,28-29
00-0029708,Kendall Wright,WR,8.327272727272726,11,8.526666666666667,15.0,27.82751540041068,2017,73.0,True,0.199393939393941,2013-18,25-27
00-0029731,Fozzy Whittaker,RB,4.6937500000000005,16,1.75,10.0,28.602327173169062,2017,62.0,True,-2.9437500000000005,2013-18,27-28
00-0029738,Darren Fells,TE,3.933333333333333,9,3.7642857142857147,14.0,31.38672142368241,2017,52.0,True,-0.16904761904761845,2013-18,30-31
00-0029795,Benny Cunningham,RB,3.2,11,4.064285714285714,14.0,27.17864476386037,2017,76.0,True,0.8642857142857139,2013-18,27-28
00-0029878,MarQueis Gray,TE,3.1399999999999997,10,0.4857142857142857,7.0,27.84120465434634,2017,55.0,False,-2.654285714285714,2013-18,25-27
00-0030035,Adam Thielen,WR,13.012500000000001,16,15.356250000000001,16.0,27.052703627652292,2017,29.0,True,2.34375,2013-18,25-27
00-0030061,Zach Ertz,TE,13.328571428571431,14,14.564285714285715,14.0,26.833675564681723,2017,3.0,True,1.235714285714284,2013-18,25-27
00-0030068,Marquise Goodwin,WR,6.542857142857144,14,10.81875,16.0,26.809034907597535,2017,84.0,True,4.275892857142856,2013-18,25-27
00-0030085,Kenny Stills,WR,10.63125,16,11.0125,16.0,25.385352498288842,2017,49.0,True,0.38124999999999964,2013-18,25-27
00-0030089,Luke Willson,TE,3.9899999999999998,10,3.8785714285714286,14.0,27.652292950034223,2017,50.0,True,-0.11142857142857121,2013-18,25-27
00-0030107,Theo Riddick,RB,16.18,10,9.625,16.0,26.354551676933607,2017,9.0,True,-6.555,2013-18,25-26
00-0030108,Ryan Griffin,TE,6.5125,16,6.133333333333333,6.0,27.66324435318275,2017,32.0,False,-0.3791666666666673,2013-18,25-27
00-0030113,Charles D. Johnson,WR,3.085714285714286,14,,,28.53388090349076,2017,122.0,False,,2013-18,28-29
00-0030147,Russell Shepard,WR,5.384615384615385,13,3.006666666666667,15.0,26.981519507186857,2017,96.0,True,-2.377948717948718,2013-18,25-27
00-0030155,Demetrius Harris,TE,2.664285714285714,14,3.56923076923077,13.0,26.119096509240247,2017,59.0,True,0.9049450549450557,2013-18,25-27
00-0030181,Jack Doyle,TE,9.0875,16,11.366666666666667,15.0,27.351129363449694,2017,20.0,True,2.279166666666667,2013-18,25-27
00-0030216,Josh Hill,TE,4.4875,8,2.475,12.0,27.307323750855577,2017,43.0,True,-2.0124999999999997,2013-18,25-27
00-0030280,Knile Davis,RB,1.1444444444444446,9,,,25.932922655715263,2017,89.0,False,,2013-18,25-26
00-0030287,Andre Ellington,RB,2.15,14,7.945454545454546,11.0,28.59958932238193,2017,83.0,True,5.795454545454547,2013-18,27-28
00-0030288,Rex Burkhead,RB,5.635714285714286,14,12.98,10.0,27.19233401779603,2017,61.0,True,7.344285714285714,2013-18,27-28
00-0030290,Cobi Hamilton,WR,4.763636363636364,11,0.9,2.0,26.82546201232033,2017,102.0,False,-3.8636363636363638,2013-18,25-27
00-0030404,Chris Thompson,RB,9.21875,16,15.84,10.0,26.8911704312115,2017,37.0,True,6.62125,2013-18,25-26
00-0030414,Spencer Ware,RB,14.164285714285715,14,,,25.79876796714579,2017,17.0,False,,2013-18,25-26
00-0030422,Dion Sims,TE,5.815384615384616,13,3.25,12.0,26.559890485968516,2017,34.0,True,-2.565384615384616,2013-18,25-27
00-0030431,Robert Woods,WR,9.261538461538462,13,13.858333333333334,12.0,25.418206707734427,2017,65.0,True,4.596794871794872,2013-18,25-27
00-0030432,Christine Michael,RB,9.333333333333334,15,,,26.836413415468858,2017,36.0,False,,2013-18,25-26
00-0030433,Mike Gillislee,RB,8.38,15,7.644444444444444,9.0,26.858316221765914,2017,45.0,True,-0.7355555555555569,2013-18,25-26
00-0030443,Levine Toilolo,TE,3.9538461538461536,13,3.02,10.0,26.116358658453116,2017,51.0,True,-0.9338461538461535,2013-18,25-27
00-0030450,Quinton Patton,WR,6.1,13,,,27.08829568788501,2017,88.0,False,,2013-18,25-27
00-0030456,Giovani Bernard,RB,12.379999999999999,10,9.66875,16.0,25.801505817932924,2017,24.0,True,-2.7112499999999997,2013-18,25-26
00-0030465,Kenjon Barner,RB,3.1,11,1.7153846153846155,13.0,28.369609856262834,2017,79.0,True,-1.3846153846153846,2013-18,27-28
00-0030470,Vance McDonald,TE,8.71,10,3.88,10.0,27.24435318275154,2017,23.0,True,-4.830000000000001,2013-18,25-27
00-0030472,Jordan Reed,TE,14.049999999999999,12,10.016666666666666,6.0,27.189596167008897,2017,2.0,False,-4.033333333333333,2013-18,25-27
00-0030496,Le'Veon Bell,RB,28.36666666666667,12,23.793333333333337,15.0,25.560574948665298,2017,1.0,True,-4.573333333333334,2013-18,25-26
00-0030506,Travis Kelce,TE,14.5,16,15.966666666666667,15.0,27.9315537303217,2017,1.0,True,1.4666666666666668,2013-18,25-27
00-0030513,Latavius Murray,RB,15.3,14,10.21875,16.0,27.644079397672826,2017,13.0,True,-5.081250000000001,2013-18,27-28
00-0030514,Mychal Rivera,TE,4.319999999999999,10,,,27.006160164271048,2017,46.0,False,,2013-18,25-27
00-0030516,Brice Butler,WR,3.992857142857143,14,4.976923076923077,13.0,27.613963039014372,2017,112.0,True,0.9840659340659341,2013-18,25-27
00-0030521,Justin Hunter,WR,5.29,10,2.46,5.0,26.310746064339494,2017,97.0,False,-2.83,2013-18,25-27
00-0030525,Tavon Austin,WR,9.786666666666667,15,3.6214285714285714,14.0,27.49075975359343,2017,60.0,True,-6.165238095238095,2013-18,25-27
00-0030542,Terrance Williams,WR,8.360000000000001,15,7.05,16.0,27.978097193702943,2017,72.0,True,-1.3100000000000014,2013-18,25-27
00-0030547,Denard Robinson,RB,1.9600000000000002,10,,,26.967830253251197,2017,86.0,False,,2013-18,25-26
00-0030549,Tyler Eifert,TE,12.4875,8,4.3,2.0,27.006160164271048,2017,8.0,False,-8.1875,2013-18,25-27
00-0030564,DeAndre Hopkins,WR,12.525,16,21.586666666666666,15.0,25.2621492128679,2017,36.0,True,9.061666666666666,2013-18,25-27
00-0030578,Cordarrelle Patterson,RB,7.4750000000000005,16,5.375,16.0,26.48596851471595,2017,49.0,True,-2.1000000000000005,2013-18,25-26
00-0030656,Isaiah Crowell,RB,13.56875,16,9.15625,16.0,24.670773442847366,2017,19.0,True,-4.4125,2013-18,25-26
00-0030663,Willie Snead,WR,12.866666666666667,15,2.15,8.0,24.89801505817933,2017,30.0,True,-10.716666666666667,2013-18,25-27
00-0030668,Charcandrick West,RB,6.2733333333333325,15,6.1000000000000005,12.0,26.275154004106778,2017,56.0,True,-0.173333333333332,2013-18,25-26
00-0030669,Albert Wilson,WR,5.8500000000000005,14,9.038461538461538,13.0,25.163586584531142,2017,92.0,True,3.188461538461538,2013-18,25-27
00-0030670,Bennie Fowler,WR,3.125,12,5.125,16.0,26.253251197809718,2017,120.0,True,2.0,2013-18,25-27
00-0030671,Isaiah Burse,WR,0.0,8,,,25.75770020533881,2017,151.0,False,,2013-18,25-27
00-0030710,Trey Burton,TE,5.4071428571428575,14,5.7,14.0,25.867214236824093,2017,39.0,True,0.2928571428571427,2013-18,25-27
00-0030789,Antonio Andrews,RB,0.1875,8,,,25.065023956194388,2017,96.0,False,,2013-18,25-26
00-0030801,Brandon Coleman,WR,5.1499999999999995,14,4.8933333333333335,15.0,25.218343600273784,2017,99.0,True,-0.25666666666666593,2013-18,25-27
00-0030821,Allen Hurns,WR,9.154545454545454,11,10.09,10.0,25.828884325804243,2017,66.0,True,0.9354545454545455,2013-18,25-27
00-0030854,Erik Swoope,TE,4.2250000000000005,12,,,25.34154688569473,2017,48.0,False,,2013-18,25-27
00-0030874,Damien Williams,RB,6.2266666666666675,15,5.96,10.0,25.437371663244353,2017,58.0,True,-0.2666666666666675,2013-18,25-26
00-0030990,Josh Huff,WR,4.08,10,,,25.908281998631075,2017,109.0,False,,2013-18,25-27
00-0031001,Jeff Janis,WR,2.5785714285714287,14,0.4,8.0,26.21492128678987,2017,126.0,True,-2.178571428571429,2013-18,25-27
00-0031023,Quincy Enunwa,WR,10.65,16,,,25.27857631759069,2017,48.0,False,,2013-18,25-27
00-0031035,Xavier Grimble,TE,4.35,8,1.775,8.0,24.966461327857633,2017,44.0,True,-2.5749999999999997,2013-18,25-27
00-0031045,Carlos Hyde,RB,15.23846153846154,13,14.8,16.0,26.973305954825463,2017,14.0,True,-0.4384615384615387,2013-18,25-26
00-0031051,John Brown,WR,7.013333333333334,15,6.99,10.0,27.43874058863792,2017,79.0,True,-0.023333333333333428,2013-18,25-27
00-0031057,Ka'Deem Carey,RB,2.1,11,,,24.862422997946613,2017,84.5,False,,2013-18,25-26
00-0031060,De'Anthony Thomas,WR,1.34,10,2.9071428571428575,14.0,24.67898699520876,2017,138.0,True,1.5671428571428574,2013-18,25-27
00-0031062,James White,RB,10.10625,16,9.571428571428571,14.0,25.60164271047228,2017,32.0,True,-0.5348214285714281,2013-18,25-26
00-0031068,Ryan Grant,WR,1.3833333333333335,12,7.893750000000001,16.0,26.72689938398357,2017,136.0,True,6.510416666666667,2013-18,25-27
00-0031075,Alfred Blue,RB,4.428571428571429,14,5.288888888888889,9.0,26.373716632443532,2017,63.0,True,0.8603174603174599,2013-18,25-26
00-0031102,Kapri Bibbs,RB,3.155555555555556,9,13.566666666666668,3.0,24.6652977412731,2017,77.0,False,10.411111111111111,2013-18,25-26
00-0031118,Corey Brown,WR,3.825,16,,,25.73579739904175,2017,113.0,False,,2013-18,25-27
00-0031158,George Atkinson,RB,1.0444444444444445,9,,,24.78028747433265,2017,90.0,False,,2013-18,25-26
00-0031166,Seth Roberts,WR,6.98125,16,6.033333333333333,15.0,26.548939082819988,2017,80.0,True,-0.947916666666667,2013-18,25-27
00-0031228,Taylor Gabriel,WR,11.666666666666666,12,5.10625,16.0,26.562628336755647,2017,42.0,True,-6.560416666666666,2013-18,25-27
00-0031235,Odell Beckham Jr.,WR,19.31875,16,18.5,4.0,24.84599589322382,2017,5.0,False,-0.8187500000000014,2013-18,25-27
00-0031236,Brandin Cooks,WR,16.720000000000002,15,14.0125,16.0,23.958932238193018,2017,9.0,True,-2.707500000000003,2013-18,<=24
00-0031257,Paul Richardson,WR,4.3307692307692305,13,9.4875,16.0,25.409993155373034,2017,106.0,True,5.15673076923077,2013-18,25-27
00-0031273,Cameron Brate,TE,11.4,15,8.94375,16.0,26.190280629705683,2017,12.0,True,-2.4562500000000007,2013-18,25-27
00-0031280,Derek Carr,QB,18.432000000000002,15,14.296,15.0,26.455852156057496,2017,9.0,True,-4.136000000000003,2013-18,25-27
00-0031285,Devonta Freeman,RB,18.13125,16,14.72857142857143,14.0,25.489390828199863,2017,7.0,True,-3.402678571428572,2013-18,25-26
00-0031291,James Wright,WR,1.9166666666666667,12,,,25.694729637234772,2017,129.0,False,,2013-18,25-27
00-0031299,Jordan Matthews,TE,12.35,14,5.720000000000001,10.0,25.152635181382614,2017,9.0,True,-6.629999999999999,2013-18,25-27
00-0031301,Jeremy Hill,RB,12.153333333333334,15,2.4571428571428577,7.0,24.889801505817932,2017,25.0,False,-9.696190476190477,2013-18,25-26
00-0031302,C.J. Fiedorowicz,TE,8.926666666666668,15,5.340000000000001,5.0,25.88637919233402,2017,22.0,False,-3.586666666666667,2013-18,25-27
00-0031325,Sammy Watkins,WR,10.5625,8,9.853333333333333,15.0,24.240930869267626,2017,51.0,True,-0.7091666666666665,2013-18,<=24
00-0031332,Fitzgerald Toussaint,RB,1.0083333333333335,12,1.8,3.0,27.353867214236825,2017,91.0,False,0.7916666666666665,2013-18,27-28
00-0031339,Donte Moncrief,WR,11.399999999999999,9,6.425,12.0,24.095824777549623,2017,46.0,True,-4.974999999999999,2013-18,<=24
00-0031344,Cody Latimer,WR,1.4181818181818182,11,5.609090909090909,11.0,24.917180013689254,2017,134.0,True,4.190909090909091,2013-18,25-27
00-0031359,Kelvin Benjamin,WR,12.412500000000001,16,9.542857142857143,14.0,26.595482546201232,2017,37.0,True,-2.8696428571428587,2013-18,25-27
00-0031375,Terrance West,RB,10.875,16,5.62,5.0,26.61738535249829,2017,29.0,False,-5.255,2013-18,25-26
00-0031376,Jerick McKinnon,RB,9.893333333333334,15,11.225,16.0,25.35523613963039,2017,33.0,True,1.3316666666666652,2013-18,25-26
00-0031381,Davante Adams,WR,15.79375,16,16.0,14.0,24.711841204654345,2017,11.0,True,0.2062500000000007,2013-18,25-27
00-0031382,Jarvis Landry,WR,14.95625,16,16.25,16.0,24.78302532511978,2017,15.0,True,1.2937499999999993,2013-18,25-27
00-0031384,Richard Rodgers,TE,4.6066666666666665,15,3.4,10.0,25.634496919917865,2017,42.0,True,-1.2066666666666666,2013-18,25-27
00-0031387,Eric Ebron,TE,11.092307692307694,13,8.275,16.0,24.418891170431213,2017,14.0,True,-2.8173076923076934,2013-18,<=24
00-0031407,Blake Bortles,QB,16.94375,16,15.605,16.0,25.36892539356605,2017,15.0,True,-1.338750000000001,2013-18,25-27
00-0031408,Mike Evans,WR,19.38125,16,13.639999999999999,15.0,24.05475701574264,2017,4.0,True,-5.741250000000003,2013-18,<=24
00-0031418,Austin Seferian-Jenkins,TE,3.822222222222222,9,7.823076923076924,13.0,24.947296372347708,2017,53.0,True,4.000854700854702,2013-18,25-27
00-0031428,Allen Robinson,WR,12.64375,16,2.7,1.0,24.046543463381244,2017,33.0,False,-9.943750000000001,2013-18,<=24
00-0031431,Marqise Lee,WR,11.4625,16,11.376923076923077,13.0,25.793292265571527,2017,45.0,True,-0.085576923076923,2013-18,25-27
00-0031503,Jameis Winston,QB,16.50625,16,15.512307692307692,13.0,23.67693360711841,2017,17.0,True,-0.9939423076923095,2013-18,<=24
00-0031544,Amari Cooper,WR,14.89375,16,11.992857142857144,14.0,23.23340177960301,2017,16.0,True,-2.900892857142857,2013-18,<=24
00-0031547,DeVante Parker,WR,10.493333333333334,15,10.0,13.0,24.637919233401778,2017,52.0,True,-0.49333333333333407,2013-18,25-27
00-0031549,Nelson Agholor,WR,5.86,15,11.8125,16.0,24.298425735797398,2017,91.0,True,5.9525,2013-18,<=24
00-0031569,Jeremy Langford,RB,6.1000000000000005,12,,,25.763175906913073,2017,59.0,False,,2013-18,25-26
00-0031570,Justin Hardy,WR,5.023076923076923,13,6.01,10.0,25.730321697467488,2017,101.0,True,0.9869230769230768,2013-18,25-27
00-0031588,Stefon Diggs,WR,15.215384615384616,13,14.264285714285714,14.0,23.78097193702943,2017,14.0,True,-0.9510989010989022,2013-18,<=24
00-0031590,Jay Ajayi,RB,16.153333333333332,15,10.078571428571427,14.0,24.238193018480494,2017,10.0,True,-6.074761904761905,2013-18,<=24
00-0031600,Keith Mumphery,WR,2.1125000000000003,8,,,25.26488706365503,2017,128.0,False,,2013-18,25-27
00-0031610,Darren Waller,TE,3.05,10,,,24.99110198494182,2017,56.0,False,,2013-18,25-27
00-0031665,Zach Zenner,RB,8.454545454545455,11,1.2285714285714284,7.0,25.99315537303217,2017,44.0,False,-7.225974025974026,2013-18,25-26
00-0031697,Jordan Taylor,WR,4.263636363636364,11,2.7199999999999998,10.0,25.560574948665298,2017,107.0,True,-1.543636363636364,2013-18,25-27
00-0031731,Corey Grant,RB,3.8900000000000006,10,3.135714285714286,14.0,25.727583846680357,2017,69.0,True,-0.7542857142857144,2013-18,25-26
00-0031743,Akeem Hunt,RB,2.1,8,0.6714285714285715,14.0,24.54757015742642,2017,84.5,True,-1.4285714285714286,2013-18,25-26
00-0031757,Lucky Whitehead,WR,0.9333333333333333,15,,,25.27310061601643,2017,142.0,False,,2013-18,25-27
00-0031782,Eli Rogers,WR,9.807692307692308,13,3.2416666666666667,12.0,24.71457905544148,2017,59.0,True,-6.566025641025641,2013-18,25-27
00-0031806,Malcolm Brown,RB,0.8636363636363636,11,4.627272727272727,11.0,24.32306639288159,2017,93.0,True,3.7636363636363632,2013-18,<=24
00-0031818,Bradley Marquez,WR,0.7666666666666667,9,,,24.739219712525667,2017,145.0,False,,2013-18,25-27
00-0031854,Chris Harper,WR,3.2875,8,,,23.759069130732374,2017,117.0,False,,2013-18,<=24
00-0031897,Thomas Rawls,RB,8.722222222222221,9,3.566666666666667,9.0,24.10403832991102,2017,42.0,True,-5.155555555555555,2013-18,<=24
00-0031912,Cameron Meredith,WR,13.248571428571429,14,,,24.969199178644764,2017,27.0,False,,2013-18,25-27
00-0031941,Jamison Crowder,WR,12.625,16,11.286666666666667,15.0,24.23271731690623,2017,34.0,True,-1.338333333333333,2013-18,<=24
00-0031951,James O'Shaughnessy,TE,0.15833333333333333,12,2.1812500000000004,16.0,25.65639972621492,2017,74.0,True,2.022916666666667,2013-18,25-27
00-0032004,Will Tye,TE,5.84375,16,3.9000000000000004,2.0,25.8507871321013,2017,33.0,False,-1.9437499999999996,2013-18,25-27
00-0032009,Adam Humphries,WR,8.966666666666667,15,8.137500000000001,16.0,24.213552361396303,2017,68.0,True,-0.8291666666666657,2013-18,<=24
00-0032054,Breshad Perriman,WR,6.739999999999999,15,1.6090909090909091,11.0,24.0,2017,81.0,True,-5.13090909090909,2013-18,<=24
00-0032055,Devin Funchess,WR,6.15,14,12.28125,16.0,23.307323750855577,2017,86.0,True,6.13125,2013-18,<=24
00-0032058,Tevin Coleman,RB,14.815384615384614,13,11.180000000000001,15.0,24.40246406570842,2017,15.0,True,-3.6353846153846128,2013-18,<=24
00-0032062,Blake Bell,TE,1.5625,8,2.3000000000000003,3.0,26.094455852156056,2017,69.0,False,0.7375000000000003,2013-18,25-27
00-0032112,J.J. Nelson,WR,10.042857142857143,14,5.9375,16.0,25.37987679671458,2017,55.0,True,-4.105357142857143,2013-18,25-27
00-0032117,Nick O'Leary,TE,1.7230769230769232,13,4.938461538461539,13.0,25.026694045174537,2017,67.0,True,3.2153846153846155,2013-18,25-27
00-0032128,Chris Conley,WR,6.0625,16,5.7,5.0,24.876112251882272,2017,89.0,False,-0.3624999999999998,2013-18,25-27
00-0032134,C.J. Uzomah,TE,6.800000000000001,8,2.1,12.0,24.654346338124572,2017,31.0,True,-4.700000000000001,2013-18,25-27
00-0032135,Jesse James,TE,5.675,16,7.014285714285714,14.0,23.26899383983573,2017,37.0,True,1.3392857142857144,2013-18,<=24
00-0032139,Ben Koyack,TE,4.11,10,1.8,6.0,24.421629021218344,2017,49.0,False,-2.3100000000000005,2013-18,<=24
00-0032144,Melvin Gordon,RB,19.96923076923077,13,18.38125,16.0,24.410677618069816,2017,5.0,True,-1.587980769230768,2013-18,<=24
00-0032156,Trevor Siemian,QB,13.695714285714287,14,11.463636363636365,11.0,25.70841889117043,2017,26.0,True,-2.232077922077922,2013-18,25-27
00-0032160,Tyrell Williams,WR,13.8375,16,8.8,16.0,25.57700205338809,2017,22.0,True,-5.0375,2013-18,25-27
00-0032166,Sammie Coates,WR,5.671428571428572,14,1.8571428571428574,7.0,24.44626967830253,2017,94.0,False,-3.814285714285714,2013-18,<=24
00-0032170,Rashad Greene,WR,1.025,8,,,24.9637234770705,2017,141.0,False,,2013-18,25-27
00-0032187,David Johnson,RB,26.33125,16,13.0,1.0,25.73579739904175,2017,2.0,False,-13.33125,2013-18,25-26
00-0032200,Ty Montgomery,WR,9.566666666666666,15,11.45,8.0,24.632443531827516,2017,61.0,True,1.8833333333333329,2013-18,25-27
00-0032208,Phillip Dorsett,WR,6.586666666666668,15,2.9181818181818184,11.0,24.67898699520876,2017,82.0,True,-3.6684848484848493,2013-18,25-27
00-0032209,T.J. Yeldon,RB,9.180000000000001,15,9.07,10.0,23.939767282683093,2017,38.0,True,-0.11000000000000121,2013-18,<=24
00-0032211,Tyler Lockett,WR,8.373333333333333,15,7.862500000000001,16.0,24.95003422313484,2017,71.0,True,-0.5108333333333324,2013-18,25-27
00-0032214,Tyler Kroft,TE,2.1333333333333333,9,7.775,16.0,24.903490759753595,2017,63.0,True,5.6416666666666675,2013-18,25-27
00-0032218,Dorial Green-Beckham,WR,6.228571428571429,14,,,24.413415468856947,2017,85.0,False,,2013-18,<=24
00-0032241,Todd Gurley,RB,12.387500000000001,16,26.853333333333335,15.0,23.104722792607802,2017,23.0,True,14.465833333333334,2013-18,<=24
00-0032256,Clive Walford,TE,5.793333333333334,15,2.8333333333333335,6.0,25.94387405886379,2017,35.0,False,-2.9600000000000004,2013-18,25-27
00-0032257,Duke Johnson,RB,9.012500000000001,16,13.50625,16.0,23.964407939767284,2017,39.0,True,4.493749999999999,2013-18,<=24
00-0032268,Marcus Mariota,QB,17.329333333333334,15,14.032,15.0,23.863107460643395,2017,13.0,True,-3.2973333333333343,2013-18,<=24
00-0032355,Chester Rogers,WR,3.307142857142857,14,5.970000000000001,10.0,23.66050650239562,2017,116.0,True,2.6628571428571437,2013-18,<=24
00-0032371,Rob Kelley,RB,9.685714285714285,14,6.171428571428572,7.0,24.93634496919918,2017,34.0,False,-3.5142857142857133,2013-18,25-26
00-0032377,Josh Ferguson,RB,2.3733333333333335,15,1.02,5.0,24.301163586584533,2017,81.0,False,-1.3533333333333335,2013-18,<=24
00-0032385,Sterling Shepard,WR,11.61875,16,13.545454545454545,11.0,24.580424366872005,2017,43.0,True,1.9267045454545446,2013-18,25-27
00-0032392,Austin Hooper,TE,4.930769230769231,13,7.56875,16.0,22.86652977412731,2017,41.0,True,2.6379807692307686,2013-18,<=24
00-0032398,Chris Moore,WR,1.3928571428571428,14,4.607692307692308,13.0,24.23545516769336,2017,135.0,True,3.2148351648351654,2013-18,<=24
00-0032400,Malcolm Mitchell,WR,8.008333333333335,12,,,25.141683778234086,2017,75.0,False,,2013-18,25-27
00-0032404,Tyler Ervin,RB,0.425,12,3.25,4.0,23.926078028747433,2017,95.0,False,2.825,2013-18,<=24
00-0032411,Kenneth Dixon,RB,8.533333333333333,12,,,23.63586584531143,2017,43.0,False,,2013-18,<=24
00-0032417,Paul Perkins,RB,5.7,14,2.7,8.0,22.817248459958932,2017,60.0,True,-3.0,2013-18,<=24
00-0032423,Trevor Davis,WR,1.425,8,0.8866666666666667,15.0,24.186173853524984,2017,133.0,True,-0.5383333333333333,2013-18,<=24
00-0032426,Alex Collins,RB,3.9888888888888894,9,11.8,15.0,23.041752224503764,2017,68.0,True,7.811111111111112,2013-18,<=24
00-0032429,Jerell Adams,TE,3.4200000000000004,10,1.9111111111111114,9.0,24.692676249144423,2017,54.0,True,-1.508888888888889,2013-18,25-27
00-0032441,Aaron Burbridge,WR,1.0533333333333335,15,,,23.71526351813826,2017,140.0,False,,2013-18,<=24
00-0032450,Dwayne Washington,RB,4.427272727272728,11,1.56,5.0,23.381245722108144,2017,64.0,False,-2.8672727272727276,2013-18,<=24
00-0032475,Tanner McEvoy,WR,4.59,8,1.23,10.0,24.621492128678987,2017,103.0,True,-3.36,2013-18,25-27
00-0032543,Alex Erickson,WR,0.8187500000000001,16,2.35,16.0,24.843258042436688,2017,144.0,True,1.53125,2013-18,25-27
00-0032659,Roger Lewis,WR,2.87,10,5.973333333333334,15.0,23.786447638603697,2017,123.0,True,3.1033333333333335,2013-18,<=24
00-0032688,Robbie Chosen,WR,8.207142857142857,14,12.78125,16.0,24.33949349760438,2017,74.0,True,4.574107142857143,2013-18,<=24
00-0032694,Jalin Marshall,WR,4.0200000000000005,10,,,22.140999315537304,2017,111.0,False,,2013-18,<=24
00-0032725,Stephen Anderson,TE,2.9222222222222225,9,4.6571428571428575,14.0,24.61054072553046,2017,58.0,True,1.734920634920635,2013-18,25-27
00-0032741,Peyton Barber,RB,3.6100000000000003,10,6.335714285714286,14.0,23.534565366187543,2017,72.0,True,2.725714285714286,2013-18,<=24
00-0032745,Alan Cross,TE,1.4363636363636365,11,2.16,5.0,24.191649555099247,2017,71.0,False,0.7236363636363636,2013-18,<=24
00-0032764,Derrick Henry,RB,7.55,14,8.8125,16.0,23.682409308692677,2017,48.0,True,1.2625000000000002,2013-18,<=24
00-0032765,Michael Thomas,WR,17.346666666666668,15,16.34375,16.0,24.522929500342233,2017,8.0,True,-1.0029166666666676,2013-18,25-27
00-0032778,Tajae Sharpe,WR,6.581250000000001,16,,,22.715947980835043,2017,83.0,False,,2013-18,<=24
00-0032780,Jordan Howard,RB,16.740000000000002,15,13.41875,16.0,22.855578370978783,2017,8.0,True,-3.3212500000000027,2013-18,<=24
00-0032782,Wendell Smallwood,RB,4.391666666666667,12,5.8375,8.0,23.638603696098563,2017,67.0,True,1.4458333333333337,2013-18,<=24
00-0032791,Jakeem Grant,WR,0.43571428571428567,14,3.2,15.0,24.862422997946613,2017,148.0,True,2.7642857142857147,2013-18,25-27
00-0032881,Tommylee Lewis,WR,1.3083333333333333,12,2.0714285714285716,14.0,24.878850102669404,2017,139.0,True,0.7630952380952383,2013-18,25-27
00-0032902,Kenneth Farrow,RB,3.3818181818181823,11,,,24.511978097193705,2017,73.0,False,,2013-18,25-26
00-0032935,Johnny Holton,WR,0.6416666666666667,12,3.2,14.0,26.053388090349078,2017,146.0,True,2.5583333333333336,2013-18,25-27
00-0032940,DeAndre Washington,RB,6.553846153846154,13,5.666666666666667,15.0,24.54757015742642,2017,54.0,True,-0.8871794871794867,2013-18,25-26
00-0032950,Carson Wentz,QB,13.373750000000001,16,21.672307692307694,13.0,24.695414099931554,2017,27.0,True,8.298557692307693,2013-18,25-27
00-0032959,Charone Peake,WR,3.1333333333333333,12,1.3,1.0,24.90075290896646,2017,119.0,False,-1.8333333333333333,2013-18,25-27
00-0032966,Corey Coleman,WR,9.48,10,7.277777777777778,9.0,23.1813826146475,2017,62.0,True,-2.2022222222222227,2013-18,<=24
00-0032972,Devontae Booker,RB,8.91875,16,7.0307692307692315,13.0,25.28952772073922,2017,40.0,True,-1.8879807692307677,2013-18,25-26
00-0032975,Jonathan Williams,RB,1.55,8,,,23.603011635865844,2017,88.0,False,,2013-18,<=24
00-0032977,Rashard Higgins,WR,1.37,10,4.8999999999999995,14.0,22.926762491444215,2017,137.0,True,3.5299999999999994,2013-18,<=24
00-0033009,Tyler Boyd,WR,7.7562500000000005,16,5.65,10.0,22.819986310746064,2017,76.0,True,-2.10625,2013-18,<=24
00-0033025,Jalen Richard,RB,7.21875,16,5.6312500000000005,16.0,23.904175222450377,2017,52.0,True,-1.5874999999999995,2013-18,<=24
00-0033040,Tyreek Hill,WR,13.6875,16,16.746666666666666,15.0,23.529089664613277,2017,23.0,True,3.059166666666666,2013-18,<=24
00-0033045,Ezekiel Elliott,RB,23.093333333333337,15,21.82,10.0,22.138261464750173,2017,3.0,True,-1.273333333333337,2013-18,<=24
00-0033069,Braxton Miller,WR,3.09,10,4.130000000000001,10.0,24.777549623545518,2017,121.0,True,1.040000000000001,2013-18,25-27
00-0033077,Dak Prescott,QB,17.93,16,16.29125,16.0,24.11772758384668,2017,11.0,True,-1.6387499999999982,2013-18,<=24
00-0033079,Ricardo Louis,WR,2.75,14,4.478571428571429,14.0,23.468856947296374,2017,125.0,True,1.7285714285714286,2013-18,<=24
00-0033080,Seth DeValve,TE,4.3375,8,4.78125,16.0,24.61327857631759,2017,45.0,True,0.44374999999999964,2013-18,25-27
00-0033090,Hunter Henry,TE,9.984615384615385,13,10.575000000000001,12.0,22.759753593429156,2017,18.0,True,0.5903846153846164,2013-18,<=24
00-0033104,Cody Kessler,QB,8.555555555555555,9,0.98,3.0,24.334017796030118,2017,31.0,False,-7.575555555555555,2013-18,<=24
00-0033110,Tyler Higbee,TE,2.125,12,4.321428571428571,14.0,24.689938398357288,2017,64.0,True,2.196428571428571,2013-18,25-27
00-0033111,Pharoh Cooper,WR,2.511111111111111,9,1.625,16.0,22.51334702258727,2017,127.0,True,-0.8861111111111111,2013-18,<=24
00-0033114,Mike Thomas,WR,0.8375,8,2.3833333333333333,6.0,23.069130732375086,2017,143.0,False,1.5458333333333334,2013-18,<=24
00-0033118,Kenyan Drake,RB,3.3,15,9.26875,16.0,23.62217659137577,2017,74.0,True,5.968750000000001,2013-18,<=24
00-0033127,Will Fuller,WR,9.371428571428572,14,11.47,10.0,23.4031485284052,2017,64.0,True,2.0985714285714288,2013-18,<=24
00-0019596,Tom Brady,QB,18.9925,16,17.58125,16.0,41.10335386721424,2018,4.0,True,-1.411249999999999,2013-18,32+
00-0020531,Drew Brees,QB,16.41,16,20.865333333333336,15.0,39.65229295003422,2018,11.0,True,4.455333333333336,2013-18,32+
00-0021206,Josh McCown,QB,15.803076923076922,13,5.19,4.0,39.186858316221766,2018,14.0,False,-10.613076923076921,2013-18,32+
00-0021547,Antonio Gates,TE,4.975,16,4.70625,16.0,38.22861054072553,2018,36.0,True,-0.2687499999999998,2013-18,32+
00-0022127,Jason Witten,TE,9.3125,16,,,36.34770704996578,2018,10.0,False,,2013-18,32+
00-0022803,Eli Manning,QB,13.021333333333333,15,14.9975,16.0,37.68377823408624,2018,22.0,True,1.9761666666666677,2013-18,32+
00-0022921,Larry Fitzgerald,WR,16.715,16,11.69875,16.0,35.0280629705681,2018,5.0,True,-5.016249999999999,2013-18,32+
00-0022924,Ben Roethlisberger,QB,17.937333333333335,15,22.36625,16.0,36.525667351129364,2018,6.0,True,4.428916666666666,2013-18,32+
00-0022942,Philip Rivers,QB,17.4,16,18.81375,16.0,36.75564681724846,2018,8.0,True,1.4137500000000003,2013-18,32+
00-0022943,Benjamin Watson,TE,8.575,16,6.6923076923076925,13.0,37.72758384668035,2018,13.0,True,-1.8826923076923068,2013-18,32+
00-0023436,Alex Smith,QB,19.67866666666667,15,13.8,10.0,34.34360027378508,2018,3.0,True,-5.878666666666668,2013-18,32+
00-0023500,Frank Gore,RB,11.225000000000001,16,7.542857142857144,14.0,35.3264887063655,2018,23.0,True,-3.682142857142858,2013-18,31+
00-0024221,Vernon Davis,TE,7.6125,16,5.823076923076924,13.0,34.60917180013689,2018,19.0,True,-1.7894230769230761,2013-18,32+
00-0024226,Jay Cutler,QB,11.274285714285714,14,,,35.36755646817249,2018,28.0,False,,2013-18,32+
00-0024243,Marcedes Lewis,TE,5.4875,16,1.3800000000000001,5.0,34.31074606433949,2018,34.0,False,-4.1075,2013-18,32+
00-0024268,Anthony Fasano,TE,2.609090909090909,11,,,34.390143737166326,2018,61.0,False,,2013-18,32+
00-0024389,Delanie Walker,TE,10.90625,16,9.2,1.0,34.078028747433265,2018,6.0,False,-1.7062500000000007,2013-18,32+
00-0024535,Eric Weems,WR,0.13636363636363635,11,,,33.1854893908282,2018,152.0,False,,2013-18,32+
00-0025394,Adrian Peterson,RB,8.49,10,12.375,16.0,33.47296372347707,2018,45.0,True,3.885,2013-18,31+
00-0025396,Ted Ginn,WR,10.74,15,10.5,5.0,33.412731006160165,2018,43.0,False,-0.2400000000000002,2013-18,32+
00-0025399,Marshawn Lynch,RB,11.346666666666668,15,13.666666666666666,6.0,32.38603696098563,2018,21.0,False,2.3199999999999985,2013-18,31+
00-0025549,Brent Celek,TE,2.6666666666666665,12,,,33.62354551676933,2018,60.0,False,,2013-18,32+
00-0026019,Danny Woodhead,RB,7.325,8,,,33.62354551676933,2018,53.0,False,,2013-18,31+
00-0026035,Danny Amendola,WR,9.360000000000001,15,8.494666666666667,15.0,32.85420944558521,2018,53.0,True,-0.865333333333334,2013-18,32+
00-0026143,Matt Ryan,QB,14.25625,16,22.685,16.0,33.31690622861054,2018,19.0,True,8.428749999999999,2013-18,32+
00-0026153,Jonathan Stewart,RB,8.213333333333333,15,0.5666666666666668,3.0,31.474332648870636,2018,46.0,False,-7.6466666666666665,2013-18,31+
00-0026158,Joe Flacco,QB,11.565000000000001,16,15.233333333333336,9.0,33.648186173853524,2018,25.0,True,3.668333333333335,2013-18,32+
00-0026176,Jordy Nelson,WR,9.799999999999999,14,10.546666666666669,15.0,33.27857631759069,2018,49.0,True,0.7466666666666697,2013-18,32+
00-0026184,Matt Forte,RB,10.033333333333333,12,,,32.7501711156742,2018,31.0,False,,2013-18,31+
00-0026189,DeSean Jackson,WR,10.007142857142856,14,12.983333333333334,12.0,31.77549623545517,2018,46.0,True,2.976190476190478,2013-18,30-31
00-0026201,Martellus Bennett,TE,6.511111111111111,9,,,31.50444900752909,2018,25.0,False,,2013-18,30-31
00-0026213,Jamaal Charles,RB,5.1923076923076925,13,1.7,2.0,31.704312114989733,2018,73.0,False,-3.4923076923076923,2013-18,31+
00-0026345,Pierre Garcon,WR,11.4375,8,7.324999999999999,8.0,32.09034907597536,2018,34.0,True,-4.112500000000001,2013-18,32+
00-0026498,Matthew Stafford,QB,17.6025,16,13.26125,16.0,30.590006844626966,2018,7.0,True,-4.341249999999999,2013-18,30-31
00-0026625,Brian Hoyer,QB,6.388,10,-0.10400000000000001,5.0,32.90896646132786,2018,30.0,False,-6.492,2013-18,32+
00-0026901,Mike Wallace,WR,10.280000000000001,15,0.0,1.0,32.10951403148528,2018,44.0,False,-10.280000000000001,2013-18,32+
00-0026983,Darrius Heyward-Bey,WR,1.59,10,0.14999999999999997,8.0,31.537303216974674,2018,137.0,True,-1.4400000000000002,2013-18,30-31
00-0026986,Michael Crabtree,WR,13.215384615384616,13,8.293750000000001,16.0,30.989733059548254,2018,21.0,True,-4.921634615384615,2013-18,30-31
00-0026995,Jeremy Maclin,WR,8.5,12,,,30.33264887063655,2018,59.0,False,,2013-18,30-31
00-0027006,Kenny Britt,WR,4.8,12,,,29.973990417522245,2018,100.0,False,,2013-18,28-29
00-0027029,LeSean McCoy,RB,17.225,16,9.299999999999999,14.0,30.16290212183436,2018,9.0,True,-7.9250000000000025,2013-18,29-30
00-0027057,Brandon Tate,WR,1.5461538461538462,13,0.0,1.0,30.93223819301848,2018,138.0,False,-1.5461538461538462,2013-18,30-31
00-0027061,Jared Cook,TE,8.4875,16,12.475,16.0,31.42778918548939,2018,14.0,True,3.987499999999999,2013-18,30-31
00-0027125,Zach Miller,TE,6.95,8,,,33.93292265571527,2018,24.0,False,,2013-18,32+
00-0027325,LeGarrette Blount,RB,6.9125000000000005,16,5.40625,16.0,31.76454483230664,2018,56.0,True,-1.5062500000000005,2013-18,31+
00-0027531,Chris Ivory,RB,6.05,14,5.6923076923076925,13.0,30.469541409993155,2018,63.0,True,-0.3576923076923073,2013-18,29-30
00-0027656,Rob Gronkowski,TE,17.838461538461537,13,10.323076923076924,13.0,29.32511978097194,2018,1.0,True,-7.5153846153846136,2013-18,28-29
00-0027675,Ed Dickson,TE,5.8,14,5.022222222222222,9.0,31.129363449691994,2018,28.0,True,-0.7777777777777777,2013-18,30-31
00-0027681,Brandon LaFell,WR,7.800000000000001,16,9.375,4.0,31.849418206707735,2018,66.0,False,1.5749999999999993,2013-18,30-31
00-0027685,Emmanuel Sanders,WR,9.666666666666666,12,16.893333333333334,12.0,31.485284052019164,2018,50.0,True,7.226666666666668,2013-18,30-31
00-0027690,Eric Decker,WR,7.268750000000001,16,,,31.49075975359343,2018,69.0,False,,2013-18,30-31
00-0027691,Andre Roberts,WR,0.1375,16,2.36875,16.0,30.6694045174538,2018,151.0,True,2.2312499999999997,2013-18,30-31
00-0027696,Jimmy Graham,TE,10.6875,16,8.25625,16.0,31.794661190965094,2018,7.0,True,-2.4312500000000004,2013-18,30-31
00-0027732,Michael Hoomanawanui,TE,1.911111111111111,9,,,30.184804928131417,2018,70.0,False,,2013-18,30-31
00-0027793,Antonio Brown,WR,23.485714285714288,14,22.08,15.0,30.168377823408623,2018,1.0,True,-1.4057142857142892,2013-18,30-31
00-0027796,Joe Webb,QB,0.5333333333333334,9,0.825,4.0,31.822039698836413,2018,32.0,False,0.2916666666666665,2013-18,30-31
00-0027873,Jermaine Gresham,TE,5.514285714285714,14,2.05,8.0,30.234086242299796,2018,33.0,True,-3.4642857142857144,2013-18,30-31
00-0027874,Demaryius Thomas,WR,12.9625,16,10.546666666666669,15.0,30.71047227926078,2018,22.0,True,-2.4158333333333317,2013-18,30-31
00-0027891,Golden Tate,WR,14.3125,16,12.393333333333334,15.0,30.105407255304584,2018,14.0,True,-1.9191666666666656,2013-18,30-31
00-0027902,Dez Bryant,WR,11.65,16,,,29.848049281314168,2018,30.0,False,,2013-18,28-29
00-0027939,Cam Newton,QB,18.7175,16,20.185714285714287,14.0,29.333333333333332,2018,5.0,True,1.4682142857142857,2013-18,28-29
00-0027942,A.J. Green,WR,14.45625,16,16.933333333333334,9.0,30.11088295687885,2018,11.0,True,2.477083333333333,2013-18,30-31
00-0027944,Julio Jones,WR,16.525,16,21.306250000000002,16.0,29.585215605749486,2018,6.0,True,4.7812500000000036,2013-18,28-29
00-0027966,Mark Ingram,RB,18.125,16,12.375,12.0,28.720054757015742,2018,8.0,True,-5.75,2013-18,27-28
00-0027973,Andy Dalton,QB,13.16875,16,15.867272727272727,11.0,30.86652977412731,2018,21.0,True,2.698522727272728,2013-18,30-31
00-0027981,Kyle Rudolph,TE,9.8875,16,9.55625,16.0,28.83504449007529,2018,9.0,True,-0.33124999999999893,2013-18,28-29
00-0027985,Lance Kendricks,TE,3.164285714285714,14,3.0,14.0,30.611909650924023,2018,53.0,True,-0.16428571428571415,2013-18,30-31
00-0027994,Shane Vereen,RB,5.23125,16,,,29.52498288843258,2018,71.0,False,,2013-18,29-30
00-0027996,Torrey Smith,WR,5.7625,16,6.25,8.0,29.620807665982205,2018,90.0,True,0.4874999999999998,2013-18,28-29
00-0028002,Randall Cobb,WR,11.385714285714286,14,9.755555555555556,9.0,28.05201916495551,2018,35.0,True,-1.6301587301587297,2013-18,28-29
00-0028009,DeMarco Murray,RB,11.633333333333333,15,,,30.576317590691307,2018,20.0,False,,2013-18,29-30
00-0028064,Bilal Powell,RB,10.08,15,8.614285714285714,7.0,29.869952087611225,2018,29.0,False,-1.4657142857142862,2013-18,29-30
00-0028067,Julius Thomas,TE,6.985714285714286,14,,,30.203969883641342,2018,23.0,False,,2013-18,30-31
00-0028083,Jacquizz Rodgers,RB,2.925,16,5.633333333333334,15.0,28.591375770020534,2018,81.0,True,2.708333333333334,2013-18,27-28
00-0028087,Dion Lewis,RB,13.0625,16,10.04375,16.0,27.953456536618756,2018,16.0,True,-3.0187500000000007,2013-18,27-28
00-0028091,Jeremy Kerley,WR,6.2125,8,2.7,1.0,29.83709787816564,2018,81.0,False,-3.5125,2013-18,28-29
00-0028093,Niles Paul,TE,2.0727272727272728,11,3.25,6.0,29.086926762491444,2018,67.0,False,1.1772727272727272,2013-18,28-29
00-0028097,Lee Smith,TE,1.56,10,3.922222222222222,9.0,30.803559206023273,2018,74.0,True,2.362222222222222,2013-18,30-31
00-0028112,Charles Clay,TE,9.100000000000001,13,3.4,11.0,29.571526351813826,2018,11.0,True,-5.700000000000001,2013-18,28-29
00-0028116,Aldrick Robinson,WR,4.071428571428571,14,5.007142857142857,14.0,29.960301163586585,2018,109.0,True,0.9357142857142859,2013-18,28-29
00-0028118,Tyrod Taylor,QB,14.844,15,10.354999999999999,4.0,29.10335386721424,2018,17.0,False,-4.489000000000001,2013-18,28-29
00-0028121,Jordan Todman,RB,0.0,9,,,28.542094455852155,2018,96.0,False,,2013-18,27-28
00-0028142,Virgil Green,TE,3.5545454545454547,11,3.2857142857142856,14.0,30.102669404517453,2018,47.0,True,-0.2688311688311691,2013-18,30-31
00-0028237,Chris Hogan,WR,12.177777777777779,9,7.08,15.0,30.88021902806297,2018,26.0,True,-5.097777777777779,2013-18,30-31
00-0028263,Andre Holmes,WR,4.3,10,2.246153846153846,13.0,30.234086242299796,2018,103.0,True,-2.0538461538461537,2013-18,30-31
00-0028411,Dontrelle Inman,WR,6.529999999999999,10,9.55,8.0,29.607118412046542,2018,75.0,True,3.0200000000000014,2013-18,28-29
00-0028434,Doug Baldwin,WR,14.14375,16,11.023076923076925,13.0,29.968514715947983,2018,16.0,True,-3.120673076923076,2013-18,28-29
00-0028497,Kamar Aiken,WR,2.0214285714285714,14,3.766666666666667,3.0,29.281314168377822,2018,131.0,False,1.7452380952380957,2013-18,28-29
00-0028581,Patrick DiMarco,RB,1.0666666666666667,9,1.2625000000000002,8.0,29.363449691991786,2018,88.0,True,0.19583333333333353,2013-18,29-30
00-0028825,Terrelle Pryor,WR,6.25,8,6.6375,8.0,29.22381930184805,2018,80.0,True,0.3875000000000002,2013-18,28-29
00-0028903,Garrett Celek,TE,5.614285714285714,14,3.25,8.0,30.28336755646817,2018,32.0,True,-2.364285714285714,2013-18,30-31
00-0028986,Case Keenum,QB,15.858666666666666,15,13.43125,16.0,30.562628336755647,2018,13.0,True,-2.427416666666666,2013-18,30-31
00-0028987,Phillip Supernaw,TE,1.5444444444444445,9,,,28.61054072553046,2018,75.0,False,,2013-18,28-29
00-0029000,Cole Beasley,WR,6.093333333333334,15,9.481250000000001,16.0,29.374401095140314,2018,83.0,True,3.3879166666666674,2013-18,28-29
00-0029119,Derek Carrier,TE,1.677777777777778,9,1.9700000000000002,10.0,28.128678986995208,2018,73.0,True,0.29222222222222216,2013-18,28-29
00-0029137,Alshon Jeffery,WR,12.24375,16,14.484615384615385,13.0,28.569472963723477,2018,25.0,True,2.2408653846153843,2013-18,28-29
00-0029141,Alfred Morris,RB,5.7846153846153845,13,6.463636363636363,11.0,29.744010951403148,2018,66.0,True,0.6790209790209785,2013-18,29-30
00-0029159,Jermaine Kearse,WR,11.1875,16,6.161538461538462,13.0,28.591375770020534,2018,40.0,True,-5.025961538461538,2013-18,28-29
00-0029239,Brandon Bolden,RB,0.7636363636363637,11,3.266666666666667,9.0,28.621492128678987,2018,89.0,True,2.5030303030303034,2013-18,27-28
00-0029263,Russell Wilson,QB,22.245,16,18.71375,16.0,29.779603011635867,2018,1.0,True,-3.53125,2013-18,28-29
00-0029269,Travis Benjamin,WR,8.2375,16,3.391666666666667,12.0,28.698151950718685,2018,61.0,True,-4.845833333333333,2013-18,28-29
00-0029293,Marvin Jones,WR,14.35,16,13.033333333333335,9.0,28.49828884325804,2018,13.0,True,-1.3166666666666647,2013-18,28-29
00-0029319,Josh Bellamy,WR,6.2,11,2.4071428571428575,14.0,29.31416837782341,2018,82.0,True,-3.7928571428571427,2013-18,28-29
00-0029336,Brittan Golden,WR,1.3333333333333333,9,,,30.140999315537304,2018,140.0,False,,2013-18,30-31
00-0029388,Deonte Thompson,WR,6.65625,16,2.5461538461538464,13.0,29.568788501026695,2018,73.0,True,-4.110096153846154,2013-18,28-29
00-0029572,Jarius Wright,WR,4.1499999999999995,12,6.1,16.0,28.791238877481177,2018,106.0,True,1.9500000000000002,2013-18,28-29
00-0029580,Rishard Matthews,WR,11.264285714285716,14,1.2333333333333334,6.0,28.91170431211499,2018,39.0,False,-10.030952380952382,2013-18,28-29
00-0029587,Rhett Ellison,TE,4.25,14,4.63076923076923,13.0,29.935660506502394,2018,41.0,True,0.3807692307692303,2013-18,28-29
00-0029604,Kirk Cousins,QB,17.35125,16,18.695,16.0,30.05886379192334,2018,9.0,True,1.34375,2013-18,30-31
00-0029608,T.Y. Hilton,WR,11.35,16,17.607142857142858,14.0,28.82135523613963,2018,37.0,True,6.257142857142858,2013-18,28-29
00-0029613,Doug Martin,RB,6.909090909090909,11,7.86875,16.0,29.65639972621492,2018,57.0,True,0.9596590909090912,2013-18,29-30
00-0029615,Lamar Miller,RB,12.09375,16,13.185714285714285,14.0,27.378507871321013,2018,18.0,True,1.091964285714285,2013-18,27-28
00-0029632,Mohamed Sanu,WR,11.622666666666667,15,11.49375,16.0,29.05133470225873,2018,31.0,True,-0.128916666666667,2013-18,28-29
00-0029634,James Hanna,TE,1.8800000000000001,10,,,29.15811088295688,2018,71.0,False,,2013-18,28-29
00-0029638,Michael Floyd,WR,1.78,10,2.8,10.0,28.78576317590691,2018,134.0,True,1.0199999999999998,2013-18,28-29
00-0029689,Dwayne Allen,TE,2.0500000000000003,12,1.425,4.0,28.542094455852155,2018,68.0,False,-0.6250000000000002,2013-18,28-29
00-0029697,Coby Fleener,TE,5.7727272727272725,11,,,29.971252566735114,2018,29.0,False,,2013-18,28-29
00-0029708,Kendall Wright,WR,8.526666666666667,15,,,28.826830937713893,2018,58.0,False,,2013-18,28-29
00-0029731,Fozzy Whittaker,RB,1.75,10,,,29.60164271047228,2018,85.0,False,,2013-18,29-30
00-0029738,Darren Fells,TE,3.7642857142857147,14,4.07,10.0,32.38603696098563,2018,44.0,True,0.3057142857142856,2013-18,32+
00-0029793,Brandon Williams,TE,2.5100000000000002,10,,,30.913073237508556,2018,63.0,False,,2013-18,30-31
00-0029795,Benny Cunningham,RB,4.064285714285714,14,0.43333333333333335,9.0,28.177960301163587,2018,77.0,True,-3.6309523809523805,2013-18,27-28
00-0029854,C.J. Anderson,RB,11.31875,16,8.155555555555557,9.0,27.581108829568787,2018,22.0,True,-3.163194444444443,2013-18,27-28
00-0030035,Adam Thielen,WR,15.356250000000001,16,20.05,16.0,28.05201916495551,2018,10.0,True,4.69375,2013-18,28-29
00-0030061,Zach Ertz,TE,14.564285714285715,14,17.9875,16.0,27.83299110198494,2018,3.0,True,3.4232142857142858,2013-18,25-27
00-0030068,Marquise Goodwin,WR,10.81875,16,8.081818181818182,11.0,27.808350444900753,2018,42.0,True,-2.7369318181818176,2013-18,25-27
00-0030085,Kenny Stills,WR,11.0125,16,9.161333333333335,15.0,26.38466803559206,2018,41.0,True,-1.8511666666666642,2013-18,25-27
00-0030089,Luke Willson,TE,3.8785714285714286,14,2.17,10.0,28.65160848733744,2018,43.0,True,-1.7085714285714286,2013-18,28-29
00-0030091,Tavarres King,WR,7.5375000000000005,8,,,28.15879534565366,2018,67.0,False,,2013-18,28-29
00-0030107,Theo Riddick,RB,9.625,16,8.321428571428571,14.0,27.353867214236825,2018,34.0,True,-1.3035714285714288,2013-18,27-28
00-0030117,Kerwynn Williams,RB,4.24375,16,,,27.255304585900067,2018,76.0,False,,2013-18,27-28
00-0030147,Russell Shepard,WR,3.006666666666667,15,5.1,8.0,27.980835044490075,2018,120.0,True,2.093333333333333,2013-18,25-27
00-0030155,Demetrius Harris,TE,3.56923076923077,13,3.0933333333333337,15.0,27.11841204654346,2018,46.0,True,-0.47589743589743616,2013-18,25-27
00-0030181,Jack Doyle,TE,11.366666666666667,15,10.083333333333334,6.0,28.35044490075291,2018,5.0,False,-1.2833333333333332,2013-18,28-29
00-0030216,Josh Hill,TE,2.475,12,3.375,12.0,28.306639288158795,2018,64.0,True,0.8999999999999999,2013-18,28-29
00-0030279,Keenan Allen,WR,18.04375,16,17.64,15.0,26.3709787816564,2018,3.0,True,-0.4037499999999987,2013-18,25-27
00-0030287,Andre Ellington,RB,7.945454545454546,11,,,29.598904859685145,2018,49.0,False,,2013-18,29-30
00-0030288,Rex Burkhead,RB,12.98,10,6.2125,8.0,28.191649555099247,2018,17.0,True,-6.7675,2013-18,27-28
00-0030300,Jaron Brown,WR,6.5125,16,5.05,12.0,28.670773442847366,2018,76.0,True,-1.4625000000000004,2013-18,28-29
00-0030404,Chris Thompson,RB,15.84,10,9.16,10.0,27.890485968514717,2018,10.0,True,-6.68,2013-18,27-28
00-0030422,Dion Sims,TE,3.25,12,0.9666666666666667,3.0,27.55920602327173,2018,52.0,False,-2.283333333333333,2013-18,25-27
00-0030431,Robert Woods,WR,13.858333333333334,12,16.88125,16.0,26.417522245037645,2018,18.0,True,3.022916666666667,2013-18,25-27
00-0030433,Mike Gillislee,RB,7.644444444444444,9,1.05,4.0,27.857631759069132,2018,50.0,False,-6.594444444444444,2013-18,27-28
00-0030443,Levine Toilolo,TE,3.02,10,4.845454545454545,11.0,27.11567419575633,2018,55.0,True,1.8254545454545448,2013-18,25-27
00-0030456,Giovani Bernard,RB,9.66875,16,7.991666666666667,12.0,26.80082135523614,2018,33.0,True,-1.6770833333333321,2013-18,25-26
00-0030465,Kenjon Barner,RB,1.7153846153846155,13,0.9333333333333333,9.0,29.36892539356605,2018,86.0,True,-0.7820512820512822,2013-18,29-30
00-0030470,Vance McDonald,TE,3.88,10,8.966666666666667,15.0,28.243668720054757,2018,42.0,True,5.086666666666667,2013-18,28-29
00-0030485,Eddie Lacy,RB,3.177777777777778,9,,,28.27378507871321,2018,79.0,False,,2013-18,27-28
00-0030496,Le'Veon Bell,RB,23.793333333333337,15,,,26.559890485968516,2018,2.0,False,,2013-18,25-26
00-0030506,Travis Kelce,TE,15.966666666666667,15,18.88125,16.0,28.930869267624914,2018,2.0,True,2.9145833333333346,2013-18,28-29
00-0030513,Latavius Murray,RB,10.21875,16,8.43125,16.0,28.643394934976044,2018,28.0,True,-1.7874999999999996,2013-18,27-28
00-0030516,Brice Butler,WR,4.976923076923077,13,3.0,6.0,28.61327857631759,2018,96.0,False,-1.976923076923077,2013-18,28-29
00-0030525,Tavon Austin,WR,3.6214285714285714,14,5.642857142857143,7.0,28.490075290896645,2018,113.0,False,2.021428571428572,2013-18,28-29
00-0030542,Terrance Williams,WR,7.05,16,1.9000000000000001,2.0,28.97741273100616,2018,70.0,False,-5.1499999999999995,2013-18,28-29
00-0030564,DeAndre Hopkins,WR,21.586666666666666,15,21.5,16.0,26.261464750171115,2018,2.0,True,-0.086666666666666,2013-18,25-27
00-0030578,Cordarrelle Patterson,RB,5.375,16,6.566666666666666,15.0,27.485284052019164,2018,69.0,True,1.1916666666666664,2013-18,27-28
00-0030656,Isaiah Crowell,RB,9.15625,16,11.66923076923077,13.0,25.67008898015058,2018,39.0,True,2.5129807692307704,2013-18,25-26
00-0030663,Willie Snead,WR,2.15,8,8.96,15.0,25.897330595482547,2018,128.0,True,6.8100000000000005,2013-18,25-27
00-0030668,Charcandrick West,RB,6.1000000000000005,12,5.800000000000001,2.0,27.274469541409992,2018,62.0,False,-0.2999999999999998,2013-18,27-28
00-0030669,Albert Wilson,WR,9.038461538461538,13,14.040000000000001,7.0,26.16290212183436,2018,54.0,False,5.001538461538463,2013-18,25-27
00-0030670,Bennie Fowler,WR,5.125,16,4.1899999999999995,10.0,27.252566735112936,2018,93.0,True,-0.9350000000000005,2013-18,25-27
00-0030710,Trey Burton,TE,5.7,14,9.2875,16.0,26.86652977412731,2018,31.0,True,3.5874999999999995,2013-18,25-27
00-0030711,David Fluellen,RB,0.2625,8,0.32,5.0,26.61738535249829,2018,94.0,False,0.057499999999999996,2013-18,25-26
00-0030743,Bernard Reedy,WR,0.5272727272727273,11,,,26.694045174537987,2018,148.0,False,,2013-18,25-27
00-0030801,Brandon Coleman,WR,4.8933333333333335,15,,,26.217659137577,2018,99.0,False,,2013-18,25-27
00-0030821,Allen Hurns,WR,10.09,10,4.392857142857143,14.0,26.82819986310746,2018,45.0,True,-5.697142857142857,2013-18,25-27
00-0030860,Orleans Darkwa,RB,9.580000000000002,15,,,26.532511978097194,2018,35.0,False,,2013-18,25-26
00-0030874,Damien Williams,RB,5.96,10,7.815384615384615,13.0,26.43668720054757,2018,64.0,True,1.8553846153846152,2013-18,25-26
00-0031001,Jeff Janis,WR,0.4,8,,,27.21423682409309,2018,149.0,False,,2013-18,25-27
00-0031025,Michael Campanaro,WR,4.038461538461538,13,,,27.6249144421629,2018,110.0,False,,2013-18,25-27
00-0031035,Xavier Grimble,TE,1.775,8,1.5750000000000002,8.0,25.965776865160848,2018,72.0,True,-0.19999999999999973,2013-18,25-27
00-0031044,Troy Niklas,TE,2.7454545454545456,11,,,25.976728268309376,2018,59.0,False,,2013-18,25-27
00-0031045,Carlos Hyde,RB,14.8,16,7.028571428571429,14.0,27.972621492128678,2018,11.0,True,-7.771428571428571,2013-18,27-28
00-0031051,John Brown,WR,6.99,10,9.18125,16.0,28.438056125941138,2018,71.0,True,2.19125,2013-18,28-29
00-0031060,De'Anthony Thomas,WR,2.9071428571428575,14,2.5,5.0,25.678302532511978,2018,122.0,False,-0.4071428571428575,2013-18,25-27
00-0031062,James White,RB,9.571428571428571,14,17.2875,16.0,26.600958247775495,2018,36.0,True,7.71607142857143,2013-18,25-26
00-0031064,Tom Savage,QB,6.335,8,,,28.3750855578371,2018,31.0,False,,2013-18,28-29
00-0031068,Ryan Grant,WR,7.893750000000001,16,5.314285714285715,14.0,27.72621492128679,2018,64.0,True,-2.5794642857142858,2013-18,25-27
00-0031075,Alfred Blue,RB,5.288888888888889,9,6.081250000000001,16.0,27.37303216974675,2018,70.0,True,0.792361111111112,2013-18,27-28
00-0031166,Seth Roberts,WR,6.033333333333333,15,7.126666666666667,15.0,27.548254620123203,2018,84.0,True,1.0933333333333337,2013-18,25-27
00-0031189,T.J. Jones,WR,5.992307692307692,13,4.166666666666667,12.0,26.143737166324435,2018,86.0,True,-1.8256410256410254,2013-18,25-27
00-0031209,Senorise Perry,RB,0.5375000000000001,8,0.0,11.0,26.976043805612594,2018,93.0,True,-0.5375000000000001,2013-18,25-26
00-0031228,Taylor Gabriel,WR,5.10625,16,9.68125,16.0,27.561943874058862,2018,94.0,True,4.575,2013-18,25-27
00-0031236,Brandin Cooks,WR,14.0125,16,16.71333333333333,15.0,24.958247775496236,2018,17.0,True,2.700833333333332,2013-18,25-27
00-0031257,Paul Richardson,WR,9.4875,16,8.442857142857143,7.0,26.409308692676248,2018,52.0,False,-1.0446428571428577,2013-18,25-27
00-0031273,Cameron Brate,TE,8.94375,16,6.193333333333333,15.0,27.189596167008897,2018,12.0,True,-2.7504166666666663,2013-18,25-27
00-0031277,Branden Oliver,RB,2.1125,8,,,27.345653661875428,2018,83.0,False,,2013-18,27-28
00-0031280,Derek Carr,QB,14.296,15,14.0475,16.0,27.45516769336071,2018,18.0,True,-0.24849999999999994,2013-18,25-27
00-0031285,Devonta Freeman,RB,14.72857142857143,14,7.050000000000001,2.0,26.48870636550308,2018,12.0,False,-7.678571428571429,2013-18,25-26
00-0031299,Jordan Matthews,TE,5.720000000000001,10,5.636363636363637,11.0,26.151950718685832,2018,30.0,True,-0.08363636363636395,2013-18,25-27
00-0031325,Sammy Watkins,WR,9.853333333333333,15,11.81,10.0,25.240246406570844,2018,48.0,True,1.956666666666667,2013-18,25-27
00-0031326,Bruce Ellington,WR,6.881818181818182,11,8.514285714285714,7.0,27.052703627652292,2018,72.0,False,1.6324675324675324,2013-18,25-27
00-0031339,Donte Moncrief,WR,6.425,12,8.39375,16.0,25.09514031485284,2018,77.0,True,1.9687500000000009,2013-18,25-27
00-0031344,Cody Latimer,WR,5.609090909090909,11,6.0,6.0,25.916495550992472,2018,92.0,False,0.39090909090909065,2013-18,25-27
00-0031359,Kelvin Benjamin,WR,9.542857142857143,14,4.6,15.0,27.59479808350445,2018,51.0,True,-4.942857142857143,2013-18,25-27
00-0031373,Martavis Bryant,WR,8.833333333333334,15,6.557142857142858,7.0,26.72416153319644,2018,55.0,False,-2.276190476190476,2013-18,25-27
00-0031376,Jerick McKinnon,RB,11.225,16,,,26.354551676933607,2018,24.0,False,,2013-18,25-26
00-0031381,Davante Adams,WR,16.0,14,22.473333333333336,15.0,25.711156741957563,2018,9.0,True,6.473333333333336,2013-18,25-27
00-0031382,Jarvis Landry,WR,16.25,16,13.945,16.0,25.782340862423,2018,8.0,True,-2.3049999999999997,2013-18,25-27
00-0031384,Richard Rodgers,TE,3.4,10,0.8500000000000001,2.0,26.633812457221083,2018,49.0,False,-2.55,2013-18,25-27
00-0031387,Eric Ebron,TE,8.275,16,13.98125,16.0,25.418206707734427,2018,15.0,True,5.706249999999999,2013-18,25-27
00-0031390,Charles Sims,RB,4.8933333333333335,15,,,27.975359342915812,2018,74.0,False,,2013-18,27-28
00-0031407,Blake Bortles,QB,15.605,16,13.94,13.0,26.368240930869266,2018,15.0,True,-1.665000000000001,2013-18,25-27
00-0031408,Mike Evans,WR,13.639999999999999,15,18.525000000000002,16.0,25.05407255304586,2018,19.0,True,4.885000000000003,2013-18,25-27
00-0031418,Austin Seferian-Jenkins,TE,7.823076923076924,13,5.2,5.0,25.946611909650922,2018,16.0,False,-2.6230769230769235,2013-18,25-27
00-0031431,Marqise Lee,WR,11.376923076923077,13,,,26.792607802874745,2018,36.0,False,,2013-18,25-27
00-0031503,Jameis Winston,QB,15.512307692307692,13,17.798181818181817,11.0,24.67624914442163,2018,16.0,True,2.285874125874125,2013-18,25-27
00-0031514,Quan Bray,WR,0.7666666666666667,9,,,25.36892539356605,2018,146.0,False,,2013-18,25-27
00-0031544,Amari Cooper,WR,11.992857142857144,14,15.2,15.0,24.23271731690623,2018,28.0,True,3.2071428571428555,2013-18,<=24
00-0031547,DeVante Parker,WR,10.0,13,5.672727272727273,11.0,25.637234770704996,2018,47.0,True,-4.327272727272727,2013-18,25-27
00-0031549,Nelson Agholor,WR,11.8125,16,10.43125,16.0,25.297741273100616,2018,29.0,True,-1.3812499999999996,2013-18,25-27
00-0031558,Maxx Williams,TE,2.8200000000000003,10,3.71,10.0,24.413415468856947,2018,58.0,True,0.8899999999999997,2013-18,<=24
00-0031570,Justin Hardy,WR,6.01,10,2.4562500000000003,16.0,26.729637234770706,2018,85.0,True,-3.5537499999999995,2013-18,25-27
00-0031577,Javorius Allen,RB,10.38125,16,7.200000000000001,13.0,27.039014373716633,2018,26.0,True,-3.1812499999999986,2013-18,27-28
00-0031588,Stefon Diggs,WR,14.264285714285714,14,18.153333333333332,15.0,24.78028747433265,2018,15.0,True,3.889047619047618,2013-18,25-27
00-0031589,Brett Hundley,QB,11.312727272727273,11,,,25.23750855578371,2018,27.0,False,,2013-18,25-27
00-0031590,Jay Ajayi,RB,10.078571428571427,14,10.85,4.0,25.23750855578371,2018,30.0,False,0.7714285714285722,2013-18,25-26
00-0031598,Nick Boyle,TE,3.3533333333333335,15,3.6916666666666664,12.0,25.560574948665298,2018,50.0,True,0.33833333333333293,2013-18,25-27
00-0031599,Cameron Artis-Payne,RB,2.0875000000000004,8,4.3500000000000005,4.0,28.216290212183434,2018,84.0,False,2.2625,2013-18,27-28
00-0031609,A.J. Derby,TE,5.036363636363636,11,4.6000000000000005,3.0,26.973305954825463,2018,35.0,False,-0.4363636363636356,2013-18,25-27
00-0031687,Raheem Mostert,RB,0.11111111111111113,9,4.825,8.0,26.420260095824776,2018,95.0,True,4.7138888888888895,2013-18,25-26
00-0031690,Eric Tomlinson,TE,2.9000000000000004,9,1.2666666666666668,12.0,26.38466803559206,2018,56.0,True,-1.6333333333333335,2013-18,25-27
00-0031697,Jordan Taylor,WR,2.7199999999999998,10,,,26.559890485968516,2018,124.0,False,,2013-18,25-27
00-0031731,Corey Grant,RB,3.135714285714286,14,3.9400000000000004,5.0,26.72689938398357,2018,80.0,False,0.8042857142857143,2013-18,25-26
00-0031743,Akeem Hunt,RB,0.6714285714285715,14,,,25.54688569472964,2018,90.0,False,,2013-18,25-26
00-0031782,Eli Rogers,WR,3.2416666666666667,12,7.166666666666667,3.0,25.713894592744694,2018,114.0,False,3.9250000000000003,2013-18,25-27
00-0031806,Malcolm Brown,RB,4.627272727272727,11,3.5818181818181816,11.0,25.322381930184804,2018,75.0,True,-1.0454545454545454,2013-18,25-26
00-0031868,Damiere Byrd,WR,4.9625,8,0.2571428571428572,7.0,25.61806981519507,2018,97.0,False,-4.705357142857143,2013-18,25-27
00-0031897,Thomas Rawls,RB,3.566666666666667,9,,,25.10335386721424,2018,78.0,False,,2013-18,25-26
00-0031900,Rod Smith,RB,7.223076923076923,13,2.4071428571428575,14.0,26.666666666666668,2018,54.0,True,-4.815934065934066,2013-18,25-26
00-0031941,Jamison Crowder,WR,11.286666666666667,15,9.200000000000001,9.0,25.232032854209447,2018,38.0,True,-2.086666666666666,2013-18,25-27
00-0031951,James O'Shaughnessy,TE,2.1812500000000004,16,3.2428571428571433,14.0,26.65571526351814,2018,65.0,True,1.061607142857143,2013-18,25-27
00-0032009,Adam Humphries,WR,8.137500000000001,16,11.79375,16.0,25.21286789869952,2018,62.0,True,3.6562499999999982,2013-18,25-27
00-0032054,Breshad Perriman,WR,1.6090909090909091,11,6.220000000000001,10.0,24.999315537303218,2018,136.0,True,4.610909090909091,2013-18,25-27
00-0032055,Devin Funchess,WR,12.28125,16,8.778571428571428,14.0,24.306639288158795,2018,24.0,True,-3.5026785714285715,2013-18,<=24
00-0032058,Tevin Coleman,RB,11.180000000000001,15,12.475,16.0,25.401779603011637,2018,25.0,True,1.2949999999999982,2013-18,25-26
00-0032098,Daniel Brown,TE,2.5900000000000003,10,0.0,1.0,26.29158110882957,2018,62.0,False,-2.5900000000000003,2013-18,25-27
00-0032104,Ameer Abdullah,RB,8.885714285714286,14,0.6555555555555556,9.0,25.242984257357975,2018,41.0,True,-8.230158730158731,2013-18,25-26
00-0032112,J.J. Nelson,WR,5.9375,16,1.4888888888888887,9.0,26.379192334017795,2018,89.0,True,-4.448611111111111,2013-18,25-27
00-0032115,Kaelin Clay,WR,1.784615384615385,13,0.0,2.0,26.688569472963724,2018,133.0,False,-1.784615384615385,2013-18,25-27
00-0032117,Nick O'Leary,TE,4.938461538461539,13,3.766666666666667,6.0,26.026009582477755,2018,37.0,False,-1.1717948717948716,2013-18,25-27
00-0032134,C.J. Uzomah,TE,2.1,12,6.55625,16.0,25.65366187542779,2018,66.0,True,4.456250000000001,2013-18,25-27
00-0032135,Jesse James,TE,7.014285714285714,14,5.72,15.0,24.268309377138944,2018,22.0,True,-1.2942857142857145,2013-18,<=24
00-0032144,Melvin Gordon,RB,18.38125,16,23.833333333333332,12.0,25.409993155373034,2018,7.0,True,5.452083333333331,2013-18,25-26
00-0032156,Trevor Siemian,QB,11.463636363636365,11,,,26.70773442847365,2018,26.0,False,,2013-18,25-27
00-0032160,Tyrell Williams,WR,8.8,16,9.386666666666667,15.0,26.576317590691307,2018,56.0,True,0.586666666666666,2013-18,25-27
00-0032188,Vince Mayle,TE,0.5166666666666667,12,,,27.247091033538673,2018,78.0,False,,2013-18,25-27
00-0032200,Ty Montgomery,WR,11.45,8,5.638461538461538,13.0,25.631759069130734,2018,33.0,True,-5.811538461538461,2013-18,25-27
00-0032208,Phillip Dorsett,WR,2.9181818181818184,11,7.445454545454546,11.0,25.678302532511978,2018,121.0,True,4.527272727272727,2013-18,25-27
00-0032209,T.J. Yeldon,RB,9.07,10,12.364285714285716,14.0,24.93908281998631,2018,40.0,True,3.2942857142857154,2013-18,25-26
00-0032211,Tyler Lockett,WR,7.862500000000001,16,13.99375,16.0,25.949349760438057,2018,65.0,True,6.13125,2013-18,25-27
00-0032214,Tyler Kroft,TE,7.775,16,1.52,5.0,25.90280629705681,2018,18.0,False,-6.255000000000001,2013-18,25-27
00-0032227,Jeff Heuerman,TE,3.5200000000000005,10,6.463636363636363,11.0,25.793292265571527,2018,48.0,True,2.9436363636363625,2013-18,25-27
00-0032241,Todd Gurley,RB,26.853333333333335,15,28.22142857142857,14.0,24.10403832991102,2018,1.0,True,1.3680952380952363,2013-18,<=24
00-0032257,Duke Johnson,RB,13.50625,16,8.25,16.0,24.9637234770705,2018,14.0,True,-5.25625,2013-18,25-26
00-0032268,Marcus Mariota,QB,14.032,15,12.565714285714288,14.0,24.862422997946613,2018,20.0,True,-1.4662857142857124,2013-18,25-27
00-0032319,Ross Travis,TE,1.3272727272727274,11,,,25.66735112936345,2018,76.0,False,,2013-18,25-27
00-0032355,Chester Rogers,WR,5.970000000000001,10,7.31875,16.0,24.659822039698838,2018,88.0,True,1.348749999999999,2013-18,25-27
00-0032385,Sterling Shepard,WR,13.545454545454545,11,11.59375,16.0,25.579739904175224,2018,20.0,True,-1.951704545454545,2013-18,25-27
00-0032392,Austin Hooper,TE,7.56875,16,10.1875,16.0,23.865845311430526,2018,20.0,True,2.6187500000000004,2013-18,<=24
00-0032394,Nick Vannett,TE,3.04,10,4.926666666666667,15.0,25.51403148528405,2018,54.0,True,1.8866666666666667,2013-18,25-27
00-0032398,Chris Moore,WR,4.607692307692308,13,3.0866666666666664,15.0,25.234770704996578,2018,101.0,True,-1.5210256410256418,2013-18,25-27
00-0032417,Paul Perkins,RB,2.7,8,,,23.81656399726215,2018,82.0,False,,2013-18,<=24
00-0032423,Trevor Davis,WR,0.8866666666666667,15,0.0,2.0,25.1854893908282,2018,145.0,False,-0.8866666666666667,2013-18,25-27
00-0032426,Alex Collins,RB,11.8,15,10.860000000000001,10.0,24.041067761806982,2018,19.0,True,-0.9399999999999995,2013-18,<=24
00-0032429,Jerell Adams,TE,1.9111111111111114,9,,,25.691991786447637,2018,69.0,False,,2013-18,25-27
00-0032430,David Morgan,TE,2.8333333333333335,9,1.4333333333333333,6.0,25.311430527036276,2018,57.0,False,-1.4000000000000001,2013-18,25-27
00-0032464,Kalif Raymond,WR,0.2625,8,,,24.09034907597536,2018,150.0,False,,2013-18,<=24
00-0032475,Tanner McEvoy,WR,1.23,10,0.0,1.0,25.620807665982205,2018,142.0,False,-1.23,2013-18,25-27
00-0032543,Alex Erickson,WR,2.35,16,2.4312500000000004,16.0,25.842573579739906,2018,125.0,True,0.08125000000000027,2013-18,25-27
00-0032602,J.D. McKissic,RB,8.108333333333334,12,0.26666666666666666,3.0,25.07049965776865,2018,47.0,False,-7.841666666666668,2013-18,25-26
00-0032626,Geronimo Allison,WR,3.983333333333334,12,12.459999999999999,5.0,24.643394934976044,2018,111.0,False,8.476666666666665,2013-18,25-27
00-0032659,Roger Lewis,WR,5.973333333333334,15,,,24.78576317590691,2018,87.0,False,,2013-18,25-27
00-0032688,Robbie Chosen,WR,12.78125,16,11.385714285714286,14.0,25.338809034907598,2018,23.0,True,-1.3955357142857139,2013-18,25-27
00-0032725,Stephen Anderson,TE,4.6571428571428575,14,,,25.609856262833677,2018,39.0,False,,2013-18,25-27
00-0032741,Peyton Barber,RB,6.335714285714286,14,9.58125,16.0,24.53388090349076,2018,59.0,True,3.2455357142857144,2013-18,25-26
00-0032760,Josh Doctson,WR,7.986666666666666,15,7.28,15.0,25.76865160848734,2018,63.0,True,-0.7066666666666661,2013-18,25-27
00-0032764,Derrick Henry,RB,8.8125,16,13.272499999999999,16.0,24.681724845995895,2018,42.0,True,4.459999999999999,2013-18,25-26
00-0032765,Michael Thomas,WR,16.34375,16,20.5,16.0,25.522245037645447,2018,7.0,True,4.15625,2013-18,25-27
00-0032775,Demarcus Robinson,WR,4.220000000000001,10,5.3428571428571425,14.0,23.969883641341546,2018,104.0,True,1.1228571428571419,2013-18,<=24
00-0032780,Jordan Howard,RB,13.41875,16,11.625,16.0,23.854893908281998,2018,15.0,True,-1.7937499999999993,2013-18,<=24
00-0032782,Wendell Smallwood,RB,5.8375,8,7.96,15.0,24.637919233401778,2018,65.0,True,2.1224999999999996,2013-18,25-26
00-0032791,Jakeem Grant,WR,3.2,15,7.2299999999999995,10.0,25.861738535249827,2018,115.5,True,4.029999999999999,2013-18,25-27
00-0032794,Danny Vitale,RB,0.5444444444444445,9,0.6,2.0,24.87337440109514,2018,92.0,False,0.05555555555555547,2013-18,25-26
00-0032881,Tommylee Lewis,WR,2.0714285714285716,14,2.0,7.0,25.87816563997262,2018,129.0,False,-0.07142857142857162,2013-18,25-27
00-0032935,Johnny Holton,WR,3.2,14,0.0,1.0,27.052703627652292,2018,115.5,False,-3.2,2013-18,25-27
00-0032940,DeAndre Washington,RB,5.666666666666667,15,1.425,8.0,25.54688569472964,2018,67.0,True,-4.241666666666667,2013-18,25-26
00-0032950,Carson Wentz,QB,21.672307692307694,13,17.60545454545455,11.0,25.694729637234772,2018,2.0,True,-4.066853146853145,2013-18,25-27
00-0032951,Laquon Treadwell,WR,3.076923076923077,13,4.746666666666667,15.0,23.241615331964407,2018,119.0,True,1.66974358974359,2013-18,<=24
00-0032966,Corey Coleman,WR,7.277777777777778,9,1.575,8.0,24.18069815195072,2018,68.0,True,-5.7027777777777775,2013-18,<=24
00-0032972,Devontae Booker,RB,7.0307692307692315,13,5.4875,16.0,26.288843258042437,2018,55.0,True,-1.5432692307692317,2013-18,25-26
00-0032977,Rashard Higgins,WR,4.8999999999999995,14,9.092307692307692,13.0,23.926078028747433,2018,98.0,True,4.1923076923076925,2013-18,<=24
00-0033006,Jaydon Mickens,WR,3.1700000000000004,10,0.0,6.0,24.38877481177276,2018,117.0,False,-3.1700000000000004,2013-18,<=24
00-0033009,Tyler Boyd,WR,5.65,10,16.114285714285717,14.0,23.81930184804928,2018,91.0,True,10.464285714285717,2013-18,<=24
00-0033025,Jalen Richard,RB,5.6312500000000005,16,9.7875,16.0,24.903490759753595,2018,68.0,True,4.156249999999999,2013-18,25-26
00-0033040,Tyreek Hill,WR,16.746666666666666,15,21.84375,16.0,24.528405201916495,2018,4.0,True,5.097083333333334,2013-18,25-27
00-0033045,Ezekiel Elliott,RB,21.82,10,23.34,15.0,23.137577002053387,2018,3.0,True,1.5199999999999996,2013-18,<=24
00-0033069,Braxton Miller,WR,4.130000000000001,10,,,25.776865160848732,2018,107.0,False,,2013-18,25-27
00-0033077,Dak Prescott,QB,16.29125,16,18.368750000000002,16.0,25.117043121149898,2018,12.0,True,2.0775000000000006,2013-18,25-27
00-0033079,Ricardo Louis,WR,4.478571428571429,14,,,24.468172484599588,2018,102.0,False,,2013-18,<=24
00-0033080,Seth DeValve,TE,4.78125,16,2.628571428571429,7.0,25.61259411362081,2018,38.0,False,-2.152678571428571,2013-18,25-27
00-0033090,Hunter Henry,TE,10.575000000000001,12,,,23.759069130732374,2018,8.0,False,,2013-18,<=24
00-0033106,Jared Goff,QB,17.017333333333333,15,20.395,16.0,23.906913073237508,2018,10.0,True,3.3776666666666664,2013-18,<=24
00-0033110,Tyler Higbee,TE,4.321428571428571,14,4.6571428571428575,14.0,25.689253935660506,2018,40.0,True,0.3357142857142863,2013-18,25-27
00-0033111,Pharoh Cooper,WR,1.625,16,0.0,7.0,23.512662559890487,2018,135.0,False,-1.625,2013-18,<=24
00-0033118,Kenyan Drake,RB,9.26875,16,12.887500000000001,16.0,24.621492128678987,2018,38.0,True,3.6187500000000004,2013-18,25-26
00-0033119,Jacoby Brissett,QB,12.870000000000001,16,-0.15500000000000003,4.0,25.746748802190282,2018,23.0,False,-13.025,2013-18,25-27
00-0033127,Will Fuller,WR,11.47,10,15.828571428571431,7.0,24.40246406570842,2018,32.0,False,4.35857142857143,2013-18,<=24
00-0033280,Christian McCaffrey,RB,14.38125,16,25.03125,16.0,22.258726899383984,2018,13.0,True,10.65,2013-18,<=24
00-0033282,Curtis Samuel,WR,4.1125,8,10.676923076923078,13.0,22.080766598220396,2018,108.0,True,6.564423076923078,2013-18,<=24
00-0033288,George Kittle,TE,7.2,15,16.95,16.0,24.919917864476385,2018,21.0,True,9.75,2013-18,25-27
00-0033292,Trent Taylor,WR,6.533333333333333,15,4.26923076923077,13.0,24.36413415468857,2018,74.0,True,-2.264102564102563,2013-18,<=24
00-0033293,Aaron Jones,RB,8.6,10,14.533333333333333,12.0,23.772758384668034,2018,44.0,True,5.933333333333334,2013-18,<=24
00-0033295,Elijah McGuire,RB,5.213333333333334,15,10.7375,8.0,24.27652292950034,2018,72.0,True,5.524166666666667,2013-18,<=24
00-0033306,Victor Bolden,WR,0.0,8,0.6666666666666666,3.0,23.43600273785079,2018,153.0,False,0.6666666666666666,2013-18,<=24
00-0033307,Kendrick Bourne,WR,4.17,10,7.16875,16.0,23.10198494182067,2018,105.0,True,2.9987500000000002,2013-18,<=24
00-0033308,Matt Breida,RB,6.46875,16,12.25,14.0,23.531827515400412,2018,58.0,True,5.78125,2013-18,<=24
00-0033387,Jacob Hollister,TE,0.6692307692307692,13,3.0666666666666664,3.0,24.810403832991103,2018,77.0,False,2.3974358974358974,2013-18,25-27
00-0033466,Isaiah McKenzie,WR,0.6636363636363637,11,6.8125,8.0,23.422313483915126,2018,147.0,True,6.148863636363636,2013-18,<=24
00-0033526,Samaje Perine,RB,8.807692307692308,13,1.675,4.0,22.98425735797399,2018,43.0,False,-7.1326923076923086,2013-18,<=24
00-0033536,Mike Williams,WR,2.277777777777778,9,11.2625,16.0,23.93429158110883,2018,127.0,True,8.98472222222222,2013-18,<=24
00-0033553,James Conner,RB,1.2000000000000002,12,22.692307692307693,13.0,23.351129363449694,2018,87.0,True,21.492307692307694,2013-18,<=24
00-0033555,Mack Hollins,WR,3.716666666666667,12,,,24.982888432580424,2018,112.0,False,,2013-18,25-27
00-0033556,Tarik Cohen,RB,9.508750000000001,16,14.80875,16.0,23.12662559890486,2018,37.0,True,5.299999999999999,2013-18,<=24
00-0033562,Ryan Switzer,WR,1.0375,16,4.3375,16.0,23.849418206707735,2018,144.0,True,3.3000000000000003,2013-18,<=24
00-0033572,Jamal Agnew,WR,1.2846153846153845,13,0.2833333333333334,6.0,23.43874058863792,2018,141.0,False,-1.001282051282051,2013-18,<=24
00-0033596,Matt Dayes,RB,0.6307692307692309,13,0.0,3.0,24.019164955509925,2018,91.0,False,-0.6307692307692309,2013-18,<=24
00-0033611,Ricky Seals-Jones,TE,6.2625,8,4.953333333333334,15.0,23.49075975359343,2018,26.0,True,-1.3091666666666661,2013-18,<=24
00-0033681,Keelan Cole,WR,8.4875,16,6.471428571428571,14.0,25.39082819986311,2018,60.0,True,-2.01607142857143,2013-18,25-27
00-0033699,Austin Ekeler,RB,7.635714285714286,14,12.057142857142859,14.0,23.318275154004105,2018,51.0,True,4.421428571428573,2013-18,<=24
00-0033725,Corey Clement,RB,6.16,15,7.372727272727274,11.0,23.854893908281998,2018,61.0,True,1.2127272727272738,2013-18,<=24
00-0033840,Chad Hansen,WR,2.3,8,,,23.644079397672826,2018,126.0,False,,2013-18,<=24
00-0033855,Chris Thompson,WR,1.1166666666666667,12,,,24.33949349760438,2018,143.0,False,,2013-18,<=24
00-0033856,Leonard Fournette,RB,18.861538461538462,13,15.05,8.0,23.644079397672826,2018,6.0,True,-3.8115384615384613,2013-18,<=24
00-0033857,JuJu Smith-Schuster,WR,14.442857142857141,14,19.306250000000002,16.0,21.79876796714579,2018,12.0,True,4.863392857142861,2013-18,<=24
00-0033858,Jonnu Smith,TE,3.2642857142857147,14,5.316666666666667,12.0,23.052703627652292,2018,51.0,True,2.0523809523809526,2013-18,<=24
00-0033859,Josh Malone,WR,2.0555555555555554,9,0.7333333333333334,3.0,22.472279260780287,2018,130.0,False,-1.322222222222222,2013-18,<=24
00-0033869,Mitchell Trubisky,QB,11.21,12,18.787142857142857,14.0,24.057494866529773,2018,29.0,True,7.5771428571428565,2013-18,<=24
00-0033871,Corey Davis,WR,6.318181818181818,11,11.6625,16.0,23.66324435318275,2018,78.0,True,5.344318181818181,2013-18,<=24
00-0033879,O.J. Howard,TE,7.7846153846153845,13,12.05,10.0,23.811088295687885,2018,17.0,True,4.265384615384616,2013-18,<=24
00-0033881,Evan Engram,TE,11.573333333333332,15,11.481818181818182,11.0,24.021902806297057,2018,4.0,True,-0.09151515151515,2013-18,<=24
00-0033885,David Njoku,TE,5.91875,16,9.593333333333334,15.0,22.168377823408623,2018,27.0,True,3.6745833333333335,2013-18,<=24
00-0033891,Zay Jones,WR,5.042857142857144,14,10.325,16.0,23.449691991786448,2018,95.0,True,5.282142857142856,2013-18,<=24
00-0033895,Gerald Everett,TE,3.692857142857143,14,5.773333333333334,15.0,24.210814510609172,2018,45.0,True,2.0804761904761913,2013-18,<=24
00-0033897,Joe Mixon,RB,10.307142857142859,14,18.242857142857144,14.0,22.130047912388775,2018,27.0,True,7.935714285714285,2013-18,<=24
00-0033899,DeShone Kizer,QB,11.710666666666667,15,1.7933333333333337,3.0,22.68583162217659,2018,24.0,False,-9.917333333333334,2013-18,<=24
00-0033906,Alvin Kamara,RB,20.30625,16,24.013333333333332,15.0,23.129363449691994,2018,4.0,True,3.7070833333333333,2013-18,<=24
00-0033908,Cooper Kupp,WR,11.993333333333334,15,17.075,8.0,25.23750855578371,2018,27.0,True,5.081666666666665,2013-18,25-27
00-0033911,Taywan Taylor,WR,3.0875000000000004,16,6.8538461538461535,13.0,23.526351813826146,2018,118.0,True,3.766346153846153,2013-18,<=24
00-0033916,ArDarius Stewart,WR,1.4083333333333334,12,,,24.75564681724846,2018,139.0,False,,2013-18,25-27
00-0033921,Chris Godwin Jr.,WR,6.266666666666667,15,11.85625,16.0,22.535249828884325,2018,79.0,True,5.589583333333333,2013-18,<=24
00-0033923,Kareem Hunt,RB,19.575000000000003,16,21.336363636363636,11.0,23.096509240246405,2018,5.0,True,1.7613636363636331,2013-18,<=24
00-0033925,D'Onta Foreman,RB,6.333333333333333,9,10.7,1.0,22.379192334017795,2018,60.0,False,4.366666666666666,2013-18,<=24
00-0033932,Kenny Golladay,WR,8.6,11,14.106666666666666,15.0,24.851471594798085,2018,57.0,True,5.506666666666666,2013-18,25-27
00-0033937,Amara Darboh,WR,1.8875,8,,,24.605065023956193,2018,132.0,False,,2013-18,25-27
00-0033943,Josh Reynolds,WR,2.7399999999999998,10,8.333333333333334,12.0,23.564681724845997,2018,123.0,True,5.593333333333334,2013-18,<=24
00-0033948,Jamaal Williams,RB,9.72,15,7.15,16.0,23.43874058863792,2018,32.0,True,-2.5700000000000003,2013-18,<=24
00-0033950,Wayne Gallman,RB,8.069230769230769,13,3.423076923076923,13.0,23.942505133470227,2018,48.0,True,-4.646153846153846,2013-18,<=24
00-0033951,Marlon Mack,RB,7.378571428571429,14,15.841666666666669,12.0,22.510609171800137,2018,52.0,True,8.463095238095239,2013-18,<=24
00-0019596,Tom Brady,QB,17.58125,16,16.48,16.0,42.10266940451746,2019,19.0,True,-1.1012500000000003,2019-25,32+
00-0020531,Drew Brees,QB,20.865333333333336,15,20.432727272727274,11.0,40.65160848733744,2019,7.0,True,-0.4326060606060622,2019-25,32+
00-0021547,Antonio Gates,TE,4.70625,16,,,39.227926078028744,2019,37.0,False,,2019-25,32+
00-0022803,Eli Manning,QB,14.9975,16,13.595,4.0,38.68309377138946,2019,24.0,False,-1.4024999999999999,2019-25,32+
00-0022921,Larry Fitzgerald,WR,11.69875,16,11.275,16.0,36.02737850787132,2019,35.0,True,-0.42375000000000007,2019-25,32+
00-0022924,Ben Roethlisberger,QB,22.36625,16,6.37,2.0,37.52498288843258,2019,4.0,False,-15.99625,2019-25,32+
00-0022942,Philip Rivers,QB,18.81375,16,14.71875,16.0,37.75496235455168,2019,11.0,True,-4.094999999999999,2019-25,32+
00-0022943,Benjamin Watson,TE,6.6923076923076925,13,3.811111111111111,9.0,38.72689938398357,2019,20.0,True,-2.8811965811965816,2019-25,32+
00-0023436,Alex Smith,QB,13.8,10,,,35.3429158110883,2019,27.0,False,,2019-25,32+
00-0023459,Aaron Rodgers,QB,21.03625,16,18.39875,16.0,35.77275838466804,2019,5.0,True,-2.6374999999999993,2019-25,32+
00-0023500,Frank Gore,RB,7.542857142857144,14,6.526666666666667,15.0,36.32580424366872,2019,52.0,True,-1.0161904761904763,2019-25,31+
00-0023682,Ryan Fitzpatrick,QB,24.73,8,16.630666666666666,15.0,36.79397672826831,2019,2.0,True,-8.099333333333334,2019-25,32+
00-0024221,Vernon Davis,TE,5.823076923076924,13,7.075,4.0,35.60848733744011,2019,27.0,False,1.2519230769230765,2019-25,32+
00-0025394,Adrian Peterson,RB,12.375,16,10.2,15.0,34.47227926078029,2019,25.5,True,-2.1750000000000007,2019-25,31+
00-0025418,Greg Olsen,TE,8.9,9,8.942857142857143,14.0,34.49965776865161,2019,15.0,True,0.042857142857142705,2019-25,32+
00-0026035,Danny Amendola,WR,8.494666666666667,15,9.670666666666667,15.0,33.85352498288843,2019,64.0,True,1.1760000000000002,2019-25,32+
00-0026143,Matt Ryan,QB,22.685,16,17.822666666666667,15.0,34.31622176591376,2019,3.0,True,-4.862333333333332,2019-25,32+
00-0026158,Joe Flacco,QB,15.233333333333336,9,10.610000000000001,8.0,34.64750171115674,2019,23.0,True,-4.623333333333335,2019-25,32+
00-0026176,Jordy Nelson,WR,10.546666666666669,15,,,34.27789185489391,2019,44.5,False,,2019-25,32+
00-0026189,DeSean Jackson,WR,12.983333333333334,12,19.2,2.0,32.77481177275838,2019,28.0,False,6.216666666666665,2019-25,32+
00-0026293,Matthew Slater,WR,0.0,9,0.8571428571428571,7.0,34.001368925393564,2019,141.5,False,0.8571428571428571,2019-25,32+
00-0026345,Pierre Garcon,WR,7.324999999999999,8,,,33.08966461327858,2019,74.0,False,,2019-25,32+
00-0026498,Matthew Stafford,QB,13.26125,16,21.82,8.0,31.589322381930184,2019,29.0,True,8.55875,2019-25,30-31
00-0026983,Darrius Heyward-Bey,WR,0.14999999999999997,8,,,32.53661875427789,2019,140.0,False,,2019-25,32+
00-0026986,Michael Crabtree,WR,8.293750000000001,16,3.0999999999999996,2.0,31.98904859685147,2019,67.0,False,-5.193750000000001,2019-25,30-31
00-0027029,LeSean McCoy,RB,9.299999999999999,14,9.123076923076924,13.0,31.16221765913758,2019,41.0,True,-0.17692307692307452,2019-25,31+
00-0027061,Jared Cook,TE,12.475,16,11.964285714285714,14.0,32.427104722792606,2019,5.0,True,-0.5107142857142861,2019-25,32+
00-0027150,Julian Edelman,WR,17.535,12,16.298750000000002,16.0,33.30321697467488,2019,14.0,True,-1.2362499999999983,2019-25,32+
00-0027215,Logan Paulsen,TE,3.0125,8,,,32.53661875427789,2019,57.0,False,,2019-25,32+
00-0027325,LeGarrette Blount,RB,5.40625,16,,,32.76386036960986,2019,71.0,False,,2019-25,31+
00-0027531,Chris Ivory,RB,5.6923076923076925,13,,,31.468856947296374,2019,67.0,False,,2019-25,31+
00-0027656,Rob Gronkowski,TE,10.323076923076924,13,,,30.324435318275153,2019,8.0,False,,2019-25,30-31
00-0027675,Ed Dickson,TE,5.022222222222222,9,,,32.12867898699521,2019,33.0,False,,2019-25,32+
00-0027685,Emmanuel Sanders,WR,16.893333333333334,12,11.458823529411765,17.0,32.48459958932238,2019,17.0,True,-5.43450980392157,2019-25,32+
00-0027691,Andre Roberts,WR,2.36875,16,0.43846153846153857,13.0,31.668720054757017,2019,129.0,True,-1.9302884615384612,2019-25,30-31
00-0027696,Jimmy Graham,TE,8.25625,16,6.29375,16.0,32.79397672826831,2019,16.0,True,-1.9624999999999995,2019-25,32+
00-0027793,Antonio Brown,WR,22.08,15,16.1,1.0,31.16769336071184,2019,2.0,False,-5.979999999999997,2019-25,30-31
00-0027873,Jermaine Gresham,TE,2.05,8,,,31.23340177960301,2019,67.0,False,,2019-25,30-31
00-0027874,Demaryius Thomas,WR,10.546666666666669,15,7.754545454545456,11.0,31.709787816564,2019,44.5,True,-2.792121212121213,2019-25,30-31
00-0027891,Golden Tate,WR,12.393333333333334,15,14.154545454545456,11.0,31.104722792607802,2019,29.0,True,1.7612121212121217,2019-25,30-31
00-0027939,Cam Newton,QB,20.185714285714287,14,8.34,2.0,30.33264887063655,2019,10.0,False,-11.845714285714287,2019-25,30-31
00-0027942,A.J. Green,WR,16.933333333333334,9,,,31.110198494182068,2019,16.0,False,,2019-25,30-31
00-0027944,Julio Jones,WR,21.306250000000002,16,18.873333333333335,15.0,30.584531143052704,2019,5.0,True,-2.4329166666666673,2019-25,30-31
00-0027948,Blaine Gabbert,QB,4.13,8,,,29.90280629705681,2019,36.0,False,,2019-25,28-29
00-0027966,Mark Ingram,RB,12.375,12,16.966666666666665,15.0,29.71937029431896,2019,25.5,True,4.591666666666665,2019-25,29-30
00-0027973,Andy Dalton,QB,15.867272727272727,11,16.281538461538464,13.0,31.865845311430526,2019,22.0,True,0.41426573426573654,2019-25,30-31
00-0027981,Kyle Rudolph,TE,9.55625,16,7.58,15.0,29.83436002737851,2019,11.0,True,-1.9762500000000003,2019-25,28-29
00-0027985,Lance Kendricks,TE,3.0,14,2.0,4.0,31.61122518822724,2019,58.0,False,-1.0,2019-25,30-31
00-0027996,Torrey Smith,WR,6.25,8,,,30.62012320328542,2019,89.0,False,,2019-25,30-31
00-0028002,Randall Cobb,WR,9.755555555555556,9,10.526666666666667,15.0,29.05133470225873,2019,50.0,True,0.7711111111111109,2019-25,28-29
00-0028011,Stevan Ridley,RB,1.6444444444444446,9,,,30.61738535249829,2019,85.0,False,,2019-25,29-30
00-0028042,Luke Stocker,TE,3.625,12,1.1083333333333334,12.0,31.148528405201915,2019,49.0,True,-2.5166666666666666,2019-25,30-31
00-0028083,Jacquizz Rodgers,RB,5.633333333333334,15,,,29.590691307323752,2019,69.0,False,,2019-25,29-30
00-0028087,Dion Lewis,RB,10.04375,16,4.42,15.0,28.95277207392197,2019,37.0,True,-5.623749999999999,2019-25,27-28
00-0028097,Lee Smith,TE,3.922222222222222,9,1.6375,8.0,31.802874743326488,2019,45.5,True,-2.2847222222222223,2019-25,30-31
00-0028112,Charles Clay,TE,3.4,11,3.18,15.0,30.570841889117045,2019,50.0,True,-0.21999999999999975,2019-25,30-31
00-0028114,Dwayne Harris,WR,1.1466666666666667,15,0.5666666666666668,3.0,31.983572895277206,2019,137.0,False,-0.58,2019-25,30-31
00-0028116,Aldrick Robinson,WR,5.007142857142857,14,,,30.9596167008898,2019,104.0,False,,2019-25,30-31
00-0028142,Virgil Green,TE,3.2857142857142856,14,1.9000000000000001,12.0,31.10198494182067,2019,53.0,True,-1.3857142857142855,2019-25,30-31
00-0028237,Chris Hogan,WR,7.08,15,2.1,7.0,31.87953456536619,2019,82.0,False,-4.98,2019-25,30-31
00-0028263,Andre Holmes,WR,2.246153846153846,13,,,31.23340177960301,2019,130.0,False,,2019-25,30-31
00-0028411,Dontrelle Inman,WR,9.55,8,4.3,7.0,30.60643394934976,2019,52.0,False,-5.250000000000001,2019-25,30-31
00-0028434,Doug Baldwin,WR,11.023076923076925,13,,,30.967830253251197,2019,42.0,False,,2019-25,30-31
00-0028581,Patrick DiMarco,RB,1.2625000000000002,8,1.4,7.0,30.362765229295004,2019,87.0,False,0.13749999999999973,2019-25,29-30
00-0028825,Terrelle Pryor,WR,6.6375,8,,,30.223134839151268,2019,85.0,False,,2019-25,30-31
00-0028903,Garrett Celek,TE,3.25,8,0.0,3.0,31.28268309377139,2019,54.0,False,-3.25,2019-25,30-31
00-0028986,Case Keenum,QB,13.43125,16,10.348,10.0,31.561943874058862,2019,28.0,True,-3.0832499999999996,2019-25,30-31
00-0029000,Cole Beasley,WR,9.481250000000001,16,12.520000000000001,15.0,30.373716632443532,2019,53.0,True,3.0387500000000003,2019-25,30-31
00-0029119,Derek Carrier,TE,1.9700000000000002,10,2.9545454545454546,11.0,29.127994524298426,2019,68.0,True,0.9845454545454544,2019-25,28-29
00-0029137,Alshon Jeffery,WR,14.484615384615385,13,13.744444444444445,9.0,29.568788501026695,2019,22.0,True,-0.7401709401709393,2019-25,28-29
00-0029141,Alfred Morris,RB,6.463636363636363,11,0.4,1.0,30.743326488706366,2019,62.0,False,-6.063636363636363,2019-25,29-30
00-0029159,Jermaine Kearse,WR,6.161538461538462,13,,,29.590691307323752,2019,91.0,False,,2019-25,28-29
00-0029239,Brandon Bolden,RB,3.266666666666667,9,3.393333333333333,15.0,29.620807665982205,2019,80.0,True,0.12666666666666604,2019-25,29-30
00-0029263,Russell Wilson,QB,18.71375,16,21.0375,16.0,30.77891854893908,2019,13.0,True,2.3237500000000004,2019-25,30-31
00-0029269,Travis Benjamin,WR,3.391666666666667,12,1.8,5.0,29.697467488021903,2019,120.0,False,-1.591666666666667,2019-25,28-29
00-0029293,Marvin Jones,WR,13.033333333333335,9,15.146153846153847,13.0,29.49760438056126,2019,26.0,True,2.1128205128205124,2019-25,28-29
00-0029319,Josh Bellamy,WR,2.4071428571428575,14,0.8,5.0,30.313483915126625,2019,128.0,False,-1.6071428571428574,2019-25,30-31
00-0029388,Deonte Thompson,WR,2.5461538461538464,13,,,30.56810403832991,2019,125.0,False,,2019-25,30-31
00-0029414,Orson Charles,TE,0.53,10,,,28.618754277891856,2019,77.0,False,,2019-25,28-29
00-0029492,Jamize Olawale,RB,0.32999999999999996,10,0.0,6.0,30.39835728952772,2019,93.0,False,-0.32999999999999996,2019-25,29-30
00-0029572,Jarius Wright,WR,6.1,16,3.5562500000000004,16.0,29.790554414784395,2019,92.0,True,-2.5437499999999993,2019-25,28-29
00-0029587,Rhett Ellison,TE,4.63076923076923,13,4.07,10.0,30.934976043805612,2019,39.0,True,-0.56076923076923,2019-25,30-31
00-0029604,Kirk Cousins,QB,18.695,16,16.294666666666664,15.0,31.058179329226558,2019,14.0,True,-2.400333333333336,2019-25,30-31
00-0029608,T.Y. Hilton,WR,17.607142857142858,14,12.51,10.0,29.82067077344285,2019,13.0,True,-5.097142857142858,2019-25,28-29
00-0029613,Doug Martin,RB,7.86875,16,,,30.65571526351814,2019,50.0,False,,2019-25,29-30
00-0029615,Lamar Miller,RB,13.185714285714285,14,,,28.37782340862423,2019,21.0,False,,2019-25,27-28
00-0029632,Mohamed Sanu,WR,11.49375,16,8.273333333333333,15.0,30.050650239561943,2019,38.0,True,-3.220416666666667,2019-25,30-31
00-0029638,Michael Floyd,WR,2.8,10,,,29.78507871321013,2019,123.0,False,,2019-25,28-29
00-0029664,Josh Gordon,WR,11.808333333333332,12,6.7,11.0,28.410677618069816,2019,33.0,True,-5.108333333333332,2019-25,28-29
00-0029668,Andrew Luck,QB,20.995,16,,,29.99315537303217,2019,6.0,False,,2019-25,28-29
00-0029701,Ryan Tannehill,QB,12.996363636363638,11,18.68166666666667,12.0,31.121149897330596,2019,30.0,True,5.6853030303030305,2019-25,30-31
00-0029738,Darren Fells,TE,4.07,10,7.340000000000001,15.0,33.385352498288846,2019,43.0,True,3.2700000000000005,2019-25,32+
00-0029795,Benny Cunningham,RB,0.43333333333333335,9,,,29.177275838466805,2019,92.0,False,,2019-25,29-30
00-0029854,C.J. Anderson,RB,8.155555555555557,9,2.15,2.0,28.580424366872005,2019,47.0,False,-6.005555555555556,2019-25,27-28
00-0030035,Adam Thielen,WR,20.05,16,11.59,10.0,29.05133470225873,2019,7.0,True,-8.46,2019-25,28-29
00-0030061,Zach Ertz,TE,17.9875,16,14.473333333333333,15.0,28.83230663928816,2019,2.0,True,-3.514166666666668,2019-25,28-29
00-0030068,Marquise Goodwin,WR,8.081818181818182,11,4.7625,8.0,28.80766598220397,2019,70.0,True,-3.319318181818182,2019-25,28-29
00-0030085,Kenny Stills,WR,9.161333333333335,15,9.353846153846153,13.0,27.38398357289528,2019,58.0,True,0.19251282051281748,2019-25,25-27
00-0030089,Luke Willson,TE,2.17,10,2.2714285714285714,7.0,29.650924024640656,2019,66.0,False,0.10142857142857142,2019-25,28-29
00-0030107,Theo Riddick,RB,8.321428571428571,14,,,28.35318275154004,2019,45.0,False,,2019-25,27-28
00-0030108,Ryan Griffin,TE,4.1923076923076925,13,7.653846153846154,13.0,29.661875427789184,2019,42.0,True,3.4615384615384617,2019-25,28-29
00-0030147,Russell Shepard,WR,5.1,8,2.75,2.0,28.980150581793293,2019,101.0,False,-2.3499999999999996,2019-25,28-29
00-0030155,Demetrius Harris,TE,3.0933333333333337,15,3.5642857142857145,14.0,28.11772758384668,2019,56.0,True,0.4709523809523808,2019-25,28-29
00-0030216,Josh Hill,TE,3.375,12,4.685714285714285,14.0,29.305954825462013,2019,51.0,True,1.310714285714285,2019-25,28-29
00-0030279,Keenan Allen,WR,17.64,15,16.53125,16.0,27.370294318959616,2019,12.0,True,-1.1087500000000006,2019-25,25-27
00-0030288,Rex Burkhead,RB,6.2125,8,7.776923076923077,13.0,29.190965092402465,2019,64.0,True,1.5644230769230765,2019-25,29-30
00-0030300,Jaron Brown,WR,5.05,12,4.8,10.0,29.67008898015058,2019,102.0,True,-0.25,2019-25,28-29
00-0030404,Chris Thompson,RB,9.16,10,8.50909090909091,11.0,28.889801505817932,2019,42.0,True,-0.6509090909090904,2019-25,27-28
00-0030414,Spencer Ware,RB,6.583333333333333,12,4.1000000000000005,3.0,27.797399041752225,2019,60.0,False,-2.4833333333333325,2019-25,27-28
00-0030431,Robert Woods,WR,16.88125,16,15.826666666666666,15.0,27.416837782340863,2019,18.0,True,-1.0545833333333352,2019-25,25-27
00-0030443,Levine Toilolo,TE,4.845454545454545,11,1.0,3.0,28.11498973305955,2019,36.0,False,-3.845454545454545,2019-25,28-29
00-0030456,Giovani Bernard,RB,7.991666666666667,12,4.275,16.0,27.800136892539356,2019,48.0,True,-3.716666666666667,2019-25,27-28
00-0030465,Kenjon Barner,RB,0.9333333333333333,9,1.2228571428571429,14.0,30.368240930869266,2019,89.0,True,0.2895238095238095,2019-25,29-30
00-0030470,Vance McDonald,TE,8.966666666666667,15,5.964285714285714,14.0,29.242984257357975,2019,14.0,True,-3.0023809523809524,2019-25,28-29
00-0030472,Jordan Reed,TE,9.215384615384615,13,,,29.188227241615333,2019,13.0,False,,2019-25,28-29
00-0030506,Travis Kelce,TE,18.88125,16,16.08125,16.0,29.930184804928132,2019,1.0,True,-2.8000000000000007,2019-25,28-29
00-0030513,Latavius Murray,RB,8.43125,16,10.2,16.0,29.642710472279262,2019,44.0,True,1.768749999999999,2019-25,29-30
00-0030564,DeAndre Hopkins,WR,21.5,16,18.40266666666667,15.0,27.260780287474333,2019,4.0,True,-3.0973333333333315,2019-25,25-27
00-0030578,Cordarrelle Patterson,RB,6.566666666666666,15,2.225,16.0,28.484599589322382,2019,61.0,True,-4.341666666666667,2019-25,27-28
00-0030656,Isaiah Crowell,RB,11.66923076923077,13,,,26.6694045174538,2019,30.0,False,,2019-25,25-26
00-0030663,Willie Snead,WR,8.96,15,5.9437500000000005,16.0,26.89664613278576,2019,60.0,True,-3.0162500000000003,2019-25,25-27
00-0030670,Bennie Fowler,WR,4.1899999999999995,10,5.7875,8.0,28.251882272416154,2019,113.0,True,1.5975000000000001,2019-25,28-29
00-0030710,Trey Burton,TE,9.2875,16,2.8,8.0,27.865845311430526,2019,12.0,True,-6.4875,2019-25,25-27
00-0030821,Allen Hurns,WR,4.392857142857143,14,5.971428571428571,14.0,27.82751540041068,2019,110.0,True,1.5785714285714274,2019-25,25-27
00-0030874,Damien Williams,RB,7.815384615384615,13,13.372727272727273,11.0,27.43600273785079,2019,51.0,True,5.557342657342658,2019-25,27-28
00-0031023,Quincy Enunwa,WR,7.9,11,0.6,1.0,27.277207392197127,2019,72.0,False,-7.300000000000001,2019-25,25-27
00-0031035,Xavier Grimble,TE,1.5750000000000002,8,0.65,2.0,26.965092402464066,2019,71.0,False,-0.9250000000000002,2019-25,25-27
00-0031045,Carlos Hyde,RB,7.028571428571429,14,10.1375,16.0,28.971937029431896,2019,58.0,True,3.10892857142857,2019-25,27-28
00-0031051,John Brown,WR,9.18125,16,14.854666666666667,15.0,29.437371663244353,2019,57.0,True,5.673416666666666,2019-25,28-29
00-0031062,James White,RB,17.2875,16,13.48,15.0,27.600273785078713,2019,10.0,True,-3.807500000000001,2019-25,27-28
00-0031068,Ryan Grant,WR,5.314285714285715,14,2.6999999999999997,2.0,28.725530458590008,2019,99.0,False,-2.614285714285715,2019-25,28-29
00-0031075,Alfred Blue,RB,6.081250000000001,16,,,28.372347707049965,2019,66.0,False,,2019-25,27-28
00-0031102,Kapri Bibbs,RB,6.18,10,,,26.663928815879533,2019,65.0,False,,2019-25,25-26
00-0031166,Seth Roberts,WR,7.126666666666667,15,4.292857142857143,14.0,28.54757015742642,2019,80.0,True,-2.8338095238095242,2019-25,28-29
00-0031167,Scott Simonson,TE,2.3600000000000003,10,1.0333333333333334,3.0,27.408624229979466,2019,63.0,False,-1.3266666666666669,2019-25,25-27
00-0031189,T.J. Jones,WR,4.166666666666667,12,4.266666666666667,3.0,27.143052703627653,2019,114.0,False,0.09999999999999964,2019-25,25-27
00-0031209,Senorise Perry,RB,0.0,11,0.17500000000000002,8.0,27.975359342915812,2019,94.0,True,0.17500000000000002,2019-25,27-28
00-0031228,Taylor Gabriel,WR,9.68125,16,10.033333333333333,9.0,28.56125941136208,2019,51.0,True,0.35208333333333286,2019-25,28-29
00-0031235,Odell Beckham Jr.,WR,19.986666666666668,12,12.89375,16.0,26.844626967830255,2019,8.0,True,-7.092916666666667,2019-25,25-27
00-0031236,Brandin Cooks,WR,16.71333333333333,15,8.5,14.0,25.95756331279945,2019,19.0,True,-8.213333333333331,2019-25,25-27
00-0031260,Logan Thomas,TE,2.2555555555555555,9,2.6199999999999997,15.0,28.194387405886378,2019,64.0,True,0.3644444444444441,2019-25,28-29
00-0031273,Cameron Brate,TE,6.193333333333333,15,6.507142857142857,14.0,28.188911704312115,2019,24.0,True,0.31380952380952376,2019-25,28-29
00-0031280,Derek Carr,QB,14.0475,16,15.2725,16.0,28.45448323066393,2019,25.0,True,1.2250000000000014,2019-25,28-29
00-0031299,Jordan Matthews,TE,5.636363636363637,11,3.6500000000000004,2.0,27.15126625598905,2019,30.0,False,-1.9863636363636363,2019-25,25-27
00-0031325,Sammy Watkins,WR,11.81,10,10.76923076923077,13.0,26.239561943874058,2019,32.0,True,-1.0407692307692304,2019-25,25-27
00-0031339,Donte Moncrief,WR,8.39375,16,1.4500000000000002,4.0,26.094455852156056,2019,65.0,False,-6.9437500000000005,2019-25,25-27
00-0031359,Kelvin Benjamin,WR,4.6,15,,,28.594113620807665,2019,109.0,False,,2019-25,28-29
00-0031381,Davante Adams,WR,22.473333333333336,15,18.35,12.0,26.71047227926078,2019,1.0,True,-4.123333333333335,2019-25,25-27
00-0031382,Jarvis Landry,WR,13.945,16,15.025,16.0,26.781656399726216,2019,25.0,True,1.08,2019-25,25-27
00-0031387,Eric Ebron,TE,13.98125,16,7.863636363636363,11.0,26.417522245037645,2019,4.0,True,-6.117613636363636,2019-25,25-27
00-0031407,Blake Bortles,QB,13.94,13,-0.39,2.0,27.367556468172484,2019,26.0,False,-14.33,2019-25,25-27
00-0031408,Mike Evans,WR,18.525000000000002,16,18.24615384615385,13.0,26.053388090349078,2019,10.0,True,-0.2788461538461533,2019-25,25-27
00-0031428,Allen Robinson,WR,11.907692307692308,13,16.212500000000002,16.0,26.04517453798768,2019,30.0,True,4.304807692307694,2019-25,25-27
00-0031503,Jameis Winston,QB,17.798181818181817,11,20.585,16.0,25.675564681724847,2019,16.0,True,2.786818181818184,2019-25,25-27
00-0031544,Amari Cooper,WR,15.2,15,16.1875,16.0,25.232032854209447,2019,21.0,True,0.9875000000000007,2019-25,25-27
00-0031547,DeVante Parker,WR,5.672727272727273,11,15.7625,16.0,26.636550308008214,2019,95.0,True,10.089772727272727,2019-25,25-27
00-0031549,Nelson Agholor,WR,10.43125,16,8.681818181818182,11.0,26.297056810403834,2019,46.0,True,-1.7494318181818187,2019-25,25-27
00-0031558,Maxx Williams,TE,3.71,10,3.1692307692307695,13.0,25.412731006160165,2019,47.0,True,-0.5407692307692304,2019-25,25-27
00-0031570,Justin Hardy,WR,2.4562500000000003,16,3.2083333333333335,12.0,27.72895277207392,2019,126.0,True,0.7520833333333332,2019-25,25-27
00-0031577,Javorius Allen,RB,7.200000000000001,13,2.875,4.0,28.03832991101985,2019,56.0,False,-4.325000000000001,2019-25,27-28
00-0031588,Stefon Diggs,WR,18.153333333333332,15,14.773333333333333,15.0,25.779603011635867,2019,11.0,True,-3.379999999999999,2019-25,25-27
00-0031598,Nick Boyle,TE,3.6916666666666664,12,5.006666666666666,15.0,26.559890485968516,2019,48.0,True,1.3149999999999995,2019-25,25-27
00-0031687,Raheem Mostert,RB,4.825,8,10.6375,16.0,27.419575633127995,2019,72.0,True,5.812499999999999,2019-25,27-28
00-0031690,Eric Tomlinson,TE,1.2666666666666668,12,0.55,2.0,27.38398357289528,2019,74.0,False,-0.7166666666666668,2019-25,25-27
00-0031744,Matt LaCosse,TE,4.230769230769231,13,4.0125,8.0,26.967830253251197,2019,41.0,True,-0.21826923076923066,2019-25,25-27
00-0031763,DeAndre Carter,WR,3.4076923076923076,13,1.7000000000000002,16.0,26.417522245037645,2019,119.0,True,-1.7076923076923074,2019-25,25-27
00-0031806,Malcolm Brown,RB,3.5818181818181816,11,4.2214285714285715,14.0,26.321697467488022,2019,76.0,True,0.63961038961039,2019-25,25-26
00-0031900,Rod Smith,RB,2.4071428571428575,14,0.0,3.0,27.665982203969882,2019,82.0,False,-2.4071428571428575,2019-25,27-28
00-0031941,Jamison Crowder,WR,9.200000000000001,9,12.356250000000001,16.0,26.23134839151266,2019,56.0,True,3.15625,2019-25,25-27
00-0031951,James O'Shaughnessy,TE,3.2428571428571433,14,8.26,5.0,27.655030800821354,2019,55.0,False,5.017142857142856,2019-25,25-27
00-0031959,Marcus Murphy,RB,3.5090909090909093,11,,,27.93702943189596,2019,77.0,False,,2019-25,27-28
00-0031972,Darius Jennings,WR,2.0100000000000002,14,0.4625,8.0,27.200547570157426,2019,133.0,True,-1.5475000000000003,2019-25,25-27
00-0032009,Adam Humphries,WR,11.79375,16,7.208333333333333,12.0,26.21218343600274,2019,34.0,True,-4.585416666666666,2019-25,25-27
00-0032054,Breshad Perriman,WR,6.220000000000001,10,10.185714285714285,14.0,25.998631074606433,2019,90.0,True,3.9657142857142844,2019-25,25-27
00-0032055,Devin Funchess,WR,8.778571428571428,14,6.2,1.0,25.305954825462013,2019,61.0,False,-2.5785714285714283,2019-25,25-27
00-0032058,Tevin Coleman,RB,12.475,16,9.885714285714286,14.0,26.401095140314855,2019,24.0,True,-2.5892857142857135,2019-25,25-26
00-0032062,Blake Bell,TE,1.8375,8,1.05,14.0,28.093086926762492,2019,70.0,True,-0.7874999999999999,2019-25,28-29
00-0032063,Mike Davis,RB,9.32,15,1.9833333333333336,6.0,26.55441478439425,2019,40.0,False,-7.336666666666667,2019-25,25-26
00-0032089,Brian Parker,TE,1.0375,8,,,27.279945242984258,2019,75.0,False,,2019-25,25-27
00-0032104,Ameer Abdullah,RB,0.6555555555555556,9,2.753333333333333,15.0,26.24229979466119,2019,91.0,True,2.0977777777777775,2019-25,25-26
00-0032112,J.J. Nelson,WR,1.4888888888888887,9,13.6,1.0,27.378507871321013,2019,135.0,False,12.11111111111111,2019-25,25-27
00-0032128,Chris Conley,WR,5.7124999999999995,16,9.875,16.0,26.874743326488705,2019,94.0,True,4.1625000000000005,2019-25,25-27
00-0032134,C.J. Uzomah,TE,6.55625,16,4.514285714285714,14.0,26.652977412731005,2019,21.0,True,-2.041964285714286,2019-25,25-27
00-0032135,Jesse James,TE,5.72,15,2.323076923076923,13.0,25.267624914442163,2019,29.0,True,-3.396923076923077,2019-25,25-27
00-0032141,Geoff Swaim,TE,6.2444444444444445,9,3.25,6.0,25.982203969883642,2019,23.0,False,-2.9944444444444445,2019-25,25-27
00-0032144,Melvin Gordon,RB,23.833333333333332,12,15.316666666666668,12.0,26.409308692676248,2019,5.0,True,-8.516666666666664,2019-25,25-26
00-0032160,Tyrell Williams,WR,9.386666666666667,15,11.123076923076923,13.0,27.575633127994525,2019,55.0,True,1.736410256410256,2019-25,25-27
00-0032187,David Johnson,RB,15.600000000000001,16,11.791666666666666,12.0,27.734428473648187,2019,13.0,True,-3.8083333333333353,2019-25,27-28
00-0032200,Ty Montgomery,WR,5.638461538461538,13,2.1533333333333333,15.0,26.63107460643395,2019,96.0,True,-3.4851282051282046,2019-25,25-27
00-0032208,Phillip Dorsett,WR,7.445454545454546,11,9.163636363636364,11.0,26.677618069815196,2019,73.0,True,1.7181818181818178,2019-25,25-27
00-0032209,T.J. Yeldon,RB,12.364285714285716,14,7.425000000000001,4.0,25.93839835728953,2019,27.0,False,-4.939285714285715,2019-25,25-26
00-0032211,Tyler Lockett,WR,13.99375,16,15.075000000000001,16.0,26.94866529774127,2019,24.0,True,1.0812500000000007,2019-25,25-27
00-0032227,Jeff Heuerman,TE,6.463636363636363,11,3.925,8.0,26.792607802874745,2019,22.0,True,-2.538636363636363,2019-25,25-27
00-0032241,Todd Gurley,RB,28.22142857142857,14,14.626666666666667,15.0,25.10335386721424,2019,1.0,True,-13.594761904761905,2019-25,25-26
00-0032257,Duke Johnson,RB,8.25,16,9.625,16.0,25.963039014373717,2019,46.0,True,1.375,2019-25,25-26
00-0032268,Marcus Mariota,QB,12.565714285714288,14,12.145714285714288,7.0,25.861738535249827,2019,32.0,False,-0.41999999999999993,2019-25,25-27
00-0032355,Chester Rogers,WR,7.31875,16,4.7700000000000005,10.0,25.659137577002053,2019,76.0,True,-2.548749999999999,2019-25,25-27
00-0032362,Maurice Harris,WR,5.536363636363636,11,,,26.82819986310746,2019,97.0,False,,2019-25,25-27
00-0032385,Sterling Shepard,WR,11.59375,16,14.48,10.0,26.579055441478438,2019,37.0,True,2.8862500000000004,2019-25,25-27
00-0032392,Austin Hooper,TE,10.1875,16,14.976923076923079,13.0,24.865160848733744,2019,9.0,True,4.789423076923079,2019-25,25-27
00-0032394,Nick Vannett,TE,4.926666666666667,15,2.4,14.0,26.51334702258727,2019,35.0,True,-2.526666666666667,2019-25,25-27
00-0032398,Chris Moore,WR,3.0866666666666664,15,0.7285714285714285,7.0,26.234086242299796,2019,121.0,False,-2.358095238095238,2019-25,25-27
00-0032404,Tyler Ervin,RB,0.7222222222222222,9,0.5857142857142856,7.0,25.924709103353866,2019,90.0,False,-0.13650793650793658,2019-25,25-26
00-0032426,Alex Collins,RB,10.860000000000001,10,,,25.0403832991102,2019,33.0,False,,2019-25,25-26
00-0032436,Jeff Driskel,QB,10.64,8,19.366666666666667,3.0,26.38193018480493,2019,33.0,False,8.726666666666667,2019-25,25-27
00-0032543,Alex Erickson,WR,2.4312500000000004,16,6.35875,16.0,26.84188911704312,2019,127.0,True,3.9274999999999993,2019-25,25-27
00-0032661,Ben Braunecker,TE,0.72,10,3.5800000000000005,5.0,25.587953456536617,2019,76.0,False,2.8600000000000003,2019-25,25-27
00-0032688,Robbie Chosen,WR,11.385714285714286,14,10.425,16.0,26.338124572210816,2019,40.0,True,-0.9607142857142854,2019-25,25-27
00-0032741,Peyton Barber,RB,9.58125,16,7.28125,16.0,25.533196440793976,2019,39.0,True,-2.3000000000000007,2019-25,25-26
00-0032760,Josh Doctson,WR,7.28,15,,,26.767967145790553,2019,77.0,False,,2019-25,25-27
00-0032764,Derrick Henry,RB,13.272499999999999,16,21.173333333333336,15.0,25.68104038329911,2019,20.0,True,7.9008333333333365,2019-25,25-26
00-0032765,Michael Thomas,WR,20.5,16,24.35,16.0,26.521560574948666,2019,6.0,True,3.8500000000000014,2019-25,25-27
00-0032775,Demarcus Robinson,WR,5.3428571428571425,14,6.826666666666667,15.0,24.969199178644764,2019,98.0,True,1.4838095238095246,2019-25,25-27
00-0032778,Tajae Sharpe,WR,4.846666666666667,15,6.300000000000001,13.0,24.71457905544148,2019,106.0,True,1.453333333333334,2019-25,25-27
00-0032780,Jordan Howard,RB,11.625,16,12.377777777777778,9.0,24.854209445585216,2019,31.0,True,0.7527777777777782,2019-25,25-26
00-0032782,Wendell Smallwood,RB,7.96,15,1.9583333333333333,12.0,25.637234770704996,2019,49.0,True,-6.001666666666667,2019-25,25-26
00-0032791,Jakeem Grant,WR,7.2299999999999995,10,5.322222222222223,9.0,26.861054072553046,2019,78.0,True,-1.9077777777777767,2019-25,25-27
00-0032795,Cody Core,WR,3.7,10,0.8285714285714286,7.0,25.399041752224505,2019,116.0,False,-2.8714285714285714,2019-25,25-27
00-0032940,DeAndre Washington,RB,1.425,8,7.61875,16.0,26.546201232032853,2019,86.0,True,6.1937500000000005,2019-25,25-26
00-0032950,Carson Wentz,QB,17.60545454545455,11,17.24125,16.0,26.694045174537987,2019,18.0,True,-0.36420454545454817,2019-25,25-27
00-0032951,Laquon Treadwell,WR,4.746666666666667,15,3.34,10.0,24.240930869267626,2019,108.0,True,-1.4066666666666672,2019-25,<=24
00-0032966,Corey Coleman,WR,1.575,8,,,25.180013689253936,2019,134.0,False,,2019-25,25-27
00-0032972,Devontae Booker,RB,5.4875,16,1.4000000000000001,9.0,27.288158795345655,2019,70.0,True,-4.0874999999999995,2019-25,27-28
00-0032977,Rashard Higgins,WR,9.092307692307692,13,2.2142857142857144,7.0,24.92539356605065,2019,59.0,False,-6.878021978021978,2019-25,25-27
00-0033009,Tyler Boyd,WR,16.114285714285717,14,14.30625,16.0,24.8186173853525,2019,20.0,True,-1.808035714285717,2019-25,25-27
00-0033025,Jalen Richard,RB,9.7875,16,5.175,16.0,25.90280629705681,2019,38.0,True,-4.6125,2019-25,25-26
00-0033040,Tyreek Hill,WR,21.84375,16,15.941666666666668,12.0,25.527720739219713,2019,3.0,True,-5.902083333333332,2019-25,25-27
00-0033045,Ezekiel Elliott,RB,23.34,15,20.79375,16.0,24.136892539356605,2019,6.0,True,-2.5462500000000006,2019-25,<=24
00-0033077,Dak Prescott,QB,18.368750000000002,16,22.611250000000002,16.0,26.116358658453116,2019,15.0,True,4.2425,2019-25,25-27
00-0033094,Marvin Hall,WR,2.2071428571428573,14,5.685714285714286,7.0,26.417522245037645,2019,131.0,False,3.4785714285714286,2019-25,25-27
00-0033106,Jared Goff,QB,20.395,16,16.47,16.0,24.906228610540726,2019,9.0,True,-3.9250000000000007,2019-25,25-27
00-0033110,Tyler Higbee,TE,4.6571428571428575,14,11.885714285714286,14.0,26.688569472963724,2019,38.0,True,7.228571428571429,2019-25,25-27
00-0033118,Kenyan Drake,RB,12.887500000000001,16,15.942857142857141,14.0,25.620807665982205,2019,23.0,True,3.05535714285714,2019-25,25-26
00-0033217,Mo Alie-Cox,TE,4.0375000000000005,8,1.73,10.0,25.973990417522245,2019,44.0,True,-2.3075000000000006,2019-25,25-27
00-0033251,Zach Pascal,WR,4.771428571428572,14,8.64375,16.0,24.72826830937714,2019,107.0,True,3.8723214285714285,2019-25,25-27
00-0033266,JoJo Natson,WR,0.0,13,0.0,12.0,25.60438056125941,2019,141.5,True,0.0,2019-25,25-27
00-0033280,Christian McCaffrey,RB,25.03125,16,30.7625,16.0,23.2580424366872,2019,3.0,True,5.731249999999999,2019-25,<=24
00-0033282,Curtis Samuel,WR,10.676923076923078,13,10.73125,16.0,23.080082135523615,2019,43.0,True,0.05432692307692122,2019-25,<=24
00-0033288,George Kittle,TE,16.95,16,16.214285714285715,14.0,25.919233401779604,2019,3.0,True,-0.735714285714284,2019-25,25-27
00-0033292,Trent Taylor,WR,4.26923076923077,13,,,25.363449691991786,2019,112.0,False,,2019-25,25-27
00-0033293,Aaron Jones,RB,14.533333333333333,12,20.70625,16.0,24.772073921971252,2019,18.0,True,6.1729166666666675,2019-25,25-26
00-0033295,Elijah McGuire,RB,10.7375,8,,,25.27583846680356,2019,34.0,False,,2019-25,25-26
00-0033296,Alex Armah,RB,1.6666666666666667,9,1.2125,8.0,25.31690622861054,2019,84.0,True,-0.45416666666666683,2019-25,25-26
00-0033307,Kendrick Bourne,WR,7.16875,16,6.1125,16.0,24.10130047912389,2019,79.0,True,-1.0562500000000004,2019-25,<=24
00-0033308,Matt Breida,RB,12.25,14,9.108333333333333,12.0,24.531143052703626,2019,28.0,True,-3.1416666666666675,2019-25,25-26
00-0033319,Nick Mullens,QB,16.435,8,-0.30000000000000004,1.0,24.473648186173854,2019,21.0,False,-16.735,2019-25,<=24
00-0033357,Taysom Hill,TE,2.2373333333333334,15,6.3875,16.0,29.048596851471594,2019,65.0,True,4.150166666666667,2019-25,28-29
00-0033373,Taquan Mizzell,RB,2.9250000000000003,8,,,25.88637919233402,2019,81.0,False,,2019-25,25-26
00-0033375,Tim Patrick,WR,5.016666666666667,12,4.725,8.0,25.796030116358658,2019,103.0,True,-0.29166666666666696,2019-25,25-27
00-0033382,Austin Carr,WR,3.411111111111111,9,0.95,2.0,25.70841889117043,2019,118.0,False,-2.4611111111111112,2019-25,25-27
00-0033421,Antony Auclair,TE,1.3111111111111111,9,0.42000000000000004,5.0,26.286105407255306,2019,73.0,False,-0.8911111111111111,2019-25,25-27
00-0033455,Anthony Firkser,TE,5.277777777777778,9,4.04,10.0,24.555783709787818,2019,32.0,True,-1.2377777777777776,2019-25,25-27
00-0033460,John Ross,WR,6.53076923076923,13,12.25,8.0,23.786447638603697,2019,86.0,True,5.71923076923077,2019-25,<=24
00-0033466,Isaiah McKenzie,WR,6.8125,8,5.2749999999999995,12.0,24.421629021218344,2019,84.0,True,-1.5375000000000005,2019-25,<=24
00-0033528,Jeremy Sprinkle,TE,1.8875000000000002,8,3.50625,16.0,25.084188911704313,2019,69.0,True,1.61875,2019-25,25-27
00-0033536,Mike Williams,WR,11.2625,16,10.953333333333335,15.0,24.933607118412045,2019,41.0,True,-0.30916666666666437,2019-25,25-27
00-0033537,Deshaun Watson,QB,20.73125,16,21.932000000000002,15.0,23.98904859685147,2019,8.0,True,1.2007500000000029,2019-25,<=24
00-0033553,James Conner,RB,22.692307692307693,13,14.85,10.0,24.35044490075291,2019,7.0,True,-7.842307692307694,2019-25,<=24
00-0033556,Tarik Cohen,RB,14.80875,16,10.24375,16.0,24.125941136208077,2019,16.0,True,-4.5649999999999995,2019-25,<=24
00-0033559,Michael Roberts,TE,4.625,8,,,25.34428473648186,2019,40.0,False,,2019-25,25-27
00-0033562,Ryan Switzer,WR,4.3375,16,1.188888888888889,9.0,24.84873374401095,2019,111.0,True,-3.1486111111111112,2019-25,25-27
00-0033589,David Moore,WR,7.321428571428571,14,4.257142857142857,14.0,24.65160848733744,2019,75.0,True,-3.064285714285714,2019-25,25-27
00-0033594,Chris Carson,RB,15.671428571428573,14,16.706666666666667,15.0,24.982888432580424,2019,12.0,True,1.0352380952380944,2019-25,25-26
00-0033611,Ricky Seals-Jones,TE,4.953333333333334,15,6.544444444444444,9.0,24.490075290896645,2019,34.0,True,1.5911111111111103,2019-25,<=24
00-0033627,Jason Croom,TE,3.3266666666666667,15,,,25.530458590006845,2019,52.0,False,,2019-25,25-27
00-0033658,Blake Jarwin,TE,5.938461538461539,13,5.7,15.0,25.152635181382614,2019,26.0,True,-0.2384615384615385,2019-25,25-27
00-0033681,Keelan Cole,WR,6.471428571428571,14,6.558333333333334,12.0,26.390143737166323,2019,88.0,True,0.08690476190476293,2019-25,25-27
00-0033699,Austin Ekeler,RB,12.057142857142859,14,19.78125,16.0,24.317590691307323,2019,29.0,True,7.724107142857141,2019-25,<=24
00-0033725,Corey Clement,RB,7.372727272727274,11,0.0,2.0,24.854209445585216,2019,54.0,False,-7.372727272727274,2019-25,25-26
00-0033839,Dede Westbrook,WR,11.4375,16,10.546666666666669,15.0,25.801505817932924,2019,39.0,True,-0.8908333333333314,2019-25,25-27
00-0033856,Leonard Fournette,RB,15.05,8,18.22666666666667,15.0,24.643394934976044,2019,15.0,True,3.1766666666666694,2019-25,25-26
00-0033857,JuJu Smith-Schuster,WR,19.306250000000002,16,9.558333333333334,12.0,22.798083504449007,2019,9.0,True,-9.747916666666669,2019-25,<=24
00-0033858,Jonnu Smith,TE,5.316666666666667,12,6.98,15.0,24.05201916495551,2019,31.0,True,1.663333333333333,2019-25,<=24
00-0033869,Mitchell Trubisky,QB,18.787142857142857,14,13.521333333333333,15.0,25.05681040383299,2019,12.0,True,-5.265809523809525,2019-25,25-27
00-0033871,Corey Davis,WR,11.6625,16,7.673333333333334,15.0,24.66255989048597,2019,36.0,True,-3.989166666666666,2019-25,25-27
00-0033873,Patrick Mahomes,QB,26.567500000000003,16,21.645714285714288,14.0,23.980835044490075,2019,1.0,True,-4.921785714285715,2019-25,<=24
00-0033879,O.J. Howard,TE,12.05,10,5.992857142857143,14.0,24.810403832991103,2019,6.0,True,-6.057142857142858,2019-25,25-27
00-0033881,Evan Engram,TE,11.481818181818182,11,14.05,8.0,25.021218343600275,2019,7.0,True,2.5681818181818183,2019-25,25-27
00-0033885,David Njoku,TE,9.593333333333334,15,5.033333333333333,3.0,23.16769336071184,2019,10.0,False,-4.5600000000000005,2019-25,<=24
00-0033891,Zay Jones,WR,10.325,16,3.4928571428571433,14.0,24.449007529089666,2019,47.0,True,-6.8321428571428555,2019-25,<=24
00-0033893,Dalvin Cook,RB,14.090909090909092,11,21.95714285714286,14.0,24.084873374401095,2019,19.0,True,7.866233766233767,2019-25,<=24
00-0033895,Gerald Everett,TE,5.773333333333334,15,7.608333333333333,12.0,25.21013004791239,2019,28.0,True,1.834999999999999,2019-25,25-27
00-0033897,Joe Mixon,RB,18.242857142857144,14,14.8375,16.0,23.129363449691994,2019,9.0,True,-3.4053571428571434,2019-25,<=24
00-0033906,Alvin Kamara,RB,24.013333333333332,15,17.751428571428573,14.0,24.128678986995208,2019,4.0,True,-6.261904761904759,2019-25,<=24
00-0033908,Cooper Kupp,WR,17.075,8,17.78125,16.0,26.236824093086927,2019,15.0,True,0.7062500000000007,2019-25,25-27
00-0033911,Taywan Taylor,WR,6.8538461538461535,13,0.0,2.0,24.525667351129364,2019,83.0,False,-6.8538461538461535,2019-25,25-27
00-0033921,Chris Godwin Jr.,WR,11.85625,16,20.364285714285717,14.0,23.534565366187543,2019,31.0,True,8.508035714285718,2019-25,<=24
00-0033923,Kareem Hunt,RB,21.336363636363636,11,12.675,8.0,24.095824777549623,2019,8.0,True,-8.661363636363635,2019-25,<=24
00-0033932,Kenny Golladay,WR,14.106666666666666,15,15.96875,16.0,25.8507871321013,2019,23.0,True,1.8620833333333344,2019-25,25-27
00-0033933,Chad Williams,WR,4.1,10,0.0,1.0,24.892539356605067,2019,115.0,False,-4.1,2019-25,25-27
00-0033943,Josh Reynolds,WR,8.333333333333334,12,3.8687500000000004,16.0,24.56399726214921,2019,66.0,True,-4.464583333333334,2019-25,25-27
00-0033948,Jamaal Williams,RB,7.15,16,10.664285714285715,14.0,24.438056125941138,2019,57.0,True,3.5142857142857142,2019-25,<=24
00-0033950,Wayne Gallman,RB,3.423076923076923,13,5.355555555555556,9.0,24.941820670773442,2019,78.0,True,1.9324786324786332,2019-25,25-26
00-0033951,Marlon Mack,RB,15.841666666666669,12,13.592857142857143,14.0,23.509924709103355,2019,11.0,True,-2.248809523809525,2019-25,<=24
00-0033953,Jordan Leggett,TE,2.4153846153846157,13,,,24.607802874743328,2019,62.0,False,,2019-25,25-27
00-0034054,River Cracraft,WR,0.675,8,,,24.856947296372347,2019,139.0,False,,2019-25,25-27
00-0034109,Phillip Lindsay,RB,15.453333333333335,15,12.731250000000001,16.0,25.130732375085557,2019,14.0,True,-2.722083333333334,2019-25,25-26
00-0034164,Trenton Cannon,RB,4.058333333333334,12,0.0,2.0,25.13347022587269,2019,74.0,False,-4.058333333333334,2019-25,25-26
00-0034184,Gus Edwards,RB,8.981818181818182,11,6.1625000000000005,16.0,24.410677618069816,2019,43.0,True,-2.819318181818182,2019-25,<=24
00-0034253,Dontrell Hilliard,RB,1.75,10,2.7214285714285715,14.0,24.536618754277892,2019,83.0,True,0.9714285714285715,2019-25,25-26
00-0034272,Marquez Valdes-Scantling,WR,7.125,16,5.706666666666666,15.0,24.917180013689254,2019,81.0,True,-1.418333333333334,2019-25,25-27
00-0034279,Equanimeous St. Brown,WR,4.9363636363636365,11,,,22.94318959616701,2019,105.0,False,,2019-25,<=24
00-0034286,Richie James,WR,2.8333333333333335,12,1.7750000000000001,16.0,24.01368925393566,2019,122.0,True,-1.0583333333333333,2019-25,<=24
00-0034331,Jaylen Samuels,RB,10.277777777777779,9,8.03076923076923,13.0,23.140314852840522,2019,35.0,True,-2.247008547008548,2019-25,<=24
00-0034343,Josh Rosen,QB,8.065714285714286,14,3.596,5.0,22.579055441478438,2019,35.0,False,-4.469714285714286,2019-25,<=24
00-0034348,Courtland Sutton,WR,8.51875,16,14.088750000000001,16.0,23.917864476386036,2019,63.0,True,5.57,2019-25,<=24
00-0034349,Kerryon Johnson,RB,14.540000000000001,10,11.0,8.0,22.195756331279945,2019,17.0,True,-3.540000000000001,2019-25,<=24
00-0034351,Dallas Goedert,TE,6.026666666666667,15,9.646666666666667,15.0,24.684462696783026,2019,25.0,True,3.619999999999999,2019-25,25-27
00-0034353,Anthony Miller,WR,8.114666666666666,15,8.15625,16.0,24.919917864476385,2019,69.0,True,0.04158333333333353,2019-25,25-27
00-0034364,Jordan Akins,TE,2.8214285714285716,14,5.6125,16.0,27.392197125256672,2019,61.0,True,2.791071428571428,2019-25,25-27
00-0034365,Ian Thomas,TE,8.13,10,3.56,10.0,23.260780287474333,2019,17.0,True,-4.57,2019-25,<=24
00-0034367,Nyheim Hines,RB,10.05625,16,7.36875,16.0,22.82546201232033,2019,36.0,True,-2.6875,2019-25,<=24
00-0034370,DaeSean Hamilton,WR,6.027272727272727,11,4.9,13.0,24.503764544832308,2019,93.0,True,-1.127272727272727,2019-25,25-27
00-0034378,Ito Smith,RB,7.515384615384615,13,5.185714285714285,7.0,23.99726214921287,2019,53.0,False,-2.3296703296703303,2019-25,<=24
00-0034383,Dalton Schultz,TE,2.95,8,0.26666666666666666,6.0,23.16495550992471,2019,59.0,False,-2.6833333333333336,2019-25,<=24
00-0034400,Jordan Wilkins,RB,4.6230769230769235,13,4.153846153846154,13.0,25.14715947980835,2019,73.0,True,-0.46923076923076934,2019-25,25-26
00-0034407,Ray-Ray McCloud,WR,1.125,8,0.0,6.0,22.902121834360027,2019,138.0,False,-1.125,2019-25,<=24
00-0034411,Russell Gage,WR,1.3666666666666667,9,7.200000000000001,14.0,23.633127994524298,2019,136.0,True,5.833333333333334,2019-25,<=24
00-0034440,Justin Jackson,RB,6.788888888888889,9,4.457142857142857,7.0,23.38398357289528,2019,59.0,False,-2.3317460317460315,2019-25,<=24
00-0034457,Josh Adams,RB,6.300000000000001,13,0.6000000000000001,2.0,22.863791923340177,2019,63.0,False,-5.700000000000001,2019-25,<=24
00-0034487,Trent Sherfield,WR,5.111111111111111,9,1.2000000000000002,10.0,23.537303216974674,2019,100.0,True,-3.9111111111111105,2019-25,<=24
00-0034510,Robert Foster,WR,9.418181818181818,11,1.23,10.0,25.34428473648186,2019,54.0,True,-8.188181818181818,2019-25,25-27
00-0034652,Cameron Batson,WR,2.0375,8,,,23.72347707049966,2019,132.0,False,,2019-25,<=24
00-0034676,James Washington,WR,3.641666666666667,12,9.0,15.0,23.43874058863792,2019,117.0,True,5.3583333333333325,2019-25,<=24
00-0034679,Mark Walton,RB,1.25,10,6.0,7.0,22.45037645448323,2019,88.0,False,4.75,2019-25,<=24
00-0034681,Chase Edmonds,RB,3.94375,16,7.1499999999999995,12.0,23.408624229979466,2019,75.0,True,3.2062499999999994,2019-25,<=24
00-0034750,Rashaad Penny,RB,5.6461538461538465,13,8.7,9.0,23.603011635865844,2019,68.0,True,3.0538461538461528,2019-25,<=24
00-0034753,Mark Andrews,TE,6.7,16,14.013333333333332,15.0,24.01095140314853,2019,19.0,True,7.313333333333332,2019-25,<=24
00-0034764,Michael Gallup,WR,6.513333333333334,15,15.62142857142857,14.0,23.51813826146475,2019,87.0,True,9.108095238095236,2019-25,<=24
00-0034765,Tre'Quan Smith,WR,7.976923076923077,13,7.140000000000001,10.0,23.67419575633128,2019,71.0,True,-0.8369230769230764,2019-25,<=24
00-0034766,Chris Herndon,TE,8.085714285714285,14,1.7000000000000002,1.0,23.54551676933607,2019,18.0,False,-6.385714285714285,2019-25,<=24
00-0034772,Antonio Callaway,WR,8.26875,16,4.2250000000000005,4.0,22.666666666666668,2019,68.0,False,-4.04375,2019-25,<=24
00-0034775,Christian Kirk,WR,10.291666666666666,12,13.169230769230769,13.0,22.809034907597535,2019,48.0,True,2.8775641025641026,2019-25,<=24
00-0034777,DJ Chark,WR,2.672727272727273,11,15.353333333333333,15.0,22.962354551676935,2019,124.0,True,12.68060606060606,2019-25,<=24
00-0034791,Nick Chubb,RB,12.90625,16,17.2625,16.0,23.704312114989733,2019,22.0,True,4.356249999999999,2019-25,<=24
00-0034796,Lamar Jackson,QB,10.03375,16,28.712,15.0,22.67214236824093,2019,34.0,True,18.67825,2019-25,<=24
00-0034798,Durham Smythe,TE,1.375,8,1.125,12.0,24.087611225188226,2019,72.0,True,-0.25,2019-25,<=24
00-0034799,Kalen Ballage,RB,3.391666666666667,12,4.316666666666667,12.0,23.718001368925393,2019,79.0,True,0.9250000000000003,2019-25,<=24
00-0034827,DJ Moore,WR,10.03125,16,15.766666666666667,15.0,22.406570841889117,2019,49.0,True,5.7354166666666675,2019-25,<=24
00-0034829,Mike Gesicki,TE,2.8714285714285714,14,9.066666666666666,15.0,23.93702943189596,2019,60.0,True,6.1952380952380945,2019-25,<=24
00-0034830,Hayden Hurst,TE,3.922222222222222,9,4.80625,16.0,26.04517453798768,2019,45.5,True,0.8840277777777783,2019-25,25-27
00-0034837,Calvin Ridley,WR,13.01875,16,15.384615384615385,13.0,24.722792607802873,2019,27.0,True,2.3658653846153843,2019-25,25-27
00-0034838,Royce Freeman,RB,7.235714285714286,14,8.887500000000001,16.0,23.54277891854894,2019,55.0,True,1.6517857142857153,2019-25,<=24
00-0034844,Saquon Barkley,RB,25.425,16,19.700000000000003,13.0,22.581793292265573,2019,2.0,True,-5.724999999999998,2019-25,<=24
00-0034845,Sony Michel,RB,11.623076923076924,13,9.5375,16.0,24.56125941136208,2019,32.0,True,-2.0855769230769248,2019-25,25-26
00-0034855,Baker Mayfield,QB,17.150000000000002,14,14.32375,16.0,24.407939767282684,2019,20.0,True,-2.8262500000000017,2019-25,<=24
00-0034857,Josh Allen,QB,17.738333333333333,12,18.035,16.0,23.304585900068446,2019,17.0,True,0.29666666666666686,2019-25,<=24
00-0034860,Dante Pettis,WR,8.75,12,3.8377777777777777,9.0,23.88227241615332,2019,62.0,True,-4.912222222222223,2019-25,<=24
00-0034869,Sam Darnold,QB,12.930769230769231,13,14.55076923076923,13.0,22.26420260095825,2019,31.0,True,1.6199999999999992,2019-25,<=24
00-0019596,Tom Brady,QB,16.48,16,21.12,16.0,43.1047227926078,2020,17.0,True,4.640000000000001,2019-25,32+
00-0020531,Drew Brees,QB,20.432727272727274,11,17.456666666666667,12.0,41.65366187542779,2020,8.0,True,-2.9760606060606065,2019-25,32+
00-0022127,Jason Witten,TE,8.74375,16,3.19,10.0,38.34907597535934,2020,15.0,True,-5.553750000000001,2019-25,32+
00-0022921,Larry Fitzgerald,WR,11.275,16,7.761538461538462,13.0,37.02943189596167,2020,45.0,True,-3.513461538461538,2019-25,32+
00-0022942,Philip Rivers,QB,14.71875,16,14.9975,16.0,38.757015742642025,2020,24.0,True,0.2787500000000005,2019-25,32+
00-0022943,Benjamin Watson,TE,3.811111111111111,9,,,39.728952772073924,2020,46.0,False,,2019-25,32+
00-0023459,Aaron Rodgers,QB,18.39875,16,23.95375,16.0,36.77481177275838,2020,10.0,True,5.555,2019-25,32+
00-0023500,Frank Gore,RB,6.526666666666667,15,6.680000000000001,15.0,37.327857631759066,2020,59.0,True,0.15333333333333332,2019-25,31+
00-0023682,Ryan Fitzpatrick,QB,16.630666666666666,15,17.082222222222224,9.0,37.79603011635866,2020,15.0,True,0.45155555555555793,2019-25,32+
00-0024243,Marcedes Lewis,TE,3.0500000000000003,12,3.5181818181818185,11.0,36.31211498973306,2020,53.0,True,0.46818181818181825,2019-25,32+
00-0025394,Adrian Peterson,RB,10.2,15,7.78125,16.0,35.474332648870636,2020,37.5,True,-2.4187499999999993,2019-25,31+
00-0025396,Ted Ginn,WR,5.826666666666667,15,1.4,5.0,35.41409993155373,2020,93.0,False,-4.426666666666668,2019-25,32+
00-0025418,Greg Olsen,TE,8.942857142857143,14,4.9,11.0,35.501711156741955,2020,14.0,True,-4.042857142857143,2019-25,32+
00-0026035,Danny Amendola,WR,9.670666666666667,15,7.6000000000000005,14.0,34.85557837097878,2020,59.0,True,-2.070666666666667,2019-25,32+
00-0026143,Matt Ryan,QB,17.822666666666667,15,18.1525,16.0,35.318275154004105,2020,13.0,True,0.3298333333333332,2019-25,32+
00-0026158,Joe Flacco,QB,10.610000000000001,8,10.952000000000002,5.0,35.64955509924709,2020,31.0,False,0.3420000000000005,2019-25,32+
00-0026498,Matthew Stafford,QB,21.82,8,16.785,16.0,32.591375770020534,2020,4.0,True,-5.035,2019-25,32+
00-0027029,LeSean McCoy,RB,9.123076923076924,13,3.525,8.0,32.16427104722793,2020,43.0,True,-5.598076923076924,2019-25,31+
00-0027061,Jared Cook,TE,11.964285714285714,14,8.493333333333334,15.0,33.42915811088296,2020,9.0,True,-3.4709523809523795,2019-25,32+
00-0027150,Julian Edelman,WR,16.298750000000002,16,9.62,6.0,34.30527036276523,2020,9.0,False,-6.678750000000003,2019-25,32+
00-0027685,Emmanuel Sanders,WR,11.458823529411765,17,11.87857142857143,14.0,33.48665297741273,2020,43.0,True,0.41974789915966504,2019-25,32+
00-0027691,Andre Roberts,WR,0.43846153846153857,13,0.47333333333333333,15.0,32.67077344284736,2020,151.0,True,0.03487179487179476,2019-25,32+
00-0027696,Jimmy Graham,TE,6.29375,16,8.975,16.0,33.79603011635866,2020,29.0,True,2.6812499999999995,2019-25,32+
00-0027874,Demaryius Thomas,WR,7.754545454545456,11,,,32.71184120465435,2020,71.0,False,,2019-25,32+
00-0027891,Golden Tate,WR,14.154545454545456,11,7.21,12.0,32.106776180698155,2020,27.0,True,-6.944545454545456,2019-25,32+
00-0027944,Julio Jones,WR,18.873333333333335,15,16.733333333333334,9.0,31.586584531143053,2020,3.0,True,-2.1400000000000006,2019-25,30-31
00-0027966,Mark Ingram,RB,16.966666666666665,15,5.290000000000001,10.0,30.72142368240931,2020,11.0,True,-11.676666666666664,2019-25,29-30
00-0027973,Andy Dalton,QB,16.281538461538464,13,12.445454545454545,11.0,32.86789869952088,2020,21.0,True,-3.8360839160839184,2019-25,32+
00-0027981,Kyle Rudolph,TE,7.58,15,5.45,12.0,30.836413415468858,2020,19.0,True,-2.13,2019-25,30-31
00-0028002,Randall Cobb,WR,10.526666666666667,15,10.01,10.0,30.053388090349078,2020,52.0,True,-0.5166666666666675,2019-25,30-31
00-0028042,Luke Stocker,TE,1.1083333333333334,12,1.209090909090909,11.0,32.15058179329227,2020,70.0,True,0.1007575757575756,2019-25,32+
00-0028063,Taiwan Jones,RB,0.7375,8,0.0,8.0,32.12594113620808,2020,93.0,True,-0.7375,2019-25,31+
00-0028064,Bilal Powell,RB,2.766666666666667,12,,,31.871321013004792,2020,79.0,False,,2019-25,31+
00-0028087,Dion Lewis,RB,4.42,15,3.6999999999999997,16.0,29.95482546201232,2020,68.0,True,-0.7200000000000002,2019-25,29-30
00-0028097,Lee Smith,TE,1.6375,8,3.9,5.0,32.80492813141684,2020,67.0,False,2.2625,2019-25,32+
00-0028112,Charles Clay,TE,3.18,15,,,31.572895277207394,2020,51.0,False,,2019-25,30-31
00-0028142,Virgil Green,TE,1.9000000000000001,12,2.8,5.0,32.10403832991102,2020,64.0,False,0.8999999999999997,2019-25,32+
00-0028986,Case Keenum,QB,10.348,10,1.84,1.0,32.563997262149215,2020,32.0,False,-8.508000000000001,2019-25,32+
00-0029000,Cole Beasley,WR,12.520000000000001,15,14.333333333333334,15.0,31.37577002053388,2020,36.0,True,1.8133333333333326,2019-25,30-31
00-0029119,Derek Carrier,TE,2.9545454545454546,11,0.4000000000000001,6.0,30.130047912388775,2020,55.0,False,-2.5545454545454547,2019-25,30-31
00-0029137,Alshon Jeffery,WR,13.744444444444445,9,3.357142857142857,7.0,30.570841889117045,2020,31.0,False,-10.387301587301588,2019-25,30-31
00-0029239,Brandon Bolden,RB,3.393333333333333,15,,,30.622861054072555,2020,76.0,False,,2019-25,29-30
00-0029263,Russell Wilson,QB,21.0375,16,22.48625,16.0,31.78097193702943,2020,6.0,True,1.4487499999999969,2019-25,30-31
00-0029293,Marvin Jones,WR,15.146153846153847,13,14.51875,16.0,30.49965776865161,2020,20.0,True,-0.6274038461538467,2019-25,30-31
00-0029572,Jarius Wright,WR,3.5562500000000004,16,,,30.792607802874745,2020,124.0,False,,2019-25,30-31
00-0029587,Rhett Ellison,TE,4.07,10,,,31.93702943189596,2020,42.0,False,,2019-25,30-31
00-0029604,Kirk Cousins,QB,16.294666666666664,15,19.6375,16.0,32.06023271731691,2020,20.0,True,3.342833333333335,2019-25,32+
00-0029608,T.Y. Hilton,WR,12.51,10,11.046666666666669,15.0,30.822724161533195,2020,37.0,True,-1.4633333333333312,2019-25,30-31
00-0029632,Mohamed Sanu,WR,8.273333333333333,15,6.285714285714286,7.0,31.052703627652292,2020,69.0,False,-1.9876190476190478,2019-25,30-31
00-0029664,Josh Gordon,WR,6.7,11,,,29.412731006160165,2020,81.0,False,,2019-25,28-29
00-0029701,Ryan Tannehill,QB,18.68166666666667,12,21.5225,16.0,32.12320328542094,2020,9.0,True,2.8408333333333324,2019-25,32+
00-0029738,Darren Fells,TE,7.340000000000001,15,6.3500000000000005,12.0,34.38740588637919,2020,20.0,True,-0.9900000000000002,2019-25,32+
00-0030035,Adam Thielen,WR,11.59,10,17.233333333333334,15.0,30.053388090349078,2020,42.0,True,5.643333333333334,2019-25,30-31
00-0030061,Zach Ertz,TE,14.473333333333333,15,7.045454545454546,11.0,29.83436002737851,2020,4.0,True,-7.427878787878787,2019-25,28-29
00-0030068,Marquise Goodwin,WR,4.7625,8,,,29.809719370294317,2020,104.0,False,,2019-25,28-29
00-0030085,Kenny Stills,WR,9.353846153846153,13,4.485714285714286,7.0,28.386036960985628,2020,61.0,False,-4.868131868131867,2019-25,28-29
00-0030108,Ryan Griffin,TE,7.653846153846154,13,1.7600000000000002,10.0,30.663928815879533,2020,17.0,True,-5.8938461538461535,2019-25,30-31
00-0030155,Demetrius Harris,TE,3.5642857142857145,14,1.0454545454545454,11.0,29.11978097193703,2020,48.0,True,-2.518831168831169,2019-25,28-29
00-0030181,Jack Doyle,TE,6.9875,16,4.930769230769231,13.0,30.351813826146476,2020,22.0,True,-2.056730769230769,2019-25,30-31
00-0030216,Josh Hill,TE,4.685714285714285,14,2.066666666666667,9.0,30.308008213552363,2020,39.0,True,-2.619047619047618,2019-25,30-31
00-0030279,Keenan Allen,WR,16.53125,16,17.935714285714287,14.0,28.372347707049965,2020,8.0,True,1.4044642857142868,2019-25,28-29
00-0030288,Rex Burkhead,RB,7.776923076923077,13,10.760000000000002,10.0,30.193018480492814,2020,50.0,True,2.9830769230769247,2019-25,29-30
00-0030300,Jaron Brown,WR,4.8,10,,,30.67214236824093,2020,101.0,False,,2019-25,30-31
00-0030404,Chris Thompson,RB,8.50909090909091,11,7.1000000000000005,6.0,29.89185489390828,2020,48.0,False,-1.4090909090909092,2019-25,29-30
00-0030431,Robert Woods,WR,15.826666666666666,15,15.50625,16.0,28.418891170431213,2020,14.0,True,-0.32041666666666657,2019-25,28-29
00-0030456,Giovani Bernard,RB,4.275,16,9.88125,16.0,28.802190280629706,2020,70.0,True,5.606249999999999,2019-25,27-28
00-0030465,Kenjon Barner,RB,1.2228571428571429,14,0.0,5.0,31.370294318959616,2020,90.0,False,-1.2228571428571429,2019-25,31+
00-0030470,Vance McDonald,TE,5.964285714285714,14,2.4899999999999998,10.0,30.245037645448324,2020,32.0,True,-3.4742857142857146,2019-25,30-31
00-0030496,Le'Veon Bell,RB,14.333333333333334,15,6.781818181818182,11.0,28.56125941136208,2020,19.0,True,-7.551515151515152,2019-25,27-28
00-0030506,Travis Kelce,TE,16.08125,16,21.450666666666667,15.0,30.93223819301848,2020,2.0,True,5.369416666666666,2019-25,30-31
00-0030513,Latavius Murray,RB,10.2,16,9.28,15.0,30.64476386036961,2020,37.5,True,-0.9199999999999999,2019-25,29-30
00-0030525,Tavon Austin,WR,3.3857142857142857,14,1.75,4.0,30.491444216290212,2020,126.0,False,-1.6357142857142857,2019-25,30-31
00-0030549,Tyler Eifert,TE,6.6625,16,5.526666666666667,15.0,30.00684462696783,2020,25.0,True,-1.1358333333333324,2019-25,30-31
00-0030564,DeAndre Hopkins,WR,18.40266666666667,15,18.64375,16.0,28.262833675564682,2020,4.0,True,0.2410833333333322,2019-25,28-29
00-0030578,Cordarrelle Patterson,RB,2.225,16,4.3375,16.0,29.48665297741273,2020,84.0,True,2.1125000000000003,2019-25,29-30
00-0030663,Willie Snead,WR,5.9437500000000005,16,7.361538461538462,13.0,27.89869952087611,2020,92.0,True,1.4177884615384615,2019-25,25-27
00-0030669,Albert Wilson,WR,6.876923076923077,13,,,28.164271047227928,2020,78.0,False,,2019-25,28-29
00-0030670,Bennie Fowler,WR,5.7875,8,1.55,2.0,29.253935660506503,2020,94.0,False,-4.2375,2019-25,28-29
00-0030710,Trey Burton,TE,2.8,8,6.941666666666666,12.0,28.867898699520875,2020,57.0,True,4.141666666666667,2019-25,28-29
00-0030821,Allen Hurns,WR,5.971428571428571,14,,,28.829568788501028,2020,91.0,False,,2019-25,28-29
00-0030874,Damien Williams,RB,13.372727272727273,11,,,28.438056125941138,2020,24.0,False,,2019-25,27-28
00-0031045,Carlos Hyde,RB,10.1375,16,8.49,10.0,29.973990417522245,2020,39.0,True,-1.647499999999999,2019-25,29-30
00-0031051,John Brown,WR,14.854666666666667,15,10.755555555555555,9.0,30.439425051334702,2020,23.0,True,-4.099111111111112,2019-25,30-31
00-0031060,De'Anthony Thomas,WR,0.15,14,,,27.679671457905545,2020,152.0,False,,2019-25,25-27
00-0031062,James White,RB,13.48,15,8.32857142857143,14.0,28.602327173169062,2020,23.0,True,-5.151428571428571,2019-25,27-28
00-0031166,Seth Roberts,WR,4.292857142857143,14,2.3666666666666667,3.0,29.54962354551677,2020,112.0,False,-1.926190476190476,2019-25,28-29
00-0031209,Senorise Perry,RB,0.17500000000000002,8,0.225,4.0,28.97741273100616,2020,95.0,False,0.04999999999999999,2019-25,27-28
00-0031228,Taylor Gabriel,WR,10.033333333333333,9,,,29.56331279945243,2020,57.0,False,,2019-25,28-29
00-0031235,Odell Beckham Jr.,WR,12.89375,16,12.402857142857142,7.0,27.8466803559206,2020,35.0,False,-0.4908928571428586,2019-25,25-27
00-0031236,Brandin Cooks,WR,8.5,14,15.766666666666667,15.0,26.9596167008898,2020,67.0,True,7.2666666666666675,2019-25,25-27
00-0031237,Teddy Bridgewater,QB,10.05111111111111,9,16.081333333333333,15.0,27.83299110198494,2020,33.0,True,6.030222222222223,2019-25,25-27
00-0031257,Paul Richardson,WR,6.45,10,,,28.410677618069816,2020,85.0,False,,2019-25,28-29
00-0031260,Logan Thomas,TE,2.6199999999999997,15,11.1325,16.0,29.196440793976727,2020,58.0,True,8.512500000000001,2019-25,28-29
00-0031273,Cameron Brate,TE,6.507142857142857,14,5.246153846153846,13.0,29.190965092402465,2020,27.0,True,-1.260989010989011,2019-25,28-29
00-0031280,Derek Carr,QB,15.2725,16,17.0075,16.0,29.456536618754278,2020,23.0,True,1.7349999999999994,2019-25,28-29
00-0031285,Devonta Freeman,RB,14.114285714285716,14,7.2,5.0,28.490075290896645,2020,20.0,False,-6.9142857142857155,2019-25,27-28
00-0031319,Diontae Spencer,WR,0.48125,16,1.2272727272727273,11.0,28.479123887748116,2020,148.0,True,0.7460227272727273,2019-25,28-29
00-0031325,Sammy Watkins,WR,10.76923076923077,13,8.74,10.0,27.241615331964407,2020,48.0,True,-2.02923076923077,2019-25,25-27
00-0031344,Cody Latimer,WR,4.714285714285714,14,,,27.917864476386036,2020,106.0,False,,2019-25,25-27
00-0031345,Jimmy Garoppolo,QB,15.9575,16,10.723333333333334,6.0,28.856947296372347,2020,22.0,False,-5.234166666666665,2019-25,28-29
00-0031381,Davante Adams,WR,18.35,12,26.35,14.0,27.71252566735113,2020,5.0,True,8.0,2019-25,25-27
00-0031382,Jarvis Landry,WR,15.025,16,12.630666666666666,15.0,27.783709787816566,2020,22.0,True,-2.394333333333334,2019-25,25-27
00-0031387,Eric Ebron,TE,7.863636363636363,11,9.453333333333335,15.0,27.419575633127995,2020,16.0,True,1.5896969696969716,2019-25,25-27
00-0031408,Mike Evans,WR,18.24615384615385,13,15.9125,16.0,27.055441478439427,2020,6.0,True,-2.333653846153849,2019-25,25-27
00-0031428,Allen Robinson,WR,16.212500000000002,16,16.806250000000002,16.0,27.04722792607803,2020,10.0,True,0.59375,2019-25,25-27
00-0031503,Jameis Winston,QB,20.585,16,0.7999999999999998,3.0,26.677618069815196,2020,7.0,False,-19.785,2019-25,25-27
00-0031511,DeAndrew White,WR,1.1375,8,,,28.903490759753595,2020,142.0,False,,2019-25,28-29
00-0031544,Amari Cooper,WR,16.1875,16,15.175,16.0,26.234086242299796,2020,11.0,True,-1.0124999999999993,2019-25,25-27
00-0031547,DeVante Parker,WR,15.7625,16,12.200000000000001,14.0,27.638603696098563,2020,16.0,True,-3.5624999999999982,2019-25,25-27
00-0031549,Nelson Agholor,WR,8.681818181818182,11,11.88125,16.0,27.299110198494184,2020,65.0,True,3.199431818181818,2019-25,25-27
00-0031558,Maxx Williams,TE,3.1692307692307695,13,4.033333333333334,6.0,26.414784394250514,2020,52.0,False,0.8641025641025646,2019-25,25-27
00-0031570,Justin Hardy,WR,3.2083333333333335,12,,,28.73100616016427,2020,128.0,False,,2019-25,28-29
00-0031585,MyCole Pruitt,TE,2.3333333333333335,9,4.38,5.0,28.465434633812457,2020,60.0,False,2.0466666666666664,2019-25,28-29
00-0031588,Stefon Diggs,WR,14.773333333333333,15,21.19375,16.0,26.781656399726216,2020,24.0,True,6.420416666666668,2019-25,25-27
00-0031598,Nick Boyle,TE,5.006666666666666,15,4.144444444444445,9.0,27.561943874058862,2020,37.0,True,-0.8622222222222211,2019-25,25-27
00-0031610,Darren Waller,TE,14.28125,16,18.2875,16.0,27.991786447638603,2020,5.0,True,4.006250000000001,2019-25,25-27
00-0031687,Raheem Mostert,RB,10.6375,16,12.4625,8.0,28.421629021218344,2020,34.0,True,1.825000000000001,2019-25,27-28
00-0031744,Matt LaCosse,TE,4.0125,8,,,27.969883641341546,2020,44.0,False,,2019-25,25-27
00-0031763,DeAndre Carter,WR,1.7000000000000002,16,0.13846153846153847,13.0,27.419575633127995,2020,136.0,True,-1.5615384615384618,2019-25,25-27
00-0031787,Jake Kumerow,WR,3.627272727272728,11,9.2,1.0,28.56399726214921,2020,123.0,False,5.572727272727271,2019-25,28-29
00-0031806,Malcolm Brown,RB,4.2214285714285715,14,6.8187500000000005,16.0,27.32375085557837,2020,71.0,True,2.597321428571429,2019-25,27-28
00-0031868,Damiere Byrd,WR,6.536363636363637,11,7.760000000000001,15.0,27.619438740588638,2020,84.0,True,1.2236363636363636,2019-25,25-27
00-0031941,Jamison Crowder,WR,12.356250000000001,16,14.71,12.0,27.23340177960301,2020,39.0,True,2.35375,2019-25,25-27
00-0031972,Darius Jennings,WR,0.4625,8,,,28.202600958247775,2020,149.0,False,,2019-25,28-29
00-0032009,Adam Humphries,WR,7.208333333333333,12,8.257142857142856,7.0,27.21423682409309,2020,75.0,False,1.0488095238095232,2019-25,25-27
00-0032054,Breshad Perriman,WR,10.185714285714285,14,8.383333333333335,12.0,27.000684462696782,2020,56.0,True,-1.8023809523809504,2019-25,25-27
00-0032058,Tevin Coleman,RB,9.885714285714286,14,2.1166666666666667,6.0,27.4031485284052,2020,40.0,False,-7.769047619047619,2019-25,27-28
00-0032062,Blake Bell,TE,1.05,14,2.0181818181818185,11.0,29.09514031485284,2020,71.0,True,0.9681818181818185,2019-25,28-29
00-0032098,Daniel Brown,TE,1.8363636363636362,11,0.6375,8.0,28.292950034223136,2020,65.0,True,-1.1988636363636362,2019-25,28-29
00-0032104,Ameer Abdullah,RB,2.753333333333333,15,2.727272727272727,11.0,27.24435318275154,2020,80.0,True,-0.026060606060605895,2019-25,27-28
00-0032117,Nick O'Leary,TE,3.7375,8,,,28.027378507871322,2020,47.0,False,,2019-25,28-29
00-0032128,Chris Conley,WR,9.875,16,6.935714285714286,14.0,27.876796714579054,2020,58.0,True,-2.939285714285714,2019-25,25-27
00-0032134,C.J. Uzomah,TE,4.514285714285714,14,11.35,2.0,27.655030800821354,2020,40.0,False,6.835714285714285,2019-25,25-27
00-0032135,Jesse James,TE,2.323076923076923,13,2.9923076923076923,13.0,26.269678302532512,2020,61.0,True,0.6692307692307695,2019-25,25-27
00-0032144,Melvin Gordon,RB,15.316666666666668,12,13.626666666666667,15.0,27.411362080766597,2020,15.0,True,-1.6900000000000013,2019-25,27-28
00-0032160,Tyrell Williams,WR,11.123076923076923,13,,,28.577686516084874,2020,46.0,False,,2019-25,28-29
00-0032187,David Johnson,RB,11.791666666666666,12,15.333333333333334,12.0,28.736481861738536,2020,29.0,True,3.541666666666668,2019-25,27-28
00-0032200,Ty Montgomery,WR,2.1533333333333333,15,4.699999999999999,4.0,27.633127994524298,2020,132.0,False,2.546666666666666,2019-25,25-27
00-0032208,Phillip Dorsett,WR,9.163636363636364,11,,,27.679671457905545,2020,62.0,False,,2019-25,25-27
00-0032211,Tyler Lockett,WR,15.075000000000001,16,17.18125,16.0,27.95071868583162,2020,21.0,True,2.1062499999999975,2019-25,25-27
00-0032214,Tyler Kroft,TE,2.1222222222222222,9,5.985714285714286,7.0,27.904175222450377,2020,62.0,False,3.8634920634920635,2019-25,25-27
00-0032227,Jeff Heuerman,TE,3.925,8,,,27.794661190965094,2020,45.0,False,,2019-25,25-27
00-0032241,Todd Gurley,RB,14.626666666666667,15,11.08,15.0,26.105407255304584,2020,18.0,True,-3.546666666666667,2019-25,25-26
00-0032257,Duke Johnson,RB,9.625,16,7.672727272727273,11.0,26.965092402464066,2020,41.0,True,-1.9522727272727272,2019-25,25-26
00-0032355,Chester Rogers,WR,4.7700000000000005,10,,,26.661190965092402,2020,102.0,False,,2019-25,25-27
00-0032385,Sterling Shepard,WR,14.48,10,13.666666666666666,12.0,27.581108829568787,2020,25.0,True,-0.8133333333333344,2019-25,25-27
00-0032392,Austin Hooper,TE,14.976923076923079,13,8.73076923076923,13.0,25.867214236824093,2020,3.0,True,-6.246153846153849,2019-25,25-27
00-0032393,C.J. Prosise,RB,3.6,8,2.54,5.0,26.310746064339494,2020,75.0,False,-1.06,2019-25,25-26
00-0032394,Nick Vannett,TE,2.4,14,2.6818181818181817,11.0,27.515400410677618,2020,59.0,True,0.28181818181818175,2019-25,25-27
00-0032423,Trevor Davis,WR,2.1714285714285713,14,,,27.186858316221766,2020,131.0,False,,2019-25,25-27
00-0032464,Kalif Raymond,WR,3.6875,8,1.9266666666666665,15.0,26.091718001368925,2020,121.0,True,-1.7608333333333335,2019-25,25-27
00-0032543,Alex Erickson,WR,6.35875,16,1.5375,16.0,27.84394250513347,2020,86.0,True,-4.821249999999999,2019-25,25-27
00-0032602,J.D. McKissic,RB,5.586666666666667,15,11.9625,16.0,27.071868583162217,2020,62.0,True,6.3758333333333335,2019-25,27-28
00-0032626,Geronimo Allison,WR,5.026666666666667,15,,,26.64476386036961,2020,99.0,False,,2019-25,25-27
00-0032688,Robbie Chosen,WR,10.425,16,14.2875,16.0,27.340177960301162,2020,54.0,True,3.862499999999999,2019-25,25-27
00-0032741,Peyton Barber,RB,7.28125,16,3.9285714285714284,14.0,26.535249828884325,2020,54.0,True,-3.3526785714285716,2019-25,25-26
00-0032764,Derrick Henry,RB,21.173333333333336,15,23.63125,16.0,26.68309377138946,2020,3.0,True,2.457916666666666,2019-25,25-26
00-0032765,Michael Thomas,WR,24.35,16,12.414285714285715,7.0,27.523613963039015,2020,1.0,False,-11.935714285714287,2019-25,25-27
00-0032775,Demarcus Robinson,WR,6.826666666666667,15,7.173333333333334,15.0,25.971252566735114,2020,80.0,True,0.3466666666666667,2019-25,25-27
00-0032778,Tajae Sharpe,WR,6.300000000000001,13,0.0,3.0,25.71663244353183,2020,87.0,False,-6.300000000000001,2019-25,25-27
00-0032780,Jordan Howard,RB,12.377777777777778,9,4.385714285714285,7.0,25.856262833675565,2020,28.0,False,-7.992063492063493,2019-25,25-26
00-0032782,Wendell Smallwood,RB,1.9583333333333333,12,,,26.639288158795345,2020,85.0,False,,2019-25,25-26
00-0032791,Jakeem Grant,WR,5.322222222222223,9,6.235714285714286,14.0,27.863107460643395,2020,97.0,True,0.9134920634920629,2019-25,25-27
00-0032794,Danny Vitale,RB,1.3076923076923077,13,,,26.874743326488705,2020,89.0,False,,2019-25,25-26
00-0032935,Johnny Holton,WR,0.5,12,,,29.05407255304586,2020,147.0,False,,2019-25,28-29
00-0032940,DeAndre Washington,RB,7.61875,16,4.275,4.0,27.548254620123203,2020,51.0,False,-3.34375,2019-25,27-28
00-0032950,Carson Wentz,QB,17.24125,16,16.533333333333335,12.0,27.696098562628336,2020,14.0,True,-0.7079166666666659,2019-25,25-27
00-0032951,Laquon Treadwell,WR,3.34,10,5.725,4.0,25.242984257357975,2020,127.0,False,2.385,2019-25,25-27
00-0032972,Devontae Booker,RB,1.4000000000000001,9,5.713333333333334,15.0,28.290212183436,2020,88.0,True,4.3133333333333335,2019-25,27-28
00-0032980,Marcus Johnson,WR,7.275,8,4.555555555555555,9.0,26.099931553730322,2020,74.0,True,-2.719444444444445,2019-25,25-27
00-0032986,J.P. Holtz,TE,2.0125,8,0.0,9.0,27.0362765229295,2020,63.0,True,-2.0125,2019-25,25-27
00-0033009,Tyler Boyd,WR,14.30625,16,13.042666666666667,15.0,25.82067077344285,2020,26.0,True,-1.263583333333333,2019-25,25-27
00-0033025,Jalen Richard,RB,5.175,16,3.930769230769231,13.0,26.90485968514716,2020,66.0,True,-1.2442307692307688,2019-25,25-26
00-0033040,Tyreek Hill,WR,15.941666666666668,12,22.660000000000004,15.0,26.529774127310063,2020,13.0,True,6.7183333333333355,2019-25,25-27
00-0033045,Ezekiel Elliott,RB,20.79375,16,15.313333333333333,15.0,25.138945927446954,2020,4.0,True,-5.480416666666667,2019-25,25-26
00-0033077,Dak Prescott,QB,22.611250000000002,16,31.928000000000004,5.0,27.11841204654346,2020,2.0,False,9.316750000000003,2019-25,25-27
00-0033090,Hunter Henry,TE,12.641666666666666,12,10.37857142857143,14.0,25.760438056125942,2020,8.0,True,-2.263095238095236,2019-25,25-27
00-0033106,Jared Goff,QB,16.47,16,15.998666666666667,15.0,25.908281998631075,2020,18.0,True,-0.47133333333333205,2019-25,25-27
00-0033110,Tyler Higbee,TE,11.885714285714286,14,8.546666666666665,15.0,27.690622861054074,2020,10.0,True,-3.339047619047621,2019-25,25-27
00-0033111,Pharoh Cooper,WR,4.625,12,0.82,15.0,25.51403148528405,2020,107.0,True,-3.805,2019-25,25-27
00-0033118,Kenyan Drake,RB,15.942857142857141,14,13.213333333333333,15.0,26.622861054072555,2020,13.0,True,-2.7295238095238084,2019-25,25-26
00-0033119,Jacoby Brissett,QB,14.512,15,1.870909090909091,11.0,27.748117727583846,2020,26.0,True,-12.64109090909091,2019-25,25-27
00-0033127,Will Fuller,WR,13.045454545454545,11,17.854545454545455,11.0,26.403832991101986,2020,33.0,True,4.80909090909091,2019-25,25-27
00-0033164,Troymaine Pope,RB,1.0363636363636364,11,4.95,4.0,26.781656399726216,2020,92.0,False,3.913636363636364,2019-25,25-26
00-0033217,Mo Alie-Cox,TE,1.73,10,5.8500000000000005,14.0,26.976043805612594,2020,66.0,True,4.120000000000001,2019-25,25-27
00-0033251,Zach Pascal,WR,8.64375,16,8.55625,16.0,25.730321697467488,2020,66.0,True,-0.08750000000000036,2019-25,25-27
00-0033266,JoJo Natson,WR,0.0,12,0.10000000000000002,3.0,26.60643394934976,2020,153.0,False,0.10000000000000002,2019-25,25-27
00-0033280,Christian McCaffrey,RB,30.7625,16,30.133333333333336,3.0,24.26009582477755,2020,1.0,False,-0.6291666666666629,2019-25,<=24
00-0033282,Curtis Samuel,WR,10.73125,16,14.44,15.0,24.082135523613964,2020,49.0,True,3.70875,2019-25,<=24
00-0033288,George Kittle,TE,16.214285714285715,14,16.0125,8.0,26.921286789869953,2020,1.0,True,-0.201785714285716,2019-25,25-27
00-0033293,Aaron Jones,RB,20.70625,16,19.135714285714283,14.0,25.7741273100616,2020,5.0,True,-1.5705357142857181,2019-25,25-26
00-0033296,Alex Armah,RB,1.2125,8,0.6416666666666667,12.0,26.31895961670089,2020,91.0,True,-0.5708333333333332,2019-25,25-26
00-0033307,Kendrick Bourne,WR,6.1125,16,8.646666666666668,15.0,25.10335386721424,2020,88.0,True,2.5341666666666685,2019-25,25-27
00-0033308,Matt Breida,RB,9.108333333333333,12,4.2,10.0,25.533196440793976,2020,44.0,True,-4.908333333333332,2019-25,25-26
00-0033357,Taysom Hill,TE,6.3875,16,9.78875,16.0,30.050650239561943,2020,28.0,True,3.40125,2019-25,30-31
00-0033375,Tim Patrick,WR,4.725,8,11.046666666666669,15.0,26.798083504449007,2020,105.0,True,6.321666666666669,2019-25,25-27
00-0033376,Patrick Ricard,RB,1.8699999999999999,10,1.9333333333333331,9.0,26.29158110882957,2020,86.0,True,0.06333333333333324,2019-25,25-26
00-0033387,Jacob Hollister,TE,9.39,10,5.06923076923077,13.0,26.811772758384667,2020,12.0,True,-4.320769230769231,2019-25,25-27
00-0033455,Anthony Firkser,TE,4.04,10,5.680000000000001,15.0,25.557837097878167,2020,43.0,True,1.6400000000000006,2019-25,25-27
00-0033460,John Ross,WR,12.25,8,1.85,2.0,24.788501026694046,2020,40.0,False,-10.4,2019-25,25-27
00-0033466,Isaiah McKenzie,WR,5.2749999999999995,12,6.6386666666666665,15.0,25.423682409308693,2020,98.0,True,1.363666666666667,2019-25,25-27
00-0033471,Isaiah Ford,WR,6.0625,8,6.177777777777778,9.0,24.58590006844627,2020,90.0,True,0.11527777777777803,2019-25,25-27
00-0033528,Jeremy Sprinkle,TE,3.50625,16,0.2285714285714286,7.0,26.086242299794662,2020,50.0,False,-3.2776785714285714,2019-25,25-27
00-0033536,Mike Williams,WR,10.953333333333335,15,11.192857142857141,14.0,25.935660506502394,2020,47.0,True,0.23952380952380636,2019-25,25-27
00-0033537,Deshaun Watson,QB,21.932000000000002,15,23.0825,16.0,24.99110198494182,2020,3.0,True,1.1504999999999974,2019-25,25-27
00-0033553,James Conner,RB,14.85,10,13.353846153846153,13.0,25.352498288843258,2020,16.0,True,-1.496153846153847,2019-25,25-26
00-0033555,Mack Hollins,WR,1.875,12,3.4181818181818184,11.0,26.98425735797399,2020,134.0,True,1.5431818181818184,2019-25,25-27
00-0033556,Tarik Cohen,RB,10.24375,16,5.833333333333333,3.0,25.127994524298426,2020,36.0,False,-4.410416666666667,2019-25,25-26
00-0033562,Ryan Switzer,WR,1.188888888888889,9,,,25.8507871321013,2020,141.0,False,,2019-25,25-27
00-0033567,Brian Hill,RB,6.720000000000001,10,5.9625,16.0,24.83778234086242,2020,57.0,True,-0.7575000000000003,2019-25,25-26
00-0033572,Jamal Agnew,WR,1.0538461538461539,13,2.2285714285714286,14.0,25.440109514031484,2020,144.0,True,1.1747252747252748,2019-25,25-27
00-0033589,David Moore,WR,4.257142857142857,14,7.425000000000001,16.0,25.65366187542779,2020,113.0,True,3.1678571428571436,2019-25,25-27
00-0033594,Chris Carson,RB,16.706666666666667,15,15.65,12.0,25.984941820670773,2020,12.0,True,-1.0566666666666666,2019-25,25-26
00-0033611,Ricky Seals-Jones,TE,6.544444444444444,9,0.0,1.0,25.492128678986994,2020,26.0,False,-6.544444444444444,2019-25,25-27
00-0033658,Blake Jarwin,TE,5.7,15,2.2,1.0,26.154688569472963,2020,33.0,False,-3.5,2019-25,25-27
00-0033681,Keelan Cole,WR,6.558333333333334,12,9.80625,16.0,27.392197125256672,2020,83.0,True,3.247916666666667,2019-25,25-27
00-0033699,Austin Ekeler,RB,19.78125,16,16.53,10.0,25.319644079397673,2020,6.0,True,-3.251249999999999,2019-25,25-26
00-0033705,Andre Patton,WR,1.45,8,,,26.288843258042437,2020,137.0,False,,2019-25,25-27
00-0033757,Robert Tonyan,TE,2.888888888888889,9,11.773333333333333,15.0,26.365503080082135,2020,56.0,True,8.884444444444444,2019-25,25-27
00-0033789,T.J. Logan,RB,0.47777777777777775,9,,,26.02053388090349,2020,94.0,False,,2019-25,25-26
00-0033839,Dede Westbrook,WR,10.546666666666669,15,0.7,2.0,26.803559206023273,2020,51.0,False,-9.84666666666667,2019-25,25-27
00-0033854,Dare Ogunbowale,RB,4.70625,16,2.9899999999999998,10.0,26.354551676933607,2020,67.0,True,-1.71625,2019-25,25-26
00-0033856,Leonard Fournette,RB,18.22666666666667,15,11.25,12.0,25.645448323066393,2020,8.0,True,-6.97666666666667,2019-25,25-26
00-0033857,JuJu Smith-Schuster,WR,9.558333333333334,12,14.63125,16.0,23.800136892539356,2020,60.0,True,5.072916666666666,2019-25,<=24
00-0033858,Jonnu Smith,TE,6.98,15,10.014285714285714,14.0,25.05407255304586,2020,23.0,True,3.034285714285714,2019-25,25-27
00-0033869,Mitchell Trubisky,QB,13.521333333333333,15,15.370000000000001,10.0,26.05886379192334,2020,29.0,True,1.8486666666666682,2019-25,25-27
00-0033871,Corey Davis,WR,7.673333333333334,15,14.207142857142857,14.0,25.66461327857632,2020,73.0,True,6.5338095238095235,2019-25,25-27
00-0033873,Patrick Mahomes,QB,21.645714285714288,14,26.026666666666667,15.0,24.982888432580424,2020,5.0,True,4.38095238095238,2019-25,25-27
00-0033879,O.J. Howard,TE,5.992857142857143,14,9.4,4.0,25.812457221081452,2020,31.0,False,3.4071428571428575,2019-25,25-27
00-0033881,Evan Engram,TE,14.05,8,8.90625,16.0,26.023271731690624,2020,6.0,True,-5.143750000000001,2019-25,25-27
00-0033891,Zay Jones,WR,3.4928571428571433,14,3.3236363636363637,11.0,25.451060917180012,2020,125.0,True,-0.1692207792207796,2019-25,25-27
00-0033893,Dalvin Cook,RB,21.95714285714286,14,26.2,14.0,25.086926762491444,2020,2.0,True,4.24285714285714,2019-25,25-26
00-0033895,Gerald Everett,TE,7.608333333333333,12,6.193333333333333,15.0,26.21218343600274,2020,18.0,True,-1.415,2019-25,25-27
00-0033897,Joe Mixon,RB,14.8375,16,17.1,6.0,24.13141683778234,2020,17.0,False,2.262500000000001,2019-25,<=24
00-0033906,Alvin Kamara,RB,17.751428571428573,14,25.486666666666668,15.0,25.130732375085557,2020,9.0,True,7.7352380952380955,2019-25,25-26
00-0033908,Cooper Kupp,WR,17.78125,16,14.346666666666668,15.0,27.238877481177276,2020,7.0,True,-3.4345833333333324,2019-25,25-27
00-0033921,Chris Godwin Jr.,WR,20.364285714285717,14,16.041666666666668,12.0,24.536618754277892,2020,2.0,True,-4.32261904761905,2019-25,25-27
00-0033923,Kareem Hunt,RB,12.675,8,13.84375,16.0,25.097878165639973,2020,26.0,True,1.1687499999999993,2019-25,25-26
00-0033932,Kenny Golladay,WR,15.96875,16,13.76,5.0,26.85284052019165,2020,12.0,False,-2.20875,2019-25,25-27
00-0033943,Josh Reynolds,WR,3.8687500000000004,16,7.89375,16.0,25.56605065023956,2020,119.0,True,4.0249999999999995,2019-25,25-27
00-0033948,Jamaal Williams,RB,10.664285714285715,14,9.078571428571427,14.0,25.440109514031484,2020,33.0,True,-1.5857142857142872,2019-25,25-26
00-0033950,Wayne Gallman,RB,5.355555555555556,9,9.971428571428572,14.0,25.94387405886379,2020,63.0,True,4.6158730158730155,2019-25,25-26
00-0033951,Marlon Mack,RB,13.592857142857143,14,8.6,1.0,24.511978097193705,2020,22.0,False,-4.992857142857144,2019-25,25-26
00-0034073,Ross Dwelley,TE,4.5125,8,4.125,12.0,25.623545516769337,2020,41.0,True,-0.3875000000000002,2019-25,25-27
00-0034109,Phillip Lindsay,RB,12.731250000000001,16,6.2727272727272725,11.0,26.132785763175907,2020,25.0,True,-6.458522727272729,2019-25,25-26
00-0034115,Jeff Wilson,RB,5.862500000000001,8,13.481818181818182,11.0,24.8186173853525,2020,61.0,True,7.619318181818182,2019-25,25-26
00-0034184,Gus Edwards,RB,6.1625000000000005,16,8.2,16.0,25.412731006160165,2020,60.0,True,2.0374999999999988,2019-25,25-26
00-0034208,Mike Boone,RB,6.625,8,1.4900000000000002,10.0,25.117043121149898,2020,58.0,True,-5.135,2019-25,25-26
00-0034253,Dontrell Hilliard,RB,2.7214285714285715,14,1.2000000000000002,5.0,25.53867214236824,2020,81.0,False,-1.5214285714285714,2019-25,25-26
00-0034270,Tyler Conklin,TE,1.5333333333333334,9,4.933333333333334,9.0,25.117043121149898,2020,68.0,True,3.4000000000000004,2019-25,25-27
00-0034272,Marquez Valdes-Scantling,WR,5.706666666666666,15,9.914285714285715,14.0,25.919233401779604,2020,95.0,True,4.2076190476190485,2019-25,25-27
00-0034273,Damion Ratley,WR,4.222222222222222,9,2.06,5.0,25.404517453798768,2020,115.0,False,-2.1622222222222223,2019-25,25-27
00-0034286,Richie James,WR,1.7750000000000001,16,6.99,10.0,25.01574264202601,2020,135.0,True,5.215,2019-25,25-27
00-0034297,Byron Pringle,WR,3.0416666666666665,12,5.857142857142857,7.0,26.8145106091718,2020,129.0,False,2.8154761904761902,2019-25,25-27
00-0034301,Darrel Williams,RB,7.533333333333333,9,4.1923076923076925,13.0,25.4072553045859,2020,52.0,True,-3.3410256410256407,2019-25,25-26
00-0034331,Jaylen Samuels,RB,8.03076923076923,13,1.822222222222222,9.0,24.142368240930868,2020,49.0,True,-6.208547008547009,2019-25,<=24
00-0034339,Trey Quinn,WR,4.316666666666666,12,0.0,1.0,24.761122518822724,2020,111.0,False,-4.316666666666666,2019-25,25-27
00-0034348,Courtland Sutton,WR,14.088750000000001,16,9.600000000000001,1.0,24.919917864476385,2020,28.0,False,-4.48875,2019-25,25-27
00-0034349,Kerryon Johnson,RB,11.0,8,5.128571428571428,14.0,23.197809719370294,2020,31.0,True,-5.871428571428572,2019-25,<=24
00-0034351,Dallas Goedert,TE,9.646666666666667,15,10.718181818181819,11.0,25.686516084873375,2020,11.0,True,1.0715151515151522,2019-25,25-27
00-0034353,Anthony Miller,WR,8.15625,16,6.79375,16.0,25.921971252566735,2020,70.0,True,-1.3624999999999998,2019-25,25-27
00-0034364,Jordan Akins,TE,5.6125,16,6.438461538461539,13.0,28.39425051334702,2020,35.0,True,0.8259615384615389,2019-25,28-29
00-0034365,Ian Thomas,TE,3.56,10,3.1153846153846154,13.0,24.262833675564682,2020,49.0,True,-0.44461538461538463,2019-25,<=24
00-0034366,Keke Coutee,WR,6.6000000000000005,8,11.3125,8.0,23.655030800821354,2020,82.0,True,4.7124999999999995,2019-25,<=24
00-0034367,Nyheim Hines,RB,7.36875,16,12.075,16.0,23.82751540041068,2020,53.0,True,4.706249999999999,2019-25,<=24
00-0034370,DaeSean Hamilton,WR,4.9,13,5.191666666666666,12.0,25.505817932922657,2020,100.0,True,0.2916666666666661,2019-25,25-27
00-0034386,Justin Watson,WR,4.766666666666667,9,2.3428571428571425,7.0,24.435318275154003,2020,103.0,False,-2.423809523809524,2019-25,<=24
00-0034400,Jordan Wilkins,RB,4.153846153846154,13,4.7153846153846155,13.0,26.1492128678987,2020,72.0,True,0.5615384615384613,2019-25,25-26
00-0034406,Deon Cain,WR,1.9454545454545453,11,,,24.087611225188226,2020,133.0,False,,2019-25,<=24
00-0034411,Russell Gage,WR,7.200000000000001,14,11.41,16.0,24.635181382614647,2020,76.0,True,4.209999999999999,2019-25,25-27
00-0034414,Boston Scott,RB,10.988888888888887,9,5.9750000000000005,16.0,25.374401095140314,2020,32.0,True,-5.013888888888887,2019-25,25-26
00-0034419,Braxton Berrios,WR,1.09375,16,6.08125,16.0,24.930869267624914,2020,143.0,True,4.9875,2019-25,25-27
00-0034426,Javon Wims,WR,3.872727272727273,11,1.7,10.0,25.998631074606433,2020,118.0,True,-2.172727272727273,2019-25,25-27
00-0034449,Buddy Howell,RB,0.125,8,1.54,5.0,24.45722108145106,2020,96.0,False,1.415,2019-25,<=24
00-0034487,Trent Sherfield,WR,1.2000000000000002,10,1.1111111111111112,9.0,24.539356605065024,2020,140.0,True,-0.08888888888888902,2019-25,25-27
00-0034510,Robert Foster,WR,1.23,10,1.9000000000000001,3.0,26.34633812457221,2020,139.0,False,0.6700000000000002,2019-25,25-27
00-0034521,Allen Lazard,WR,8.691666666666666,12,9.930000000000001,10.0,24.750171115674195,2020,64.0,True,1.238333333333335,2019-25,25-27
00-0034577,Kyle Allen,QB,13.65230769230769,13,11.25,4.0,24.50924024640657,2020,28.0,False,-2.4023076923076907,2019-25,25-27
00-0034578,Reggie Bonnafon,RB,2.6636363636363636,11,8.350000000000001,2.0,24.684462696783026,2020,82.0,False,5.686363636363637,2019-25,25-26
00-0034631,Vyncint Smith,WR,3.9000000000000004,13,0.575,4.0,24.254620123203285,2020,117.0,False,-3.325,2019-25,<=24
00-0034676,James Washington,WR,9.0,15,6.2,16.0,24.44079397672827,2020,63.0,True,-2.8,2019-25,<=24
00-0034681,Chase Edmonds,RB,7.1499999999999995,12,10.5,16.0,24.410677618069816,2020,55.0,True,3.3500000000000005,2019-25,<=24
00-0034686,Auden Tate,WR,8.458333333333334,12,3.625,8.0,23.600273785078713,2020,68.0,True,-4.833333333333334,2019-25,<=24
00-0034750,Rashaad Penny,RB,8.7,9,1.1333333333333335,3.0,24.605065023956193,2020,46.0,False,-7.5666666666666655,2019-25,25-26
00-0034753,Mark Andrews,TE,14.013333333333332,15,12.150000000000002,14.0,25.013004791238878,2020,7.0,True,-1.8633333333333297,2019-25,25-27
00-0034764,Michael Gallup,WR,15.62142857142857,14,11.01875,16.0,24.520191649555098,2020,17.0,True,-4.602678571428569,2019-25,25-27
00-0034765,Tre'Quan Smith,WR,7.140000000000001,10,7.93076923076923,13.0,24.67624914442163,2020,77.0,True,0.7907692307692296,2019-25,25-27
00-0034771,Mason Rudolph,QB,10.879999999999999,10,4.59,4.0,25.152635181382614,2020,30.0,False,-6.289999999999999,2019-25,25-27
00-0034775,Christian Kirk,WR,13.169230769230769,13,10.564285714285715,14.0,23.811088295687885,2020,32.0,True,-2.6049450549450537,2019-25,<=24
00-0034777,DJ Chark,WR,15.353333333333333,15,11.930769230769231,13.0,23.964407939767284,2020,19.0,True,-3.4225641025641025,2019-25,<=24
00-0034788,Jaeden Graham,TE,2.99,10,0.6875,8.0,24.919917864476385,2020,54.0,True,-2.3025,2019-25,25-27
00-0034791,Nick Chubb,RB,17.2625,16,18.808333333333334,12.0,24.706365503080082,2020,10.0,True,1.5458333333333343,2019-25,25-26
00-0034796,Lamar Jackson,QB,28.712,15,22.585333333333335,15.0,23.67419575633128,2020,1.0,True,-6.126666666666665,2019-25,<=24
00-0034798,Durham Smythe,TE,1.125,12,4.523076923076923,13.0,25.089664613278575,2020,69.0,True,3.398076923076923,2019-25,25-27
00-0034799,Kalen Ballage,RB,4.316666666666667,12,8.536363636363637,11.0,24.720054757015742,2020,69.0,True,4.21969696969697,2019-25,25-26
00-0034816,Ronald Jones,RB,10.58125,16,14.164285714285715,14.0,23.104722792607802,2020,35.0,True,3.583035714285714,2019-25,<=24
00-0034827,DJ Moore,WR,15.766666666666667,15,14.5,15.0,23.408624229979466,2020,15.0,True,-1.2666666666666675,2019-25,<=24
00-0034829,Mike Gesicki,TE,9.066666666666666,15,10.72,15.0,24.93908281998631,2020,13.0,True,1.6533333333333342,2019-25,25-27
00-0034830,Hayden Hurst,TE,4.80625,16,9.31875,16.0,27.04722792607803,2020,38.0,True,4.512499999999999,2019-25,25-27
00-0034837,Calvin Ridley,WR,15.384615384615385,13,19.566666666666666,15.0,25.724845995893222,2020,18.0,True,4.182051282051281,2019-25,25-27
00-0034838,Royce Freeman,RB,8.887500000000001,16,3.372727272727273,11.0,24.54483230663929,2020,45.0,True,-5.514772727272728,2019-25,25-26
00-0034844,Saquon Barkley,RB,19.700000000000003,13,7.7,2.0,23.583846680355922,2020,7.0,False,-12.000000000000004,2019-25,<=24
00-0034845,Sony Michel,RB,9.5375,16,9.787500000000001,8.0,25.56331279945243,2020,42.0,True,0.2500000000000018,2019-25,25-26
00-0034854,KhaDarel Hodge,WR,0.9666666666666668,12,4.142857142857143,7.0,26.68583162217659,2020,145.0,False,3.1761904761904765,2019-25,25-27
00-0034855,Baker Mayfield,QB,14.32375,16,15.53875,16.0,25.409993155373034,2020,27.0,True,1.2149999999999999,2019-25,25-27
00-0034857,Josh Allen,QB,18.035,16,25.75375,16.0,24.306639288158795,2020,11.0,True,7.71875,2019-25,<=24
00-0034860,Dante Pettis,WR,3.8377777777777777,9,2.9333333333333336,6.0,24.88432580424367,2020,120.0,False,-0.9044444444444442,2019-25,25-27
00-0034867,Malik Turner,WR,4.136363636363637,11,0.0,1.0,24.61327857631759,2020,116.0,False,-4.136363636363637,2019-25,25-27
00-0034869,Sam Darnold,QB,14.55076923076923,13,11.168333333333335,12.0,23.266255989048595,2020,25.0,True,-3.3824358974358955,2019-25,<=24
00-0034928,Steven Sims,WR,6.84375,16,5.108333333333333,12.0,23.446954140999317,2020,79.0,True,-1.7354166666666666,2019-25,<=24
00-0034960,Jakobi Meyers,WR,5.627272727272727,11,12.126666666666667,12.0,23.835728952772072,2020,96.0,True,6.49939393939394,2019-25,<=24
00-0034970,Irv Smith,TE,5.6499999999999995,14,7.576923076923077,13.0,22.088980150581794,2020,34.0,True,1.9269230769230772,2019-25,<=24
00-0034972,Alexander Mattison,RB,5.261538461538462,13,6.915384615384616,13.0,22.22861054072553,2020,65.0,True,1.6538461538461533,2019-25,<=24
00-0034975,Justice Hill,RB,3.09375,16,1.1818181818181819,11.0,22.822724161533195,2020,78.0,True,-1.9119318181818181,2019-25,<=24
00-0034981,Foster Moreau,TE,6.218181818181819,11,4.125,8.0,23.34839151266256,2020,30.0,True,-2.0931818181818187,2019-25,<=24
00-0034983,Hunter Renfrow,WR,10.5,13,8.225,16.0,24.722792607802873,2020,53.0,True,-2.2750000000000004,2019-25,25-27
00-0035006,Bisi Johnson,WR,6.076923076923077,13,3.8777777777777778,9.0,23.485284052019164,2020,89.0,True,-2.199145299145299,2019-25,<=24
00-0035021,Ashton Dulin,WR,0.46249999999999997,8,0.9400000000000001,10.0,23.32375085557837,2020,150.0,True,0.4775000000000001,2019-25,<=24
00-0035140,Mecole Hardman,WR,7.71875,16,8.13125,16.0,22.49965776865161,2020,72.0,True,0.41249999999999964,2019-25,<=24
00-0035148,Darwin Thompson,RB,3.21,10,6.640000000000001,5.0,23.575633127994525,2020,77.0,False,3.4300000000000006,2019-25,<=24
00-0035215,Deonte Harty,WR,1.25,14,5.522222222222222,9.0,22.767967145790553,2020,138.0,True,4.272222222222222,2019-25,<=24
00-0035216,Diontae Johnson,WR,10.31875,16,15.120000000000001,15.0,24.18343600273785,2020,55.0,True,4.801250000000001,2019-25,<=24
00-0035217,Benny Snell,RB,5.263636363636365,11,5.193333333333333,15.0,22.535249828884325,2020,64.0,True,-0.0703030303030312,2019-25,<=24
00-0035228,Kyler Murray,QB,17.83,16,24.35875,16.0,23.093771389459274,2020,12.0,True,6.528750000000002,2019-25,<=24
00-0035229,T.J. Hockenson,TE,6.8500000000000005,12,10.95625,16.0,23.189596167008897,2020,24.0,True,4.10625,2019-25,<=24
00-0035232,Dwayne Haskins,QB,8.522222222222222,9,9.737142857142857,7.0,23.356605065023956,2020,34.0,False,1.2149206349206345,2019-25,<=24
00-0035243,Miles Sanders,RB,13.856250000000001,16,14.700000000000001,12.0,23.362080766598222,2020,21.0,True,0.84375,2019-25,<=24
00-0035246,J.J. Arcega-Whiteside,WR,3.6555555555555554,9,2.9,5.0,23.693360711841205,2020,122.0,False,-0.7555555555555555,2019-25,<=24
00-0035250,Devin Singletary,RB,12.575000000000001,12,8.975,16.0,23.019849418206707,2020,27.0,True,-3.6000000000000014,2019-25,<=24
00-0035261,Tony Pollard,RB,6.8,14,7.55,16.0,23.364818617385353,2020,56.0,True,0.75,2019-25,<=24
00-0035268,Ryquell Armstead,RB,3.6571428571428575,14,,,23.863107460643395,2020,74.0,False,,2019-25,<=24
00-0035287,KeeSean Johnson,WR,4.6,10,4.0375000000000005,8.0,23.920602327173167,2020,108.0,True,-0.5624999999999991,2019-25,<=24
00-0035289,Gardner Minshew,QB,16.374285714285715,14,17.85111111111111,9.0,24.320328542094455,2020,19.0,True,1.4768253968253937,2019-25,<=24
00-0035297,Kelvin Harmon,WR,4.462666666666666,15,,,23.737166324435318,2020,110.0,False,,2019-25,<=24
00-0035298,Scott Miller,WR,4.511111111111111,9,7.428571428571429,14.0,23.1129363449692,2020,109.0,True,2.9174603174603178,2019-25,<=24
00-0035342,Patrick Laird,RB,8.525,8,2.4444444444444446,9.0,25.06776180698152,2020,47.0,True,-6.080555555555556,2019-25,25-26
00-0035350,Preston Williams,WR,11.350000000000001,8,9.5375,8.0,23.457905544147845,2020,44.0,True,-1.8125000000000018,2019-25,<=24
00-0035527,Andy Isabella,WR,2.9499999999999997,12,4.981818181818182,11.0,23.811088295687885,2020,130.0,True,2.0318181818181826,2019-25,<=24
00-0035535,Darius Slayton,WR,12.357142857142858,14,9.0,16.0,23.66050650239562,2020,38.0,True,-3.3571428571428577,2019-25,<=24
00-0035537,Ty Johnson,RB,3.7625,16,6.027272727272727,11.0,22.981519507186857,2020,73.0,True,2.264772727272727,2019-25,<=24
00-0035577,Devlin Hodges,QB,6.415,8,,,24.413415468856947,2020,35.0,False,,2019-25,<=24
00-0035628,D'Ernest Johnson,RB,1.52,10,1.5,14.0,24.536618754277892,2020,87.0,True,-0.020000000000000018,2019-25,25-26
00-0035640,DK Metcalf,WR,11.7875,16,17.425,16.0,22.740588637919235,2020,41.0,True,5.637500000000001,2019-25,<=24
00-0035644,Noah Fant,TE,7.125,16,10.664285714285715,14.0,22.806297056810404,2020,21.0,True,3.5392857142857146,2019-25,<=24
00-0035645,Gunner Olszewski,WR,0.675,8,1.9615384615384615,13.0,23.789185489390828,2020,146.0,True,1.2865384615384614,2019-25,<=24
00-0035659,Terry McLaurin,WR,14.028571428571428,14,15.22,15.0,24.98836413415469,2020,30.0,True,1.1914285714285722,2019-25,25-27
00-0035662,Marquise Brown,WR,10.564285714285715,14,11.53125,16.0,23.26899383983573,2020,50.0,True,0.966964285714285,2019-25,<=24
00-0035664,Darrell Henderson,RB,2.488888888888889,9,8.886666666666667,15.0,23.06091718001369,2020,83.0,True,6.397777777777778,2019-25,<=24
00-0035676,A.J. Brown,WR,14.0375,16,18.107142857142858,14.0,23.197809719370294,2020,29.0,True,4.069642857142858,2019-25,<=24
00-0035685,David Montgomery,RB,11.025,16,18.253333333333334,15.0,23.260780287474333,2020,30.0,True,7.2283333333333335,2019-25,<=24
00-0035689,Dawson Knox,TE,5.3133333333333335,15,6.072727272727272,11.0,23.822039698836413,2020,36.0,True,0.7593939393939388,2019-25,<=24
00-0035700,Josh Jacobs,RB,15.892307692307693,13,15.82,15.0,22.579055441478438,2020,14.0,True,-0.0723076923076924,2019-25,<=24
00-0035703,Miles Boykin,WR,4.233333333333333,12,4.971428571428571,14.0,23.912388774811774,2020,114.0,True,0.7380952380952372,2019-25,<=24
00-0035710,Daniel Jones,QB,16.536923076923078,13,12.858571428571429,14.0,23.290896646132786,2020,16.0,True,-3.678351648351649,2019-25,<=24
00-0035719,Deebo Samuel Sr.,WR,12.906666666666668,15,11.742857142857144,7.0,24.654346338124572,2020,34.0,False,-1.1638095238095243,2019-25,25-27
00-0019596,Tom Brady,QB,21.12,16,23.45529411764706,17.0,44.10403832991102,2021,10.0,True,2.3352941176470594,2019-25,32+
00-0020531,Drew Brees,QB,17.456666666666667,12,,,42.652977412731005,2021,16.0,False,,2019-25,32+
00-0022127,Jason Witten,TE,3.19,10,,,39.34839151266256,2021,60.0,False,,2019-25,32+
00-0022921,Larry Fitzgerald,WR,7.761538461538462,13,,,38.02874743326489,2021,75.0,False,,2019-25,32+
00-0022924,Ben Roethlisberger,QB,17.814666666666668,15,13.63125,16.0,39.526351813826146,2021,15.0,True,-4.183416666666668,2019-25,32+
00-0022942,Philip Rivers,QB,14.9975,16,,,39.75633127994524,2021,26.0,False,,2019-25,32+
00-0023436,Alex Smith,QB,8.9475,8,,,37.34428473648186,2021,34.0,False,,2019-25,32+
00-0023459,Aaron Rodgers,QB,23.95375,16,20.83125,16.0,37.7741273100616,2021,4.0,True,-3.1224999999999987,2019-25,32+
00-0023500,Frank Gore,RB,6.680000000000001,15,,,38.327173169062284,2021,56.0,False,,2019-25,31+
00-0023682,Ryan Fitzpatrick,QB,17.082222222222224,9,0.72,1.0,38.795345653661876,2021,18.0,False,-16.362222222222226,2019-25,32+
00-0024243,Marcedes Lewis,TE,3.5181818181818185,11,3.4153846153846157,13.0,37.31143052703628,2021,58.0,True,-0.10279720279720284,2019-25,32+
00-0025394,Adrian Peterson,RB,7.78125,16,6.65,4.0,36.473648186173854,2021,50.0,False,-1.1312499999999996,2019-25,31+
00-0025418,Greg Olsen,TE,4.9,11,,,36.50102669404517,2021,45.0,False,,2019-25,32+
00-0026035,Danny Amendola,WR,7.6000000000000005,14,8.7875,8.0,35.854893908282,2021,78.0,True,1.1874999999999991,2019-25,32+
00-0026143,Matt Ryan,QB,18.1525,16,13.112941176470587,17.0,36.31759069130732,2021,13.0,True,-5.039558823529413,2019-25,32+
00-0026498,Matthew Stafford,QB,16.785,16,19.396470588235296,17.0,33.59069130732375,2021,20.0,True,2.6114705882352958,2019-25,32+
00-0027029,LeSean McCoy,RB,3.525,8,,,33.163586584531146,2021,81.0,False,,2019-25,31+
00-0027061,Jared Cook,TE,8.493333333333334,15,8.275,16.0,34.42847364818618,2021,23.0,True,-0.2183333333333337,2019-25,32+
00-0027656,Rob Gronkowski,TE,9.425,16,14.641666666666666,12.0,32.32580424366872,2021,15.0,True,5.216666666666665,2019-25,32+
00-0027685,Emmanuel Sanders,WR,11.87857142857143,14,9.407142857142857,14.0,34.48596851471595,2021,43.0,True,-2.4714285714285733,2019-25,32+
00-0027691,Andre Roberts,WR,0.47333333333333333,15,0.775,16.0,33.67008898015058,2021,151.0,True,0.3016666666666667,2019-25,32+
00-0027696,Jimmy Graham,TE,8.975,16,4.609090909090909,11.0,34.795345653661876,2021,18.0,True,-4.36590909090909,2019-25,32+
00-0027793,Antonio Brown,WR,14.825,8,17.942857142857143,7.0,33.16906228610541,2021,23.0,False,3.1178571428571438,2019-25,32+
00-0027891,Golden Tate,WR,7.21,12,,,33.106091718001366,2021,84.0,False,,2019-25,32+
00-0027939,Cam Newton,QB,17.398666666666667,15,12.337142857142856,7.0,32.33401779603012,2021,17.0,False,-5.061523809523811,2019-25,32+
00-0027942,A.J. Green,WR,6.956250000000001,16,9.9875,16.0,33.111567419575636,2021,87.0,True,3.03125,2019-25,32+
00-0027944,Julio Jones,WR,16.733333333333334,9,8.190000000000001,10.0,32.58590006844627,2021,14.0,True,-8.543333333333333,2019-25,32+
00-0027966,Mark Ingram,RB,5.290000000000001,10,7.757142857142858,14.0,31.720739219712527,2021,65.0,True,2.467142857142857,2019-25,31+
00-0027973,Andy Dalton,QB,12.445454545454545,11,10.525,8.0,33.86721423682409,2021,30.0,True,-1.920454545454545,2019-25,32+
00-0027981,Kyle Rudolph,TE,5.45,12,3.98,15.0,31.835728952772072,2021,38.0,True,-1.4700000000000002,2019-25,30-31
00-0028002,Randall Cobb,WR,10.01,10,8.69090909090909,11.0,31.052703627652292,2021,56.0,True,-1.3190909090909102,2019-25,30-31
00-0028042,Luke Stocker,TE,1.209090909090909,11,0.5333333333333333,6.0,33.14989733059548,2021,71.0,False,-0.6757575757575757,2019-25,32+
00-0028063,Taiwan Jones,RB,0.0,8,0.0,7.0,33.125256673511295,2021,100.0,False,0.0,2019-25,31+
00-0028087,Dion Lewis,RB,3.6999999999999997,16,,,30.954140999315538,2021,79.0,False,,2019-25,29-30
00-0029000,Cole Beasley,WR,14.333333333333334,15,10.05,16.0,32.375085557837096,2021,30.0,True,-4.283333333333333,2019-25,32+
00-0029141,Alfred Morris,RB,4.522222222222222,9,,,32.74469541409993,2021,72.0,False,,2019-25,31+
00-0029263,Russell Wilson,QB,22.48625,16,17.344285714285714,14.0,32.780287474332646,2021,7.0,True,-5.141964285714284,2019-25,32+
00-0029293,Marvin Jones,WR,14.51875,16,10.688235294117646,17.0,31.498973305954827,2021,26.0,True,-3.8305147058823543,2019-25,30-31
00-0029567,Nick Foles,QB,11.575555555555557,9,16.8,1.0,32.63791923340178,2021,32.0,False,5.224444444444444,2019-25,32+
00-0029604,Kirk Cousins,QB,19.6375,16,18.77125,16.0,33.059548254620125,2021,11.0,True,-0.8662500000000009,2019-25,32+
00-0029608,T.Y. Hilton,WR,11.046666666666669,15,7.410000000000001,10.0,31.822039698836413,2021,49.5,True,-3.6366666666666676,2019-25,30-31
00-0029701,Ryan Tannehill,QB,21.5225,16,15.785882352941178,17.0,33.12251882272416,2021,9.0,True,-5.736617647058823,2019-25,32+
00-0029738,Darren Fells,TE,6.3500000000000005,12,2.766666666666667,3.0,35.38672142368241,2021,30.0,False,-3.5833333333333335,2019-25,32+
00-0030035,Adam Thielen,WR,17.233333333333334,15,15.484615384615385,13.0,31.052703627652292,2021,11.0,True,-1.7487179487179496,2019-25,30-31
00-0030061,Zach Ertz,TE,7.045454545454546,11,10.629411764705884,17.0,30.833675564681723,2021,26.0,True,3.583957219251338,2019-25,30-31
00-0030108,Ryan Griffin,TE,1.7600000000000002,10,4.65,14.0,31.66324435318275,2021,70.0,True,2.89,2019-25,30-31
00-0030155,Demetrius Harris,TE,1.0454545454545454,11,0.4,10.0,30.119096509240247,2021,72.0,True,-0.6454545454545454,2019-25,30-31
00-0030181,Jack Doyle,TE,4.930769230769231,13,5.28,15.0,31.351129363449694,2021,44.0,True,0.34923076923076923,2019-25,30-31
00-0030216,Josh Hill,TE,2.066666666666667,9,,,31.307323750855577,2021,67.0,False,,2019-25,30-31
00-0030279,Keenan Allen,WR,17.935714285714287,14,16.4875,16.0,29.371663244353183,2021,7.0,True,-1.4482142857142861,2019-25,28-29
00-0030288,Rex Burkhead,RB,10.760000000000002,10,7.153333333333333,15.0,31.19233401779603,2021,32.0,True,-3.6066666666666682,2019-25,31+
00-0030431,Robert Woods,WR,15.50625,16,15.41111111111111,9.0,29.418206707734427,2021,19.0,True,-0.09513888888889,2019-25,28-29
00-0030456,Giovani Bernard,RB,9.88125,16,5.91,10.0,29.801505817932924,2021,36.0,True,-3.9712499999999995,2019-25,29-30
00-0030470,Vance McDonald,TE,2.4899999999999998,10,,,31.24435318275154,2021,66.0,False,,2019-25,30-31
00-0030472,Jordan Reed,TE,7.31,10,,,31.189596167008897,2021,25.0,False,,2019-25,30-31
00-0030496,Le'Veon Bell,RB,6.781818181818182,11,4.7625,8.0,29.560574948665298,2021,55.0,True,-2.019318181818182,2019-25,29-30
00-0030506,Travis Kelce,TE,21.450666666666667,15,16.8,16.0,31.9315537303217,2021,1.0,True,-4.650666666666666,2019-25,30-31
00-0030513,Latavius Murray,RB,9.28,15,7.614285714285715,14.0,31.644079397672826,2021,39.0,True,-1.6657142857142846,2019-25,31+
00-0030549,Tyler Eifert,TE,5.526666666666667,15,,,31.006160164271048,2021,37.0,False,,2019-25,30-31
00-0030564,DeAndre Hopkins,WR,18.64375,16,14.720000000000002,10.0,29.2621492128679,2021,5.0,True,-3.9237499999999983,2019-25,28-29
00-0030578,Cordarrelle Patterson,RB,4.3375,16,14.94375,16.0,30.48596851471595,2021,73.0,True,10.60625,2019-25,29-30
00-0030663,Willie Snead,WR,7.361538461538462,13,1.1142857142857143,7.0,28.89801505817933,2021,82.0,False,-6.247252747252748,2019-25,28-29
00-0030710,Trey Burton,TE,6.941666666666666,12,,,29.867214236824093,2021,27.0,False,,2019-25,28-29
00-0031045,Carlos Hyde,RB,8.49,10,4.163636363636364,11.0,30.973305954825463,2021,45.0,True,-4.326363636363636,2019-25,29-30
00-0031051,John Brown,WR,10.755555555555555,9,0.0,3.0,31.43874058863792,2021,52.0,False,-10.755555555555555,2019-25,30-31
00-0031062,James White,RB,8.32857142857143,14,10.4,3.0,29.60164271047228,2021,46.0,False,2.071428571428571,2019-25,29-30
00-0031236,Brandin Cooks,WR,15.766666666666667,15,14.8625,16.0,27.958932238193018,2021,17.0,True,-0.9041666666666668,2019-25,25-27
00-0031237,Teddy Bridgewater,QB,16.081333333333333,15,14.477142857142857,14.0,28.83230663928816,2021,22.0,True,-1.6041904761904764,2019-25,28-29
00-0031260,Logan Thomas,TE,11.1325,16,10.72,5.0,30.195756331279945,2021,6.0,False,-0.41249999999999964,2019-25,30-31
00-0031273,Cameron Brate,TE,5.246153846153846,13,4.90625,16.0,30.190280629705683,2021,39.0,True,-0.33990384615384617,2019-25,30-31
00-0031280,Derek Carr,QB,17.0075,16,15.585882352941175,17.0,30.455852156057496,2021,19.0,True,-1.4216176470588255,2019-25,30-31
00-0031319,Diontae Spencer,WR,1.2272727272727273,11,0.04666666666666666,15.0,29.478439425051334,2021,143.0,True,-1.1806060606060607,2019-25,28-29
00-0031325,Sammy Watkins,WR,8.74,10,6.4,11.0,28.240930869267626,2021,64.0,True,-2.34,2019-25,28-29
00-0031376,Jerick McKinnon,RB,9.014285714285714,14,3.988888888888889,9.0,29.35523613963039,2021,41.0,True,-5.025396825396825,2019-25,29-30
00-0031381,Davante Adams,WR,26.35,14,22.675,16.0,28.711841204654345,2021,1.0,True,-3.6750000000000007,2019-25,28-29
00-0031382,Jarvis Landry,WR,12.630666666666666,15,11.208333333333334,12.0,28.78302532511978,2021,38.0,True,-1.4223333333333326,2019-25,28-29
00-0031384,Richard Rodgers,TE,8.8125,8,3.1,1.0,29.634496919917865,2021,20.0,False,-5.7125,2019-25,28-29
00-0031387,Eric Ebron,TE,9.453333333333335,15,4.0625,8.0,28.418891170431213,2021,14.0,True,-5.390833333333335,2019-25,28-29
00-0031408,Mike Evans,WR,15.9125,16,16.59375,16.0,28.05475701574264,2021,16.0,True,0.6812500000000004,2019-25,28-29
00-0031428,Allen Robinson,WR,16.806250000000002,16,7.25,12.0,28.046543463381244,2021,13.0,True,-9.556250000000002,2019-25,28-29
00-0031544,Amari Cooper,WR,15.175,16,13.7,15.0,27.23340177960301,2021,21.0,True,-1.4750000000000014,2019-25,25-27
00-0031547,DeVante Parker,WR,12.200000000000001,14,11.5,9.0,28.637919233401778,2021,39.0,True,-0.7000000000000011,2019-25,28-29
00-0031549,Nelson Agholor,WR,11.88125,16,7.385714285714286,14.0,28.298425735797398,2021,42.0,True,-4.4955357142857135,2019-25,28-29
00-0031588,Stefon Diggs,WR,21.19375,16,16.970588235294116,17.0,27.78097193702943,2021,3.0,True,-4.2231617647058854,2019-25,25-27
00-0031598,Nick Boyle,TE,4.144444444444445,9,0.6,2.0,28.56125941136208,2021,49.0,False,-3.5444444444444447,2019-25,28-29
00-0031610,Darren Waller,TE,18.2875,16,12.409090909090908,11.0,28.99110198494182,2021,2.0,True,-5.878409090909093,2019-25,28-29
00-0031687,Raheem Mostert,RB,12.4625,8,2.0,1.0,29.420944558521562,2021,26.0,False,-10.4625,2019-25,29-30
00-0031763,DeAndre Carter,WR,0.13846153846153847,13,5.088235294117647,17.0,28.418891170431213,2021,153.0,True,4.949773755656108,2019-25,28-29
00-0031806,Malcolm Brown,RB,6.8187500000000005,16,3.75,6.0,28.32306639288159,2021,54.0,False,-3.0687500000000005,2019-25,27-28
00-0031868,Damiere Byrd,WR,7.760000000000001,15,6.081818181818182,11.0,28.618754277891856,2021,76.0,True,-1.6781818181818187,2019-25,28-29
00-0031941,Jamison Crowder,WR,14.71,12,9.141666666666667,12.0,28.23271731690623,2021,24.0,True,-5.568333333333333,2019-25,28-29
00-0031951,James O'Shaughnessy,TE,3.6133333333333337,15,7.2,7.0,29.65639972621492,2021,57.0,False,3.5866666666666664,2019-25,28-29
00-0032054,Breshad Perriman,WR,8.383333333333335,12,6.6800000000000015,5.0,28.0,2021,68.0,False,-1.7033333333333331,2019-25,28-29
00-0032062,Blake Bell,TE,2.0181818181818185,11,1.7,11.0,30.094455852156056,2021,68.0,True,-0.31818181818181857,2019-25,30-31
00-0032063,Mike Davis,RB,13.766666666666667,15,8.129411764705884,17.0,28.555783709787818,2021,21.0,True,-5.637254901960784,2019-25,27-28
00-0032098,Daniel Brown,TE,0.6375,8,1.6333333333333335,3.0,29.29226557152635,2021,76.0,False,0.9958333333333336,2019-25,28-29
00-0032104,Ameer Abdullah,RB,2.727272727272727,11,5.264705882352941,17.0,28.243668720054757,2021,87.0,True,2.537433155080214,2019-25,27-28
00-0032128,Chris Conley,WR,6.935714285714286,14,4.614285714285714,14.0,28.876112251882272,2021,88.0,True,-2.321428571428572,2019-25,28-29
00-0032135,Jesse James,TE,2.9923076923076923,13,3.84,5.0,27.26899383983573,2021,63.0,False,0.8476923076923075,2019-25,25-27
00-0032144,Melvin Gordon,RB,13.626666666666667,15,12.75625,16.0,28.410677618069816,2021,22.0,True,-0.8704166666666673,2019-25,27-28
00-0032187,David Johnson,RB,15.333333333333334,12,6.253846153846154,13.0,29.73579739904175,2021,13.0,True,-9.079487179487181,2019-25,29-30
00-0032211,Tyler Lockett,WR,17.18125,16,15.55625,16.0,28.95003422313484,2021,12.0,True,-1.6249999999999982,2019-25,28-29
00-0032241,Todd Gurley,RB,11.08,15,,,27.104722792607802,2021,31.0,False,,2019-25,27-28
00-0032257,Duke Johnson,RB,7.672727272727273,11,13.020000000000001,5.0,27.964407939767284,2021,51.0,False,5.3472727272727285,2019-25,27-28
00-0032385,Sterling Shepard,WR,13.666666666666666,12,11.314285714285715,7.0,28.580424366872005,2021,34.0,False,-2.352380952380951,2019-25,28-29
00-0032392,Austin Hooper,TE,8.73076923076923,13,6.166666666666667,15.0,26.86652977412731,2021,21.0,True,-2.564102564102563,2019-25,25-27
00-0032394,Nick Vannett,TE,2.6818181818181817,11,4.042857142857143,7.0,28.514715947980836,2021,64.0,False,1.361038961038961,2019-25,28-29
00-0032404,Tyler Ervin,RB,3.2625,8,,,27.926078028747433,2021,83.0,False,,2019-25,27-28
00-0032464,Kalif Raymond,WR,1.9266666666666665,15,8.4625,16.0,27.091033538672143,2021,137.0,True,6.535833333333334,2019-25,25-27
00-0032543,Alex Erickson,WR,1.5375,16,0.5,17.0,28.843258042436688,2021,141.0,True,-1.0375,2019-25,28-29
00-0032602,J.D. McKissic,RB,11.9625,16,11.627272727272727,11.0,28.071184120465436,2021,28.0,True,-0.3352272727272734,2019-25,27-28
00-0032688,Robbie Chosen,WR,14.2875,16,8.147058823529411,17.0,28.33949349760438,2021,31.0,True,-6.140441176470588,2019-25,28-29
00-0032741,Peyton Barber,RB,3.9285714285714284,14,5.877777777777778,9.0,27.534565366187543,2021,78.0,True,1.9492063492063498,2019-25,27-28
00-0032764,Derrick Henry,RB,23.63125,16,26.0375,8.0,27.682409308692677,2021,3.0,True,2.40625,2019-25,27-28
00-0032775,Demarcus Robinson,WR,7.173333333333334,15,4.957142857142857,14.0,26.97056810403833,2021,85.0,True,-2.2161904761904765,2019-25,25-27
00-0032791,Jakeem Grant,WR,6.235714285714286,14,2.9,15.0,28.862422997946613,2021,94.0,True,-3.335714285714286,2019-25,28-29
00-0032950,Carson Wentz,QB,16.533333333333335,12,15.648235294117649,17.0,28.695414099931554,2021,21.0,True,-0.885098039215686,2019-25,28-29
00-0032972,Devontae Booker,RB,5.713333333333334,15,9.00625,16.0,29.28952772073922,2021,63.0,True,3.292916666666666,2019-25,29-30
00-0032977,Rashard Higgins,WR,10.200000000000001,12,4.791666666666667,12.0,26.926762491444215,2021,54.0,True,-5.408333333333334,2019-25,25-27
00-0032980,Marcus Johnson,WR,4.555555555555555,9,3.7571428571428567,7.0,27.09924709103354,2021,111.0,False,-0.7984126984126987,2019-25,25-27
00-0032986,J.P. Holtz,TE,0.0,9,0.0,5.0,28.035592060232716,2021,77.0,False,0.0,2019-25,28-29
00-0033006,Jaydon Mickens,WR,1.2799999999999998,10,0.2727272727272727,11.0,27.38945927446954,2021,142.0,True,-1.007272727272727,2019-25,25-27
00-0033009,Tyler Boyd,WR,13.042666666666667,15,11.58375,16.0,26.819986310746064,2021,37.0,True,-1.458916666666667,2019-25,25-27
00-0033025,Jalen Richard,RB,3.930769230769231,13,2.5777777777777775,9.0,27.904175222450377,2021,77.0,True,-1.3529914529914535,2019-25,27-28
00-0033040,Tyreek Hill,WR,22.660000000000004,15,17.705882352941178,17.0,27.529089664613277,2021,2.0,True,-4.954117647058826,2019-25,25-27
00-0033045,Ezekiel Elliott,RB,15.313333333333333,15,15.18,17.0,26.138261464750173,2021,14.0,True,-0.13333333333333286,2019-25,25-26
00-0033090,Hunter Henry,TE,10.37857142857143,14,10.26875,16.0,26.759753593429156,2021,11.0,True,-0.10982142857142918,2019-25,25-27
00-0033094,Marvin Hall,WR,5.618181818181818,11,2.0,1.0,28.418891170431213,2021,100.0,False,-3.618181818181818,2019-25,28-29
00-0033106,Jared Goff,QB,15.998666666666667,15,13.892857142857142,14.0,26.90759753593429,2021,23.0,True,-2.1058095238095245,2019-25,25-27
00-0033110,Tyler Higbee,TE,8.546666666666665,15,9.8,15.0,28.689938398357288,2021,22.0,True,1.2533333333333356,2019-25,28-29
00-0033111,Pharoh Cooper,WR,0.82,15,0.95,8.0,26.51334702258727,2021,150.0,True,0.13,2019-25,25-27
00-0033114,Mike Thomas,WR,2.525,12,1.4571428571428573,7.0,27.069130732375086,2021,131.0,False,-1.0678571428571426,2019-25,25-27
00-0033118,Kenyan Drake,RB,13.213333333333333,15,8.541666666666666,12.0,27.62217659137577,2021,25.0,True,-4.671666666666667,2019-25,27-28
00-0033119,Jacoby Brissett,QB,1.870909090909091,11,7.232000000000001,10.0,28.747433264887064,2021,36.0,True,5.36109090909091,2019-25,28-29
00-0033127,Will Fuller,WR,17.854545454545455,11,4.3,2.0,27.4031485284052,2021,8.0,False,-13.554545454545455,2019-25,25-27
00-0033217,Mo Alie-Cox,TE,5.8500000000000005,14,4.68235294117647,17.0,27.975359342915812,2021,34.0,True,-1.1676470588235306,2019-25,25-27
00-0033251,Zach Pascal,WR,8.55625,16,5.90625,16.0,26.729637234770706,2021,67.0,True,-2.6500000000000004,2019-25,25-27
00-0033258,Darrell Daniels,TE,2.5777777777777775,9,0.1,10.0,26.80082135523614,2021,65.0,True,-2.4777777777777774,2019-25,25-27
00-0033282,Curtis Samuel,WR,14.44,15,1.9600000000000002,5.0,25.08145106091718,2021,28.0,False,-12.479999999999999,2019-25,25-27
00-0033288,George Kittle,TE,16.0125,8,14.464285714285714,14.0,27.920602327173167,2021,3.0,True,-1.5482142857142858,2019-25,25-27
00-0033292,Trent Taylor,WR,1.55,12,1.5250000000000001,4.0,27.364818617385353,2021,140.0,False,-0.02499999999999991,2019-25,25-27
00-0033293,Aaron Jones,RB,19.135714285714283,14,15.466666666666667,15.0,26.77344284736482,2021,4.0,True,-3.669047619047616,2019-25,25-26
00-0033296,Alex Armah,RB,0.6416666666666667,12,1.0222222222222221,9.0,27.318275154004105,2021,99.0,True,0.3805555555555554,2019-25,27-28
00-0033307,Kendrick Bourne,WR,8.646666666666668,15,10.617647058823529,17.0,26.102669404517453,2021,66.0,True,1.9709803921568607,2019-25,25-27
00-0033308,Matt Breida,RB,4.2,10,6.1000000000000005,7.0,26.532511978097194,2021,74.0,False,1.9000000000000004,2019-25,25-26
00-0033319,Nick Mullens,QB,11.628,10,9.879999999999999,1.0,26.47501711156742,2021,31.0,False,-1.748000000000001,2019-25,25-27
00-0033338,Cethan Carter,TE,0.7923076923076924,13,0.45,8.0,26.015058179329227,2021,74.0,True,-0.34230769230769237,2019-25,25-27
00-0033357,Taysom Hill,TE,9.78875,16,10.393333333333334,12.0,31.04996577686516,2021,13.0,True,0.6045833333333341,2019-25,30-31
00-0033367,C.J. Board,WR,1.9454545454545453,11,1.616666666666667,6.0,27.745379876796715,2021,136.0,False,-0.3287878787878784,2019-25,25-27
00-0033375,Tim Patrick,WR,11.046666666666669,15,9.775,16.0,27.797399041752225,2021,49.5,True,-1.2716666666666683,2019-25,25-27
00-0033376,Patrick Ricard,RB,1.9333333333333331,9,2.5875,8.0,27.290896646132786,2021,93.0,True,0.6541666666666668,2019-25,27-28
00-0033387,Jacob Hollister,TE,5.06923076923077,13,2.9285714285714284,7.0,27.811088295687885,2021,41.0,False,-2.1406593406593415,2019-25,25-27
00-0033439,Pharaoh Brown,TE,4.23,10,2.930769230769231,13.0,27.353867214236825,2021,48.0,True,-1.2992307692307694,2019-25,25-27
00-0033455,Anthony Firkser,TE,5.680000000000001,15,4.873333333333334,15.0,26.55715263518138,2021,36.0,True,-0.8066666666666666,2019-25,25-27
00-0033466,Isaiah McKenzie,WR,6.6386666666666665,15,3.733333333333333,15.0,26.42299794661191,2021,92.0,True,-2.9053333333333335,2019-25,25-27
00-0033471,Isaiah Ford,WR,6.177777777777778,9,4.01,10.0,25.585215605749486,2021,96.0,True,-2.1677777777777782,2019-25,25-27
00-0033526,Samaje Perine,RB,5.4750000000000005,12,5.546666666666667,15.0,25.984941820670773,2021,64.0,True,0.07166666666666632,2019-25,25-26
00-0033536,Mike Williams,WR,11.192857142857141,14,15.787500000000001,16.0,26.934976043805612,2021,48.0,True,4.59464285714286,2019-25,25-27
00-0033537,Deshaun Watson,QB,23.0825,16,,,25.99041752224504,2021,5.0,False,,2019-25,25-27
00-0033553,James Conner,RB,13.353846153846153,13,17.18,15.0,26.351813826146476,2021,24.0,True,3.826153846153847,2019-25,25-26
00-0033555,Mack Hollins,WR,3.4181818181818184,11,4.02,15.0,27.983572895277206,2021,122.0,True,0.6018181818181811,2019-25,25-27
00-0033567,Brian Hill,RB,5.9625,16,0.0,1.0,25.83709787816564,2021,62.0,False,-5.9625,2019-25,25-26
00-0033572,Jamal Agnew,WR,2.2285714285714286,14,8.2,10.0,26.439425051334702,2021,132.0,True,5.971428571428571,2019-25,25-27
00-0033589,David Moore,WR,7.425000000000001,16,0.0,2.0,26.652977412731005,2021,81.0,False,-7.425000000000001,2019-25,25-27
00-0033591,Noah Brown,WR,2.98,10,3.822222222222222,9.0,25.678302532511978,2021,128.0,True,0.842222222222222,2019-25,25-27
00-0033594,Chris Carson,RB,15.65,12,12.025,4.0,26.98425735797399,2021,12.0,False,-3.625,2019-25,25-26
00-0033681,Keelan Cole,WR,9.80625,16,5.635714285714286,14.0,28.39151266255989,2021,59.0,True,-4.170535714285714,2019-25,28-29
00-0033699,Austin Ekeler,RB,16.53,10,21.675,16.0,26.31895961670089,2021,9.0,True,5.145,2019-25,25-26
00-0033725,Corey Clement,RB,2.1,10,2.627272727272727,11.0,26.855578370978783,2021,91.0,True,0.5272727272727269,2019-25,25-26
00-0033733,Greg Ward,WR,8.31875,16,3.4579999999999997,10.0,26.16563997262149,2021,69.0,True,-4.8607499999999995,2019-25,25-27
00-0033757,Robert Tonyan,TE,11.773333333333333,15,6.3,8.0,27.364818617385353,2021,5.0,True,-5.473333333333334,2019-25,25-27
00-0033854,Dare Ogunbowale,RB,2.9899999999999998,10,3.853846153846154,13.0,27.353867214236825,2021,84.0,True,0.8638461538461542,2019-25,27-28
00-0033856,Leonard Fournette,RB,11.25,12,18.685714285714287,14.0,26.64476386036961,2021,30.0,True,7.435714285714287,2019-25,25-26
00-0033857,JuJu Smith-Schuster,WR,14.63125,16,6.960000000000001,5.0,24.799452429842574,2021,25.0,False,-7.671249999999999,2019-25,25-27
00-0033858,Jonnu Smith,TE,10.014285714285714,14,4.2125,16.0,26.053388090349078,2021,12.0,True,-5.801785714285714,2019-25,25-27
00-0033869,Mitchell Trubisky,QB,15.370000000000001,10,1.624,5.0,27.058179329226558,2021,25.0,False,-13.746,2019-25,25-27
00-0033871,Corey Davis,WR,14.207142857142857,14,11.855555555555556,9.0,26.663928815879533,2021,32.0,True,-2.3515873015873012,2019-25,25-27
00-0033873,Patrick Mahomes,QB,26.026666666666667,15,22.215294117647062,17.0,25.982203969883642,2021,1.0,True,-3.8113725490196053,2019-25,25-27
00-0033881,Evan Engram,TE,8.90625,16,6.833333333333333,15.0,27.02258726899384,2021,19.0,True,-2.072916666666667,2019-25,25-27
00-0033885,David Njoku,TE,4.754545454545454,11,7.273333333333334,15.0,25.169062286105408,2021,46.0,True,2.5187878787878804,2019-25,25-27
00-0033891,Zay Jones,WR,3.3236363636363637,11,7.16,15.0,26.45037645448323,2021,124.0,True,3.8363636363636364,2019-25,25-27
00-0033893,Dalvin Cook,RB,26.2,14,17.176923076923078,13.0,26.086242299794662,2021,1.0,True,-9.023076923076921,2019-25,25-26
00-0033895,Gerald Everett,TE,6.193333333333333,15,7.8533333333333335,15.0,27.211498973305954,2021,31.0,True,1.6600000000000001,2019-25,25-27
00-0033896,Adam Shaheen,TE,3.4615384615384617,13,3.2857142857142856,7.0,26.88021902806297,2021,59.0,False,-0.1758241758241761,2019-25,25-27
00-0033906,Alvin Kamara,RB,25.486666666666668,15,18.861538461538462,13.0,26.130047912388775,2021,2.0,True,-6.625128205128206,2019-25,25-26
00-0033908,Cooper Kupp,WR,14.346666666666668,15,26.823529411764707,17.0,28.238193018480494,2021,29.0,True,12.476862745098039,2019-25,28-29
00-0033921,Chris Godwin Jr.,WR,16.041666666666668,12,17.85,14.0,25.53593429158111,2021,15.0,True,1.8083333333333336,2019-25,25-27
00-0033923,Kareem Hunt,RB,13.84375,16,13.75,8.0,26.09719370294319,2021,20.0,True,-0.09375,2019-25,25-26
00-0033943,Josh Reynolds,WR,7.89375,16,7.327272727272727,11.0,26.56536618754278,2021,74.0,True,-0.5664772727272727,2019-25,25-27
00-0033948,Jamaal Williams,RB,9.078571428571427,14,9.215384615384615,13.0,26.439425051334702,2021,40.0,True,0.13681318681318722,2019-25,25-26
00-0033950,Wayne Gallman,RB,9.971428571428572,14,1.9285714285714286,7.0,26.94318959616701,2021,35.0,False,-8.042857142857143,2019-25,25-26
00-0033955,Jeremy McNichols,RB,2.926666666666667,15,5.661538461538462,13.0,25.70841889117043,2021,85.0,True,2.7348717948717947,2019-25,25-26
00-0034011,Dan Arnold,TE,6.453333333333333,15,6.890909090909091,11.0,26.491444216290212,2021,28.0,True,0.4375757575757575,2019-25,25-27
00-0034073,Ross Dwelley,TE,4.125,12,3.775,4.0,26.622861054072555,2021,51.5,False,-0.3500000000000001,2019-25,25-27
00-0034104,Cam Sims,WR,6.746153846153846,13,4.066666666666666,12.0,25.678302532511978,2021,90.0,True,-2.6794871794871797,2019-25,25-27
00-0034109,Phillip Lindsay,RB,6.2727272727272725,11,3.242857142857143,14.0,27.132101300479125,2021,58.0,True,-3.0298701298701296,2019-25,27-28
00-0034115,Jeff Wilson,RB,13.481818181818182,11,6.8125,8.0,25.817932922655714,2021,23.0,True,-6.669318181818182,2019-25,25-26
00-0034132,Christian Blake,WR,2.71,10,0.7222222222222222,9.0,25.256673511293634,2021,130.0,True,-1.9877777777777776,2019-25,25-27
00-0034159,Will Dissly,TE,4.073333333333333,15,3.853846153846154,13.0,25.17453798767967,2021,53.0,True,-0.21948717948717933,2019-25,25-27
00-0034164,Trenton Cannon,RB,0.6583333333333334,12,0.04,10.0,27.134839151266256,2021,98.0,True,-0.6183333333333334,2019-25,27-28
00-0034177,Tim Boyle,QB,-0.11250000000000002,8,6.085,4.0,26.937713894592743,2021,37.0,False,6.1975,2019-25,25-27
00-0034184,Gus Edwards,RB,8.2,16,,,26.412046543463383,2021,47.0,False,,2019-25,25-26
00-0034192,Nick Keizer,TE,0.9363636363636364,11,,,26.360027378507873,2021,73.0,False,,2019-25,25-27
00-0034208,Mike Boone,RB,1.4900000000000002,10,2.566666666666667,3.0,26.116358658453116,2021,96.0,False,1.0766666666666667,2019-25,25-26
00-0034270,Tyler Conklin,TE,4.933333333333334,9,8.13529411764706,17.0,26.116358658453116,2021,42.0,True,3.2019607843137265,2019-25,25-27
00-0034272,Marquez Valdes-Scantling,WR,9.914285714285715,14,8.045454545454545,11.0,26.91854893908282,2021,58.0,True,-1.8688311688311696,2019-25,25-27
00-0034279,Equanimeous St. Brown,WR,3.1750000000000003,8,1.6833333333333336,12.0,24.944558521560573,2021,125.0,True,-1.4916666666666667,2019-25,25-27
00-0034286,Richie James,WR,6.99,10,,,26.015058179329227,2021,86.0,False,,2019-25,25-27
00-0034301,Darrel Williams,RB,4.1923076923076925,13,11.617647058823529,17.0,26.406570841889117,2021,75.0,True,7.4253393665158365,2019-25,25-26
00-0034309,Chad Beebe,WR,4.341666666666667,12,,,27.277207392197127,2021,113.0,False,,2019-25,25-27
00-0034331,Jaylen Samuels,RB,1.822222222222222,9,1.7666666666666668,3.0,25.141683778234086,2021,94.0,False,-0.055555555555555136,2019-25,25-26
00-0034349,Kerryon Johnson,RB,5.128571428571428,14,,,24.197125256673512,2021,68.0,False,,2019-25,<=24
00-0034351,Dallas Goedert,TE,10.718181818181819,11,11.2,15.0,26.68583162217659,2021,9.0,True,0.4818181818181806,2019-25,25-27
00-0034353,Anthony Miller,WR,6.79375,16,4.833333333333333,3.0,26.921286789869953,2021,89.0,False,-1.9604166666666671,2019-25,25-27
00-0034364,Jordan Akins,TE,6.438461538461539,13,3.475,12.0,29.39356605065024,2021,29.0,True,-2.9634615384615386,2019-25,28-29
00-0034365,Ian Thomas,TE,3.1153846153846154,13,2.628571428571429,14.0,25.2621492128679,2021,61.0,True,-0.4868131868131864,2019-25,25-27
00-0034366,Keke Coutee,WR,11.3125,8,1.5,1.0,24.654346338124572,2021,46.0,False,-9.8125,2019-25,25-27
00-0034367,Nyheim Hines,RB,12.075,16,6.858823529411764,17.0,24.826830937713893,2021,27.0,True,-5.216176470588235,2019-25,25-26
00-0034370,DaeSean Hamilton,WR,5.191666666666666,12,,,26.50513347022587,2021,105.0,False,,2019-25,25-27
00-0034378,Ito Smith,RB,4.0928571428571425,14,6.4,1.0,25.998631074606433,2021,76.0,False,2.307142857142858,2019-25,25-26
00-0034383,Dalton Schultz,TE,9.15625,16,12.282352941176471,17.0,25.166324435318277,2021,17.0,True,3.1261029411764714,2019-25,25-27
00-0034400,Jordan Wilkins,RB,4.7153846153846155,13,0.0,2.0,27.148528405201915,2021,70.0,False,-4.7153846153846155,2019-25,27-28
00-0034407,Ray-Ray McCloud,WR,2.1375,16,4.2625,16.0,24.903490759753595,2021,133.0,True,2.125,2019-25,25-27
00-0034411,Russell Gage,WR,11.41,16,12.76923076923077,13.0,25.634496919917865,2021,45.0,True,1.35923076923077,2019-25,25-27
00-0034414,Boston Scott,RB,5.9750000000000005,16,8.963636363636363,11.0,26.373716632443532,2021,61.0,True,2.9886363636363624,2019-25,25-26
00-0034418,Cedrick Wilson Jr.,WR,4.086153846153847,13,10.772857142857143,14.0,25.806981519507186,2021,115.0,True,6.686703296703296,2019-25,25-27
00-0034419,Braxton Berrios,WR,6.08125,16,7.56875,16.0,25.930184804928132,2021,97.0,True,1.4874999999999998,2019-25,25-27
00-0034426,Javon Wims,WR,1.7,10,,,26.99794661190965,2021,139.0,False,,2019-25,25-27
00-0034439,Ryan Izzo,TE,3.0900000000000003,10,,,25.72210814510609,2021,62.0,False,,2019-25,25-27
00-0034440,Justin Jackson,RB,8.162500000000001,8,6.157142857142858,14.0,25.385352498288842,2021,48.0,True,-2.005357142857143,2019-25,25-26
00-0034457,Josh Adams,RB,4.575,8,,,24.865160848733744,2021,71.0,False,,2019-25,25-26
00-0034487,Trent Sherfield,WR,1.1111111111111112,9,1.9749999999999999,12.0,25.53867214236824,2021,146.0,True,0.8638888888888887,2019-25,25-27
00-0034521,Allen Lazard,WR,9.930000000000001,10,10.178571428571429,14.0,25.749486652977414,2021,57.0,True,0.24857142857142733,2019-25,25-27
00-0034597,Ryan Nall,RB,2.3,9,0.36,5.0,25.7056810403833,2021,89.0,False,-1.94,2019-25,25-26
00-0034646,Brandon Powell,WR,1.9733333333333334,15,1.0,6.0,25.9958932238193,2021,134.0,False,-0.9733333333333334,2019-25,25-27
00-0034652,Cameron Batson,WR,3.0,10,2.75,4.0,25.724845995893222,2021,127.0,False,-0.25,2019-25,25-27
00-0034676,James Washington,WR,6.2,16,4.386666666666667,15.0,25.440109514031484,2021,95.0,True,-1.8133333333333335,2019-25,25-27
00-0034681,Chase Edmonds,RB,10.5,16,12.191666666666668,12.0,25.409993155373034,2021,33.0,True,1.6916666666666682,2019-25,25-26
00-0034686,Auden Tate,WR,3.625,8,3.225,4.0,24.59958932238193,2021,120.0,False,-0.3999999999999999,2019-25,25-27
00-0034753,Mark Andrews,TE,12.150000000000002,14,18.15294117647059,17.0,26.012320328542096,2021,4.0,True,6.002941176470589,2019-25,25-27
00-0034764,Michael Gallup,WR,11.01875,16,10.333333333333334,9.0,25.519507186858316,2021,51.0,True,-0.6854166666666668,2019-25,25-27
00-0034765,Tre'Quan Smith,WR,7.93076923076923,13,8.77,10.0,25.675564681724847,2021,72.0,True,0.8392307692307694,2019-25,25-27
00-0034766,Chris Herndon,TE,6.141666666666667,12,2.3333333333333335,6.0,25.54688569472964,2021,32.0,False,-3.808333333333333,2019-25,25-27
00-0034775,Christian Kirk,WR,10.564285714285715,14,12.301176470588235,17.0,24.810403832991103,2021,53.0,True,1.73689075630252,2019-25,25-27
00-0034777,DJ Chark,WR,11.930769230769231,13,11.466666666666669,3.0,24.9637234770705,2021,41.0,False,-0.46410256410256245,2019-25,25-27
00-0034788,Jaeden Graham,TE,0.6875,8,,,25.919233401779604,2021,75.0,False,,2019-25,25-27
00-0034791,Nick Chubb,RB,18.808333333333334,12,16.45,14.0,25.7056810403833,2021,5.0,True,-2.3583333333333343,2019-25,25-26
00-0034796,Lamar Jackson,QB,22.585333333333335,15,21.165000000000003,12.0,24.673511293634498,2021,6.0,True,-1.420333333333332,2019-25,25-27
00-0034798,Durham Smythe,TE,4.523076923076923,13,4.375,16.0,26.088980150581794,2021,47.0,True,-0.148076923076923,2019-25,25-27
00-0034799,Kalen Ballage,RB,8.536363636363637,11,0.8,8.0,25.71937029431896,2021,44.0,True,-7.736363636363637,2019-25,25-26
00-0034816,Ronald Jones,RB,14.164285714285715,14,5.28,15.0,24.10403832991102,2021,18.0,True,-8.884285714285713,2019-25,<=24
00-0034827,DJ Moore,WR,14.5,15,14.235294117647058,17.0,24.407939767282684,2021,27.0,True,-0.264705882352942,2019-25,<=24
00-0034829,Mike Gesicki,TE,10.72,15,9.794117647058824,17.0,25.93839835728953,2021,8.0,True,-0.9258823529411764,2019-25,25-27
00-0034830,Hayden Hurst,TE,9.31875,16,5.341666666666666,12.0,28.046543463381244,2021,16.0,True,-3.9770833333333337,2019-25,28-29
00-0034837,Calvin Ridley,WR,19.566666666666666,15,14.220000000000002,5.0,26.72416153319644,2021,4.0,False,-5.346666666666664,2019-25,25-27
00-0034838,Royce Freeman,RB,3.372727272727273,11,2.8833333333333333,12.0,25.544147843942504,2021,82.0,True,-0.4893939393939397,2019-25,25-26
00-0034845,Sony Michel,RB,9.787500000000001,8,8.958823529411765,17.0,26.562628336755647,2021,37.0,True,-0.8286764705882366,2019-25,25-26
00-0034855,Baker Mayfield,QB,15.53875,16,12.921428571428573,14.0,26.409308692676248,2021,24.0,True,-2.6173214285714277,2019-25,25-27
00-0034857,Josh Allen,QB,25.75375,16,23.857647058823527,17.0,25.305954825462013,2021,2.0,True,-1.8961029411764727,2019-25,25-27
00-0034869,Sam Darnold,QB,11.168333333333335,12,13.106666666666667,12.0,24.265571526351813,2021,33.0,True,1.9383333333333326,2019-25,<=24
00-0034928,Steven Sims,WR,5.108333333333333,12,,,24.44626967830253,2021,106.0,False,,2019-25,<=24
00-0034960,Jakobi Meyers,WR,12.126666666666667,12,11.64375,16.0,24.83504449007529,2021,40.0,True,-0.4829166666666662,2019-25,25-27
00-0034970,Irv Smith,TE,7.576923076923077,13,,,23.08829568788501,2021,24.0,False,,2019-25,<=24
00-0034972,Alexander Mattison,RB,6.915384615384616,13,8.24375,16.0,23.227926078028748,2021,53.0,True,1.3283653846153847,2019-25,<=24
00-0034975,Justice Hill,RB,1.1818181818181819,11,,,23.822039698836413,2021,97.0,False,,2019-25,<=24
00-0034981,Foster Moreau,TE,4.125,8,5.6866666666666665,15.0,24.347707049965777,2021,51.5,True,1.5616666666666665,2019-25,<=24
00-0034983,Hunter Renfrow,WR,8.225,16,15.505882352941178,17.0,25.72210814510609,2021,70.0,True,7.280882352941179,2019-25,25-27
00-0034988,Kaden Smith,TE,1.9466666666666665,15,1.5750000000000002,4.0,24.380561259411362,2021,69.0,False,-0.37166666666666637,2019-25,<=24
00-0035006,Bisi Johnson,WR,3.8777777777777778,9,,,24.484599589322382,2021,118.0,False,,2019-25,<=24
00-0035021,Ashton Dulin,WR,0.9400000000000001,10,2.84375,16.0,24.32306639288159,2021,147.0,True,1.90375,2019-25,<=24
00-0035140,Mecole Hardman,WR,8.13125,16,8.376470588235295,17.0,23.498973305954827,2021,71.0,True,0.2452205882352949,2019-25,<=24
00-0035181,Darrius Shepherd,WR,1.2,8,,,25.859000684462696,2021,144.0,False,,2019-25,25-27
00-0035208,Olamide Zaccheaus,WR,5.49,10,5.986666666666666,15.0,24.134154688569474,2021,103.0,True,0.49666666666666615,2019-25,<=24
00-0035215,Deonte Harty,WR,5.522222222222222,9,8.853846153846153,13.0,23.76728268309377,2021,102.0,True,3.3316239316239304,2019-25,<=24
00-0035216,Diontae Johnson,WR,15.120000000000001,15,17.431250000000002,16.0,25.182751540041068,2021,22.0,True,2.311250000000001,2019-25,25-27
00-0035217,Benny Snell,RB,5.193333333333333,15,0.8187500000000001,16.0,23.534565366187543,2021,67.0,True,-4.374583333333334,2019-25,<=24
00-0035228,Kyler Murray,QB,24.35875,16,22.034285714285716,14.0,24.093086926762492,2021,3.0,True,-2.324464285714285,2019-25,<=24
00-0035229,T.J. Hockenson,TE,10.95625,16,12.108333333333334,12.0,24.188911704312115,2021,7.0,True,1.1520833333333336,2019-25,<=24
00-0035243,Miles Sanders,RB,14.700000000000001,12,10.266666666666667,12.0,24.361396303901437,2021,17.0,True,-4.433333333333334,2019-25,<=24
00-0035250,Devin Singletary,RB,8.975,16,11.811764705882354,17.0,24.019164955509925,2021,42.0,True,2.836764705882354,2019-25,<=24
00-0035261,Tony Pollard,RB,7.55,16,11.04,15.0,24.36413415468857,2021,52.0,True,3.4899999999999993,2019-25,<=24
00-0035287,KeeSean Johnson,WR,4.0375000000000005,8,,,24.919917864476385,2021,116.0,False,,2019-25,25-27
00-0035289,Gardner Minshew,QB,17.85111111111111,9,11.22,3.0,25.319644079397673,2021,14.0,False,-6.6311111111111085,2019-25,25-27
00-0035298,Scott Miller,WR,7.428571428571429,14,3.1833333333333336,6.0,24.112251882272417,2021,80.0,False,-4.245238095238095,2019-25,<=24
00-0035311,Myles Gaskin,RB,16.42,10,10.211764705882352,17.0,24.566735112936346,2021,10.0,True,-6.2082352941176495,2019-25,25-26
00-0035329,Donald Parham,TE,3.9909090909090907,11,4.538461538461538,13.0,24.0684462696783,2021,54.0,True,0.5475524475524476,2019-25,<=24
00-0035342,Patrick Laird,RB,2.4444444444444446,9,1.7,3.0,26.067077344284737,2021,88.0,False,-0.7444444444444447,2019-25,25-26
00-0035350,Preston Williams,WR,9.5375,8,2.3,6.0,24.45722108145106,2021,61.0,False,-7.2375,2019-25,<=24
00-0035414,Jalen Guyton,WR,6.06875,16,6.075,16.0,24.26009582477755,2021,98.0,True,0.006250000000000533,2019-25,<=24
00-0035457,Tyron Johnson,WR,7.2272727272727275,11,0.5142857142857143,7.0,25.672826830937716,2021,83.0,False,-6.712987012987013,2019-25,25-27
00-0035480,Malik Taylor,WR,1.85,10,0.48571428571428577,7.0,25.72210814510609,2021,138.0,False,-1.3642857142857143,2019-25,25-27
00-0035510,Jeff Smith,WR,3.744444444444445,9,2.1333333333333333,9.0,24.38877481177276,2021,119.0,True,-1.6111111111111116,2019-25,<=24
00-0035527,Andy Isabella,WR,4.981818181818182,11,0.7666666666666666,3.0,24.810403832991103,2021,107.0,False,-4.215151515151516,2019-25,25-27
00-0035535,Darius Slayton,WR,9.0,16,5.276923076923078,13.0,24.659822039698838,2021,63.0,True,-3.7230769230769223,2019-25,25-27
00-0035537,Ty Johnson,RB,6.027272727272727,11,7.8,15.0,23.980835044490075,2021,60.0,True,1.7727272727272725,2019-25,<=24
00-0035592,Travis Fulgham,WR,9.783333333333333,12,,,25.99315537303217,2021,60.0,False,,2019-25,25-27
00-0035594,Travis Homer,RB,3.644444444444444,9,4.414285714285714,14.0,23.093771389459274,2021,80.0,True,0.7698412698412698,2019-25,<=24
00-0035621,Nsimba Webster,WR,0.0,16,0.0,6.0,25.620807665982205,2021,154.5,False,0.0,2019-25,25-27
00-0035624,N'Keal Harry,TE,5.684615384615385,13,3.04,10.0,23.731690622861056,2021,35.0,True,-2.644615384615385,2019-25,<=24
00-0035628,D'Ernest Johnson,RB,1.5,14,8.46923076923077,13.0,25.53593429158111,2021,95.0,True,6.969230769230769,2019-25,25-26
00-0035631,Drew Sample,TE,4.93125,16,1.9100000000000001,10.0,25.401779603011637,2021,43.0,True,-3.02125,2019-25,25-27
00-0035640,DK Metcalf,WR,17.425,16,14.458823529411765,17.0,23.73990417522245,2021,10.0,True,-2.966176470588236,2019-25,<=24
00-0035644,Noah Fant,TE,10.664285714285715,14,9.9375,16.0,23.805612594113622,2021,10.0,True,-0.7267857142857146,2019-25,<=24
00-0035645,Gunner Olszewski,WR,1.9615384615384615,13,0.375,16.0,24.788501026694046,2021,135.0,True,-1.5865384615384615,2019-25,25-27
00-0035657,Damien Harris,RB,10.030000000000001,10,15.006666666666666,15.0,24.577686516084874,2021,34.0,True,4.976666666666665,2019-25,25-26
00-0035659,Terry McLaurin,WR,15.22,15,12.911764705882353,17.0,25.987679671457904,2021,20.0,True,-2.3082352941176474,2019-25,25-27
00-0035662,Marquise Brown,WR,11.53125,16,14.55,16.0,24.268309377138944,2021,44.0,True,3.0187500000000007,2019-25,<=24
00-0035664,Darrell Henderson,RB,8.886666666666667,15,13.616666666666667,12.0,24.060232717316907,2021,43.0,True,4.73,2019-25,<=24
00-0035671,Jace Sternberger,TE,3.675,8,,,25.207392197125255,2021,56.0,False,,2019-25,25-27
00-0035676,A.J. Brown,WR,18.107142857142858,14,14.261538461538462,13.0,24.197125256673512,2021,6.0,True,-3.8456043956043953,2019-25,<=24
00-0035685,David Montgomery,RB,18.253333333333334,15,15.461538461538462,13.0,24.26009582477755,2021,7.0,True,-2.791794871794872,2019-25,<=24
00-0035689,Dawson Knox,TE,6.072727272727272,11,11.04,15.0,24.82135523613963,2021,33.0,True,4.967272727272727,2019-25,25-27
00-0035700,Josh Jacobs,RB,15.82,15,15.466666666666667,15.0,23.578370978781656,2021,11.0,True,-0.3533333333333335,2019-25,<=24
00-0035703,Miles Boykin,WR,4.971428571428571,14,1.6,1.0,24.91170431211499,2021,108.0,False,-3.3714285714285706,2019-25,25-27
00-0035704,Drew Lock,QB,13.947692307692307,13,8.646666666666667,6.0,24.83230663928816,2021,27.0,False,-5.301025641025641,2019-25,25-27
00-0035710,Daniel Jones,QB,12.858571428571429,14,15.956363636363637,11.0,24.290212183436,2021,29.0,True,3.0977922077922084,2019-25,<=24
00-0035726,Jakob Johnson,RB,2.1875,8,1.3833333333333335,6.0,26.7378507871321,2021,90.0,False,-0.8041666666666665,2019-25,25-26
00-0035831,James Robinson,RB,18.742857142857144,14,12.635714285714286,14.0,23.08829568788501,2021,6.0,True,-6.107142857142858,2019-25,<=24
00-0036133,James Proche,WR,0.18461538461538465,13,5.171428571428572,7.0,24.971937029431896,2021,152.0,False,4.986813186813187,2019-25,25-27
00-0036142,Isaiah Wright,WR,4.390909090909091,11,,,24.657084188911703,2021,112.0,False,,2019-25,25-27
00-0036158,J.K. Dobbins,RB,11.633333333333333,15,,,22.732375085557837,2021,29.0,False,,2019-25,<=24
00-0036182,Nick Westbrook-Ikhine,WR,0.9222222222222223,9,7.273333333333334,15.0,24.473648186173854,2021,148.0,True,6.351111111111112,2019-25,<=24
00-0036196,Gabe Davis,WR,8.65,16,8.493333333333334,15.0,22.529774127310063,2021,65.0,True,-0.1566666666666663,2019-25,<=24
00-0036212,Tua Tagovailoa,QB,13.546000000000001,10,13.916923076923077,13.0,23.526351813826146,2021,28.0,True,0.37092307692307536,2019-25,<=24
00-0036219,Marquez Callaway,WR,4.699999999999999,9,9.01764705882353,17.0,23.457905544147845,2021,110.0,True,4.31764705882353,2019-25,<=24
00-0036223,Jonathan Taylor,RB,17.78666666666667,15,23.8,17.0,22.642026009582477,2021,8.0,True,6.013333333333332,2019-25,<=24
00-0036232,Harrison Bryant,TE,5.15,12,4.153333333333333,15.0,23.38398357289528,2021,40.0,True,-0.996666666666667,2019-25,<=24
00-0036233,Donovan Peoples-Jones,WR,4.866666666666667,12,8.553846153846154,13.0,22.55715263518138,2021,109.0,True,3.6871794871794865,2019-25,<=24
00-0036245,Malcolm Perry,RB,2.744444444444445,9,,,24.39425051334702,2021,86.0,False,,2019-25,<=24
00-0036247,Freddie Swain,WR,3.146153846153846,13,5.088235294117647,17.0,23.10198494182067,2021,126.0,True,1.9420814479638007,2019-25,<=24
00-0036251,Zack Moss,RB,7.815384615384615,13,8.092307692307692,13.0,23.737166324435318,2021,49.0,True,0.2769230769230768,2019-25,<=24
00-0036252,Michael Pittman,WR,7.723076923076923,13,14.211764705882352,17.0,23.9315537303217,2021,77.0,True,6.488687782805429,2019-25,<=24
00-0036254,Collin Johnson,WR,5.381818181818182,11,2.6875,8.0,23.964407939767284,2021,104.0,True,-2.694318181818182,2019-25,<=24
00-0036255,Denzel Mims,WR,6.744444444444444,9,2.13,10.0,23.917864476386036,2021,91.0,True,-4.614444444444444,2019-25,<=24
00-0036261,Brandon Aiyuk,WR,15.625,12,10.105882352941178,17.0,23.485284052019164,2021,18.0,True,-5.519117647058822,2019-25,<=24
00-0036265,AJ Dillon,RB,4.811111111111111,9,10.917647058823531,17.0,23.359342915811087,2021,69.0,True,6.106535947712421,2019-25,<=24
00-0036268,Laviska Shenault Jr.,WR,11.221428571428572,14,7.9375,16.0,22.93223819301848,2021,47.0,True,-3.2839285714285715,2019-25,<=24
00-0036269,La'Mical Perine,RB,5.25,10,1.5500000000000003,2.0,23.61122518822724,2021,66.0,False,-3.6999999999999997,2019-25,<=24
00-0036275,D'Andre Swift,RB,14.830769230769231,13,16.53076923076923,13.0,22.65571526351814,2021,16.0,True,1.6999999999999993,2019-25,<=24
00-0036277,Quintez Cephus,WR,5.575,12,9.88,5.0,23.444216290212182,2021,101.0,False,4.305000000000001,2019-25,<=24
00-0036290,Cole Kmet,TE,4.133333333333334,15,7.129411764705883,17.0,22.50513347022587,2021,50.0,True,2.996078431372549,2019-25,<=24
00-0036309,Darnell Mooney,WR,9.50625,16,13.276470588235295,17.0,23.865845311430526,2021,62.0,True,3.7702205882352953,2019-25,<=24
00-0036322,Justin Jefferson,WR,17.79375,16,20.052941176470586,17.0,22.236824093086927,2021,9.0,True,2.259191176470587,2019-25,<=24
00-0036326,Chase Claypool,WR,13.61875,16,11.206666666666667,15.0,23.17864476386037,2021,35.0,True,-2.4120833333333334,2019-25,<=24
00-0036328,Antonio Gibson,RB,14.871428571428572,14,14.69375,16.0,23.21697467488022,2021,15.0,True,-0.17767857142857224,2019-25,<=24
00-0036331,Devin Duvernay,WR,3.54,15,4.825,16.0,23.994524298425734,2021,121.0,True,1.2850000000000001,2019-25,<=24
00-0036336,Anthony McFarland,RB,2.063636363636364,11,1.2,2.0,22.521560574948666,2021,92.0,False,-0.863636363636364,2019-25,<=24
00-0036345,K.J. Osborn,WR,0.0,8,9.323529411764707,17.0,24.251882272416154,2021,154.5,True,9.323529411764707,2019-25,<=24
00-0036355,Justin Herbert,QB,22.189333333333334,15,22.39764705882353,17.0,23.50444900752909,2021,8.0,True,0.20831372549019633,2019-25,<=24
00-0036357,Henry Ruggs III,WR,6.584615384615384,13,12.285714285714286,7.0,22.628336755646817,2021,93.0,False,5.701098901098902,2019-25,<=24
00-0036358,CeeDee Lamb,WR,13.79375,16,14.83125,16.0,22.425735797399042,2021,33.0,True,1.0375000000000014,2019-25,<=24
00-0036360,Clyde Edwards-Helaire,RB,14.0,13,12.360000000000001,10.0,22.417522245037645,2021,19.0,True,-1.6399999999999988,2019-25,<=24
00-0036364,Lynn Bowden,WR,5.953333333333334,9,,,23.906913073237508,2021,99.0,False,,2019-25,<=24
00-0036365,Bryan Edwards,WR,4.033333333333334,9,6.81875,16.0,22.82546201232033,2021,117.0,True,2.7854166666666655,2019-25,<=24
00-0036370,Joshua Kelley,RB,6.246153846153846,13,2.125,8.0,23.805612594113622,2021,59.0,True,-4.121153846153846,2019-25,<=24
00-0036377,Joe Reed,WR,0.89,10,,,23.682409308692677,2021,149.0,False,,2019-25,<=24
00-0036382,K.J. Hill,WR,1.1916666666666667,12,1.0,6.0,23.98631074606434,2021,145.0,False,-0.19166666666666665,2019-25,<=24
00-0036387,Jalen Reagor,WR,7.927272727272728,11,4.594117647058823,17.0,22.688569472963724,2021,73.0,True,-3.3331550802139045,2019-25,<=24
00-0036389,Jalen Hurts,QB,8.01,14,20.81066666666667,15.0,23.093771389459274,2021,35.0,True,12.80066666666667,2019-25,<=24
00-0036398,John Hightower,WR,2.88,10,0.0,1.0,25.27857631759069,2021,129.0,False,-2.88,2019-25,25-27
00-0036407,Jerry Jeudy,WR,10.0375,16,8.5,10.0,22.38193018480493,2021,55.0,True,-1.5374999999999996,2019-25,<=24
00-0036410,Tee Higgins,WR,13.173333333333334,15,16.07857142857143,14.0,22.64476386036961,2021,36.0,True,2.9052380952380954,2019-25,<=24
00-0036412,KJ Hamler,WR,7.508333333333334,12,4.133333333333334,3.0,22.17659137577002,2021,79.0,False,-3.375,2019-25,<=24
00-0036414,Cam Akers,RB,9.52727272727273,11,4.3,1.0,22.220396988364133,2021,38.0,False,-5.227272727272729,2019-25,<=24
00-0036415,Van Jefferson,WR,3.3500000000000005,14,9.894117647058824,17.0,25.125256673511295,2021,123.0,True,6.544117647058823,2019-25,25-27
00-0036422,Adam Trautman,TE,3.81,10,5.754545454545454,11.0,24.594113620807665,2021,55.0,True,1.944545454545454,2019-25,25-27
00-0036425,DeeJay Dallas,RB,6.322222222222223,9,3.5352941176470587,17.0,22.98425735797399,2021,57.0,True,-2.786928104575164,2019-25,<=24
00-0036427,Tyler Johnson,WR,4.090000000000001,10,4.5,16.0,23.044490075290895,2021,114.0,True,0.40999999999999925,2019-25,<=24
00-0036442,Joe Burrow,QB,18.172,10,21.14,16.0,24.750171115674195,2021,12.0,True,2.968,2019-25,25-27
00-0019596,Tom Brady,QB,23.45529411764706,17,16.450588235294116,17.0,45.10335386721424,2022,2.0,True,-7.004705882352944,2019-25,32+
00-0022924,Ben Roethlisberger,QB,13.63125,16,,,40.525667351129364,2022,23.0,False,,2019-25,32+
00-0023459,Aaron Rodgers,QB,20.83125,16,14.07058823529412,17.0,38.77344284736482,2022,9.0,True,-6.7606617647058815,2019-25,32+
00-0024243,Marcedes Lewis,TE,3.4153846153846157,13,4.433333333333334,6.0,38.31074606433949,2022,58.0,False,1.0179487179487179,2019-25,32+
00-0026035,Danny Amendola,WR,8.7875,8,,,36.85420944558521,2022,59.0,False,,2019-25,32+
00-0026143,Matt Ryan,QB,13.112941176470587,17,12.94,12.0,37.31690622861054,2022,25.0,True,-0.17294117647058727,2019-25,32+
00-0026189,DeSean Jackson,WR,5.628571428571429,14,3.4714285714285715,7.0,35.775496235455165,2022,98.0,False,-2.1571428571428575,2019-25,32+
00-0026293,Matthew Slater,WR,0.0,10,0.0,8.0,37.002053388090346,2022,156.0,True,0.0,2019-25,32+
00-0026498,Matthew Stafford,QB,19.396470588235296,17,12.042222222222223,9.0,34.59000684462697,2022,11.0,True,-7.354248366013072,2019-25,32+
00-0027061,Jared Cook,TE,8.275,16,,,35.42778918548939,2022,18.0,False,,2019-25,32+
00-0027656,Rob Gronkowski,TE,14.641666666666666,12,,,33.32511978097194,2022,3.0,False,,2019-25,32+
00-0027685,Emmanuel Sanders,WR,9.407142857142857,14,,,35.48528405201917,2022,51.0,False,,2019-25,32+
00-0027691,Andre Roberts,WR,0.775,16,0.0,3.0,34.6694045174538,2022,146.0,False,-0.775,2019-25,32+
00-0027696,Jimmy Graham,TE,4.609090909090909,11,,,35.794661190965094,2022,40.0,False,,2019-25,32+
00-0027942,A.J. Green,WR,9.9875,16,4.7384615384615385,13.0,34.110882956878854,2022,48.0,True,-5.249038461538462,2019-25,32+
00-0027944,Julio Jones,WR,8.190000000000001,10,7.040000000000001,10.0,33.58521560574949,2022,69.0,True,-1.1500000000000004,2019-25,32+
00-0027966,Mark Ingram,RB,7.757142857142858,14,5.01,10.0,32.720054757015745,2022,52.0,True,-2.747142857142858,2019-25,31+
00-0027973,Andy Dalton,QB,10.525,8,12.445714285714287,14.0,34.86652977412731,2022,32.0,True,1.9207142857142863,2019-25,32+
00-0027981,Kyle Rudolph,TE,3.98,15,2.3600000000000003,5.0,32.83504449007529,2022,53.0,False,-1.6199999999999997,2019-25,32+
00-0028002,Randall Cobb,WR,8.69090909090909,11,6.2846153846153845,13.0,32.05201916495551,2022,62.0,True,-2.406293706293705,2019-25,32+
00-0028097,Lee Smith,TE,2.15,10,,,34.80355920602327,2022,65.0,False,,2019-25,32+
00-0029000,Cole Beasley,WR,10.05,16,2.375,4.0,33.374401095140314,2022,47.0,False,-7.675000000000001,2019-25,32+
00-0029239,Brandon Bolden,RB,7.7562500000000005,16,2.1,13.0,32.62149212867899,2022,53.0,True,-5.65625,2019-25,31+
00-0029263,Russell Wilson,QB,17.344285714285714,14,15.050666666666668,15.0,33.779603011635864,2022,13.0,True,-2.293619047619046,2019-25,32+
00-0029293,Marvin Jones,WR,10.688235294117646,17,7.4,16.0,32.498288843258045,2022,42.0,True,-3.288235294117646,2019-25,32+
00-0029604,Kirk Cousins,QB,18.77125,16,18.09294117647059,17.0,34.05886379192334,2022,12.0,True,-0.6783088235294095,2019-25,32+
00-0029608,T.Y. Hilton,WR,7.410000000000001,10,6.366666666666667,3.0,32.82135523613963,2022,76.0,False,-1.043333333333334,2019-25,32+
00-0029632,Mohamed Sanu,WR,4.0875,8,,,33.05133470225873,2022,116.0,False,,2019-25,32+
00-0029664,Josh Gordon,WR,1.577777777777778,9,0.0,1.0,31.411362080766597,2022,141.0,False,-1.577777777777778,2019-25,30-31
00-0029701,Ryan Tannehill,QB,15.785882352941178,17,13.436666666666667,12.0,34.12183436002738,2022,15.0,True,-2.34921568627451,2019-25,32+
00-0030035,Adam Thielen,WR,15.484615384615385,13,10.588235294117647,17.0,32.05201916495551,2022,17.0,True,-4.896380090497738,2019-25,32+
00-0030061,Zach Ertz,TE,10.629411764705884,17,11.56,10.0,31.83299110198494,2022,11.0,True,0.9305882352941168,2019-25,30-31
00-0030068,Marquise Goodwin,WR,4.192857142857143,14,6.938461538461539,13.0,31.808350444900753,2022,114.0,True,2.7456043956043956,2019-25,30-31
00-0030108,Ryan Griffin,TE,4.65,14,0.6599999999999999,10.0,32.662559890485966,2022,39.0,True,-3.99,2019-25,32+
00-0030155,Demetrius Harris,TE,0.4,10,,,31.11841204654346,2022,76.0,False,,2019-25,30-31
00-0030181,Jack Doyle,TE,5.28,15,,,32.35044490075291,2022,34.0,False,,2019-25,32+
00-0030279,Keenan Allen,WR,16.4875,16,16.7,10.0,30.3709787816564,2022,11.0,True,0.21249999999999858,2019-25,30-31
00-0030288,Rex Burkhead,RB,7.153333333333333,15,4.760000000000001,15.0,32.19164955509925,2022,56.0,True,-2.3933333333333326,2019-25,31+
00-0030431,Robert Woods,WR,15.41111111111111,9,6.923529411764706,17.0,30.417522245037645,2022,18.0,True,-8.487581699346403,2019-25,30-31
00-0030456,Giovani Bernard,RB,5.91,10,1.1750000000000003,4.0,30.80082135523614,2022,63.0,False,-4.734999999999999,2019-25,29-30
00-0030496,Le'Veon Bell,RB,4.7625,8,,,30.559890485968516,2022,72.0,False,,2019-25,29-30
00-0030506,Travis Kelce,TE,16.8,16,19.13529411764706,17.0,32.930869267624914,2022,2.0,True,2.3352941176470594,2019-25,32+
00-0030513,Latavius Murray,RB,7.614285714285715,14,12.323076923076922,13.0,32.643394934976044,2022,55.0,True,4.708791208791207,2019-25,31+
00-0030525,Tavon Austin,WR,4.8545454545454545,11,,,32.49007529089665,2022,103.0,False,,2019-25,32+
00-0030564,DeAndre Hopkins,WR,14.720000000000002,10,17.188888888888886,9.0,30.261464750171115,2022,21.0,True,2.468888888888884,2019-25,30-31
00-0030578,Cordarrelle Patterson,RB,14.94375,16,12.36153846153846,13.0,31.485284052019164,2022,18.0,True,-2.5822115384615394,2019-25,31+
00-0030669,Albert Wilson,WR,4.8,10,,,30.16290212183436,2022,105.0,False,,2019-25,30-31
00-0030874,Damien Williams,RB,5.058333333333333,12,0.2,1.0,30.43668720054757,2022,71.0,False,-4.8583333333333325,2019-25,29-30
00-0031045,Carlos Hyde,RB,4.163636363636364,11,,,31.972621492128678,2022,76.0,False,,2019-25,31+
00-0031235,Odell Beckham Jr.,WR,9.221428571428572,14,,,29.845311430527037,2022,54.0,False,,2019-25,28-29
00-0031236,Brandin Cooks,WR,14.8625,16,11.315384615384614,13.0,28.958247775496236,2022,19.0,True,-3.5471153846153864,2019-25,28-29
00-0031237,Teddy Bridgewater,QB,14.477142857142857,14,7.604000000000001,5.0,29.831622176591377,2022,19.0,False,-6.873142857142856,2019-25,28-29
00-0031273,Cameron Brate,TE,4.90625,16,4.155555555555555,9.0,31.189596167008897,2022,35.0,True,-0.750694444444445,2019-25,30-31
00-0031280,Derek Carr,QB,15.585882352941175,17,14.605333333333334,15.0,31.45516769336071,2022,17.0,True,-0.9805490196078406,2019-25,30-31
00-0031285,Devonta Freeman,RB,9.1625,16,,,30.48870636550308,2022,41.0,False,,2019-25,29-30
00-0031319,Diontae Spencer,WR,0.04666666666666666,15,,,30.477754962354553,2022,155.0,False,,2019-25,30-31
00-0031325,Sammy Watkins,WR,6.4,11,5.166666666666667,9.0,29.240246406570844,2022,87.0,True,-1.2333333333333334,2019-25,28-29
00-0031345,Jimmy Garoppolo,QB,15.166666666666666,15,14.98,11.0,30.855578370978783,2022,18.0,True,-0.18666666666666565,2019-25,30-31
00-0031376,Jerick McKinnon,RB,3.988888888888889,9,11.63529411764706,17.0,30.354551676933607,2022,77.0,True,7.646405228758171,2019-25,29-30
00-0031381,Davante Adams,WR,22.675,16,20.441176470588236,17.0,29.711156741957563,2022,2.0,True,-2.233823529411765,2019-25,28-29
00-0031382,Jarvis Landry,WR,11.208333333333334,12,6.855555555555556,9.0,29.782340862423,2022,38.0,True,-4.352777777777778,2019-25,28-29
00-0031387,Eric Ebron,TE,4.0625,8,,,29.418206707734427,2022,52.0,False,,2019-25,28-29
00-0031408,Mike Evans,WR,16.59375,16,15.76,15.0,29.05407255304586,2022,10.0,True,-0.8337500000000002,2019-25,28-29
00-0031428,Allen Robinson,WR,7.25,12,8.49,10.0,29.045859000684462,2022,80.0,True,1.2400000000000002,2019-25,28-29
00-0031484,Chris Manhertz,TE,1.9100000000000001,10,1.457142857142857,7.0,30.417522245037645,2022,66.5,False,-0.45285714285714307,2019-25,30-31
00-0031544,Amari Cooper,WR,13.7,15,14.911764705882353,17.0,28.23271731690623,2022,28.0,True,1.211764705882354,2019-25,28-29
00-0031547,DeVante Parker,WR,11.5,9,8.700000000000001,12.0,29.637234770704996,2022,37.0,True,-2.799999999999999,2019-25,28-29
00-0031549,Nelson Agholor,WR,7.385714285714286,14,5.478571428571429,14.0,29.297741273100616,2022,77.0,True,-1.9071428571428575,2019-25,28-29
00-0031585,MyCole Pruitt,TE,4.85,10,5.5,10.0,30.46406570841889,2022,37.0,True,0.6500000000000004,2019-25,30-31
00-0031588,Stefon Diggs,WR,16.970588235294116,17,20.44375,16.0,28.78028747433265,2022,9.0,True,3.4731617647058854,2019-25,28-29
00-0031610,Darren Waller,TE,12.409090909090908,11,10.6,8.0,29.99041752224504,2022,5.0,True,-1.8090909090909086,2019-25,28-29
00-0031763,DeAndre Carter,WR,5.088235294117647,17,6.723529411764706,17.0,29.418206707734427,2022,100.5,True,1.6352941176470592,2019-25,28-29
00-0031800,Taylor Heinicke,QB,13.92875,16,12.884444444444446,9.0,29.489390828199863,2022,20.0,True,-1.044305555555555,2019-25,28-29
00-0031868,Damiere Byrd,WR,6.081818181818182,11,4.316666666666666,12.0,29.61806981519507,2022,91.0,True,-1.7651515151515156,2019-25,28-29
00-0031941,Jamison Crowder,WR,9.141666666666667,12,3.0,4.0,29.232032854209447,2022,55.0,False,-6.1416666666666675,2019-25,28-29
00-0032009,Adam Humphries,WR,4.664705882352941,17,,,29.21286789869952,2022,107.0,False,,2019-25,28-29
00-0032058,Tevin Coleman,RB,4.6818181818181825,11,11.000000000000002,2.0,29.401779603011637,2022,73.0,False,6.318181818181819,2019-25,29-30
00-0032062,Blake Bell,TE,1.7,11,5.0,2.0,31.093771389459274,2022,69.0,False,3.3,2019-25,30-31
00-0032063,Mike Davis,RB,8.129411764705884,17,0.8400000000000001,5.0,29.555099247091032,2022,49.0,False,-7.289411764705884,2019-25,29-30
00-0032104,Ameer Abdullah,RB,5.264705882352941,17,3.38125,16.0,29.242984257357975,2022,69.0,True,-1.883455882352941,2019-25,29-30
00-0032128,Chris Conley,WR,4.614285714285714,14,2.1500000000000004,4.0,29.87542778918549,2022,108.0,False,-2.4642857142857135,2019-25,28-29
00-0032134,C.J. Uzomah,TE,8.01875,16,4.014285714285714,14.0,29.65366187542779,2022,20.0,True,-4.0044642857142865,2019-25,28-29
00-0032141,Geoff Swaim,TE,4.375,16,1.9833333333333334,12.0,28.982888432580424,2022,44.5,True,-2.3916666666666666,2019-25,28-29
00-0032144,Melvin Gordon,RB,12.75625,16,8.71,10.0,29.409993155373034,2022,23.0,True,-4.046249999999999,2019-25,29-30
00-0032187,David Johnson,RB,6.253846153846154,13,2.2750000000000004,4.0,30.73511293634497,2022,61.0,False,-3.9788461538461535,2019-25,29-30
00-0032200,Ty Montgomery,WR,2.1357142857142857,14,10.3,1.0,29.631759069130734,2022,134.0,False,8.164285714285715,2019-25,28-29
00-0032211,Tyler Lockett,WR,15.55625,16,15.2375,16.0,29.949349760438057,2022,15.0,True,-0.31874999999999964,2019-25,28-29
00-0032214,Tyler Kroft,TE,4.366666666666666,9,1.616666666666667,6.0,29.90280629705681,2022,46.0,False,-2.749999999999999,2019-25,28-29
00-0032355,Chester Rogers,WR,4.1875,16,0.0,3.0,28.659822039698838,2022,115.0,False,-4.1875,2019-25,28-29
00-0032392,Austin Hooper,TE,6.166666666666667,15,5.729411764705882,17.0,27.865845311430526,2022,29.0,True,-0.43725490196078454,2019-25,25-27
00-0032398,Chris Moore,WR,5.720000000000001,10,7.7733333333333325,15.0,29.234770704996578,2022,96.0,True,2.053333333333332,2019-25,28-29
00-0032426,Alex Collins,RB,6.527272727272727,11,,,28.041067761806982,2022,60.0,False,,2019-25,27-28
00-0032450,Dwayne Washington,RB,0.6000000000000001,8,0.7857142857142857,7.0,28.380561259411362,2022,99.0,False,0.1857142857142856,2019-25,27-28
00-0032464,Kalif Raymond,WR,8.4625,16,6.835294117647059,17.0,28.09034907597536,2022,66.0,True,-1.627205882352941,2019-25,28-29
00-0032543,Alex Erickson,WR,0.5,17,0.0,2.0,29.842573579739906,2022,149.0,False,-0.5,2019-25,28-29
00-0032602,J.D. McKissic,RB,11.627272727272727,11,6.975,8.0,29.07049965776865,2022,30.0,True,-4.652272727272727,2019-25,29-30
00-0032688,Robbie Chosen,WR,8.147058823529411,17,4.4750000000000005,12.0,29.338809034907598,2022,70.0,True,-3.6720588235294107,2019-25,28-29
00-0032725,Stephen Anderson,TE,2.75,14,0.43333333333333335,9.0,29.609856262833677,2022,62.0,True,-2.3166666666666664,2019-25,28-29
00-0032741,Peyton Barber,RB,5.877777777777778,9,,,28.53388090349076,2022,64.0,False,,2019-25,27-28
00-0032764,Derrick Henry,RB,26.0375,8,20.9225,16.0,28.681724845995895,2022,1.0,True,-5.115000000000002,2019-25,27-28
00-0032775,Demarcus Robinson,WR,4.957142857142857,14,6.58125,16.0,27.969883641341546,2022,102.0,True,1.6241071428571425,2019-25,25-27
00-0032778,Tajae Sharpe,WR,3.4285714285714284,14,,,27.71526351813826,2022,126.0,False,,2019-25,25-27
00-0032791,Jakeem Grant,WR,2.9,15,,,29.861738535249827,2022,127.0,False,,2019-25,28-29
00-0032950,Carson Wentz,QB,15.648235294117649,17,14.1,8.0,29.694729637234772,2022,16.0,True,-1.5482352941176494,2019-25,28-29
00-0032951,Laquon Treadwell,WR,6.866666666666667,12,3.4,3.0,27.241615331964407,2022,84.0,False,-3.4666666666666672,2019-25,25-27
00-0032972,Devontae Booker,RB,9.00625,16,,,30.288843258042437,2022,42.0,False,,2019-25,29-30
00-0032977,Rashard Higgins,WR,4.791666666666667,12,,,27.926078028747433,2022,106.0,False,,2019-25,25-27
00-0033006,Jaydon Mickens,WR,0.2727272727272727,11,,,28.38877481177276,2022,154.0,False,,2019-25,28-29
00-0033009,Tyler Boyd,WR,11.58375,16,10.6325,16.0,27.81930184804928,2022,36.0,True,-0.9512499999999999,2019-25,25-27
00-0033025,Jalen Richard,RB,2.5777777777777775,9,,,28.903490759753595,2022,88.0,False,,2019-25,27-28
00-0033040,Tyreek Hill,WR,17.705882352941178,17,20.688235294117646,17.0,28.528405201916495,2022,7.0,True,2.982352941176469,2019-25,28-29
00-0033045,Ezekiel Elliott,RB,15.18,17,12.386666666666667,15.0,27.137577002053387,2022,16.0,True,-2.793333333333333,2019-25,27-28
00-0033077,Dak Prescott,QB,21.035,16,16.55,12.0,29.117043121149898,2022,8.0,True,-4.484999999999999,2019-25,28-29
00-0033090,Hunter Henry,TE,10.26875,16,6.49375,16.0,27.759069130732374,2022,13.0,True,-3.7750000000000004,2019-25,25-27
00-0033106,Jared Goff,QB,13.892857142857142,14,16.72470588235294,17.0,27.906913073237508,2022,22.0,True,2.831848739495797,2019-25,25-27
00-0033110,Tyler Higbee,TE,9.8,15,9.5,16.0,29.689253935660506,2022,15.0,True,-0.3000000000000007,2019-25,28-29
00-0033111,Pharoh Cooper,WR,0.95,8,0.8200000000000001,5.0,27.512662559890487,2022,145.0,False,-0.1299999999999999,2019-25,25-27
00-0033118,Kenyan Drake,RB,8.541666666666666,12,8.925,12.0,28.621492128678987,2022,46.0,True,0.38333333333333464,2019-25,27-28
00-0033119,Jacoby Brissett,QB,7.232000000000001,10,12.044285714285715,14.0,29.746748802190282,2022,33.0,True,4.812285714285714,2019-25,28-29
00-0033217,Mo Alie-Cox,TE,4.68235294117647,17,3.85,14.0,28.974674880219027,2022,38.0,True,-0.8323529411764699,2019-25,28-29
00-0033251,Zach Pascal,WR,5.90625,16,2.4,15.0,27.72895277207392,2022,95.0,True,-3.50625,2019-25,25-27
00-0033258,Darrell Daniels,TE,0.1,10,,,27.800136892539356,2022,77.0,False,,2019-25,25-27
00-0033288,George Kittle,TE,14.464285714285714,14,13.466666666666667,15.0,28.919917864476385,2022,4.0,True,-0.9976190476190467,2019-25,28-29
00-0033293,Aaron Jones,RB,15.466666666666667,15,15.505882352941178,17.0,27.772758384668034,2022,13.5,True,0.03921568627451144,2019-25,27-28
00-0033296,Alex Armah,RB,1.0222222222222221,9,,,28.317590691307323,2022,95.0,False,,2019-25,27-28
00-0033307,Kendrick Bourne,WR,10.617647058823529,17,5.6125,16.0,27.10198494182067,2022,43.0,True,-5.005147058823529,2019-25,25-27
00-0033338,Cethan Carter,TE,0.45,8,,,27.014373716632445,2022,75.0,False,,2019-25,25-27
00-0033357,Taysom Hill,TE,10.393333333333334,12,9.3,16.0,32.049281314168375,2022,12.0,True,-1.0933333333333337,2019-25,32+
00-0033375,Tim Patrick,WR,9.775,16,,,28.79671457905544,2022,50.0,False,,2019-25,28-29
00-0033376,Patrick Ricard,RB,2.5875,8,1.5384615384615385,13.0,28.290212183436,2022,87.0,True,-1.0490384615384614,2019-25,27-28
00-0033439,Pharaoh Brown,TE,2.930769230769231,13,2.9625,8.0,28.35318275154004,2022,61.0,True,0.031730769230768896,2019-25,28-29
00-0033455,Anthony Firkser,TE,4.873333333333334,15,2.375,8.0,27.5564681724846,2022,36.0,True,-2.498333333333334,2019-25,25-27
00-0033460,John Ross,WR,4.555555555555555,9,,,26.78713210130048,2022,110.0,False,,2019-25,25-27
00-0033466,Isaiah McKenzie,WR,3.733333333333333,15,7.986666666666667,15.0,27.422313483915126,2022,122.0,True,4.253333333333334,2019-25,25-27
00-0033471,Isaiah Ford,WR,4.01,10,,,26.584531143052704,2022,120.0,False,,2019-25,25-27
00-0033481,Marcus Kemp,WR,0.3666666666666667,12,0.0,2.0,27.07460643394935,2022,152.0,False,-0.3666666666666667,2019-25,25-27
00-0033526,Samaje Perine,RB,5.546666666666667,15,9.06875,16.0,26.98425735797399,2022,66.0,True,3.522083333333333,2019-25,25-26
00-0033536,Mike Williams,WR,15.787500000000001,16,14.038461538461538,13.0,27.93429158110883,2022,13.0,True,-1.749038461538463,2019-25,25-27
00-0033553,James Conner,RB,17.18,15,15.63076923076923,13.0,27.351129363449694,2022,8.0,True,-1.5492307692307694,2019-25,27-28
00-0033555,Mack Hollins,WR,4.02,15,9.156470588235294,17.0,28.982888432580424,2022,119.0,True,5.136470588235294,2019-25,28-29
00-0033572,Jamal Agnew,WR,8.2,10,4.6866666666666665,15.0,27.43874058863792,2022,68.0,True,-3.5133333333333328,2019-25,25-27
00-0033576,Eric Saubert,TE,1.8700000000000003,10,2.557142857142857,14.0,28.33949349760438,2022,68.0,True,0.6871428571428566,2019-25,28-29
00-0033591,Noah Brown,WR,3.822222222222222,9,7.15625,16.0,26.677618069815196,2022,121.0,True,3.334027777777778,2019-25,25-27
00-0033611,Ricky Seals-Jones,TE,6.281818181818182,11,,,27.49075975359343,2022,28.0,False,,2019-25,25-27
00-0033658,Blake Jarwin,TE,4.075,8,,,28.1533196440794,2022,50.0,False,,2019-25,28-29
00-0033681,Keelan Cole,WR,5.635714285714286,14,2.5083333333333333,12.0,29.39082819986311,2022,97.0,True,-3.127380952380953,2019-25,28-29
00-0033699,Austin Ekeler,RB,21.675,16,22.276470588235295,17.0,27.318275154004105,2022,3.0,True,0.6014705882352942,2019-25,27-28
00-0033725,Corey Clement,RB,2.627272727272727,11,4.38,5.0,27.854893908281998,2022,86.0,False,1.752727272727273,2019-25,27-28
00-0033733,Greg Ward,WR,3.4579999999999997,10,,,27.16495550992471,2022,125.0,False,,2019-25,25-27
00-0033757,Robert Tonyan,TE,6.3,8,6.588235294117647,17.0,28.36413415468857,2022,27.0,True,0.2882352941176469,2019-25,28-29
00-0033839,Dede Westbrook,WR,1.12,15,,,28.802190280629706,2022,144.0,False,,2019-25,28-29
00-0033854,Dare Ogunbowale,RB,3.853846153846154,13,3.246666666666667,15.0,28.35318275154004,2022,78.0,True,-0.6071794871794869,2019-25,27-28
00-0033856,Leonard Fournette,RB,18.685714285714287,14,14.31875,16.0,27.644079397672826,2022,5.0,True,-4.366964285714287,2019-25,27-28
00-0033858,Jonnu Smith,TE,4.2125,16,4.333333333333333,12.0,27.052703627652292,2022,48.0,True,0.12083333333333268,2019-25,25-27
00-0033871,Corey Davis,WR,11.855555555555556,9,7.507692307692308,13.0,27.66324435318275,2022,34.0,True,-4.347863247863248,2019-25,25-27
00-0033873,Patrick Mahomes,QB,22.215294117647062,17,25.49411764705882,17.0,26.981519507186857,2022,4.0,True,3.27882352941176,2019-25,25-27
00-0033879,O.J. Howard,TE,3.35,10,3.3181818181818183,11.0,27.811088295687885,2022,59.0,True,-0.031818181818181746,2019-25,25-27
00-0033881,Evan Engram,TE,6.833333333333333,15,10.58235294117647,17.0,28.021902806297057,2022,26.0,True,3.7490196078431373,2019-25,28-29
00-0033885,David Njoku,TE,7.273333333333334,15,10.142857142857142,14.0,26.168377823408623,2022,22.0,True,2.869523809523808,2019-25,25-27
00-0033891,Zay Jones,WR,7.16,15,12.56875,16.0,27.449691991786448,2022,82.0,True,5.4087499999999995,2019-25,25-27
00-0033893,Dalvin Cook,RB,17.176923076923078,13,14.341176470588236,17.0,27.085557837097877,2022,9.0,True,-2.835746606334842,2019-25,27-28
00-0033895,Gerald Everett,TE,7.8533333333333335,15,9.3,15.0,28.210814510609172,2022,21.0,True,1.4466666666666672,2019-25,28-29
00-0033897,Joe Mixon,RB,18.556250000000002,16,17.321428571428573,14.0,26.130047912388775,2022,6.0,True,-1.2348214285714292,2019-25,25-26
00-0033906,Alvin Kamara,RB,18.861538461538462,13,14.513333333333332,15.0,27.129363449691994,2022,4.0,True,-4.34820512820513,2019-25,27-28
00-0033908,Cooper Kupp,WR,26.823529411764707,17,23.211111111111112,9.0,29.23750855578371,2022,1.0,True,-3.6124183006535944,2019-25,28-29
00-0033921,Chris Godwin Jr.,WR,17.85,14,15.053333333333335,15.0,26.535249828884325,2022,6.0,True,-2.796666666666667,2019-25,25-27
00-0033923,Kareem Hunt,RB,13.75,8,7.458823529411765,17.0,27.096509240246405,2022,20.0,True,-6.291176470588235,2019-25,27-28
00-0033925,D'Onta Foreman,RB,11.433333333333334,9,9.125,16.0,26.379192334017795,2022,32.0,True,-2.3083333333333336,2019-25,25-26
00-0033932,Kenny Golladay,WR,6.471428571428572,14,3.35,6.0,28.851471594798085,2022,86.0,False,-3.1214285714285723,2019-25,28-29
00-0033943,Josh Reynolds,WR,7.327272727272727,11,8.658333333333333,12.0,27.564681724845997,2022,78.0,True,1.331060606060606,2019-25,25-27
00-0033948,Jamaal Williams,RB,9.215384615384615,13,13.641176470588235,17.0,27.43874058863792,2022,40.0,True,4.42579185520362,2019-25,27-28
00-0033955,Jeremy McNichols,RB,5.661538461538462,13,,,26.70773442847365,2022,65.0,False,,2019-25,25-26
00-0034011,Dan Arnold,TE,6.890909090909091,11,2.0454545454545454,11.0,27.49075975359343,2022,25.0,True,-4.845454545454546,2019-25,25-27
00-0034052,Brandon Zylstra,WR,4.083333333333333,12,0.0,1.0,29.462012320328544,2022,117.0,False,-4.083333333333333,2019-25,28-29
00-0034104,Cam Sims,WR,4.066666666666666,12,1.3000000000000003,13.0,26.677618069815196,2022,118.0,True,-2.766666666666666,2019-25,25-27
00-0034109,Phillip Lindsay,RB,3.242857142857143,14,4.933333333333334,3.0,28.13141683778234,2022,84.0,False,1.6904761904761907,2019-25,27-28
00-0034115,Jeff Wilson,RB,6.8125,8,10.28125,16.0,26.817248459958932,2022,59.0,True,3.46875,2019-25,25-26
00-0034132,Christian Blake,WR,0.7222222222222222,9,,,26.255989048596852,2022,147.0,False,,2019-25,25-27
00-0034159,Will Dissly,TE,3.853846153846154,13,5.793333333333334,15.0,26.17385352498289,2022,54.0,True,1.93948717948718,2019-25,25-27
00-0034164,Trenton Cannon,RB,0.04,10,0.0,1.0,28.134154688569474,2022,101.0,False,-0.04,2019-25,27-28
00-0034253,Dontrell Hilliard,RB,9.4625,8,6.433333333333334,12.0,27.537303216974674,2022,39.0,True,-3.029166666666667,2019-25,27-28
00-0034270,Tyler Conklin,TE,8.13529411764706,17,7.735294117647059,17.0,27.11567419575633,2022,19.0,True,-0.40000000000000124,2019-25,25-27
00-0034272,Marquez Valdes-Scantling,WR,8.045454545454545,11,7.288235294117648,17.0,27.917864476386036,2022,72.0,True,-0.7572192513368972,2019-25,25-27
00-0034279,Equanimeous St. Brown,WR,1.6833333333333336,12,4.04375,16.0,25.94387405886379,2022,140.0,True,2.3604166666666666,2019-25,25-27
00-0034297,Byron Pringle,WR,8.05,16,3.55,10.0,28.813141683778234,2022,71.0,True,-4.500000000000001,2019-25,28-29
00-0034301,Darrel Williams,RB,11.617647058823529,17,4.220000000000001,5.0,27.405886379192335,2022,31.0,False,-7.397647058823528,2019-25,27-28
00-0034348,Courtland Sutton,WR,9.014117647058825,17,10.726666666666667,15.0,26.91854893908282,2022,57.0,True,1.7125490196078417,2019-25,25-27
00-0034351,Dallas Goedert,TE,11.2,15,11.891666666666666,12.0,27.685147159479808,2022,8.0,True,0.6916666666666664,2019-25,25-27
00-0034364,Jordan Akins,TE,3.475,12,7.766666666666667,15.0,30.392881587953458,2022,57.0,True,4.291666666666666,2019-25,30-31
00-0034365,Ian Thomas,TE,2.628571428571429,14,3.130769230769231,13.0,26.261464750171115,2022,63.0,True,0.5021978021978022,2019-25,25-27
00-0034367,Nyheim Hines,RB,6.858823529411764,17,5.0875,16.0,25.82614647501711,2022,58.0,True,-1.771323529411764,2019-25,25-26
00-0034383,Dalton Schultz,TE,12.282352941176471,17,9.513333333333332,15.0,26.16563997262149,2022,6.0,True,-2.7690196078431395,2019-25,25-27
00-0034407,Ray-Ray McCloud,WR,4.2625,16,3.4176470588235297,17.0,25.90280629705681,2022,113.0,True,-0.8448529411764705,2019-25,25-27
00-0034411,Russell Gage,WR,12.76923076923077,13,9.507692307692308,13.0,26.633812457221083,2022,31.0,True,-3.2615384615384624,2019-25,25-27
00-0034414,Boston Scott,RB,8.963636363636363,11,3.08,15.0,27.37303216974675,2022,43.0,True,-5.883636363636363,2019-25,27-28
00-0034418,Cedrick Wilson Jr.,WR,10.772857142857143,14,2.030769230769231,13.0,26.806297056810404,2022,41.0,True,-8.742087912087912,2019-25,25-27
00-0034419,Braxton Berrios,WR,7.56875,16,3.3929411764705883,17.0,26.92950034223135,2022,75.0,True,-4.175808823529412,2019-25,25-27
00-0034440,Justin Jackson,RB,6.157142857142858,14,3.4066666666666667,15.0,26.38466803559206,2022,62.0,True,-2.7504761904761916,2019-25,25-26
00-0034487,Trent Sherfield,WR,1.9749999999999999,12,5.23125,16.0,26.537987679671456,2022,138.0,True,3.2562500000000005,2019-25,25-27
00-0034521,Allen Lazard,WR,10.178571428571429,14,11.753333333333334,15.0,26.748802190280628,2022,45.0,True,1.574761904761905,2019-25,25-27
00-0034614,Godwin Igwebuike,RB,1.7866666666666668,15,0.33999999999999997,5.0,28.0,2022,92.0,False,-1.4466666666666668,2019-25,27-28
00-0034676,James Washington,WR,4.386666666666667,15,0.0,1.0,26.439425051334702,2022,112.0,False,-4.386666666666667,2019-25,25-27
00-0034681,Chase Edmonds,RB,12.191666666666668,12,5.707692307692308,13.0,26.409308692676248,2022,27.0,True,-6.48397435897436,2019-25,25-26
00-0034750,Rashaad Penny,RB,13.37,10,11.040000000000001,5.0,26.60369609856263,2022,22.0,False,-2.3299999999999983,2019-25,25-26
00-0034753,Mark Andrews,TE,18.15294117647059,17,13.0,15.0,27.01163586584531,2022,1.0,True,-5.152941176470591,2019-25,25-27
00-0034764,Michael Gallup,WR,10.333333333333334,9,7.528571428571429,14.0,26.518822724161534,2022,44.0,True,-2.8047619047619046,2019-25,25-27
00-0034765,Tre'Quan Smith,WR,8.77,10,5.430000000000001,10.0,26.67488021902806,2022,60.0,True,-3.339999999999999,2019-25,25-27
00-0034775,Christian Kirk,WR,12.301176470588235,17,14.494117647058824,17.0,25.809719370294317,2022,33.0,True,2.1929411764705886,2019-25,25-27
00-0034791,Nick Chubb,RB,16.45,14,17.788235294117648,17.0,26.704996577686515,2022,11.0,True,1.3382352941176485,2019-25,25-26
00-0034796,Lamar Jackson,QB,21.165000000000003,12,20.173333333333336,12.0,25.672826830937716,2022,6.0,True,-0.9916666666666671,2019-25,25-27
00-0034798,Durham Smythe,TE,4.375,16,3.076923076923077,13.0,27.08829568788501,2022,44.5,True,-1.298076923076923,2019-25,25-27
00-0034799,Kalen Ballage,RB,0.8,8,,,26.718685831622178,2022,97.0,False,,2019-25,25-26
00-0034816,Ronald Jones,RB,5.28,15,3.2399999999999998,5.0,25.10335386721424,2022,68.0,False,-2.0400000000000005,2019-25,25-26
00-0034827,DJ Moore,WR,14.235294117647058,17,11.976470588235296,17.0,25.4072553045859,2022,26.0,True,-2.258823529411762,2019-25,25-27
00-0034829,Mike Gesicki,TE,9.794117647058824,17,5.776470588235294,17.0,26.937713894592743,2022,16.0,True,-4.01764705882353,2019-25,25-27
00-0034830,Hayden Hurst,TE,5.341666666666666,12,8.107692307692307,13.0,29.045859000684462,2022,33.0,True,2.7660256410256414,2019-25,28-29
00-0034838,Royce Freeman,RB,2.8833333333333333,12,4.75,4.0,26.543463381245722,2022,85.0,False,1.8666666666666667,2019-25,25-26
00-0034844,Saquon Barkley,RB,11.661538461538461,13,18.5,16.0,25.582477754962355,2022,29.0,True,6.838461538461539,2019-25,25-26
00-0034845,Sony Michel,RB,8.958823529411765,17,2.49,10.0,27.561943874058862,2022,44.0,True,-6.468823529411765,2019-25,27-28
00-0034854,KhaDarel Hodge,WR,2.5583333333333336,12,3.1692307692307695,13.0,28.684462696783026,2022,133.0,True,0.610897435897436,2019-25,28-29
00-0034855,Baker Mayfield,QB,12.921428571428573,14,10.118333333333334,12.0,27.408624229979466,2022,27.0,True,-2.8030952380952385,2019-25,25-27
00-0034857,Josh Allen,QB,23.857647058823527,17,25.72,16.0,26.305270362765228,2022,1.0,True,1.8623529411764714,2019-25,25-27
00-0034869,Sam Darnold,QB,13.106666666666667,12,14.386666666666665,6.0,25.26488706365503,2022,26.0,False,1.2799999999999976,2019-25,25-27
00-0034960,Jakobi Meyers,WR,11.64375,16,13.12857142857143,14.0,25.83436002737851,2022,35.0,True,1.4848214285714292,2019-25,25-27
00-0034972,Alexander Mattison,RB,8.24375,16,5.2,17.0,24.227241615331966,2022,48.0,True,-3.04375,2019-25,<=24
00-0034981,Foster Moreau,TE,5.6866666666666665,15,6.228571428571429,14.0,25.347022587268995,2022,31.0,True,0.5419047619047621,2019-25,25-27
00-0034983,Hunter Renfrow,WR,15.505882352941178,17,7.9,10.0,26.72142368240931,2022,16.0,True,-7.605882352941178,2019-25,25-27
00-0035021,Ashton Dulin,WR,2.84375,16,4.25,10.0,25.322381930184804,2022,128.0,True,1.40625,2019-25,25-27
00-0035022,Penny Hart,WR,1.1727272727272728,11,1.25,4.0,26.182067077344286,2022,143.0,False,0.07727272727272716,2019-25,25-27
00-0035126,Antoine Wesley,WR,7.2250000000000005,8,,,24.88432580424367,2022,81.0,False,,2019-25,25-27
00-0035140,Mecole Hardman,WR,8.376470588235295,17,11.725,8.0,24.49828884325804,2022,67.0,True,3.348529411764705,2019-25,<=24
00-0035208,Olamide Zaccheaus,WR,5.986666666666666,15,6.875,16.0,25.13347022587269,2022,93.0,True,0.8883333333333336,2019-25,25-27
00-0035215,Deonte Harty,WR,8.853846153846153,13,0.825,4.0,24.76659822039699,2022,58.0,False,-8.028846153846153,2019-25,25-27
00-0035216,Diontae Johnson,WR,17.431250000000002,16,10.629411764705882,17.0,26.182067077344286,2022,8.0,True,-6.80183823529412,2019-25,25-27
00-0035217,Benny Snell,RB,0.8187500000000001,16,2.0777777777777775,9.0,24.53388090349076,2022,96.0,True,1.2590277777777774,2019-25,25-26
00-0035222,Zach Gentry,TE,3.5700000000000003,10,2.3000000000000003,14.0,25.998631074606433,2022,55.0,True,-1.27,2019-25,25-27
00-0035228,Kyler Murray,QB,22.034285714285716,14,18.501818181818184,11.0,25.09240246406571,2022,5.0,True,-3.532467532467532,2019-25,25-27
00-0035229,T.J. Hockenson,TE,12.108333333333334,12,12.964705882352941,17.0,25.188227241615333,2022,7.0,True,0.856372549019607,2019-25,25-27
00-0035243,Miles Sanders,RB,10.266666666666667,12,13.276470588235293,17.0,25.360711841204655,2022,36.0,True,3.0098039215686256,2019-25,25-26
00-0035249,Josh Oliver,TE,1.4181818181818182,11,3.4083333333333337,12.0,25.472963723477072,2022,71.0,True,1.9901515151515154,2019-25,25-27
00-0035250,Devin Singletary,RB,11.811764705882354,17,11.30625,16.0,25.018480492813143,2022,28.0,True,-0.5055147058823533,2019-25,25-26
00-0035259,Trevon Wesco,TE,0.8125,8,1.1,6.0,26.99520876112252,2022,74.0,False,0.2875000000000001,2019-25,25-27
00-0035261,Tony Pollard,RB,11.04,15,16.20625,16.0,25.363449691991786,2022,34.0,True,5.166250000000002,2019-25,25-26
00-0035311,Myles Gaskin,RB,10.211764705882352,17,4.7,2.0,25.56605065023956,2022,37.0,False,-5.511764705882352,2019-25,25-26
00-0035329,Donald Parham,TE,4.538461538461538,13,4.833333333333333,6.0,25.06776180698152,2022,41.0,False,0.2948717948717947,2019-25,25-27
00-0035399,Stanley Morgan,WR,0.30909090909090914,11,0.0,9.0,26.00684462696783,2022,153.0,True,-0.30909090909090914,2019-25,25-27
00-0035406,Lil'Jordan Humphrey,WR,6.2375,8,1.0,4.0,24.39425051334702,2022,89.0,False,-5.2375,2019-25,<=24
00-0035414,Jalen Guyton,WR,6.075,16,4.2,2.0,25.259411362080765,2022,92.0,False,-1.875,2019-25,25-27
00-0035510,Jeff Smith,WR,2.1333333333333333,9,3.057142857142857,7.0,25.388090349075977,2022,135.0,False,0.9238095238095236,2019-25,25-27
00-0035535,Darius Slayton,WR,5.276923076923078,13,9.876923076923077,13.0,25.659137577002053,2022,99.0,True,4.6,2019-25,25-27
00-0035537,Ty Johnson,RB,7.8,15,3.5666666666666664,12.0,24.980150581793293,2022,51.0,True,-4.233333333333333,2019-25,25-26
00-0035594,Travis Homer,RB,4.414285714285714,14,4.3100000000000005,10.0,24.093086926762492,2022,75.0,True,-0.1042857142857132,2019-25,<=24
00-0035624,N'Keal Harry,TE,3.04,10,4.1000000000000005,6.0,24.73100616016427,2022,60.0,False,1.0600000000000005,2019-25,25-27
00-0035628,D'Ernest Johnson,RB,8.46923076923077,13,0.6000000000000001,9.0,26.535249828884325,2022,47.0,True,-7.86923076923077,2019-25,25-26
00-0035631,Drew Sample,TE,1.9100000000000001,10,0.8999999999999999,2.0,26.401095140314855,2022,66.5,False,-1.0100000000000002,2019-25,25-27
00-0035640,DK Metcalf,WR,14.458823529411765,17,13.51764705882353,17.0,24.739219712525667,2022,23.0,True,-0.9411764705882355,2019-25,25-27
00-0035644,Noah Fant,TE,9.9375,16,7.211764705882352,17.0,24.804928131416837,2022,14.0,True,-2.725735294117648,2019-25,25-27
00-0035645,Gunner Olszewski,WR,0.375,16,0.9466666666666668,15.0,25.78781656399726,2022,151.0,True,0.5716666666666668,2019-25,25-27
00-0035657,Damien Harris,RB,15.006666666666666,15,8.263636363636364,11.0,25.57700205338809,2022,17.0,True,-6.743030303030302,2019-25,25-26
00-0035659,Terry McLaurin,WR,12.911764705882353,17,13.823529411764707,17.0,26.986995208761122,2022,30.0,True,0.9117647058823533,2019-25,25-27
00-0035662,Marquise Brown,WR,14.55,16,13.125,12.0,25.267624914442163,2022,22.0,True,-1.4250000000000007,2019-25,25-27
00-0035664,Darrell Henderson,RB,13.616666666666667,12,7.35,10.0,25.059548254620122,2022,21.0,True,-6.2666666666666675,2019-25,25-26
00-0035676,A.J. Brown,WR,14.261538461538462,13,18.064705882352943,17.0,25.196440793976727,2022,25.0,True,3.8031674208144803,2019-25,25-27
00-0035685,David Montgomery,RB,15.461538461538462,13,11.293750000000001,16.0,25.259411362080765,2022,15.0,True,-4.167788461538461,2019-25,25-26
00-0035689,Dawson Knox,TE,11.04,15,9.046666666666665,15.0,25.82067077344285,2022,9.0,True,-1.993333333333334,2019-25,25-27
00-0035700,Josh Jacobs,RB,15.466666666666667,15,20.66470588235294,17.0,24.577686516084874,2022,13.5,True,5.198039215686274,2019-25,25-26
00-0035710,Daniel Jones,QB,15.956363636363637,11,18.25,16.0,25.28952772073922,2022,14.0,True,2.293636363636363,2019-25,25-27
00-0035715,Derrick Gore,RB,7.0125,8,,,27.742642026009584,2022,57.0,False,,2019-25,27-28
00-0035719,Deebo Samuel Sr.,WR,21.653750000000002,16,13.069230769230769,13.0,26.652977412731005,2022,3.0,True,-8.584519230769233,2019-25,25-27
00-0035806,JaMycal Hasty,RB,4.681818181818182,11,5.0,14.0,25.99315537303217,2022,74.0,True,0.31818181818181834,2019-25,25-26
00-0035831,James Robinson,RB,12.635714285714286,14,8.327272727272728,11.0,24.087611225188226,2022,24.0,True,-4.308441558441558,2019-25,<=24
00-0035860,Tony Jones,RB,2.21,10,3.466666666666667,3.0,24.79397672826831,2022,90.0,False,1.2566666666666668,2019-25,25-26
00-0035864,Kendall Hinton,WR,3.5036363636363634,11,5.127272727272727,11.0,25.555099247091032,2022,124.0,True,1.6236363636363635,2019-25,25-27
00-0035924,Jonathan Ward,RB,1.077777777777778,9,1.3,4.0,24.944558521560573,2022,94.0,False,0.2222222222222221,2019-25,25-26
00-0035956,Giovanni Ricci,TE,0.0,8,1.6363636363636365,11.0,25.900068446269678,2022,78.0,True,1.6363636363636365,2019-25,25-27
00-0036020,Salvon Ahmed,RB,3.5090909090909093,11,2.3666666666666667,6.0,23.698836413415467,2022,81.0,False,-1.1424242424242426,2019-25,<=24
00-0036040,Juwan Johnson,TE,4.06923076923077,13,8.425,16.0,25.99041752224504,2022,51.0,True,4.355769230769231,2019-25,25-27
00-0036182,Nick Westbrook-Ikhine,WR,7.273333333333334,15,5.2625,16.0,25.472963723477072,2022,79.0,True,-2.010833333333334,2019-25,25-27
00-0036187,Reggie Gilliam,RB,0.7000000000000001,8,2.9857142857142853,7.0,25.05681040383299,2022,98.0,False,2.285714285714285,2019-25,25-26
00-0036196,Gabe Davis,WR,8.493333333333334,15,11.54,15.0,23.529089664613277,2022,65.0,True,3.046666666666665,2019-25,<=24
00-0036212,Tua Tagovailoa,QB,13.916923076923077,13,18.378461538461536,13.0,24.525667351129364,2022,21.0,True,4.46153846153846,2019-25,25-27
00-0036219,Marquez Callaway,WR,9.01764705882353,17,3.7800000000000002,10.0,24.45722108145106,2022,56.0,True,-5.237647058823529,2019-25,<=24
00-0036223,Jonathan Taylor,RB,23.8,17,13.854545454545455,11.0,23.641341546885695,2022,2.0,True,-9.945454545454545,2019-25,<=24
00-0036232,Harrison Bryant,TE,4.153333333333333,15,4.4071428571428575,14.0,24.383299110198493,2022,49.0,True,0.25380952380952415,2019-25,<=24
00-0036233,Donovan Peoples-Jones,WR,8.553846153846154,13,9.91764705882353,17.0,23.5564681724846,2022,63.0,True,1.363800904977376,2019-25,<=24
00-0036247,Freddie Swain,WR,5.088235294117647,17,3.8000000000000003,3.0,24.10130047912389,2022,100.5,False,-1.2882352941176465,2019-25,<=24
00-0036250,Tyler Davis,TE,0.9375,8,0.6,11.0,25.440109514031484,2022,73.0,True,-0.3375,2019-25,25-27
00-0036251,Zack Moss,RB,8.092307692307692,13,5.1923076923076925,13.0,24.736481861738536,2022,50.0,True,-2.8999999999999995,2019-25,25-26
00-0036252,Michael Pittman,WR,14.211764705882352,17,13.71875,16.0,24.930869267624914,2022,27.0,True,-0.4930147058823522,2019-25,25-27
00-0036254,Collin Johnson,WR,2.6875,8,,,24.9637234770705,2022,131.0,False,,2019-25,25-27
00-0036255,Denzel Mims,WR,2.13,10,3.288888888888889,9.0,24.917180013689254,2022,136.0,True,1.1588888888888893,2019-25,25-27
00-0036259,Jauan Jennings,WR,6.323076923076924,13,5.1625,16.0,25.169062286105408,2022,88.0,True,-1.160576923076924,2019-25,25-27
00-0036261,Brandon Aiyuk,WR,10.105882352941178,17,13.488235294117647,17.0,24.484599589322382,2022,46.0,True,3.3823529411764692,2019-25,<=24
00-0036265,AJ Dillon,RB,10.917647058823531,17,9.858823529411765,17.0,24.358658453114305,2022,35.0,True,-1.0588235294117663,2019-25,<=24
00-0036268,Laviska Shenault Jr.,WR,7.9375,16,5.592307692307693,13.0,23.9315537303217,2022,74.0,True,-2.345192307692307,2019-25,<=24
00-0036271,Quez Watkins,WR,6.911764705882353,17,4.970588235294118,17.0,24.254620123203285,2022,83.0,True,-1.9411764705882355,2019-25,<=24
00-0036275,D'Andre Swift,RB,16.53076923076923,13,13.864285714285716,14.0,23.655030800821354,2022,10.0,True,-2.666483516483515,2019-25,<=24
00-0036290,Cole Kmet,TE,7.129411764705883,17,8.66470588235294,17.0,23.50444900752909,2022,23.0,True,1.5352941176470578,2019-25,<=24
00-0036309,Darnell Mooney,WR,13.276470588235295,17,9.227272727272727,11.0,24.865160848733744,2022,29.0,True,-4.049197860962568,2019-25,25-27
00-0036322,Justin Jefferson,WR,20.052941176470586,17,22.95058823529412,17.0,23.236139630390145,2022,4.0,True,2.8976470588235337,2019-25,<=24
00-0036326,Chase Claypool,WR,11.206666666666667,15,7.002666666666667,15.0,24.177960301163587,2022,39.0,True,-4.204,2019-25,<=24
00-0036328,Antonio Gibson,RB,14.69375,16,11.06,15.0,24.216290212183434,2022,19.0,True,-3.633749999999999,2019-25,<=24
00-0036331,Devin Duvernay,WR,4.825,16,8.292857142857143,14.0,24.993839835728952,2022,104.0,True,3.4678571428571425,2019-25,25-27
00-0036332,Josiah Deguara,TE,4.392857142857143,14,2.7111111111111112,9.0,25.568788501026695,2022,43.0,True,-1.681746031746032,2019-25,25-27
00-0036345,K.J. Osborn,WR,9.323529411764707,17,9.329411764705881,17.0,25.251197809719372,2022,52.0,True,0.005882352941174673,2019-25,25-27
00-0036355,Justin Herbert,QB,22.39764705882353,17,16.54470588235294,17.0,24.503764544832308,2022,3.0,True,-5.8529411764705905,2019-25,25-27
00-0036358,CeeDee Lamb,WR,14.83125,16,18.18235294117647,17.0,23.42505133470226,2022,20.0,True,3.351102941176471,2019-25,<=24
00-0036360,Clyde Edwards-Helaire,RB,12.360000000000001,10,9.83,10.0,23.416837782340863,2022,26.0,True,-2.530000000000001,2019-25,<=24
00-0036365,Bryan Edwards,WR,6.81875,16,1.125,4.0,23.824777549623544,2022,85.0,False,-5.69375,2019-25,<=24
00-0036370,Joshua Kelley,RB,2.125,8,5.3999999999999995,12.0,24.804928131416837,2022,91.0,True,3.2749999999999995,2019-25,25-26
00-0036383,Eno Benjamin,RB,3.5,8,6.892307692307693,13.0,23.411362080766597,2022,82.0,True,3.3923076923076927,2019-25,<=24
00-0036387,Jalen Reagor,WR,4.594117647058823,17,1.5823529411764707,17.0,23.68788501026694,2022,109.0,True,-3.0117647058823525,2019-25,<=24
00-0036389,Jalen Hurts,QB,20.81066666666667,15,25.40266666666667,15.0,24.093086926762492,2022,10.0,True,4.591999999999999,2019-25,<=24
00-0036407,Jerry Jeudy,WR,8.5,10,13.913333333333334,15.0,23.381245722108144,2022,64.0,True,5.413333333333334,2019-25,<=24
00-0036410,Tee Higgins,WR,16.07857142857143,14,16.20714285714286,14.0,23.644079397672826,2022,12.0,True,0.1285714285714299,2019-25,<=24
00-0036415,Van Jefferson,WR,9.894117647058824,17,7.890000000000001,10.0,26.12457221081451,2022,49.0,True,-2.0041176470588233,2019-25,25-27
00-0036422,Adam Trautman,TE,5.754545454545454,11,3.725,12.0,25.593429158110883,2022,30.0,True,-2.029545454545454,2019-25,25-27
00-0036423,Albert Okwuegbunam,TE,5.428571428571429,14,4.25,6.0,24.37782340862423,2022,32.0,False,-1.1785714285714288,2019-25,<=24
00-0036425,DeeJay Dallas,RB,3.5352941176470587,17,3.08,15.0,23.983572895277206,2022,80.0,True,-0.4552941176470586,2019-25,<=24
00-0036427,Tyler Johnson,WR,4.5,16,,,24.043805612594113,2022,111.0,False,,2019-25,<=24
00-0036429,Charlie Woerner,TE,1.2750000000000001,8,0.0,5.0,24.90075290896646,2022,72.0,False,-1.2750000000000001,2019-25,25-27
00-0036442,Joe Burrow,QB,21.14,16,22.41875,16.0,25.749486652977414,2022,7.0,True,1.2787499999999987,2019-25,25-27
00-0036550,Rashod Bateman,WR,8.75,12,9.166666666666666,6.0,22.781656399726216,2022,61.0,False,0.4166666666666661,2019-25,<=24
00-0036554,Nico Collins,WR,5.971428571428572,14,9.71,10.0,23.479808350444902,2022,94.0,True,3.7385714285714284,2019-25,<=24
00-0036555,Chuba Hubbard,RB,8.7875,16,6.621428571428572,14.0,23.249828884325805,2022,45.0,True,-2.1660714285714278,2019-25,<=24
00-0036556,Brevin Jordan,TE,6.9750000000000005,8,2.977777777777778,9.0,22.151950718685832,2022,24.0,True,-3.9972222222222227,2019-25,<=24
00-0036567,Elijah Mitchell,RB,16.363636363636363,11,8.72,5.0,24.358658453114305,2022,12.0,False,-7.643636363636363,2019-25,<=24
00-0036613,Jaylen Waddle,WR,15.58125,16,15.776470588235293,17.0,23.79192334017796,2022,14.0,True,0.19522058823529242,2019-25,<=24
00-0036620,Dee Eskridge,WR,3.5375,8,1.5333333333333334,9.0,25.467488021902806,2022,123.0,True,-2.0041666666666664,2019-25,25-27
00-0036626,Dyami Brown,WR,2.81,10,3.811111111111112,9.0,22.858316221765914,2022,129.0,True,1.0011111111111117,2019-25,<=24
00-0036628,John Bates,TE,4.241666666666667,12,3.4222222222222225,9.0,24.843258042436688,2022,47.0,True,-0.8194444444444446,2019-25,25-27
00-0036630,Tylan Wallace,WR,0.43,10,1.46,5.0,23.329226557152634,2022,150.0,False,1.03,2019-25,<=24
00-0036650,Larry Rountree III,RB,1.7333333333333334,9,2.65,2.0,23.572895277207394,2022,93.0,False,0.9166666666666665,2019-25,<=24
00-0036654,Demetric Felton,RB,3.3666666666666667,15,0.39999999999999997,6.0,24.1533196440794,2022,83.0,False,-2.966666666666667,2019-25,<=24
00-0036669,Kylin Hill,RB,0.48750000000000004,8,0.7000000000000001,1.0,24.06297056810404,2022,100.0,False,0.21250000000000002,2019-25,<=24
00-0036671,Dax Milne,WR,1.7111111111111112,9,1.0466666666666666,15.0,23.21697467488022,2022,139.0,True,-0.6644444444444446,2019-25,<=24
00-0036754,Brock Wright,TE,4.4625,8,4.542857142857143,14.0,23.786447638603697,2022,42.0,True,0.08035714285714235,2019-25,<=24
00-0036755,Jaret Patterson,RB,3.726666666666667,15,3.9000000000000004,2.0,22.715947980835043,2022,79.0,False,0.17333333333333334,2019-25,<=24
00-0036842,Kene Nwangwu,RB,2.5555555555555554,9,0.8214285714285714,14.0,24.583162217659137,2022,89.0,True,-1.734126984126984,2019-25,25-26
00-0036857,Chris Evans,RB,5.533333333333333,9,1.28,10.0,24.930869267624914,2022,67.0,True,-4.253333333333333,2019-25,25-26
00-0036862,Ben Skowronek,WR,2.025,12,6.021428571428572,14.0,25.204654346338124,2022,137.0,True,3.9964285714285723,2019-25,25-27
00-0036875,Rhamondre Stevenson,RB,10.075000000000001,12,15.005882352941176,17.0,24.54483230663929,2022,38.0,True,4.930882352941175,2019-25,25-26
00-0036876,Kylen Granson,TE,2.16,10,4.707692307692308,13.0,24.45722108145106,2022,64.0,True,2.5476923076923077,2019-25,<=24
00-0036877,Jaelon Darden,WR,1.2666666666666666,9,0.3428571428571429,14.0,23.655030800821354,2022,142.0,True,-0.9238095238095236,2019-25,<=24
00-0036887,Luke Farrell,TE,1.575,8,2.0,4.0,24.906228610540726,2022,70.0,False,0.42500000000000004,2019-25,25-27
00-0036893,Najee Harris,RB,18.305882352941175,17,13.438823529411765,17.0,24.50650239561944,2022,7.0,True,-4.86705882352941,2019-25,25-26
00-0036894,Pat Freiermuth,TE,9.48125,16,9.879999999999999,15.0,23.876796714579054,2022,17.0,True,0.3987499999999997,2019-25,<=24
00-0036898,Davis Mills,QB,12.073846153846155,13,12.101333333333333,15.0,23.887748117727583,2022,28.0,True,0.027487179487177826,2019-25,<=24
00-0036900,Ja'Marr Chase,WR,19.123529411764707,17,20.7,12.0,22.527036276522928,2022,5.0,True,1.576470588235292,2019-25,<=24
00-0036906,Khalil Herbert,RB,5.11875,16,9.292307692307693,13.0,24.38877481177276,2022,70.0,True,4.173557692307693,2019-25,<=24
00-0036912,DeVonta Smith,WR,11.094117647058823,17,15.53529411764706,17.0,23.822039698836413,2022,40.0,True,4.441176470588237,2019-25,<=24
00-0036913,Kadarius Toney,WR,9.317777777777778,9,6.5888888888888895,9.0,23.619438740588638,2022,53.0,True,-2.7288888888888883,2019-25,<=24
00-0036919,Kenny Gainwell,RB,7.7124999999999995,16,5.170588235294118,17.0,23.49349760438056,2022,54.0,True,-2.5419117647058815,2019-25,<=24
00-0036924,Michael Carter,RB,11.242857142857144,14,7.875,16.0,23.345653661875428,2022,33.0,True,-3.3678571428571438,2019-25,<=24
00-0036936,Rondale Moore,WR,8.042857142857143,14,10.9875,8.0,22.253251197809718,2022,73.0,True,2.944642857142858,2019-25,<=24
00-0036945,Justin Fields,QB,10.816666666666668,12,20.332,15.0,23.51813826146475,2022,31.0,True,9.515333333333333,2019-25,<=24
00-0036950,Avery Williams,RB,0.0,15,2.1176470588235294,17.0,24.15605749486653,2022,102.0,True,2.1176470588235294,2019-25,<=24
00-0036955,Terrace Marshall Jr.,WR,2.733333333333334,12,6.384615384615385,13.0,22.253251197809718,2022,130.0,True,3.651282051282051,2019-25,<=24
00-0036963,Amon-Ra St. Brown,WR,14.39375,16,17.1,16.0,22.88021902806297,2022,24.0,True,2.7062500000000007,2019-25,<=24
00-0036970,Kyle Pitts,TE,10.652941176470588,17,7.56,10.0,21.927446954141,2022,10.0,True,-3.092941176470588,2019-25,<=24
00-0036971,Trevor Lawrence,QB,11.708235294117648,17,17.389411764705883,17.0,22.92950034223135,2022,29.0,True,5.681176470588236,2019-25,<=24
00-0036972,Mac Jones,QB,13.231764705882354,17,12.148571428571428,14.0,24.01368925393566,2022,24.0,True,-1.0831932773109259,2019-25,<=24
00-0036980,Elijah Moore,WR,12.700000000000001,11,6.292857142857143,14.0,22.455852156057496,2022,32.0,True,-6.407142857142858,2019-25,<=24
00-0036988,Josh Palmer,WR,6.193333333333333,15,10.76875,16.0,22.967830253251197,2022,90.0,True,4.575416666666667,2019-25,<=24
00-0036991,Amari Rodgers,WR,0.6000000000000001,16,2.8733333333333335,15.0,22.965092402464066,2022,148.0,True,2.2733333333333334,2019-25,<=24
00-0036997,Javonte Williams,RB,12.405882352941177,17,10.5,4.0,22.376454483230663,2022,25.0,False,-1.9058823529411768,2019-25,<=24
00-0036999,Anthony Schwartz,WR,2.569230769230769,13,2.685714285714286,7.0,22.012320328542096,2022,132.0,False,0.11648351648351696,2019-25,<=24
00-0037005,Tommy Tremble,TE,3.54,15,3.626666666666667,15.0,22.272416153319643,2022,56.0,True,0.08666666666666689,2019-25,<=24
00-0037013,Zach Wilson,QB,11.681538461538462,13,10.991111111111111,9.0,23.104722792607802,2022,30.0,True,-0.6904273504273508,2019-25,<=24
00-0019596,Tom Brady,QB,16.450588235294116,17,,,46.10266940451746,2023,16.0,False,,2019-25,32+
00-0023459,Aaron Rodgers,QB,14.07058823529412,17,0.0,1.0,39.77275838466804,2023,22.0,False,-14.07058823529412,2019-25,32+
00-0026143,Matt Ryan,QB,12.94,12,,,38.31622176591376,2023,24.0,False,,2019-25,32+
00-0026293,Matthew Slater,WR,0.0,8,0.0,5.0,38.001368925393564,2023,150.0,False,0.0,2019-25,32+
00-0026498,Matthew Stafford,QB,12.042222222222223,9,16.206666666666667,15.0,35.58932238193019,2023,30.0,True,4.1644444444444435,2019-25,32+
00-0027942,A.J. Green,WR,4.7384615384615385,13,,,35.110198494182065,2023,105.0,False,,2019-25,32+
00-0027944,Julio Jones,WR,7.040000000000001,10,4.55,8.0,34.5845311430527,2023,77.0,True,-2.490000000000001,2019-25,32+
00-0027966,Mark Ingram,RB,5.01,10,,,33.719370294318956,2023,64.0,False,,2019-25,31+
00-0027973,Andy Dalton,QB,12.445714285714287,14,11.82,2.0,35.865845311430526,2023,26.0,False,-0.6257142857142863,2019-25,32+
00-0028002,Randall Cobb,WR,6.2846153846153845,13,1.8777777777777775,9.0,33.05133470225873,2023,91.0,True,-4.406837606837607,2019-25,32+
00-0029239,Brandon Bolden,RB,2.1,13,2.2199999999999998,5.0,33.620807665982205,2023,86.0,False,0.11999999999999966,2019-25,31+
00-0029263,Russell Wilson,QB,15.050666666666668,15,17.126666666666665,15.0,34.77891854893908,2023,18.0,True,2.075999999999997,2019-25,32+
00-0029293,Marvin Jones,WR,7.4,16,1.625,4.0,33.497604380561256,2023,73.0,False,-5.775,2019-25,32+
00-0029604,Kirk Cousins,QB,18.09294117647059,17,18.7175,8.0,35.058179329226554,2023,10.0,True,0.6245588235294122,2019-25,32+
00-0029701,Ryan Tannehill,QB,13.436666666666667,12,8.893333333333334,9.0,35.121149897330596,2023,23.0,True,-4.543333333333333,2019-25,32+
00-0030035,Adam Thielen,WR,10.588235294117647,17,13.852941176470589,17.0,33.05133470225873,2023,47.0,True,3.264705882352942,2019-25,32+
00-0030061,Zach Ertz,TE,11.56,10,7.385714285714286,7.0,32.832306639288156,2023,6.0,False,-4.174285714285714,2019-25,32+
00-0030068,Marquise Goodwin,WR,6.938461538461539,13,1.4,10.0,32.80766598220397,2023,81.0,True,-5.538461538461538,2019-25,32+
00-0030108,Ryan Griffin,TE,0.6599999999999999,10,,,33.661875427789184,2023,80.0,False,,2019-25,32+
00-0030279,Keenan Allen,WR,16.7,10,22.52769230769231,13.0,31.370294318959616,2023,11.0,True,5.82769230769231,2019-25,30-31
00-0030288,Rex Burkhead,RB,4.760000000000001,15,,,33.190965092402465,2023,66.0,False,,2019-25,31+
00-0030431,Robert Woods,WR,6.923529411764706,17,6.378571428571428,14.0,31.416837782340863,2023,82.0,True,-0.544957983193278,2019-25,30-31
00-0030506,Travis Kelce,TE,19.13529411764706,17,14.826666666666666,15.0,33.93018480492813,2023,1.0,True,-4.308627450980394,2019-25,32+
00-0030513,Latavius Murray,RB,12.323076923076922,13,5.526666666666667,15.0,33.64271047227926,2023,25.0,True,-6.796410256410255,2019-25,31+
00-0030564,DeAndre Hopkins,WR,17.188888888888886,9,13.41764705882353,17.0,31.260780287474333,2023,9.0,True,-3.7712418300653567,2019-25,30-31
00-0030565,Geno Smith,QB,17.87529411764706,17,15.150666666666666,15.0,32.917180013689254,2023,11.0,True,-2.7246274509803925,2019-25,32+
00-0030578,Cordarrelle Patterson,RB,12.36153846153846,13,3.0749999999999997,12.0,32.48459958932238,2023,24.0,True,-9.286538461538461,2019-25,31+
00-0031236,Brandin Cooks,WR,11.315384615384614,13,10.91875,16.0,29.95756331279945,2023,38.0,True,-0.396634615384615,2019-25,28-29
00-0031260,Logan Thomas,TE,5.946153846153846,13,7.925,16.0,32.19438740588638,2023,32.0,True,1.9788461538461535,2019-25,32+
00-0031273,Cameron Brate,TE,4.155555555555555,9,,,32.18891170431211,2023,46.0,False,,2019-25,32+
00-0031280,Derek Carr,QB,14.605333333333334,15,14.183529411764706,17.0,32.45448323066393,2023,20.0,True,-0.4218039215686282,2019-25,32+
00-0031325,Sammy Watkins,WR,5.166666666666667,9,,,30.239561943874058,2023,101.0,False,,2019-25,30-31
00-0031345,Jimmy Garoppolo,QB,14.98,11,9.157142857142857,7.0,31.854893908281998,2023,19.0,False,-5.822857142857144,2019-25,30-31
00-0031376,Jerick McKinnon,RB,11.63529411764706,17,7.03,12.0,31.353867214236825,2023,26.0,True,-4.60529411764706,2019-25,31+
00-0031381,Davante Adams,WR,20.441176470588236,17,15.876470588235296,17.0,30.71047227926078,2023,6.0,True,-4.564705882352939,2019-25,30-31
00-0031382,Jarvis Landry,WR,6.855555555555556,9,,,30.781656399726216,2023,84.0,False,,2019-25,30-31
00-0031408,Mike Evans,WR,15.76,15,16.88235294117647,17.0,30.053388090349078,2023,14.0,True,1.1223529411764712,2019-25,30-31
00-0031428,Allen Robinson,WR,8.49,10,4.133333333333334,15.0,30.04517453798768,2023,62.0,True,-4.3566666666666665,2019-25,30-31
00-0031544,Amari Cooper,WR,14.911764705882353,17,16.066666666666666,15.0,29.232032854209447,2023,18.0,True,1.1549019607843132,2019-25,28-29
00-0031547,DeVante Parker,WR,8.700000000000001,12,5.56923076923077,13.0,30.636550308008214,2023,59.0,True,-3.130769230769231,2019-25,30-31
00-0031549,Nelson Agholor,WR,5.478571428571429,14,6.06875,16.0,30.297056810403834,2023,96.0,True,0.590178571428571,2019-25,30-31
00-0031585,MyCole Pruitt,TE,5.5,10,2.6,10.0,31.463381245722108,2023,37.0,True,-2.9,2019-25,30-31
00-0031588,Stefon Diggs,WR,20.44375,16,16.54705882352941,17.0,29.779603011635867,2023,5.0,True,-3.89669117647059,2019-25,28-29
00-0031610,Darren Waller,TE,10.6,8,9.433333333333334,12.0,30.989733059548254,2023,7.0,True,-1.166666666666666,2019-25,30-31
00-0031687,Raheem Mostert,RB,10.89375,16,18.246666666666666,15.0,31.419575633127995,2023,31.0,True,7.352916666666665,2019-25,31+
00-0031690,Eric Tomlinson,TE,3.211111111111111,9,,,31.38398357289528,2023,58.0,False,,2019-25,30-31
00-0031763,DeAndre Carter,WR,6.723529411764706,17,0.5705882352941177,17.0,30.417522245037645,2023,86.0,True,-6.152941176470589,2019-25,30-31
00-0031800,Taylor Heinicke,QB,12.884444444444446,9,13.2,5.0,30.48870636550308,2023,25.0,False,0.31555555555555337,2019-25,30-31
00-0031868,Damiere Byrd,WR,4.316666666666666,12,0.0,1.0,30.61738535249829,2023,108.0,False,-4.316666666666666,2019-25,30-31
00-0032054,Breshad Perriman,WR,2.9125,8,,,29.998631074606433,2023,129.0,False,,2019-25,28-29
00-0032104,Ameer Abdullah,RB,3.38125,16,2.5625,16.0,30.24229979466119,2023,75.0,True,-0.8187500000000001,2019-25,29-30
00-0032134,C.J. Uzomah,TE,4.014285714285714,14,2.475,8.0,30.652977412731005,2023,49.0,True,-1.5392857142857141,2019-25,30-31
00-0032141,Geoff Swaim,TE,1.9833333333333334,12,2.425,8.0,29.982203969883642,2023,72.0,True,0.44166666666666643,2019-25,28-29
00-0032144,Melvin Gordon,RB,8.71,10,4.925,4.0,30.409308692676248,2023,42.0,False,-3.785000000000001,2019-25,29-30
00-0032208,Phillip Dorsett,WR,3.4466666666666668,15,0.0,2.0,30.677618069815196,2023,120.0,False,-3.4466666666666668,2019-25,30-31
00-0032211,Tyler Lockett,WR,15.2375,16,11.905882352941177,17.0,30.94866529774127,2023,16.0,True,-3.331617647058824,2019-25,30-31
00-0032268,Marcus Mariota,QB,15.120000000000001,13,5.88,2.0,29.861738535249827,2023,17.0,False,-9.240000000000002,2019-25,28-29
00-0032392,Austin Hooper,TE,5.729411764705882,17,3.0250000000000004,16.0,28.865160848733744,2023,36.0,True,-2.704411764705882,2019-25,28-29
00-0032398,Chris Moore,WR,7.7733333333333325,15,4.553333333333334,15.0,30.234086242299796,2023,70.0,True,-3.219999999999999,2019-25,30-31
00-0032464,Kalif Raymond,WR,6.835294117647059,17,5.729411764705882,17.0,29.089664613278575,2023,85.0,True,-1.105882352941177,2019-25,28-29
00-0032602,J.D. McKissic,RB,6.975,8,,,30.069815195071868,2023,51.0,False,,2019-25,29-30
00-0032688,Robbie Chosen,WR,4.4750000000000005,12,3.766666666666667,6.0,30.338124572210816,2023,107.0,False,-0.7083333333333335,2019-25,30-31
00-0032725,Stephen Anderson,TE,0.43333333333333335,9,0.0,1.0,30.60917180013689,2023,82.0,False,-0.43333333333333335,2019-25,30-31
00-0032764,Derrick Henry,RB,20.9225,16,15.21529411764706,17.0,29.68104038329911,2023,3.0,True,-5.707205882352939,2019-25,29-30
00-0032775,Demarcus Robinson,WR,6.58125,16,10.925,8.0,28.969199178644764,2023,88.0,True,4.343750000000001,2019-25,28-29
00-0032950,Carson Wentz,QB,14.1,8,26.12,1.0,30.694045174537987,2023,21.0,False,12.020000000000001,2019-25,30-31
00-0032975,Jonathan Williams,RB,2.911111111111111,9,-0.2,1.0,29.60164271047228,2023,79.0,False,-3.111111111111111,2019-25,29-30
00-0032980,Marcus Johnson,WR,2.3625,8,,,29.097878165639973,2023,135.5,False,,2019-25,28-29
00-0033009,Tyler Boyd,WR,10.6325,16,8.605882352941178,17.0,28.8186173853525,2023,44.0,True,-2.0266176470588224,2019-25,28-29
00-0033040,Tyreek Hill,WR,20.688235294117646,17,24.681250000000002,16.0,29.527720739219713,2023,4.0,True,3.9930147058823557,2019-25,28-29
00-0033045,Ezekiel Elliott,RB,12.386666666666667,15,10.264705882352942,17.0,28.136892539356605,2023,23.0,True,-2.1219607843137247,2019-25,27-28
00-0033077,Dak Prescott,QB,16.55,12,20.637647058823532,17.0,30.116358658453116,2023,14.0,True,4.087647058823531,2019-25,30-31
00-0033090,Hunter Henry,TE,6.49375,16,9.223076923076924,13.0,28.758384668035593,2023,28.0,True,2.7293269230769237,2019-25,28-29
00-0033106,Jared Goff,QB,16.72470588235294,17,17.00588235294118,17.0,28.906228610540726,2023,13.0,True,0.2811764705882389,2019-25,28-29
00-0033110,Tyler Higbee,TE,9.5,16,7.233333333333333,15.0,30.688569472963724,2023,12.0,True,-2.2666666666666666,2019-25,30-31
00-0033118,Kenyan Drake,RB,8.925,12,1.5499999999999998,2.0,29.620807665982205,2023,41.0,False,-7.375000000000001,2019-25,29-30
00-0033119,Jacoby Brissett,QB,12.044285714285715,14,11.43,2.0,30.746064339493497,2023,29.0,False,-0.6142857142857157,2019-25,30-31
00-0033217,Mo Alie-Cox,TE,3.85,14,3.507142857142857,14.0,29.973990417522245,2023,50.0,True,-0.34285714285714297,2019-25,28-29
00-0033246,Johnny Mundt,TE,3.0,13,4.0200000000000005,10.0,28.79671457905544,2023,62.0,True,1.0200000000000005,2019-25,28-29
00-0033251,Zach Pascal,WR,2.4,15,0.5900000000000001,10.0,28.72826830937714,2023,134.0,True,-1.8099999999999998,2019-25,28-29
00-0033280,Christian McCaffrey,RB,21.84470588235294,17,25.76875,16.0,27.2580424366872,2023,2.0,True,3.9240441176470604,2019-25,27-28
00-0033282,Curtis Samuel,WR,10.370588235294118,17,9.91875,16.0,27.080082135523615,2023,48.0,True,-0.4518382352941188,2019-25,25-27
00-0033288,George Kittle,TE,13.466666666666667,15,12.981250000000001,16.0,29.919233401779604,2023,2.0,True,-0.4854166666666657,2019-25,28-29
00-0033292,Trent Taylor,WR,0.8562500000000001,16,-0.013333333333333334,15.0,29.363449691991786,2023,144.0,True,-0.8695833333333334,2019-25,28-29
00-0033293,Aaron Jones,RB,15.505882352941178,17,13.081818181818182,11.0,28.772073921971252,2023,10.0,True,-2.424064171122996,2019-25,27-28
00-0033307,Kendrick Bourne,WR,5.6125,16,12.5,8.0,28.10130047912389,2023,93.0,True,6.8875,2019-25,28-29
00-0033308,Matt Breida,RB,3.5176470588235293,17,3.1266666666666665,15.0,28.531143052703626,2023,72.0,True,-0.39098039215686287,2019-25,27-28
00-0033357,Taysom Hill,TE,9.3,16,8.97,16.0,33.04859685147159,2023,13.5,True,-0.33000000000000007,2019-25,32+
00-0033376,Patrick Ricard,RB,1.5384615384615385,13,2.314285714285714,7.0,29.28952772073922,2023,91.0,False,0.7758241758241755,2019-25,29-30
00-0033439,Pharaoh Brown,TE,2.9625,8,3.436363636363637,11.0,29.352498288843258,2023,64.0,True,0.47386363636363704,2019-25,28-29
00-0033455,Anthony Firkser,TE,2.375,8,,,28.555783709787818,2023,68.0,False,,2019-25,28-29
00-0033466,Isaiah McKenzie,WR,7.986666666666667,15,1.5846153846153848,13.0,28.421629021218344,2023,66.0,True,-6.402051282051282,2019-25,28-29
00-0033526,Samaje Perine,RB,9.06875,16,7.135294117647058,17.0,27.983572895277206,2023,40.0,True,-1.9334558823529413,2019-25,27-28
00-0033536,Mike Williams,WR,14.038461538461538,13,17.233333333333334,3.0,28.933607118412045,2023,20.0,False,3.194871794871796,2019-25,28-29
00-0033553,James Conner,RB,15.63076923076923,13,16.423076923076923,13.0,28.35044490075291,2023,9.0,True,0.792307692307693,2019-25,27-28
00-0033555,Mack Hollins,WR,9.156470588235294,17,3.591666666666667,12.0,29.982203969883642,2023,56.0,True,-5.564803921568627,2019-25,28-29
00-0033572,Jamal Agnew,WR,4.6866666666666665,15,3.663636363636364,11.0,28.438056125941138,2023,106.0,True,-1.0230303030303025,2019-25,28-29
00-0033576,Eric Saubert,TE,2.557142857142857,14,1.4000000000000001,3.0,29.338809034907598,2023,67.0,False,-1.1571428571428568,2019-25,28-29
00-0033591,Noah Brown,WR,7.15625,16,10.46,10.0,27.67693360711841,2023,76.0,True,3.303750000000001,2019-25,25-27
00-0033662,Cooper Rush,QB,7.08,8,0.46571428571428575,7.0,29.801505817932924,2023,35.0,False,-6.614285714285714,2019-25,28-29
00-0033681,Keelan Cole,WR,2.5083333333333333,12,,,30.390143737166323,2023,133.0,False,,2019-25,30-31
00-0033699,Austin Ekeler,RB,22.276470588235295,17,13.457142857142857,14.0,28.317590691307323,2023,1.0,True,-8.819327731092438,2019-25,27-28
00-0033757,Robert Tonyan,TE,6.588235294117647,17,1.8499999999999999,12.0,29.363449691991786,2023,27.0,True,-4.738235294117647,2019-25,28-29
00-0033854,Dare Ogunbowale,RB,3.246666666666667,15,0.8111111111111112,9.0,29.352498288843258,2023,76.0,True,-2.4355555555555557,2019-25,29-30
00-0033856,Leonard Fournette,RB,14.31875,16,2.0,2.0,28.643394934976044,2023,15.0,False,-12.31875,2019-25,27-28
00-0033857,JuJu Smith-Schuster,WR,11.76875,16,5.545454545454546,11.0,26.798083504449007,2023,34.0,True,-6.223295454545455,2019-25,25-27
00-0033858,Jonnu Smith,TE,4.333333333333333,12,7.394117647058824,17.0,28.05201916495551,2023,45.0,True,3.060784313725491,2019-25,28-29
00-0033871,Corey Davis,WR,7.507692307692308,13,,,28.66255989048597,2023,72.0,False,,2019-25,28-29
00-0033873,Patrick Mahomes,QB,25.49411764705882,17,18.01375,16.0,27.980835044490075,2023,2.0,True,-7.48036764705882,2019-25,25-27
00-0033879,O.J. Howard,TE,3.3181818181818183,11,,,28.810403832991103,2023,56.0,False,,2019-25,28-29
00-0033881,Evan Engram,TE,10.58235294117647,17,13.547058823529412,17.0,29.021218343600275,2023,8.0,True,2.9647058823529413,2019-25,28-29
00-0033885,David Njoku,TE,10.142857142857142,14,12.7625,16.0,27.16769336071184,2023,9.0,True,2.619642857142857,2019-25,25-27
00-0033891,Zay Jones,WR,12.56875,16,8.677777777777777,9.0,28.449007529089666,2023,31.0,True,-3.8909722222222225,2019-25,28-29
00-0033893,Dalvin Cook,RB,14.341176470588236,17,2.8714285714285714,14.0,28.084873374401095,2023,14.0,True,-11.469747899159664,2019-25,27-28
00-0033895,Gerald Everett,TE,9.3,15,7.406666666666667,15.0,29.21013004791239,2023,13.5,True,-1.8933333333333335,2019-25,28-29
00-0033897,Joe Mixon,RB,17.321428571428573,14,15.882352941176471,17.0,27.129363449691994,2023,7.0,True,-1.439075630252102,2019-25,27-28
00-0033906,Alvin Kamara,RB,14.513333333333332,15,17.923076923076923,13.0,28.128678986995208,2023,12.0,True,3.4097435897435915,2019-25,27-28
00-0033908,Cooper Kupp,WR,23.211111111111112,9,14.200000000000001,12.0,30.236824093086927,2023,1.0,True,-9.011111111111111,2019-25,30-31
00-0033921,Chris Godwin Jr.,WR,15.053333333333335,15,12.48235294117647,17.0,27.534565366187543,2023,17.0,True,-2.570980392156864,2019-25,25-27
00-0033923,Kareem Hunt,RB,7.458823529411765,17,7.9,15.0,28.095824777549623,2023,48.0,True,0.4411764705882355,2019-25,27-28
00-0033925,D'Onta Foreman,RB,9.125,16,10.133333333333333,9.0,27.378507871321013,2023,39.0,True,1.0083333333333329,2019-25,27-28
00-0033943,Josh Reynolds,WR,8.658333333333333,12,8.05,16.0,28.56399726214921,2023,60.0,True,-0.6083333333333325,2019-25,28-29
00-0033948,Jamaal Williams,RB,13.641176470588235,17,4.676923076923077,13.0,28.438056125941138,2023,18.0,True,-8.964253393665157,2019-25,27-28
00-0034011,Dan Arnold,TE,2.0454545454545454,11,,,28.490075290896645,2023,71.0,False,,2019-25,28-29
00-0034054,River Cracraft,WR,3.9,8,4.516666666666667,6.0,28.856947296372347,2023,112.0,False,0.6166666666666667,2019-25,28-29
00-0034104,Cam Sims,WR,1.3000000000000003,13,,,27.67693360711841,2023,140.0,False,,2019-25,25-27
00-0034115,Jeff Wilson,RB,10.28125,16,4.5888888888888895,9.0,27.81656399726215,2023,33.0,True,-5.6923611111111105,2019-25,27-28
00-0034159,Will Dissly,TE,5.793333333333334,15,3.0923076923076924,13.0,27.173169062286107,2023,34.0,True,-2.7010256410256415,2019-25,25-27
00-0034184,Gus Edwards,RB,6.5888888888888895,9,11.0,17.0,28.410677618069816,2023,55.0,True,4.4111111111111105,2019-25,27-28
00-0034208,Mike Boone,RB,3.6,8,1.4777777777777779,9.0,28.11498973305955,2023,70.0,True,-2.1222222222222222,2019-25,27-28
00-0034253,Dontrell Hilliard,RB,6.433333333333334,12,,,28.536618754277892,2023,56.0,False,,2019-25,27-28
00-0034270,Tyler Conklin,TE,7.735294117647059,17,7.241176470588235,17.0,28.11498973305955,2023,21.0,True,-0.49411764705882355,2019-25,28-29
00-0034272,Marquez Valdes-Scantling,WR,7.288235294117648,17,3.53125,16.0,28.917180013689254,2023,74.0,True,-3.756985294117648,2019-25,28-29
00-0034279,Equanimeous St. Brown,WR,4.04375,16,2.2399999999999998,5.0,26.94318959616701,2023,111.0,False,-1.8037500000000004,2019-25,25-27
00-0034286,Richie James,WR,8.65625,16,2.377777777777778,9.0,28.01368925393566,2023,61.0,True,-6.278472222222222,2019-25,28-29
00-0034297,Byron Pringle,WR,3.55,10,2.3153846153846156,13.0,29.812457221081452,2023,117.0,True,-1.2346153846153842,2019-25,28-29
00-0034348,Courtland Sutton,WR,10.726666666666667,15,11.887500000000001,16.0,27.917864476386036,2023,43.0,True,1.1608333333333345,2019-25,25-27
00-0034351,Dallas Goedert,TE,11.891666666666666,12,9.842857142857143,14.0,28.684462696783026,2023,5.0,True,-2.0488095238095223,2019-25,28-29
00-0034364,Jordan Akins,TE,7.766666666666667,15,2.1692307692307695,13.0,31.392197125256672,2023,20.0,True,-5.597435897435897,2019-25,30-31
00-0034365,Ian Thomas,TE,3.130769230769231,13,1.325,8.0,27.260780287474333,2023,60.0,True,-1.8057692307692312,2019-25,25-27
00-0034367,Nyheim Hines,RB,5.0875,16,,,26.82546201232033,2023,63.0,False,,2019-25,25-26
00-0034383,Dalton Schultz,TE,9.513333333333332,15,10.133333333333333,15.0,27.16495550992471,2023,11.0,True,0.620000000000001,2019-25,25-27
00-0034386,Justin Watson,WR,3.4411764705882355,17,5.933333333333334,15.0,27.433264887063654,2023,121.0,True,2.492156862745098,2019-25,25-27
00-0034407,Ray-Ray McCloud,WR,3.4176470588235297,17,2.375,12.0,26.902121834360027,2023,122.0,True,-1.0426470588235297,2019-25,25-27
00-0034411,Russell Gage,WR,9.507692307692308,13,,,27.633127994524298,2023,53.0,False,,2019-25,25-27
00-0034414,Boston Scott,RB,3.08,15,1.4833333333333334,12.0,28.372347707049965,2023,77.5,True,-1.5966666666666667,2019-25,27-28
00-0034418,Cedrick Wilson Jr.,WR,2.030769230769231,13,6.327272727272727,11.0,27.805612594113622,2023,137.0,True,4.296503496503496,2019-25,25-27
00-0034419,Braxton Berrios,WR,3.3929411764705883,17,3.61875,16.0,27.928815879534564,2023,124.0,True,0.22580882352941156,2019-25,25-27
00-0034440,Justin Jackson,RB,3.4066666666666667,15,,,27.38398357289528,2023,74.0,False,,2019-25,27-28
00-0034487,Trent Sherfield,WR,5.23125,16,2.3272727272727276,11.0,27.537303216974674,2023,100.0,True,-2.9039772727272726,2019-25,25-27
00-0034521,Allen Lazard,WR,11.753333333333334,15,4.292857142857143,14.0,27.748117727583846,2023,35.0,True,-7.460476190476191,2019-25,25-27
00-0034646,Brandon Powell,WR,2.8000000000000003,17,4.064705882352941,17.0,27.994524298425734,2023,131.0,True,1.2647058823529407,2019-25,25-27
00-0034681,Chase Edmonds,RB,5.707692307692308,13,3.053846153846154,13.0,27.408624229979466,2023,58.0,True,-2.6538461538461537,2019-25,27-28
00-0034753,Mark Andrews,TE,13.0,15,13.540000000000001,10.0,28.01095140314853,2023,3.0,True,0.5400000000000009,2019-25,28-29
00-0034764,Michael Gallup,WR,7.528571428571429,14,5.4875,16.0,27.51813826146475,2023,71.0,True,-2.0410714285714295,2019-25,25-27
00-0034765,Tre'Quan Smith,WR,5.430000000000001,10,,,27.67419575633128,2023,97.0,False,,2019-25,25-27
00-0034775,Christian Kirk,WR,14.494117647058824,17,12.771666666666667,12.0,26.809034907597535,2023,19.0,True,-1.722450980392157,2019-25,25-27
00-0034777,DJ Chark,WR,9.063636363636364,11,8.25,14.0,26.962354551676935,2023,57.0,True,-0.8136363636363644,2019-25,25-27
00-0034791,Nick Chubb,RB,17.788235294117648,17,13.05,2.0,27.704312114989733,2023,6.0,False,-4.738235294117647,2019-25,27-28
00-0034796,Lamar Jackson,QB,20.173333333333336,12,20.88875,16.0,26.67214236824093,2023,6.0,True,0.7154166666666661,2019-25,25-27
00-0034798,Durham Smythe,TE,3.076923076923077,13,5.5076923076923086,13.0,28.087611225188226,2023,61.0,True,2.4307692307692315,2019-25,28-29
00-0034827,DJ Moore,WR,11.976470588235296,17,17.676470588235293,17.0,26.406570841889117,2023,33.0,True,5.6999999999999975,2019-25,25-27
00-0034829,Mike Gesicki,TE,5.776470588235294,17,4.36,15.0,27.93702943189596,2023,35.0,True,-1.4164705882352937,2019-25,25-27
00-0034830,Hayden Hurst,TE,8.107692307692307,13,4.711111111111112,9.0,30.04517453798768,2023,19.0,True,-3.396581196581195,2019-25,30-31
00-0034844,Saquon Barkley,RB,18.5,16,16.15714285714286,14.0,26.581793292265573,2023,5.0,True,-2.3428571428571416,2019-25,25-26
00-0034845,Sony Michel,RB,2.49,10,,,28.56125941136208,2023,83.0,False,,2019-25,27-28
00-0034854,KhaDarel Hodge,WR,3.1692307692307695,13,2.6571428571428575,14.0,29.683778234086244,2023,126.0,True,-0.512087912087912,2019-25,28-29
00-0034855,Baker Mayfield,QB,10.118333333333334,12,16.121176470588235,17.0,28.407939767282684,2023,34.0,True,6.002843137254901,2019-25,28-29
00-0034857,Josh Allen,QB,25.72,16,23.09647058823529,17.0,27.304585900068446,2023,1.0,True,-2.623529411764707,2019-25,25-27
00-0034860,Dante Pettis,WR,3.835294117647059,17,,,27.88227241615332,2023,113.0,False,,2019-25,25-27
00-0034928,Steven Sims,WR,2.6166666666666667,12,1.8666666666666665,3.0,26.444900752908968,2023,132.0,False,-0.7500000000000002,2019-25,25-27
00-0034960,Jakobi Meyers,WR,13.12857142857143,14,13.66125,16.0,26.833675564681723,2023,27.0,True,0.5326785714285709,2019-25,25-27
00-0034970,Irv Smith,TE,6.9,8,3.35,10.0,25.086926762491444,2023,24.0,True,-3.5500000000000003,2019-25,25-27
00-0034972,Alexander Mattison,RB,5.2,17,8.325000000000001,16.0,25.22655715263518,2023,60.0,True,3.125000000000001,2019-25,25-26
00-0034975,Justice Hill,RB,2.8,15,6.831250000000001,16.0,25.82067077344285,2023,80.0,True,4.031250000000001,2019-25,25-26
00-0034981,Foster Moreau,TE,6.228571428571429,14,3.5615384615384618,13.0,26.34633812457221,2023,29.0,True,-2.667032967032967,2019-25,25-27
00-0034983,Hunter Renfrow,WR,7.9,10,3.4642857142857144,14.0,27.720739219712527,2023,67.0,True,-4.435714285714286,2019-25,25-27
00-0035021,Ashton Dulin,WR,4.25,10,,,26.321697467488022,2023,109.0,False,,2019-25,25-27
00-0035140,Mecole Hardman,WR,11.725,8,3.957142857142857,7.0,25.49760438056126,2023,36.0,False,-7.767857142857142,2019-25,25-27
00-0035208,Olamide Zaccheaus,WR,6.875,16,3.4909090909090916,11.0,26.132785763175907,2023,83.0,True,-3.3840909090909084,2019-25,25-27
00-0035216,Diontae Johnson,WR,10.629411764705882,17,11.746153846153845,13.0,27.1813826146475,2023,45.0,True,1.1167420814479634,2019-25,25-27
00-0035217,Benny Snell,RB,2.0777777777777775,9,,,25.533196440793976,2023,87.0,False,,2019-25,25-26
00-0035222,Zach Gentry,TE,2.3000000000000003,14,,,26.99794661190965,2023,69.0,False,,2019-25,25-27
00-0035228,Kyler Murray,QB,18.501818181818184,11,18.295,8.0,26.091718001368925,2023,7.0,True,-0.206818181818182,2019-25,25-27
00-0035229,T.J. Hockenson,TE,12.964705882352941,17,14.7,15.0,26.187542778918548,2023,4.0,True,1.735294117647058,2019-25,25-27
00-0035243,Miles Sanders,RB,13.276470588235293,17,5.4750000000000005,16.0,26.360027378507873,2023,20.0,True,-7.801470588235293,2019-25,25-26
00-0035249,Josh Oliver,TE,3.4083333333333337,12,4.1000000000000005,13.0,26.472279260780287,2023,55.0,True,0.6916666666666669,2019-25,25-27
00-0035250,Devin Singletary,RB,11.30625,16,10.372941176470588,17.0,26.017796030116358,2023,27.0,True,-0.933308823529412,2019-25,25-26
00-0035261,Tony Pollard,RB,16.20625,16,13.270588235294117,17.0,26.362765229295004,2023,8.0,True,-2.935661764705884,2019-25,25-26
00-0035298,Scott Miller,WR,3.5250000000000004,12,3.5545454545454547,11.0,26.11088295687885,2023,118.0,True,0.02954545454545432,2019-25,25-27
00-0035341,Trenton Irwin,WR,7.022222222222222,9,5.216666666666667,12.0,27.750855578370977,2023,78.0,True,-1.8055555555555554,2019-25,25-27
00-0035345,Chris Myarick,TE,1.95,10,,,27.928815879534564,2023,73.0,False,,2019-25,25-27
00-0035399,Stanley Morgan,WR,0.0,9,0.0,1.0,27.006160164271048,2023,150.0,False,0.0,2019-25,25-27
00-0035500,Greg Dortch,WR,7.2875,16,4.03125,16.0,25.284052019164957,2023,75.0,True,-3.2562499999999996,2019-25,25-27
00-0035535,Darius Slayton,WR,9.876923076923077,13,8.970588235294118,17.0,26.65845311430527,2023,51.0,True,-0.9063348416289596,2019-25,25-27
00-0035537,Ty Johnson,RB,3.5666666666666664,12,3.5999999999999996,9.0,25.97946611909651,2023,71.0,True,0.033333333333333215,2019-25,25-26
00-0035547,Joseph Fortson,TE,3.18,10,,,27.759069130732374,2023,59.0,False,,2019-25,25-27
00-0035572,Parker Hesse,TE,1.4916666666666665,12,0.0,1.0,28.292950034223136,2023,77.0,False,-1.4916666666666665,2019-25,28-29
00-0035594,Travis Homer,RB,4.3100000000000005,10,0.0,7.0,25.09240246406571,2023,67.0,False,-4.3100000000000005,2019-25,25-26
00-0035628,D'Ernest Johnson,RB,0.6000000000000001,9,2.1750000000000003,16.0,27.534565366187543,2023,95.0,True,1.5750000000000002,2019-25,27-28
00-0035639,Parris Campbell,WR,8.770588235294117,17,3.04,10.0,26.151950718685832,2023,58.0,True,-5.730588235294117,2019-25,25-27
00-0035640,DK Metcalf,WR,13.51764705882353,17,14.36875,16.0,25.738535249828885,2023,24.0,True,0.851102941176471,2019-25,25-27
00-0035644,Noah Fant,TE,7.211764705882352,17,4.8933333333333335,15.0,25.804243668720055,2023,23.0,True,-2.3184313725490187,2019-25,25-27
00-0035645,Gunner Olszewski,WR,0.9466666666666668,15,0.4166666666666667,12.0,26.78713210130048,2023,143.0,True,-0.53,2019-25,25-27
00-0035657,Damien Harris,RB,8.263636363636364,11,3.1666666666666665,6.0,26.576317590691307,2023,45.0,False,-5.096969696969698,2019-25,25-26
00-0035659,Terry McLaurin,WR,13.823529411764707,17,12.041176470588237,17.0,27.98631074606434,2023,22.0,True,-1.7823529411764696,2019-25,25-27
00-0035662,Marquise Brown,WR,13.125,12,10.361538461538462,13.0,26.26694045174538,2023,28.0,True,-2.763461538461538,2019-25,25-27
00-0035664,Darrell Henderson,RB,7.35,10,10.875,4.0,26.05886379192334,2023,49.0,False,3.5250000000000004,2019-25,25-26
00-0035676,A.J. Brown,WR,18.064705882352943,17,17.65294117647059,17.0,26.195756331279945,2023,8.0,True,-0.4117647058823515,2019-25,25-27
00-0035685,David Montgomery,RB,11.293750000000001,16,15.442857142857145,14.0,26.258726899383984,2023,28.0,True,4.149107142857144,2019-25,25-26
00-0035689,Dawson Knox,TE,9.046666666666665,15,5.459999999999999,10.0,26.819986310746064,2023,15.0,True,-3.586666666666666,2019-25,25-27
00-0035700,Josh Jacobs,RB,20.66470588235294,17,14.392307692307693,13.0,25.57700205338809,2023,4.0,True,-6.272398190045248,2019-25,25-26
00-0035703,Miles Boykin,WR,0.31,10,0.5875,8.0,26.910335386721425,2023,147.0,True,0.2775,2019-25,25-27
00-0035710,Daniel Jones,QB,18.25,16,9.493333333333334,6.0,26.288843258042437,2023,9.0,False,-8.756666666666666,2019-25,25-27
00-0035719,Deebo Samuel Sr.,WR,13.069230769230769,13,16.546666666666667,15.0,27.652292950034223,2023,29.0,True,3.477435897435898,2019-25,25-27
00-0035726,Jakob Johnson,RB,0.5454545454545454,11,0.275,8.0,28.736481861738536,2023,98.0,True,-0.2704545454545454,2019-25,27-28
00-0035771,Mitchell Wilcox,TE,4.1,9,1.2166666666666666,12.0,26.83915126625599,2023,48.0,True,-2.883333333333333,2019-25,25-27
00-0035806,JaMycal Hasty,RB,5.0,14,0.0,1.0,26.99247091033539,2023,65.0,False,-5.0,2019-25,25-26
00-0035831,James Robinson,RB,8.327272727272728,11,1.0,1.0,25.086926762491444,2023,44.0,False,-7.327272727272728,2019-25,25-26
00-0035864,Kendall Hinton,WR,5.127272727272727,11,,,26.55441478439425,2023,103.0,False,,2019-25,25-27
00-0035956,Giovanni Ricci,TE,1.6363636363636365,11,0.6,2.0,26.899383983572896,2023,74.0,False,-1.0363636363636366,2019-25,25-27
00-0036040,Juwan Johnson,TE,8.425,16,7.523076923076923,13.0,26.989733059548254,2023,18.0,True,-0.9019230769230777,2019-25,25-27
00-0036133,James Proche,WR,1.1090909090909091,11,0.0,10.0,26.97056810403833,2023,141.0,True,-1.1090909090909091,2019-25,25-27
00-0036158,J.K. Dobbins,RB,10.9,8,11.7,1.0,24.73100616016427,2023,30.0,False,0.7999999999999989,2019-25,25-26
00-0036165,Isaiah Hodgins,WR,11.133333333333333,9,4.285714285714286,14.0,24.8870636550308,2023,39.0,True,-6.847619047619047,2019-25,25-27
00-0036182,Nick Westbrook-Ikhine,WR,5.2625,16,6.538461538461538,13.0,26.472279260780287,2023,99.0,True,1.2759615384615381,2019-25,25-27
00-0036196,Gabe Davis,WR,11.54,15,10.36875,16.0,24.528405201916495,2023,37.0,True,-1.1712499999999988,2019-25,25-27
00-0036212,Tua Tagovailoa,QB,18.378461538461536,13,16.374117647058824,17.0,25.52498288843258,2023,8.0,True,-2.004343891402712,2019-25,25-27
00-0036219,Marquez Callaway,WR,3.7800000000000002,10,,,25.456536618754278,2023,115.0,False,,2019-25,25-27
00-0036223,Jonathan Taylor,RB,13.854545454545455,11,15.940000000000001,10.0,24.640657084188913,2023,17.0,True,2.085454545454546,2019-25,25-26
00-0036232,Harrison Bryant,TE,4.4071428571428575,14,2.707142857142857,14.0,25.38261464750171,2023,43.0,True,-1.7000000000000006,2019-25,25-27
00-0036233,Donovan Peoples-Jones,WR,9.91764705882353,17,2.0357142857142856,14.0,24.555783709787818,2023,49.0,True,-7.881932773109244,2019-25,25-27
00-0036244,Colby Parkinson,TE,4.942857142857143,14,4.113333333333333,15.0,24.673511293634498,2023,40.0,True,-0.8295238095238098,2019-25,25-27
00-0036250,Tyler Davis,TE,0.6,11,,,26.439425051334702,2023,81.0,False,,2019-25,25-27
00-0036251,Zack Moss,RB,5.1923076923076925,13,12.542857142857143,14.0,25.73579739904175,2023,61.0,True,7.35054945054945,2019-25,25-26
00-0036252,Michael Pittman,WR,13.71875,16,16.04375,16.0,25.930184804928132,2023,23.0,True,2.3249999999999993,2019-25,25-27
00-0036255,Denzel Mims,WR,3.288888888888889,9,,,25.916495550992472,2023,125.0,False,,2019-25,25-27
00-0036259,Jauan Jennings,WR,5.1625,16,3.9615384615384617,13.0,26.168377823408623,2023,102.0,True,-1.200961538461538,2019-25,25-27
00-0036261,Brandon Aiyuk,WR,13.488235294117647,17,16.23125,16.0,25.4839151266256,2023,26.0,True,2.743014705882352,2019-25,25-27
00-0036265,AJ Dillon,RB,9.858823529411765,17,7.840000000000001,15.0,25.357973990417523,2023,35.0,True,-2.0188235294117645,2019-25,25-26
00-0036268,Laviska Shenault Jr.,WR,5.592307692307693,13,2.6875,8.0,24.930869267624914,2023,94.0,True,-2.904807692307693,2019-25,25-27
00-0036271,Quez Watkins,WR,4.970588235294118,17,7.040000000000001,5.0,25.253935660506503,2023,104.0,False,2.069411764705883,2019-25,25-27
00-0036275,D'Andre Swift,RB,13.864285714285716,14,12.83125,16.0,24.654346338124572,2023,16.0,True,-1.033035714285715,2019-25,25-26
00-0036290,Cole Kmet,TE,8.66470588235294,17,11.4125,16.0,24.503764544832308,2023,16.0,True,2.747794117647059,2019-25,25-27
00-0036309,Darnell Mooney,WR,9.227272727272727,11,5.635714285714286,14.0,25.864476386036962,2023,55.0,True,-3.5915584415584405,2019-25,25-27
00-0036322,Justin Jefferson,WR,22.95058823529412,17,20.97,10.0,24.23545516769336,2023,2.0,True,-1.980588235294121,2019-25,<=24
00-0036326,Chase Claypool,WR,7.002666666666667,15,1.9727272727272727,11.0,25.177275838466805,2023,80.0,True,-5.029939393939395,2019-25,25-27
00-0036328,Antonio Gibson,RB,11.06,15,7.9625,16.0,25.215605749486652,2023,29.0,True,-3.0975,2019-25,25-26
00-0036331,Devin Duvernay,WR,8.292857142857143,14,0.5615384615384615,13.0,25.99315537303217,2023,64.0,True,-7.731318681318681,2019-25,25-27
00-0036332,Josiah Deguara,TE,2.7111111111111112,9,1.6111111111111112,9.0,26.56810403832991,2023,65.0,True,-1.1,2019-25,25-27
00-0036345,K.J. Osborn,WR,9.329411764705881,17,8.0,15.0,26.250513347022586,2023,54.0,True,-1.3294117647058812,2019-25,25-27
00-0036355,Justin Herbert,QB,16.54470588235294,17,18.627692307692307,13.0,25.503080082135522,2023,15.0,True,2.0829864253393673,2019-25,25-27
00-0036358,CeeDee Lamb,WR,18.18235294117647,17,24.80588235294118,17.0,24.424366872005475,2023,7.0,True,6.623529411764707,2019-25,<=24
00-0036360,Clyde Edwards-Helaire,RB,9.83,10,4.673333333333334,15.0,24.416153319644078,2023,36.0,True,-5.156666666666666,2019-25,<=24
00-0036370,Joshua Kelley,RB,5.3999999999999995,12,3.6294117647058823,17.0,25.804243668720055,2023,59.0,True,-1.7705882352941171,2019-25,25-26
00-0036383,Eno Benjamin,RB,6.892307692307693,13,,,24.410677618069816,2023,52.0,False,,2019-25,<=24
00-0036387,Jalen Reagor,WR,1.5823529411764707,17,3.1666666666666665,9.0,24.687200547570157,2023,138.0,True,1.5843137254901958,2019-25,25-27
00-0036389,Jalen Hurts,QB,25.40266666666667,15,20.98941176470588,17.0,25.09240246406571,2023,3.0,True,-4.413254901960787,2019-25,25-27
00-0036407,Jerry Jeudy,WR,13.913333333333334,15,8.8625,16.0,24.380561259411362,2023,21.0,True,-5.050833333333333,2019-25,<=24
00-0036410,Tee Higgins,WR,16.20714285714286,14,11.716666666666667,12.0,24.643394934976044,2023,12.0,True,-4.490476190476192,2019-25,25-27
00-0036414,Cam Akers,RB,10.020000000000001,15,6.671428571428571,7.0,24.21902806297057,2023,34.0,False,-3.3485714285714305,2019-25,<=24
00-0036415,Van Jefferson,WR,7.890000000000001,10,2.95,14.0,27.123887748117728,2023,68.0,True,-4.94,2019-25,25-27
00-0036422,Adam Trautman,TE,3.725,12,3.7750000000000004,16.0,26.5927446954141,2023,51.0,True,0.050000000000000266,2019-25,25-27
00-0036425,DeeJay Dallas,RB,3.08,15,0.7176470588235294,17.0,24.982888432580424,2023,77.5,True,-2.3623529411764705,2019-25,25-26
00-0036438,Stephen Sullivan,TE,0.8250000000000001,8,2.45,10.0,26.781656399726216,2023,79.0,True,1.625,2019-25,25-27
00-0036442,Joe Burrow,QB,22.41875,16,14.716,10.0,26.748802190280628,2023,4.0,True,-7.70275,2019-25,25-27
00-0036493,Deon Jackson,RB,7.041666666666667,12,2.0000000000000004,2.0,24.55852156057495,2023,50.0,False,-5.041666666666666,2019-25,25-26
00-0036534,Shane Zylstra,TE,5.125,8,,,26.8145106091718,2023,38.5,False,,2019-25,25-27
00-0036554,Nico Collins,WR,9.71,10,17.86,15.0,24.479123887748116,2023,52.0,True,8.149999999999999,2019-25,<=24
00-0036555,Chuba Hubbard,RB,6.621428571428572,14,10.911764705882353,17.0,24.249144421629023,2023,53.0,True,4.290336134453781,2019-25,<=24
00-0036556,Brevin Jordan,TE,2.977777777777778,9,5.090000000000001,10.0,23.15126625598905,2023,63.0,True,2.112222222222223,2019-25,<=24
00-0036569,Gary Brightwell,RB,1.9333333333333333,15,2.9,4.0,25.530458590006845,2023,88.0,False,0.9666666666666666,2019-25,25-26
00-0036572,Shi Smith,WR,3.623529411764706,17,,,24.87337440109514,2023,116.0,False,,2019-25,25-27
00-0036590,Quintin Morris,TE,2.2666666666666666,9,5.3,2.0,24.635181382614647,2023,70.0,False,3.033333333333333,2019-25,25-27
00-0036613,Jaylen Waddle,WR,15.776470588235293,17,14.507142857142856,14.0,24.791238877481177,2023,13.0,True,-1.269327731092437,2019-25,25-27
00-0036620,Dee Eskridge,WR,1.5333333333333334,9,0.125,4.0,26.466803559206024,2023,139.0,False,-1.4083333333333334,2019-25,25-27
00-0036626,Dyami Brown,WR,3.811111111111112,9,2.185,16.0,23.857631759069132,2023,114.0,True,-1.6261111111111117,2019-25,<=24
00-0036628,John Bates,TE,3.4222222222222225,9,2.2733333333333334,15.0,25.842573579739906,2023,54.0,True,-1.148888888888889,2019-25,25-27
00-0036637,Noah Gray,TE,4.117647058823529,17,4.4125,16.0,24.36413415468857,2023,47.0,True,0.29485294117647065,2019-25,<=24
00-0036671,Dax Milne,WR,1.0466666666666666,15,,,24.216290212183434,2023,142.0,False,,2019-25,<=24
00-0036741,Jack Stoll,TE,2.588888888888889,9,1.4666666666666668,6.0,25.61533196440794,2023,66.0,False,-1.1222222222222222,2019-25,25-27
00-0036754,Brock Wright,TE,4.542857142857143,14,3.1222222222222222,9.0,24.78576317590691,2023,42.0,True,-1.4206349206349205,2019-25,25-27
00-0036829,Caleb Huntley,RB,3.741666666666667,12,,,24.985626283367555,2023,69.0,False,,2019-25,25-26
00-0036842,Kene Nwangwu,RB,0.8214285714285714,14,0.1625,8.0,25.582477754962355,2023,93.0,True,-0.6589285714285714,2019-25,25-26
00-0036849,Tutu Atwell,WR,5.266666666666667,12,8.135714285714286,14.0,23.926078028747433,2023,98.0,True,2.8690476190476195,2019-25,<=24
00-0036857,Chris Evans,RB,1.28,10,0.7000000000000001,3.0,25.930184804928132,2023,92.0,False,-0.58,2019-25,25-26
00-0036862,Ben Skowronek,WR,6.021428571428572,14,1.6538461538461537,13.0,26.203969883641342,2023,92.0,True,-4.367582417582419,2019-25,25-27
00-0036875,Rhamondre Stevenson,RB,15.005882352941176,17,12.141666666666667,12.0,25.544147843942504,2023,11.0,True,-2.864215686274509,2019-25,25-26
00-0036876,Kylen Granson,TE,4.707692307692308,13,4.866666666666666,15.0,25.456536618754278,2023,41.0,True,0.1589743589743584,2019-25,25-27
00-0036877,Jaelon Darden,WR,0.3428571428571429,14,0.0,1.0,24.654346338124572,2023,146.0,False,-0.3428571428571429,2019-25,25-27
00-0036893,Najee Harris,RB,13.438823529411765,17,11.852941176470589,17.0,25.505817932922657,2023,19.0,True,-1.5858823529411765,2019-25,25-26
00-0036894,Pat Freiermuth,TE,9.879999999999999,15,7.118181818181818,11.0,24.876112251882272,2023,10.0,True,-2.761818181818181,2019-25,25-27
00-0036898,Davis Mills,QB,12.101333333333333,15,3.564,5.0,24.8870636550308,2023,28.0,False,-8.537333333333333,2019-25,25-27
00-0036900,Ja'Marr Chase,WR,20.7,12,16.88875,16.0,23.526351813826146,2023,3.0,True,-3.8112499999999976,2019-25,<=24
00-0036906,Khalil Herbert,RB,9.292307692307693,13,10.125,12.0,25.388090349075977,2023,38.0,True,0.832692307692307,2019-25,25-26
00-0036912,DeVonta Smith,WR,15.53529411764706,17,14.4125,16.0,24.82135523613963,2023,15.0,True,-1.1227941176470608,2019-25,25-27
00-0036913,Kadarius Toney,WR,6.5888888888888895,9,4.076923076923077,13.0,24.618754277891856,2023,87.0,True,-2.511965811965813,2019-25,25-27
00-0036919,Kenny Gainwell,RB,5.170588235294118,17,6.08625,16.0,24.49281314168378,2023,62.0,True,0.9156617647058818,2019-25,<=24
00-0036924,Michael Carter,RB,7.875,16,3.9200000000000004,15.0,24.344969199178646,2023,47.0,True,-3.9549999999999996,2019-25,<=24
00-0036936,Rondale Moore,WR,10.9875,8,6.176470588235294,17.0,23.252566735112936,2023,41.0,True,-4.811029411764706,2019-25,<=24
00-0036945,Justin Fields,QB,20.332,15,17.936923076923076,13.0,24.517453798767967,2023,5.0,True,-2.3950769230769247,2019-25,25-27
00-0036950,Avery Williams,RB,2.1176470588235294,17,,,25.155373032169745,2023,85.0,False,,2019-25,25-26
00-0036955,Terrace Marshall Jr.,WR,6.384615384615385,13,4.112500000000001,8.0,23.252566735112936,2023,89.0,True,-2.2721153846153843,2019-25,<=24
00-0036959,Michael Bandy,WR,2.3625,8,0.0,1.0,25.763175906913073,2023,135.5,False,-2.3625,2019-25,25-27
00-0036963,Amon-Ra St. Brown,WR,17.1,16,21.525000000000002,16.0,23.87953456536619,2023,10.0,True,4.425000000000001,2019-25,<=24
00-0036970,Kyle Pitts,TE,7.56,10,8.076470588235296,17.0,22.926762491444215,2023,22.0,True,0.516470588235296,2019-25,<=24
00-0036971,Trevor Lawrence,QB,17.389411764705883,17,16.40875,16.0,23.928815879534564,2023,12.0,True,-0.9806617647058822,2019-25,<=24
00-0036972,Mac Jones,QB,12.148571428571428,14,9.672727272727274,11.0,25.013004791238878,2023,27.0,True,-2.475844155844154,2019-25,25-27
00-0036973,Travis Etienne,RB,12.947058823529412,17,16.96470588235294,17.0,24.621492128678987,2023,22.0,True,4.017647058823529,2019-25,25-26
00-0036980,Elijah Moore,WR,6.292857142857143,14,8.25625,16.0,23.45516769336071,2023,90.0,True,1.963392857142857,2019-25,<=24
00-0036988,Josh Palmer,WR,10.76875,16,10.97,10.0,23.967145790554415,2023,42.0,True,0.20124999999999993,2019-25,<=24
00-0036991,Amari Rodgers,WR,2.8733333333333335,15,0.0,1.0,23.964407939767284,2023,130.0,False,-2.8733333333333335,2019-25,<=24
00-0037005,Tommy Tremble,TE,3.626666666666667,15,4.026666666666666,15.0,23.27173169062286,2023,52.0,True,0.39999999999999947,2019-25,<=24
00-0037011,Tre' McKitty,TE,1.323076923076923,13,0.0,1.0,24.659822039698838,2023,78.0,False,-1.323076923076923,2019-25,25-27
00-0037013,Zach Wilson,QB,10.991111111111111,9,9.995000000000001,12.0,24.10403832991102,2023,33.0,True,-0.9961111111111105,2019-25,<=24
00-0037087,Trestan Ebner,RB,0.5636363636363636,11,,,24.687200547570157,2023,97.0,False,,2019-25,25-26
00-0037132,Britain Covey,WR,0.0,17,0.5466666666666666,15.0,26.480492813141684,2023,150.0,True,0.5466666666666666,2019-25,25-27
00-0037168,Armani Rogers,TE,1.5555555555555558,9,,,25.765913757700204,2023,76.0,False,,2019-25,25-27
00-0037197,Isiah Pacheco,RB,8.117647058823529,17,15.921428571428573,14.0,24.525667351129364,2023,46.0,True,7.803781512605044,2019-25,25-26
00-0037228,Jaylen Warren,RB,5.83125,16,11.905882352941177,17.0,24.856947296372347,2023,57.0,True,6.074632352941177,2019-25,25-26
00-0037238,Drake London,WR,10.594117647058823,17,11.08625,16.0,22.130047912388775,2023,46.0,True,0.4921323529411765,2019-25,<=24
00-0037239,Chris Olave,WR,13.513333333333334,15,14.925,16.0,23.20328542094456,2023,25.0,True,1.411666666666667,2019-25,<=24
00-0037247,George Pickens,WR,9.882352941176471,17,12.723529411764707,17.0,22.518822724161534,2023,50.0,True,2.841176470588236,2019-25,<=24
00-0037248,James Cook,RB,6.60625,16,14.21764705882353,17.0,23.958932238193018,2023,54.0,True,7.61139705882353,2019-25,<=24
00-0037252,Greg Dulcich,TE,8.610000000000001,10,2.75,2.0,23.457905544147845,2023,17.0,False,-5.860000000000001,2019-25,<=24
00-0037256,Rachaad White,RB,8.476470588235294,17,16.11176470588235,17.0,24.659822039698838,2023,43.0,True,7.635294117647057,2019-25,25-26
00-0037257,David Bell,WR,3.0266666666666664,15,5.411111111111111,9.0,22.7378507871321,2023,128.0,True,2.384444444444445,2019-25,<=24
00-0037258,Dameon Pierce,RB,13.261538461538462,13,5.9071428571428575,14.0,23.5564681724846,2023,21.0,True,-7.354395604395605,2019-25,<=24
00-0037261,Khalil Shakir,WR,3.41,10,7.25625,16.0,23.600273785078713,2023,123.0,True,3.8462499999999995,2019-25,<=24
00-0037263,Tyler Allgeier,RB,10.3375,16,8.094117647058823,17.0,23.4031485284052,2023,32.0,True,-2.243382352941177,2019-25,<=24
00-0037267,Jerome Ford,RB,0.09230769230769233,13,12.776470588235295,17.0,23.994524298425734,2023,99.0,True,12.684162895927603,2019-25,<=24
00-0037272,Montrell Washington,WR,0.48000000000000004,15,0.0,4.0,24.49281314168378,2023,145.0,False,-0.48000000000000004,2019-25,<=24
00-0037282,James Mitchell,TE,3.5375,8,2.4000000000000004,2.0,24.082135523613964,2023,53.0,False,-1.1374999999999997,2019-25,<=24
00-0037291,Jalen Nailor,WR,4.1125,8,1.9666666666666668,3.0,24.525667351129364,2023,110.0,False,-2.145833333333333,2019-25,25-27
00-0037299,Keaontay Ingram,RB,1.6454545454545455,11,2.0,7.0,23.874058863791923,2023,90.0,False,0.3545454545454545,2019-25,<=24
00-0037311,Ko Kieft,TE,1.6153846153846154,13,0.72,10.0,25.637234770704996,2023,75.0,True,-0.8953846153846154,2019-25,25-27
00-0037331,Zander Horvath,RB,2.325,8,,,24.750171115674195,2023,84.0,False,,2019-25,25-26
00-0037429,Raheem Blackshear,RB,3.4615384615384617,13,1.8999999999999997,9.0,25.26488706365503,2023,73.0,True,-1.561538461538462,2019-25,25-26
00-0037456,Troy Hairston,RB,0.5750000000000001,12,,,24.75564681724846,2023,96.0,False,,2019-25,25-26
00-0037525,Jordan Mason,RB,2.65,12,2.79375,16.0,24.298425735797398,2023,82.0,True,0.14375000000000027,2019-25,<=24
00-0037545,Rashid Shaheed,WR,8.375,12,10.606666666666666,15.0,25.026694045174537,2023,63.0,True,2.2316666666666656,2019-25,25-27
00-0037569,Peyton Hendershot,TE,3.2916666666666665,12,0.9750000000000001,8.0,24.383299110198493,2023,57.0,True,-2.3166666666666664,2019-25,<=24
00-0037617,Hassan Haskins,RB,1.8571428571428572,14,,,23.789185489390828,2023,89.0,False,,2019-25,<=24
00-0037664,Alec Pierce,WR,7.018750000000001,16,5.7,17.0,23.356605065023956,2023,79.0,True,-1.3187500000000005,2019-25,<=24
00-0037740,Garrett Wilson,WR,12.952941176470588,17,12.717647058823529,17.0,23.134839151266256,2023,30.0,True,-0.23529411764705976,2019-25,<=24
00-0037741,Jahan Dotson,WR,11.008333333333333,12,7.429411764705883,17.0,23.468856947296374,2023,40.0,True,-3.5789215686274503,2019-25,<=24
00-0037742,Treylon Burks,WR,8.145454545454546,11,4.433333333333334,9.0,23.46611909650924,2023,65.0,True,-3.712121212121213,2019-25,<=24
00-0037744,Trey McBride,TE,5.125,12,10.852941176470589,17.0,23.800136892539356,2023,38.5,True,5.727941176470589,2019-25,<=24
00-0037745,Velus Jones Jr.,WR,3.4545454545454546,11,0.8538461538461538,13.0,26.33264887063655,2023,119.0,True,-2.6006993006993007,2019-25,25-27
00-0037746,Brian Robinson,RB,9.641666666666667,12,13.306666666666668,15.0,24.470910335386723,2023,37.0,True,3.665000000000001,2019-25,<=24
00-0037755,Jelani Woods,TE,6.183333333333334,12,,,24.919917864476385,2023,30.0,False,,2019-25,25-27
00-0037801,KaVontae Turpin,WR,0.21176470588235294,17,3.73125,16.0,27.104722792607802,2023,148.0,True,3.519485294117647,2019-25,25-27
00-0037809,Chig Okonkwo,TE,6.075,16,6.670588235294118,17.0,24.005475701574266,2023,31.0,True,0.5955882352941178,2019-25,<=24
00-0037816,Romeo Doubs,WR,7.815384615384615,13,10.258823529411766,17.0,23.408624229979466,2023,69.0,True,2.4434389140271504,2019-25,<=24
00-0037834,Brock Purdy,QB,11.806666666666665,9,18.475,16.0,23.704312114989733,2023,31.0,True,6.6683333333333366,2019-25,<=24
00-0037838,Isaiah Likely,TE,6.628571428571428,14,7.221428571428571,14.0,23.394934976043807,2023,26.0,True,0.5928571428571425,2019-25,<=24
00-0037840,Kyren Williams,RB,3.8125,8,22.75,12.0,23.039014373716633,2023,68.0,True,18.9375,2019-25,<=24
00-0038040,Zamir White,RB,0.6363636363636365,11,6.1461538461538465,13.0,23.978097193702943,2023,94.0,True,5.50979020979021,2019-25,<=24
00-0038041,Jake Ferguson,TE,4.3999999999999995,11,10.41764705882353,17.0,24.643394934976044,2023,44.0,True,6.01764705882353,2019-25,25-27
00-0038090,Skyy Moore,WR,3.0875,16,4.130769230769231,13.0,22.99794661190965,2023,127.0,True,1.0432692307692313,2019-25,<=24
00-0038098,Pierre Strong,RB,2.7199999999999998,10,2.6750000000000003,16.0,24.750171115674195,2023,81.0,True,-0.044999999999999485,2019-25,25-26
00-0038102,Kenny Pickett,QB,11.527692307692309,13,9.183333333333334,12.0,25.2621492128679,2023,32.0,True,-2.3443589743589754,2019-25,25-27
00-0038104,Tyquan Thornton,WR,5.5249999999999995,12,3.0222222222222226,9.0,23.091033538672143,2023,95.0,True,-2.502777777777777,2019-25,<=24
00-0038115,Daniel Bellinger,TE,6.818181818181818,11,3.607142857142857,14.0,22.965092402464066,2023,25.0,True,-3.211038961038961,2019-25,<=24
00-0038124,Christian Watson,WR,12.042857142857144,14,11.255555555555555,9.0,24.331279945242983,2023,32.0,True,-0.7873015873015898,2019-25,<=24
00-0038129,Cade Otton,TE,5.8187500000000005,16,6.970588235294118,17.0,24.40520191649555,2023,33.0,True,1.1518382352941172,2019-25,<=24
00-0038134,Kenneth Walker III,RB,14.5,15,13.493333333333334,15.0,22.888432580424368,2023,13.0,True,-1.006666666666666,2019-25,<=24
00-0026498,Matthew Stafford,QB,16.206666666666667,15,13.41125,16.0,36.591375770020534,2024,17.0,True,-2.795416666666666,2019-25,32+
00-0027944,Julio Jones,WR,4.55,8,,,35.58658453114305,2024,100.0,False,,2019-25,32+
00-0028002,Randall Cobb,WR,1.8777777777777775,9,,,34.053388090349074,2024,153.0,False,,2019-25,32+
00-0028118,Tyrod Taylor,QB,8.734,10,10.030000000000001,2.0,35.1047227926078,2024,35.0,False,1.2960000000000012,2019-25,32+
00-0029263,Russell Wilson,QB,17.126666666666665,15,16.434545454545454,11.0,35.780971937029435,2024,13.0,True,-0.6921212121212115,2019-25,32+
00-0029604,Kirk Cousins,QB,18.7175,8,13.165714285714285,14.0,36.06023271731691,2024,7.0,True,-5.551785714285716,2019-25,32+
00-0029701,Ryan Tannehill,QB,8.893333333333334,9,,,36.12320328542094,2024,34.0,False,,2019-25,32+
00-0030035,Adam Thielen,WR,13.852941176470589,17,14.25,10.0,34.053388090349074,2024,25.0,True,0.39705882352941124,2019-25,32+
00-0030068,Marquise Goodwin,WR,1.4,10,,,33.80971937029432,2024,157.0,False,,2019-25,32+
00-0030279,Keenan Allen,WR,22.52769230769231,13,12.393333333333334,15.0,32.37234770704997,2024,3.0,True,-10.134358974358975,2019-25,32+
00-0030431,Robert Woods,WR,6.378571428571428,14,2.7357142857142853,14.0,32.41889117043121,2024,76.0,True,-3.642857142857143,2019-25,32+
00-0030506,Travis Kelce,TE,14.826666666666666,15,12.30625,16.0,34.93223819301848,2024,1.0,True,-2.520416666666666,2019-25,32+
00-0030513,Latavius Murray,RB,5.526666666666667,15,,,34.64476386036961,2024,56.0,False,,2019-25,31+
00-0030564,DeAndre Hopkins,WR,13.41764705882353,17,9.1875,16.0,32.26283367556468,2024,29.0,True,-4.23014705882353,2019-25,32+
00-0030565,Geno Smith,QB,15.150666666666666,15,15.647058823529411,17.0,33.9192334017796,2024,21.0,True,0.4963921568627452,2019-25,32+
00-0030578,Cordarrelle Patterson,RB,3.0749999999999997,12,2.8846153846153846,13.0,33.48665297741273,2024,69.0,True,-0.19038461538461515,2019-25,31+
00-0031235,Odell Beckham Jr.,WR,7.7857142857142865,14,1.8125,8.0,31.8466803559206,2024,68.0,True,-5.9732142857142865,2019-25,30-31
00-0031236,Brandin Cooks,WR,10.91875,16,6.959999999999999,10.0,30.9596167008898,2024,46.0,True,-3.95875,2019-25,30-31
00-0031260,Logan Thomas,TE,7.925,16,,,33.19644079397673,2024,18.0,False,,2019-25,32+
00-0031280,Derek Carr,QB,14.183529411764706,17,15.09,10.0,33.45653661875428,2024,24.0,True,0.9064705882352939,2019-25,32+
00-0031376,Jerick McKinnon,RB,7.03,12,,,32.355920602327174,2024,45.0,False,,2019-25,31+
00-0031381,Davante Adams,WR,15.876470588235296,17,17.557142857142857,14.0,31.71252566735113,2024,18.0,True,1.6806722689075606,2019-25,30-31
00-0031408,Mike Evans,WR,16.88235294117647,17,17.385714285714286,14.0,31.055441478439427,2024,12.0,True,0.5033613445378151,2019-25,30-31
00-0031428,Allen Robinson,WR,4.133333333333334,15,1.0,6.0,31.04722792607803,2024,107.0,False,-3.1333333333333337,2019-25,30-31
00-0031544,Amari Cooper,WR,16.066666666666666,15,9.438461538461539,13.0,30.234086242299796,2024,16.0,True,-6.628205128205128,2019-25,30-31
00-0031547,DeVante Parker,WR,5.56923076923077,13,,,31.638603696098563,2024,87.0,False,,2019-25,30-31
00-0031549,Nelson Agholor,WR,6.06875,16,3.776923076923077,13.0,31.299110198494184,2024,79.0,True,-2.291826923076923,2019-25,30-31
00-0031585,MyCole Pruitt,TE,2.6,10,2.2857142857142856,7.0,32.46543463381246,2024,64.0,False,-0.3142857142857145,2019-25,32+
00-0031588,Stefon Diggs,WR,16.54705882352941,17,15.24,8.0,30.781656399726216,2024,13.0,True,-1.3070588235294114,2019-25,30-31
00-0031610,Darren Waller,TE,9.433333333333334,12,,,31.991786447638603,2024,13.0,False,,2019-25,30-31
00-0031687,Raheem Mostert,RB,18.246666666666666,15,5.453846153846154,13.0,32.421629021218344,2024,4.0,True,-12.792820512820512,2019-25,31+
00-0031763,DeAndre Carter,WR,0.5705882352941177,17,1.2461538461538462,13.0,31.419575633127995,2024,162.0,True,0.6755656108597284,2019-25,30-31
00-0031941,Jamison Crowder,WR,2.3687500000000004,16,5.64,5.0,31.23340177960301,2024,139.0,False,3.2712499999999993,2019-25,30-31
00-0032104,Ameer Abdullah,RB,2.5625,16,8.546666666666665,15.0,31.24435318275154,2024,76.0,True,5.984166666666665,2019-25,31+
00-0032134,C.J. Uzomah,TE,2.475,8,0.0,2.0,31.655030800821354,2024,65.0,False,-2.475,2019-25,30-31
00-0032141,Geoff Swaim,TE,2.425,8,0.5666666666666668,3.0,30.98425735797399,2024,67.0,False,-1.858333333333333,2019-25,30-31
00-0032200,Ty Montgomery,WR,0.9,11,,,31.633127994524298,2024,158.0,False,,2019-25,30-31
00-0032211,Tyler Lockett,WR,11.905882352941177,17,7.117647058823529,17.0,31.95071868583162,2024,38.0,True,-4.788235294117648,2019-25,30-31
00-0032385,Sterling Shepard,WR,2.23,10,6.176923076923076,13.0,31.581108829568787,2024,143.0,True,3.9469230769230763,2019-25,30-31
00-0032392,Austin Hooper,TE,3.0250000000000004,16,6.3882352941176475,17.0,29.867214236824093,2024,58.0,True,3.363235294117647,2019-25,28-29
00-0032398,Chris Moore,WR,4.553333333333334,15,,,31.236139630390145,2024,99.0,False,,2019-25,30-31
00-0032464,Kalif Raymond,WR,5.729411764705882,17,4.708333333333333,12.0,30.091718001368925,2024,81.0,True,-1.0210784313725494,2019-25,30-31
00-0032543,Alex Erickson,WR,5.65,8,0.0,3.0,31.84394250513347,2024,84.0,False,-5.65,2019-25,30-31
00-0032764,Derrick Henry,RB,15.21529411764706,17,21.376470588235296,17.0,30.68309377138946,2024,16.0,True,6.161176470588236,2019-25,29-30
00-0032765,Michael Thomas,WR,8.98,10,,,31.523613963039015,2024,54.0,False,,2019-25,30-31
00-0032775,Demarcus Robinson,WR,10.925,8,7.264705882352941,17.0,29.971252566735114,2024,45.0,True,-3.6602941176470596,2019-25,28-29
00-0033009,Tyler Boyd,WR,8.605882352941178,17,5.22,15.0,29.82067077344285,2024,61.0,True,-3.385882352941178,2019-25,28-29
00-0033040,Tyreek Hill,WR,24.681250000000002,16,13.1,17.0,30.529774127310063,2024,2.0,True,-11.581250000000002,2019-25,30-31
00-0033045,Ezekiel Elliott,RB,10.264705882352942,17,3.8333333333333335,15.0,29.138945927446954,2024,35.0,True,-6.431372549019608,2019-25,29-30
00-0033077,Dak Prescott,QB,20.637647058823532,17,14.565000000000001,8.0,31.11841204654346,2024,4.0,True,-6.072647058823531,2019-25,30-31
00-0033090,Hunter Henry,TE,9.223076923076924,13,9.18125,16.0,29.760438056125942,2024,15.0,True,-0.041826923076923705,2019-25,28-29
00-0033106,Jared Goff,QB,17.00588235294118,17,20.027058823529412,17.0,29.908281998631075,2024,14.0,True,3.021176470588234,2019-25,28-29
00-0033110,Tyler Higbee,TE,7.233333333333333,15,8.866666666666667,3.0,31.690622861054074,2024,23.0,False,1.6333333333333337,2019-25,30-31
00-0033217,Mo Alie-Cox,TE,3.507142857142857,14,2.725,12.0,30.976043805612594,2024,50.0,True,-0.782142857142857,2019-25,30-31
00-0033246,Johnny Mundt,TE,4.0200000000000005,10,3.2285714285714286,14.0,29.79876796714579,2024,44.0,True,-0.7914285714285718,2019-25,28-29
00-0033251,Zach Pascal,WR,0.5900000000000001,10,0.0,3.0,29.730321697467488,2024,160.0,False,-0.5900000000000001,2019-25,28-29
00-0033280,Christian McCaffrey,RB,25.76875,16,11.950000000000001,4.0,28.26009582477755,2024,1.0,False,-13.81875,2019-25,27-28
00-0033282,Curtis Samuel,WR,9.91875,16,4.55,14.0,28.082135523613964,2024,52.0,True,-5.3687499999999995,2019-25,28-29
00-0033288,George Kittle,TE,12.981250000000001,16,16.173333333333336,15.0,30.921286789869953,2024,6.0,True,3.1920833333333345,2019-25,30-31
00-0033292,Trent Taylor,WR,-0.013333333333333334,15,1.05,2.0,30.365503080082135,2024,168.0,False,1.0633333333333335,2019-25,30-31
00-0033293,Aaron Jones,RB,13.081818181818182,11,14.564705882352943,17.0,29.7741273100616,2024,24.0,True,1.4828877005347607,2019-25,29-30
00-0033307,Kendrick Bourne,WR,12.5,8,5.425,12.0,29.10335386721424,2024,35.0,True,-7.075,2019-25,28-29
00-0033308,Matt Breida,RB,3.1266666666666665,15,,,29.533196440793976,2024,68.0,False,,2019-25,29-30
00-0033357,Taysom Hill,TE,8.97,16,13.1675,8.0,34.050650239561946,2024,16.0,True,4.1975,2019-25,32+
00-0033439,Pharaoh Brown,TE,3.436363636363637,11,1.25,10.0,30.354551676933607,2024,51.0,True,-2.186363636363637,2019-25,30-31
00-0033466,Isaiah McKenzie,WR,1.5846153846153848,13,,,29.423682409308693,2024,156.0,False,,2019-25,28-29
00-0033526,Samaje Perine,RB,7.135294117647058,17,4.788235294117648,17.0,28.985626283367555,2024,44.0,True,-2.3470588235294105,2019-25,27-28
00-0033553,James Conner,RB,16.423076923076923,13,16.9875,16.0,29.352498288843258,2024,9.0,True,0.5644230769230774,2019-25,29-30
00-0033555,Mack Hollins,WR,3.591666666666667,12,5.811764705882353,17.0,30.98425735797399,2024,120.0,True,2.220098039215686,2019-25,30-31
00-0033572,Jamal Agnew,WR,3.663636363636364,11,,,29.440109514031484,2024,118.0,False,,2019-25,28-29
00-0033591,Noah Brown,WR,10.46,10,7.845454545454547,11.0,28.67898699520876,2024,48.0,True,-2.6145454545454543,2019-25,28-29
00-0033699,Austin Ekeler,RB,13.457142857142857,14,11.025,12.0,29.319644079397673,2024,21.0,True,-2.432142857142857,2019-25,29-30
00-0033757,Robert Tonyan,TE,1.8499999999999999,12,,,30.365503080082135,2024,72.0,False,,2019-25,30-31
00-0033854,Dare Ogunbowale,RB,0.8111111111111112,9,3.5,16.0,30.354551676933607,2024,88.0,True,2.6888888888888887,2019-25,29-30
00-0033857,JuJu Smith-Schuster,WR,5.545454545454546,11,4.963636363636364,11.0,27.800136892539356,2024,88.0,True,-0.581818181818182,2019-25,25-27
00-0033858,Jonnu Smith,TE,7.394117647058824,17,13.25294117647059,17.0,29.05407255304586,2024,21.0,True,5.858823529411765,2019-25,28-29
00-0033873,Patrick Mahomes,QB,18.01375,16,17.68875,16.0,28.982888432580424,2024,11.0,True,-0.32500000000000284,2019-25,28-29
00-0033881,Evan Engram,TE,13.547058823529412,17,10.11111111111111,9.0,30.023271731690624,2024,4.0,True,-3.435947712418301,2019-25,30-31
00-0033885,David Njoku,TE,12.7625,16,13.5,11.0,28.16974674880219,2024,7.0,True,0.7375000000000007,2019-25,28-29
00-0033891,Zay Jones,WR,8.677777777777777,9,2.733333333333334,6.0,29.451060917180012,2024,60.0,False,-5.944444444444443,2019-25,28-29
00-0033893,Dalvin Cook,RB,2.8714285714285714,14,2.0,2.0,29.086926762491444,2024,71.0,False,-0.8714285714285714,2019-25,29-30
00-0033895,Gerald Everett,TE,7.406666666666667,15,1.16,10.0,30.21218343600274,2024,20.0,True,-6.246666666666667,2019-25,30-31
00-0033897,Joe Mixon,RB,15.882352941176471,17,18.678571428571427,14.0,28.13141683778234,2024,14.0,True,2.796218487394956,2019-25,27-28
00-0033906,Alvin Kamara,RB,17.923076923076923,13,19.592857142857145,14.0,29.130732375085557,2024,5.0,True,1.6697802197802218,2019-25,29-30
00-0033908,Cooper Kupp,WR,14.200000000000001,12,14.958333333333334,12.0,31.238877481177276,2024,23.0,True,0.7583333333333329,2019-25,30-31
00-0033921,Chris Godwin Jr.,WR,12.48235294117647,17,20.114285714285717,7.0,28.536618754277892,2024,36.0,False,7.631932773109247,2019-25,28-29
00-0033923,Kareem Hunt,RB,7.9,15,12.415384615384616,13.0,29.097878165639973,2024,42.0,True,4.515384615384615,2019-25,29-30
00-0033925,D'Onta Foreman,RB,10.133333333333333,9,3.2600000000000002,10.0,28.380561259411362,2024,36.0,True,-6.873333333333333,2019-25,27-28
00-0033943,Josh Reynolds,WR,8.05,16,4.8,8.0,29.56605065023956,2024,65.0,True,-3.250000000000001,2019-25,28-29
00-0033948,Jamaal Williams,RB,4.676923076923077,13,2.65,14.0,29.440109514031484,2024,58.0,True,-2.0269230769230773,2019-25,29-30
00-0033949,Joshua Dobbs,QB,15.435384615384615,13,15.420000000000002,2.0,29.623545516769337,2024,20.0,False,-0.015384615384613554,2019-25,28-29
00-0034115,Jeff Wilson,RB,4.5888888888888895,9,1.5142857142857145,7.0,28.8186173853525,2024,60.0,False,-3.0746031746031752,2019-25,27-28
00-0034159,Will Dissly,TE,3.0923076923076924,13,7.34,15.0,28.175222450376456,2024,57.0,True,4.247692307692308,2019-25,28-29
00-0034184,Gus Edwards,RB,11.0,17,5.827272727272727,11.0,29.412731006160165,2024,32.0,True,-5.172727272727273,2019-25,29-30
00-0034208,Mike Boone,RB,1.4777777777777779,9,1.1800000000000002,5.0,29.117043121149898,2024,84.0,False,-0.2977777777777777,2019-25,29-30
00-0034270,Tyler Conklin,TE,7.241176470588235,17,7.61875,16.0,29.117043121149898,2024,22.0,True,0.37757352941176503,2019-25,28-29
00-0034272,Marquez Valdes-Scantling,WR,3.53125,16,6.615384615384615,13.0,29.919233401779604,2024,122.0,True,3.084134615384615,2019-25,28-29
00-0034286,Richie James,WR,2.377777777777778,9,,,29.01574264202601,2024,136.0,False,,2019-25,28-29
00-0034297,Byron Pringle,WR,2.3153846153846156,13,,,30.8145106091718,2024,141.0,False,,2019-25,30-31
00-0034348,Courtland Sutton,WR,11.887500000000001,16,15.3,16.0,28.919917864476385,2024,39.0,True,3.4124999999999996,2019-25,28-29
00-0034351,Dallas Goedert,TE,9.842857142857143,14,10.51,10.0,29.686516084873375,2024,12.0,True,0.6671428571428564,2019-25,28-29
00-0034364,Jordan Akins,TE,2.1692307692307695,13,5.6875,16.0,32.394250513347025,2024,71.0,True,3.5182692307692305,2019-25,32+
00-0034365,Ian Thomas,TE,1.325,8,1.2333333333333334,3.0,28.262833675564682,2024,75.0,False,-0.09166666666666656,2019-25,28-29
00-0034383,Dalton Schultz,TE,10.133333333333333,15,6.952941176470588,17.0,28.16700889801506,2024,11.0,True,-3.1803921568627445,2019-25,28-29
00-0034386,Justin Watson,WR,5.933333333333334,15,4.193333333333333,15.0,28.435318275154003,2024,80.0,True,-1.7400000000000002,2019-25,28-29
00-0034407,Ray-Ray McCloud,WR,2.375,12,8.382352941176471,17.0,27.904175222450377,2024,137.0,True,6.007352941176471,2019-25,25-27
00-0034414,Boston Scott,RB,1.4833333333333334,12,,,29.374401095140314,2024,83.0,False,,2019-25,29-30
00-0034418,Cedrick Wilson Jr.,WR,6.327272727272727,11,3.9953846153846153,13.0,28.80766598220397,2024,77.0,True,-2.331888111888112,2019-25,28-29
00-0034419,Braxton Berrios,WR,3.61875,16,0.0,6.0,28.930869267624914,2024,119.0,False,-3.61875,2019-25,28-29
00-0034487,Trent Sherfield,WR,2.3272727272727276,11,1.7153846153846155,13.0,28.539356605065024,2024,140.0,True,-0.6118881118881121,2019-25,28-29
00-0034521,Allen Lazard,WR,4.292857142857143,14,10.625,12.0,28.750171115674195,2024,103.0,True,6.332142857142857,2019-25,28-29
00-0034613,Tanner Hudson,TE,6.683333333333334,12,4.277777777777778,9.0,29.828884325804243,2024,28.0,True,-2.405555555555556,2019-25,28-29
00-0034646,Brandon Powell,WR,4.064705882352941,17,0.88125,16.0,28.996577686516083,2024,111.0,True,-3.183455882352941,2019-25,28-29
00-0034681,Chase Edmonds,RB,3.053846153846154,13,,,28.410677618069816,2024,70.0,False,,2019-25,27-28
00-0034753,Mark Andrews,TE,13.540000000000001,10,11.105882352941178,17.0,29.013004791238878,2024,5.0,True,-2.434117647058823,2019-25,28-29
00-0034764,Michael Gallup,WR,5.4875,16,,,28.520191649555098,2024,91.0,False,,2019-25,28-29
00-0034775,Christian Kirk,WR,12.771666666666667,12,8.8625,8.0,27.811088295687885,2024,32.0,True,-3.909166666666666,2019-25,25-27
00-0034777,DJ Chark,WR,8.25,14,3.275,4.0,27.964407939767284,2024,63.0,False,-4.975,2019-25,25-27
00-0034796,Lamar Jackson,QB,20.88875,16,25.492941176470588,17.0,27.67419575633128,2024,3.0,True,4.604191176470586,2019-25,25-27
00-0034798,Durham Smythe,TE,5.5076923076923086,13,1.0214285714285716,14.0,29.089664613278575,2024,32.0,True,-4.486263736263737,2019-25,28-29
00-0034827,DJ Moore,WR,17.676470588235293,17,14.182352941176472,17.0,27.408624229979466,2024,8.0,True,-3.4941176470588218,2019-25,25-27
00-0034829,Mike Gesicki,TE,4.36,15,8.9375,16.0,28.93908281998631,2024,40.0,True,4.5775,2019-25,28-29
00-0034830,Hayden Hurst,TE,4.711111111111112,9,2.185714285714286,7.0,31.04722792607803,2024,38.0,False,-2.525396825396826,2019-25,30-31
00-0034837,Calvin Ridley,WR,13.876470588235295,17,11.805882352941177,17.0,29.724845995893222,2024,24.0,True,-2.0705882352941174,2019-25,28-29
00-0034838,Royce Freeman,RB,4.2,11,,,28.54483230663929,2024,64.0,False,,2019-25,27-28
00-0034844,Saquon Barkley,RB,16.15714285714286,14,24.58125,16.0,27.583846680355922,2024,10.0,True,8.424107142857142,2019-25,27-28
00-0034854,KhaDarel Hodge,WR,2.6571428571428575,14,2.3727272727272726,11.0,30.68583162217659,2024,134.0,True,-0.2844155844155849,2019-25,30-31
00-0034855,Baker Mayfield,QB,16.121176470588235,17,21.51764705882353,17.0,29.409993155373034,2024,18.0,True,5.396470588235296,2019-25,28-29
00-0034857,Josh Allen,QB,23.09647058823529,17,23.69,16.0,28.306639288158795,2024,1.0,True,0.5935294117647096,2019-25,28-29
00-0034869,Sam Darnold,QB,2.338,10,18.11529411764706,17.0,27.266255989048595,2024,37.0,True,15.77729411764706,2019-25,25-27
00-0034960,Jakobi Meyers,WR,13.66125,16,14.833333333333334,15.0,27.835728952772072,2024,27.0,True,1.1720833333333331,2019-25,25-27
00-0034970,Irv Smith,TE,3.35,10,,,26.088980150581794,2024,52.0,False,,2019-25,25-27
00-0034972,Alexander Mattison,RB,8.325000000000001,16,9.814285714285715,14.0,26.22861054072553,2024,39.0,True,1.4892857142857139,2019-25,25-26
00-0034975,Justice Hill,RB,6.831250000000001,16,8.473333333333334,15.0,26.822724161533195,2024,46.0,True,1.6420833333333338,2019-25,25-26
00-0034981,Foster Moreau,TE,3.5615384615384618,13,6.45625,16.0,27.34839151266256,2024,48.0,True,2.894711538461538,2019-25,25-27
00-0034983,Hunter Renfrow,WR,3.4642857142857144,14,,,28.722792607802873,2024,124.0,False,,2019-25,28-29
00-0035100,Jake Browning,QB,16.04888888888889,9,-0.1,2.0,28.416153319644078,2024,19.0,False,-16.14888888888889,2019-25,28-29
00-0035208,Olamide Zaccheaus,WR,3.4909090909090916,11,7.15,16.0,27.134839151266256,2024,123.0,True,3.6590909090909087,2019-25,25-27
00-0035215,Deonte Harty,WR,2.625,16,0.0,5.0,26.767967145790553,2024,135.0,False,-2.625,2019-25,25-27
00-0035216,Diontae Johnson,WR,11.746153846153845,13,8.236363636363636,11.0,28.18343600273785,2024,40.0,True,-3.509790209790209,2019-25,28-29
00-0035228,Kyler Murray,QB,18.295,8,17.48470588235294,17.0,27.093771389459274,2024,10.0,True,-0.8102941176470608,2019-25,25-27
00-0035229,T.J. Hockenson,TE,14.7,15,8.8,10.0,27.189596167008897,2024,2.0,True,-5.899999999999999,2019-25,25-27
00-0035243,Miles Sanders,RB,5.4750000000000005,16,7.027272727272728,11.0,27.362080766598222,2024,57.0,True,1.5522727272727277,2019-25,27-28
00-0035249,Josh Oliver,TE,4.1000000000000005,13,5.483333333333333,12.0,27.474332648870636,2024,42.0,True,1.3833333333333329,2019-25,25-27
00-0035250,Devin Singletary,RB,10.372941176470588,17,6.4399999999999995,15.0,27.019849418206707,2024,34.0,True,-3.932941176470589,2019-25,27-28
00-0035261,Tony Pollard,RB,13.270588235294117,17,13.106250000000001,16.0,27.364818617385353,2024,23.0,True,-0.16433823529411562,2019-25,27-28
00-0035289,Gardner Minshew,QB,12.262500000000001,16,9.632,10.0,28.320328542094455,2024,25.0,True,-2.6305000000000014,2019-25,28-29
00-0035291,Trayveon Williams,RB,0.93125,16,0.0,5.0,26.89664613278576,2024,87.0,False,-0.93125,2019-25,25-26
00-0035298,Scott Miller,WR,3.5545454545454547,11,1.9833333333333334,6.0,27.1129363449692,2024,121.0,False,-1.5712121212121213,2019-25,25-27
00-0035329,Donald Parham,TE,5.678571428571429,14,,,27.069130732375086,2024,30.0,False,,2019-25,25-27
00-0035341,Trenton Irwin,WR,5.216666666666667,12,0.75,6.0,28.752908966461327,2024,93.0,False,-4.466666666666667,2019-25,28-29
00-0035406,Lil'Jordan Humphrey,WR,4.290909090909091,11,4.5928571428571425,14.0,26.39561943874059,2024,104.0,True,0.3019480519480515,2019-25,25-27
00-0035500,Greg Dortch,WR,4.03125,16,5.311764705882353,17.0,26.286105407255306,2024,113.0,True,1.2805147058823527,2019-25,25-27
00-0035535,Darius Slayton,WR,8.970588235294118,17,7.0625,16.0,27.66050650239562,2024,55.0,True,-1.9080882352941178,2019-25,25-27
00-0035537,Ty Johnson,RB,3.5999999999999996,9,5.482352941176471,17.0,26.981519507186857,2024,67.0,True,1.882352941176471,2019-25,25-26
00-0035567,Craig Reynolds,RB,2.6333333333333333,12,2.6125,8.0,28.238193018480494,2024,75.0,True,-0.02083333333333348,2019-25,27-28
00-0035628,D'Ernest Johnson,RB,2.1750000000000003,16,2.9916666666666667,12.0,28.536618754277892,2024,79.0,True,0.8166666666666664,2019-25,27-28
00-0035631,Drew Sample,TE,3.5928571428571425,14,3.3181818181818183,11.0,28.40246406570842,2024,47.0,True,-0.2746753246753242,2019-25,28-29
00-0035639,Parris Campbell,WR,3.04,10,3.75,4.0,27.15400410677618,2024,127.0,False,0.71,2019-25,25-27
00-0035640,DK Metcalf,WR,14.36875,16,13.046666666666665,15.0,26.740588637919235,2024,22.0,True,-1.3220833333333353,2019-25,25-27
00-0035644,Noah Fant,TE,4.8933333333333335,15,7.428571428571429,14.0,26.806297056810404,2024,36.0,True,2.5352380952380953,2019-25,25-27
00-0035645,Gunner Olszewski,WR,0.4166666666666667,12,,,27.789185489390828,2024,166.0,False,,2019-25,25-27
00-0035659,Terry McLaurin,WR,12.041176470588237,17,16.194117647058825,17.0,28.98836413415469,2024,37.0,True,4.152941176470588,2019-25,28-29
00-0035662,Marquise Brown,WR,10.361538461538462,13,9.05,2.0,27.26899383983573,2024,50.0,False,-1.3115384615384613,2019-25,25-27
00-0035676,A.J. Brown,WR,17.65294117647059,17,17.26153846153846,13.0,27.197809719370294,2024,9.0,True,-0.39140271493213064,2019-25,25-27
00-0035685,David Montgomery,RB,15.442857142857145,14,16.05142857142857,14.0,27.260780287474333,2024,15.0,True,0.608571428571425,2019-25,27-28
00-0035689,Dawson Knox,TE,5.459999999999999,10,4.2214285714285715,14.0,27.822039698836413,2024,34.0,True,-1.2385714285714275,2019-25,25-27
00-0035700,Josh Jacobs,RB,14.392307692307693,13,17.77058823529412,17.0,26.579055441478438,2024,18.0,True,3.3782805429864275,2019-25,25-26
00-0035703,Miles Boykin,WR,0.5875,8,,,27.912388774811774,2024,161.0,False,,2019-25,25-27
00-0035719,Deebo Samuel Sr.,WR,16.546666666666667,15,10.573333333333334,15.0,28.654346338124572,2024,14.0,True,-5.973333333333333,2019-25,28-29
00-0035726,Jakob Johnson,RB,0.275,8,0.0,1.0,29.738535249828885,2024,90.0,False,-0.275,2019-25,29-30
00-0035771,Mitchell Wilcox,TE,1.2166666666666666,12,,,27.84120465434634,2024,76.0,False,,2019-25,25-27
00-0035973,Patrick Taylor,RB,2.727272727272727,11,4.685714285714285,7.0,26.368240930869266,2024,73.0,False,1.958441558441558,2019-25,25-26
00-0036032,Sean McKeon,TE,0.0,8,,,26.702258726899384,2024,81.0,False,,2019-25,25-27
00-0036040,Juwan Johnson,TE,7.523076923076923,13,8.186666666666667,15.0,27.991786447638603,2024,19.0,True,0.6635897435897444,2019-25,25-27
00-0036133,James Proche,WR,0.0,10,0.5666666666666667,9.0,27.972621492128678,2024,167.0,True,0.5666666666666667,2019-25,25-27
00-0036139,Rico Dowdle,RB,5.71875,16,13.1125,16.0,26.24229979466119,2024,55.0,True,7.393750000000001,2019-25,25-26
00-0036165,Isaiah Hodgins,WR,4.285714285714286,14,1.6,2.0,25.88911704312115,2024,105.0,False,-2.6857142857142855,2019-25,25-27
00-0036182,Nick Westbrook-Ikhine,WR,6.538461538461538,13,9.799999999999999,14.0,27.474332648870636,2024,75.0,True,3.2615384615384606,2019-25,25-27
00-0036196,Gabe Davis,WR,10.36875,16,5.39,10.0,25.530458590006845,2024,49.0,True,-4.978750000000001,2019-25,25-27
00-0036212,Tua Tagovailoa,QB,16.374117647058824,17,16.507272727272724,11.0,26.527036276522928,2024,16.0,True,0.13315508021389988,2019-25,25-27
00-0036223,Jonathan Taylor,RB,15.940000000000001,10,19.55,14.0,25.642710472279262,2024,12.0,True,3.6099999999999994,2019-25,25-26
00-0036232,Harrison Bryant,TE,2.707142857142857,14,2.9333333333333336,6.0,26.38466803559206,2024,63.0,False,0.22619047619047672,2019-25,25-27
00-0036233,Donovan Peoples-Jones,WR,2.0357142857142856,14,,,25.557837097878167,2024,148.0,False,,2019-25,25-27
00-0036244,Colby Parkinson,TE,4.113333333333333,15,4.0875,16.0,25.675564681724847,2024,41.0,True,-0.02583333333333293,2019-25,25-27
00-0036251,Zack Moss,RB,12.542857142857143,14,10.2375,8.0,26.7378507871321,2024,27.0,True,-2.305357142857142,2019-25,25-26
00-0036252,Michael Pittman,WR,16.04375,16,10.55,16.0,26.93223819301848,2024,17.0,True,-5.493749999999999,2019-25,25-27
00-0036259,Jauan Jennings,WR,3.9615384615384617,13,14.133333333333333,15.0,27.170431211498972,2024,115.0,True,10.171794871794871,2019-25,25-27
00-0036261,Brandon Aiyuk,WR,16.23125,16,9.12857142857143,7.0,26.48596851471595,2024,15.0,False,-7.102678571428569,2019-25,25-27
00-0036264,Jordan Love,QB,18.76823529411765,17,15.590666666666667,15.0,25.856262833675565,2024,6.0,True,-3.177568627450981,2019-25,25-27
00-0036265,AJ Dillon,RB,7.840000000000001,15,,,26.360027378507873,2024,43.0,False,,2019-25,25-26
00-0036268,Laviska Shenault Jr.,WR,2.6875,8,1.47,10.0,25.932922655715263,2024,133.0,True,-1.2175,2019-25,25-27
00-0036275,D'Andre Swift,RB,12.83125,16,12.794117647058824,17.0,25.65639972621492,2024,25.0,True,-0.03713235294117645,2019-25,25-26
00-0036290,Cole Kmet,TE,11.4125,16,7.525,16.0,25.505817932922657,2024,8.0,True,-3.8874999999999993,2019-25,25-27
00-0036309,Darnell Mooney,WR,5.635714285714286,14,12.262500000000001,16.0,26.86652977412731,2024,85.0,True,6.626785714285715,2019-25,25-27
00-0036322,Justin Jefferson,WR,20.97,10,19.116470588235295,17.0,25.23750855578371,2024,5.0,True,-1.853529411764704,2019-25,25-27
00-0036326,Chase Claypool,WR,1.9727272727272727,11,,,26.17932922655715,2024,149.0,False,,2019-25,25-27
00-0036328,Antonio Gibson,RB,7.9625,16,6.082352941176471,17.0,26.217659137577,2024,41.0,True,-1.8801470588235292,2019-25,25-26
00-0036331,Devin Duvernay,WR,0.5615384615384615,13,1.4769230769230768,13.0,26.99520876112252,2024,163.0,True,0.9153846153846152,2019-25,25-27
00-0036332,Josiah Deguara,TE,1.6111111111111112,9,0.6285714285714287,7.0,27.57015742642026,2024,74.0,False,-0.9825396825396825,2019-25,25-27
00-0036345,K.J. Osborn,WR,8.0,15,2.6714285714285713,7.0,27.252566735112936,2024,66.0,False,-5.328571428571429,2019-25,25-27
00-0036355,Justin Herbert,QB,18.627692307692307,13,16.788235294117644,17.0,26.50513347022587,2024,8.0,True,-1.8394570135746626,2019-25,25-27
00-0036358,CeeDee Lamb,WR,24.80588235294118,17,17.860000000000003,15.0,25.426420260095824,2024,1.0,True,-6.945882352941176,2019-25,25-27
00-0036360,Clyde Edwards-Helaire,RB,4.673333333333334,15,5.0,2.0,25.418206707734427,2024,59.0,False,0.3266666666666662,2019-25,25-26
00-0036364,Lynn Bowden,WR,2.8125,8,,,26.90759753593429,2024,130.0,False,,2019-25,25-27
00-0036370,Joshua Kelley,RB,3.6294117647058823,17,0.2,1.0,26.806297056810404,2024,66.0,False,-3.429411764705882,2019-25,25-26
00-0036387,Jalen Reagor,WR,3.1666666666666665,9,2.1,7.0,25.689253935660506,2024,126.0,False,-1.0666666666666664,2019-25,25-27
00-0036389,Jalen Hurts,QB,20.98941176470588,17,21.008,15.0,26.094455852156056,2024,2.0,True,0.018588235294117794,2019-25,25-27
00-0036407,Jerry Jeudy,WR,8.8625,16,14.81764705882353,17.0,25.38261464750171,2024,57.0,True,5.955147058823529,2019-25,25-27
00-0036410,Tee Higgins,WR,11.716666666666667,12,18.758333333333336,12.0,25.645448323066393,2024,41.0,True,7.04166666666667,2019-25,25-27
00-0036415,Van Jefferson,WR,2.95,14,4.24,15.0,28.125941136208077,2024,129.0,True,1.29,2019-25,28-29
00-0036422,Adam Trautman,TE,3.7750000000000004,16,3.369230769230769,13.0,27.59479808350445,2024,45.0,True,-0.40576923076923155,2019-25,25-27
00-0036425,DeeJay Dallas,RB,0.7176470588235294,17,1.3125,16.0,25.984941820670773,2024,89.0,True,0.5948529411764706,2019-25,25-26
00-0036429,Charlie Woerner,TE,0.62,10,0.9666666666666667,12.0,26.902121834360027,2024,80.0,True,0.3466666666666667,2019-25,25-27
00-0036438,Stephen Sullivan,TE,2.45,10,0.0,1.0,27.783709787816566,2024,66.0,False,-2.45,2019-25,25-27
00-0036442,Joe Burrow,QB,14.716,10,22.871764705882352,17.0,27.750855578370977,2024,23.0,True,8.155764705882353,2019-25,25-27
00-0036497,Tim Jones,WR,1.9300000000000002,10,0.8875,8.0,26.324435318275153,2024,150.0,True,-1.0425000000000002,2019-25,25-27
00-0036550,Rashod Bateman,WR,5.1,15,11.006250000000001,16.0,24.78302532511978,2024,94.0,True,5.906250000000002,2019-25,25-27
00-0036554,Nico Collins,WR,17.86,15,18.05,12.0,25.481177275838466,2024,7.0,True,0.19000000000000128,2019-25,25-27
00-0036555,Chuba Hubbard,RB,10.911764705882353,17,16.90666666666667,15.0,25.251197809719372,2024,33.0,True,5.994901960784317,2019-25,25-26
00-0036556,Brevin Jordan,TE,5.090000000000001,10,1.35,2.0,24.1533196440794,2024,35.0,False,-3.7400000000000007,2019-25,<=24
00-0036567,Elijah Mitchell,RB,4.318181818181818,11,,,26.360027378507873,2024,62.0,False,,2019-25,25-26
00-0036613,Jaylen Waddle,WR,14.507142857142856,14,10.173333333333334,15.0,25.793292265571527,2024,20.0,True,-4.3338095238095224,2019-25,25-27
00-0036626,Dyami Brown,WR,2.185,16,4.493333333333334,15.0,24.859685147159478,2024,146.0,True,2.308333333333334,2019-25,25-27
00-0036628,John Bates,TE,2.2733333333333334,15,1.1076923076923078,13.0,26.844626967830255,2024,69.0,True,-1.1656410256410257,2019-25,25-27
00-0036635,Ihmir Smith-Marsette,WR,1.911764705882353,17,0.4,15.0,25.034907597535934,2024,151.0,True,-1.511764705882353,2019-25,25-27
00-0036637,Noah Gray,TE,4.4125,16,7.08125,16.0,25.366187542778917,2024,39.0,True,2.66875,2019-25,25-27
00-0036754,Brock Wright,TE,3.1222222222222222,9,3.1818181818181817,11.0,25.78781656399726,2024,55.0,True,0.059595959595959425,2019-25,25-27
00-0036841,Austin Trammell,WR,0.46,15,6.0,1.0,26.187542778918548,2024,165.0,False,5.54,2019-25,25-27
00-0036842,Kene Nwangwu,RB,0.1625,8,3.0,2.0,26.584531143052704,2024,91.0,False,2.8375,2019-25,25-26
00-0036849,Tutu Atwell,WR,8.135714285714286,14,6.593333333333334,15.0,24.928131416837783,2024,64.0,True,-1.5423809523809524,2019-25,25-27
00-0036862,Ben Skowronek,WR,1.6538461538461537,13,1.3222222222222222,9.0,27.20602327173169,2024,155.0,True,-0.33162393162393156,2019-25,25-27
00-0036875,Rhamondre Stevenson,RB,12.141666666666667,12,11.926666666666668,15.0,26.546201232032853,2024,28.0,True,-0.21499999999999986,2019-25,25-26
00-0036876,Kylen Granson,TE,4.866666666666666,15,2.0125,16.0,26.458590006844627,2024,37.0,True,-2.854166666666666,2019-25,25-27
00-0036887,Luke Farrell,TE,2.85,10,1.5583333333333333,12.0,26.90759753593429,2024,60.0,True,-1.2916666666666667,2019-25,25-27
00-0036893,Najee Harris,RB,11.852941176470589,17,12.564705882352941,17.0,26.507871321013006,2024,30.0,True,0.7117647058823522,2019-25,25-26
00-0036894,Pat Freiermuth,TE,7.118181818181818,11,10.01764705882353,17.0,25.87816563997262,2024,25.0,True,2.899465240641711,2019-25,25-27
00-0036900,Ja'Marr Chase,WR,16.88875,16,24.529411764705884,17.0,24.528405201916495,2024,11.0,True,7.640661764705882,2019-25,25-27
00-0036906,Khalil Herbert,RB,10.125,12,2.8636363636363638,11.0,26.390143737166323,2024,37.0,True,-7.261363636363637,2019-25,25-26
00-0036912,DeVonta Smith,WR,14.4125,16,15.569230769230769,13.0,25.82340862422998,2024,21.0,True,1.1567307692307693,2019-25,25-27
00-0036913,Kadarius Toney,WR,4.076923076923077,13,-0.13333333333333333,3.0,25.620807665982205,2024,110.0,False,-4.21025641025641,2019-25,25-27
00-0036919,Kenny Gainwell,RB,6.08625,16,3.682352941176471,17.0,25.49486652977413,2024,53.0,True,-2.403897058823529,2019-25,25-26
00-0036924,Michael Carter,RB,3.9200000000000004,15,11.933333333333332,3.0,25.347022587268995,2024,65.0,False,8.013333333333332,2019-25,25-26
00-0036936,Rondale Moore,WR,6.176470588235294,17,,,24.254620123203285,2024,78.0,False,,2019-25,<=24
00-0036945,Justin Fields,QB,17.936923076923076,13,11.914,10.0,25.519507186858316,2024,12.0,True,-6.022923076923076,2019-25,25-27
00-0036955,Terrace Marshall Jr.,WR,4.112500000000001,8,1.4200000000000002,5.0,24.254620123203285,2024,109.0,False,-2.692500000000001,2019-25,<=24
00-0036963,Amon-Ra St. Brown,WR,21.525000000000002,16,18.951764705882354,17.0,24.88158795345654,2024,4.0,True,-2.573235294117648,2019-25,25-27
00-0036970,Kyle Pitts,TE,8.076470588235296,17,7.717647058823529,17.0,23.928815879534564,2024,17.0,True,-0.358823529411767,2019-25,<=24
00-0036971,Trevor Lawrence,QB,16.40875,16,14.52,10.0,24.930869267624914,2024,15.0,True,-1.8887500000000017,2019-25,25-27
00-0036972,Mac Jones,QB,9.672727272727274,11,9.608,10.0,26.015058179329227,2024,32.0,True,-0.06472727272727319,2019-25,25-27
00-0036973,Travis Etienne,RB,16.96470588235294,17,8.68,15.0,25.623545516769337,2024,7.0,True,-8.284705882352942,2019-25,25-26
00-0036980,Elijah Moore,WR,8.25625,16,7.2,17.0,24.45722108145106,2024,62.0,True,-1.0562499999999995,2019-25,<=24
00-0036984,Trey Sermon,RB,2.5375,8,3.586666666666667,15.0,25.61259411362081,2024,77.0,True,1.0491666666666668,2019-25,25-26
00-0036988,Josh Palmer,WR,10.97,10,7.16,15.0,24.969199178644764,2024,44.0,True,-3.8100000000000005,2019-25,25-27
00-0036997,Javonte Williams,RB,11.2,16,9.288235294117648,17.0,24.37782340862423,2024,31.0,True,-1.9117647058823515,2019-25,<=24
00-0037005,Tommy Tremble,TE,4.026666666666666,15,5.64,10.0,24.27378507871321,2024,43.0,True,1.6133333333333333,2019-25,<=24
00-0037013,Zach Wilson,QB,9.995000000000001,12,,,25.10609171800137,2024,30.0,False,,2019-25,25-27
00-0037077,Sam Howell,QB,15.149411764705883,17,-0.8400000000000001,1.0,23.983572895277206,2024,22.0,False,-15.989411764705883,2019-25,<=24
00-0037078,Cole Turner,TE,2.875,8,,,24.487337440109513,2024,59.0,False,,2019-25,<=24
00-0037098,Samori Toure,WR,2.225,8,,,26.466803559206024,2024,144.0,False,,2019-25,25-27
00-0037132,Britain Covey,WR,0.5466666666666666,15,2.08,5.0,27.482546201232033,2024,164.0,False,1.5333333333333334,2019-25,25-27
00-0037197,Isiah Pacheco,RB,15.921428571428573,14,8.12857142857143,7.0,25.527720739219713,2024,13.0,False,-7.792857142857143,2019-25,25-26
00-0037228,Jaylen Warren,RB,11.905882352941177,17,8.273333333333333,15.0,25.859000684462696,2024,29.0,True,-3.6325490196078434,2019-25,25-26
00-0037238,Drake London,WR,11.08625,16,16.78235294117647,17.0,23.132101300479125,2024,43.0,True,5.69610294117647,2019-25,<=24
00-0037239,Chris Olave,WR,14.925,16,9.775,8.0,24.205338809034906,2024,19.0,True,-5.15,2019-25,<=24
00-0037240,Jameson Williams,WR,6.691666666666666,12,14.446666666666667,15.0,23.460643394934976,2024,74.0,True,7.755000000000001,2019-25,<=24
00-0037247,George Pickens,WR,12.723529411764707,17,11.957142857142857,14.0,23.520876112251884,2024,33.0,True,-0.7663865546218496,2019-25,<=24
00-0037248,James Cook,RB,14.21764705882353,17,17.41875,16.0,24.960985626283367,2024,19.0,True,3.201102941176469,2019-25,25-26
00-0037256,Rachaad White,RB,16.11176470588235,17,13.306666666666667,15.0,25.661875427789184,2024,11.0,True,-2.805098039215684,2019-25,25-26
00-0037257,David Bell,WR,5.411111111111111,9,5.7,1.0,23.73990417522245,2024,92.0,False,0.28888888888888875,2019-25,<=24
00-0037258,Dameon Pierce,RB,5.9071428571428575,14,4.65,10.0,24.55852156057495,2024,54.0,True,-1.2571428571428571,2019-25,25-26
00-0037261,Khalil Shakir,WR,7.25625,16,12.366666666666667,15.0,24.602327173169062,2024,73.0,True,5.1104166666666675,2019-25,25-27
00-0037263,Tyler Allgeier,RB,8.094117647058823,17,6.423529411764706,17.0,24.40520191649555,2024,40.0,True,-1.670588235294117,2019-25,<=24
00-0037267,Jerome Ford,RB,12.776470588235295,17,9.571428571428571,14.0,24.996577686516083,2024,26.0,True,-3.2050420168067237,2019-25,25-26
00-0037273,Kyle Philips,WR,4.1375,8,,,25.234770704996578,2024,106.0,False,,2019-25,25-27
00-0037276,Ty Chandler,RB,6.5,16,2.028571428571429,14.0,26.33264887063655,2024,50.0,True,-4.4714285714285715,2019-25,25-26
00-0037292,Andrew Ogletree,TE,3.2454545454545456,11,2.158333333333333,12.0,26.12183436002738,2024,54.0,True,-1.0871212121212124,2019-25,25-27
00-0037311,Ko Kieft,TE,0.72,10,0.0,3.0,26.639288158795345,2024,79.0,False,-0.72,2019-25,25-27
00-0037382,Brandon Johnson,WR,7.340000000000001,10,1.9,1.0,26.127310061601644,2024,72.0,False,-5.440000000000001,2019-25,25-27
00-0037429,Raheem Blackshear,RB,1.8999999999999997,9,0.5,16.0,26.26694045174538,2024,82.0,True,-1.3999999999999997,2019-25,25-26
00-0037475,Stone Smartt,TE,2.7083333333333335,12,3.8666666666666663,9.0,25.935660506502394,2024,62.0,True,1.1583333333333328,2019-25,25-27
00-0037487,Deven Thompkins,WR,2.052941176470588,17,1.34,5.0,24.71731690622861,2024,147.0,False,-0.712941176470588,2019-25,25-27
00-0037525,Jordan Mason,RB,2.79375,16,10.333333333333334,12.0,25.300479123887747,2024,72.0,True,7.539583333333334,2019-25,25-26
00-0037545,Rashid Shaheed,WR,10.606666666666666,15,13.633333333333335,6.0,26.028747433264886,2024,47.0,False,3.026666666666669,2019-25,25-27
00-0037557,Ronnie Rivers,RB,2.2333333333333334,9,3.0500000000000003,6.0,25.609856262833677,2024,78.0,False,0.8166666666666669,2019-25,25-26
00-0037569,Peyton Hendershot,TE,0.9750000000000001,8,2.02,5.0,25.385352498288842,2024,77.0,False,1.045,2019-25,25-27
00-0037614,John Metchie III,WR,2.3000000000000003,14,5.540000000000001,10.0,24.147843942505133,2024,142.0,True,3.2400000000000007,2019-25,<=24
00-0037664,Alec Pierce,WR,5.7,17,10.36875,16.0,24.358658453114305,2024,82.0,True,4.66875,2019-25,<=24
00-0037666,Jalen Tolbert,WR,4.342857142857143,14,8.941176470588236,17.0,25.53593429158111,2024,102.0,True,4.598319327731092,2019-25,25-27
00-0037740,Garrett Wilson,WR,12.717647058823529,17,15.170588235294119,17.0,24.136892539356605,2024,34.0,True,2.45294117647059,2019-25,<=24
00-0037741,Jahan Dotson,WR,7.429411764705883,17,2.992857142857143,14.0,24.470910335386723,2024,71.0,True,-4.43655462184874,2019-25,<=24
00-0037742,Treylon Burks,WR,4.433333333333334,9,1.5,5.0,24.468172484599588,2024,101.0,False,-2.9333333333333336,2019-25,<=24
00-0037744,Trey McBride,TE,10.852941176470589,17,15.51875,16.0,24.802190280629706,2024,9.0,True,4.665808823529412,2019-25,25-27
00-0037745,Velus Jones Jr.,WR,0.8538461538461538,13,1.4500000000000002,2.0,27.3347022587269,2024,159.0,False,0.5961538461538464,2019-25,25-27
00-0037746,Brian Robinson,RB,13.306666666666668,15,12.057142857142859,14.0,25.472963723477072,2024,22.0,True,-1.2495238095238097,2019-25,25-26
00-0037801,KaVontae Turpin,WR,3.73125,16,6.129411764705883,17.0,28.10677618069815,2024,116.0,True,2.3981617647058826,2019-25,28-29
00-0037805,Jeremy Ruckert,TE,3.1100000000000003,10,2.0357142857142856,14.0,24.082135523613964,2024,56.0,True,-1.0742857142857147,2019-25,<=24
00-0037809,Chig Okonkwo,TE,6.670588235294118,17,7.1000000000000005,16.0,25.00752908966461,2024,29.0,True,0.4294117647058826,2019-25,25-27
00-0037816,Romeo Doubs,WR,10.258823529411766,17,10.161538461538461,13.0,24.410677618069816,2024,51.0,True,-0.0972850678733046,2019-25,<=24
00-0037834,Brock Purdy,QB,18.475,16,17.790666666666667,15.0,24.706365503080082,2024,9.0,True,-0.6843333333333348,2019-25,25-27
00-0037837,Calvin Austin III,WR,3.29375,16,7.105882352941176,17.0,25.467488021902806,2024,125.0,True,3.812132352941176,2019-25,25-27
00-0037838,Isaiah Likely,TE,7.221428571428571,14,8.346666666666668,15.0,24.396988364134156,2024,24.0,True,1.125238095238097,2019-25,<=24
00-0037840,Kyren Williams,RB,22.75,12,17.75625,16.0,24.041067761806982,2024,2.0,True,-4.993749999999999,2019-25,<=24
00-0038040,Zamir White,RB,6.1461538461538465,13,3.6625,8.0,24.980150581793293,2024,52.0,True,-2.4836538461538464,2019-25,25-26
00-0038041,Jake Ferguson,TE,10.41764705882353,17,7.457142857142857,14.0,25.645448323066393,2024,10.0,True,-2.9605042016806724,2019-25,25-27
00-0038045,Isaiah Spiller,RB,2.111111111111111,9,,,23.08829568788501,2024,80.0,False,,2019-25,<=24
00-0038046,Charlie Kolar,TE,2.4111111111111114,9,2.83,10.0,25.582477754962355,2024,68.0,True,0.41888888888888864,2019-25,25-27
00-0038090,Skyy Moore,WR,4.130769230769231,13,0.0,3.0,24.0,2024,108.0,False,-4.130769230769231,2019-25,<=24
00-0038098,Pierre Strong,RB,2.6750000000000003,16,2.707692307692308,13.0,25.752224503764545,2024,74.0,True,0.032692307692307576,2019-25,25-26
00-0038102,Kenny Pickett,QB,9.183333333333334,12,5.0280000000000005,5.0,26.26420260095825,2024,33.0,False,-4.155333333333333,2019-25,25-27
00-0038104,Tyquan Thornton,WR,3.0222222222222226,9,2.175,4.0,24.093086926762492,2024,128.0,False,-0.8472222222222228,2019-25,<=24
00-0038108,Bailey Zappe,QB,6.917999999999999,10,7.0,1.0,25.377138945927445,2024,36.0,False,0.08200000000000074,2019-25,25-27
00-0038115,Daniel Bellinger,TE,3.607142857142857,14,2.2083333333333335,12.0,23.967145790554415,2024,46.0,True,-1.3988095238095237,2019-25,<=24
00-0038117,Wan'Dale Robinson,WR,8.879999999999999,15,10.747058823529413,17.0,23.679671457905545,2024,56.0,True,1.8670588235294137,2019-25,<=24
00-0038120,Breece Hall,RB,17.61764705882353,17,15.3375,16.0,23.279945242984258,2024,6.0,True,-2.2801470588235286,2019-25,<=24
00-0038122,Desmond Ridder,QB,11.809333333333335,15,4.384,5.0,25.02943189596167,2024,26.0,False,-7.4253333333333345,2019-25,25-27
00-0038124,Christian Watson,WR,11.255555555555555,9,7.735714285714286,14.0,25.333333333333332,2024,42.0,True,-3.519841269841269,2019-25,25-27
00-0038129,Cade Otton,TE,6.970588235294118,17,10.15,14.0,25.4072553045859,2024,26.0,True,3.1794117647058826,2019-25,25-27
00-0038134,Kenneth Walker III,RB,13.493333333333334,15,16.745454545454546,11.0,23.890485968514717,2024,20.0,True,3.252121212121212,2019-25,<=24
00-0038393,Dontayvion Wicks,WR,7.984,15,6.5,17.0,23.236139630390145,2024,67.0,True,-1.484,2019-25,<=24
00-0038394,Will Mallory,TE,3.5181818181818185,11,0.9857142857142858,7.0,25.22108145106092,2024,49.0,False,-2.5324675324675328,2019-25,25-27
00-0038396,Eric Gray,RB,1.3,10,1.3785714285714286,14.0,24.851471594798085,2024,85.0,True,0.07857142857142851,2019-25,25-26
00-0038465,Malik Heath,WR,2.7916666666666665,12,6.340000000000001,5.0,24.44626967830253,2024,131.0,False,3.5483333333333342,2019-25,<=24
00-0038476,Tommy DeVito,QB,10.393333333333334,9,6.740000000000001,2.0,26.094455852156056,2024,29.0,False,-3.6533333333333333,2019-25,25-27
00-0038496,Xavier Gipson,WR,3.6882352941176473,17,0.9647058823529411,17.0,23.509924709103355,2024,117.0,True,-2.723529411764706,2019-25,<=24
00-0038542,Bijan Robinson,RB,14.929411764705883,17,20.982352941176472,17.0,22.611909650924023,2024,17.0,True,6.05294117647059,2019-25,<=24
00-0038543,Jaxon Smith-Njigba,WR,8.811764705882354,17,15.147058823529411,17.0,22.570841889117045,2024,58.0,True,6.335294117647058,2019-25,<=24
00-0038544,Quentin Johnston,WR,5.529411764705882,17,11.846666666666668,15.0,23.01163586584531,2024,89.0,True,6.317254901960785,2019-25,<=24
00-0038547,Luke Schoonmaker,TE,2.2083333333333335,12,4.758333333333334,12.0,25.95208761122519,2024,70.0,True,2.5500000000000003,2019-25,25-27
00-0038555,Tank Bigsby,RB,1.9076923076923078,13,8.4375,16.0,22.031485284052017,2024,81.0,True,6.529807692307692,2019-25,<=24
00-0038558,Darnell Washington,TE,1.6375000000000002,8,3.4615384615384617,13.0,23.066392881587955,2024,73.0,True,1.8240384615384615,2019-25,<=24
00-0038559,Michael Wilson,WR,8.807692307692308,13,7.78125,16.0,24.54757015742642,2024,59.0,True,-1.0264423076923084,2019-25,25-27
00-0038563,Tre Tucker,WR,5.523076923076923,13,7.605882352941177,17.0,23.509924709103355,2024,90.0,True,2.082805429864254,2019-25,<=24
00-0038573,Derius Davis,WR,2.2176470588235295,17,2.6733333333333333,15.0,23.99726214921287,2024,145.0,True,0.4556862745098038,2019-25,<=24
00-0038576,Charlie Jones,WR,1.8818181818181818,11,1.0714285714285714,7.0,25.867214236824093,2024,152.0,False,-0.8103896103896104,2019-25,25-27
00-0038579,Aidan O'Connell,QB,11.438181818181818,11,10.386666666666667,9.0,26.026009582477755,2024,27.0,True,-1.0515151515151508,2019-25,25-27
00-0038589,Josh Whyle,TE,2.711111111111111,9,4.053333333333334,15.0,25.00752908966461,2024,61.0,True,1.3422222222222229,2019-25,25-27
00-0038597,Chase Brown,RB,4.458333333333333,12,16.125,16.0,24.473648186173854,2024,61.0,True,11.666666666666668,2019-25,<=24
00-0038606,Parker Washington,WR,4.9,8,7.035714285714286,14.0,22.47501711156742,2024,95.0,True,2.1357142857142852,2019-25,<=24
00-0038611,Chris Rodriguez Jr.,RB,4.211111111111112,9,4.5,7.0,24.958247775496236,2024,63.0,False,0.28888888888888786,2019-25,25-26
00-0038612,A.T. Perry,WR,7.575,8,,,24.876112251882272,2024,70.0,False,,2019-25,25-27
00-0038618,Xavier Hutchinson,WR,1.8250000000000002,12,1.6928571428571428,14.0,24.27652292950034,2024,154.0,True,-0.13214285714285734,2019-25,<=24
00-0038619,Andrei Iosivas,WR,4.6000000000000005,11,7.052941176470589,17.0,24.906228610540726,2024,98.0,True,2.4529411764705884,2019-25,25-27
00-0038621,DeMario Douglas,WR,7.6571428571428575,14,9.231250000000001,16.0,23.756331279945243,2024,69.0,True,1.5741071428571436,2019-25,<=24
00-0038647,Ronnie Bell,WR,2.3692307692307693,13,1.05,4.0,24.618754277891856,2024,138.0,False,-1.3192307692307692,2019-25,25-27
00-0038705,Emari Demercado,RB,6.663636363636363,11,4.207692307692308,13.0,25.639972621492127,2024,48.0,True,-2.4559440559440553,2019-25,25-26
00-0038720,Julian Hill,TE,0.8800000000000001,10,1.5714285714285714,14.0,24.17248459958932,2024,78.0,True,0.6914285714285713,2019-25,<=24
00-0038738,Hunter Luepke,RB,1.27,10,1.9214285714285715,14.0,24.53388090349076,2024,86.0,True,0.6514285714285715,2019-25,25-26
00-0038752,Jake Bobo,WR,4.064285714285715,14,2.475,12.0,26.102669404517453,2024,112.0,True,-1.5892857142857149,2019-25,25-27
00-0038794,Jaleel McLaughlin,RB,6.235294117647059,17,6.075,16.0,23.991786447638603,2024,51.0,True,-0.1602941176470587,2019-25,<=24
00-0038933,Dalton Kincaid,TE,9.39375,16,7.753846153846154,13.0,24.89801505817933,2024,14.0,True,-1.6399038461538469,2019-25,25-27
00-0038938,Jalin Hyatt,WR,4.753846153846154,13,1.42,10.0,22.9596167008898,2024,97.0,True,-3.333846153846154,2019-25,<=24
00-0038941,Tyler Scott,WR,2.761538461538462,13,0.375,4.0,22.913073237508556,2024,132.0,False,-2.386538461538462,2019-25,<=24
00-0038976,Marvin Mims Jr.,WR,4.7625,16,7.794117647058823,17.0,22.480492813141684,2024,96.0,True,3.031617647058823,2019-25,<=24
00-0038977,Tank Dell,WR,16.95,10,10.107142857142858,14.0,24.867898699520875,2024,10.0,True,-6.842857142857142,2019-25,25-27
00-0038979,Cedric Tillman,WR,4.0181818181818185,11,8.933333333333334,9.0,24.39425051334702,2024,114.0,True,4.915151515151515,2019-25,<=24
00-0038994,Jordan Addison,WR,13.194117647058825,17,14.366666666666667,15.0,22.62012320328542,2024,30.0,True,1.1725490196078425,2019-25,<=24
00-0038996,Tucker Kraft,TE,5.607142857142857,14,9.605882352941178,17.0,23.852156057494867,2024,31.0,True,3.998739495798321,2019-25,<=24
00-0038997,Josh Downs,WR,9.329411764705881,17,13.214285714285714,14.0,23.080082135523615,2024,53.0,True,3.8848739495798323,2019-25,<=24
00-0039021,Roschon Johnson,RB,6.806666666666667,15,5.953846153846154,13.0,23.60848733744011,2024,47.0,True,-0.8528205128205126,2019-25,<=24
00-0039032,Tyjae Spears,RB,9.047058823529412,17,9.466666666666667,12.0,23.238877481177276,2024,38.0,True,0.4196078431372552,2019-25,<=24
00-0039040,De'Von Achane,RB,18.88181818181818,11,17.99411764705882,17.0,22.910335386721425,2024,3.0,True,-0.8877005347593574,2019-25,<=24
00-0039041,Elijah Higgins,TE,3.3,11,3.2800000000000002,15.0,23.871321013004792,2024,53.0,True,-0.019999999999999574,2019-25,<=24
00-0039052,Trey Palmer,WR,5.629411764705883,17,2.3466666666666667,15.0,23.44147843942505,2024,86.0,True,-3.282745098039216,2019-25,<=24
00-0039062,Jonathan Mingo,WR,5.653333333333333,15,2.3000000000000003,14.0,23.392197125256672,2024,83.0,True,-3.353333333333333,2019-25,<=24
00-0039064,Zay Flowers,WR,12.99375,16,12.764705882352942,17.0,23.99726214921287,2024,31.0,True,-0.22904411764705834,2019-25,<=24
00-0039065,Sam LaPorta,TE,14.164705882352942,17,11.00625,16.0,23.66050650239562,2024,3.0,True,-3.1584558823529427,2019-25,<=24
00-0039066,Michael Mayer,TE,5.492307692307692,13,3.3272727272727276,11.0,23.1813826146475,2024,33.0,True,-2.1650349650349647,2019-25,<=24
00-0039067,Rashee Rice,WR,13.46875,16,16.975,4.0,24.386036960985628,2024,28.0,False,3.5062500000000014,2019-25,<=24
00-0039075,Puka Nacua,WR,18.176470588235293,17,19.463636363636365,11.0,23.28542094455852,2024,6.0,True,1.2871657754010712,2019-25,<=24
00-0039139,Jahmyr Gibbs,RB,16.540000000000003,15,22.229411764705883,17.0,22.477754962354553,2024,8.0,True,5.689411764705881,2019-25,<=24
00-0039144,Luke Musgrave,TE,6.836363636363637,11,1.6428571428571428,7.0,24.021902806297057,2024,27.0,False,-5.193506493506494,2019-25,<=24
00-0039146,Jayden Reed,WR,13.668750000000001,16,11.852941176470589,17.0,24.369609856262834,2024,26.0,True,-1.8158088235294123,2019-25,<=24
00-0039150,Bryce Young,QB,9.77375,16,13.930000000000001,14.0,23.129363449691994,2024,31.0,True,4.156250000000002,2019-25,<=24
00-0039152,Will Levis,QB,11.335555555555555,9,9.995000000000001,12.0,25.207392197125255,2024,28.0,True,-1.3405555555555537,2019-25,25-27
00-0039163,C.J. Stroud,QB,18.934666666666665,15,12.963529411764705,17.0,22.937713894592743,2024,5.0,True,-5.97113725490196,2019-25,<=24
00-0039165,Zach Charbonnet,RB,6.63125,16,11.170588235294119,17.0,23.67145790554415,2024,49.0,True,4.539338235294119,2019-25,<=24
00-0023459,Aaron Rodgers,QB,15.092941176470587,17,14.1925,16.0,41.7741273100616,2025,18.0,True,-0.9004411764705864,2019-25,32+
00-0026498,Matthew Stafford,QB,13.41125,16,21.081176470588236,17.0,37.59069130732375,2025,27.0,True,7.669926470588235,2019-25,32+
00-0029263,Russell Wilson,QB,16.434545454545454,11,9.64,6.0,36.780287474332646,2025,15.0,False,-6.794545454545453,2019-25,32+
00-0029604,Kirk Cousins,QB,13.165714285714285,14,10.354000000000001,10.0,37.059548254620125,2025,28.0,True,-2.8117142857142845,2019-25,32+
00-0030035,Adam Thielen,WR,14.25,10,2.8285714285714287,14.0,35.05270362765229,2025,26.0,True,-11.42142857142857,2019-25,32+
00-0030061,Zach Ertz,TE,10.435294117647059,17,9.838461538461539,13.0,34.83367556468173,2025,11.0,True,-0.59683257918552,2019-25,32+
00-0030279,Keenan Allen,WR,12.393333333333334,15,10.835294117647058,17.0,33.37166324435318,2025,33.0,True,-1.5580392156862768,2019-25,32+
00-0030431,Robert Woods,WR,2.7357142857142853,14,,,33.41820670773443,2025,122.0,False,,2019-25,32+
00-0030506,Travis Kelce,TE,12.30625,16,11.364705882352942,17.0,35.931553730321696,2025,7.0,True,-0.9415441176470587,2019-25,32+
00-0030564,DeAndre Hopkins,WR,9.1875,16,3.9411764705882355,17.0,33.2621492128679,2025,56.0,True,-5.2463235294117645,2019-25,32+
00-0030565,Geno Smith,QB,15.647058823529411,17,11.593333333333334,15.0,34.91854893908282,2025,16.0,True,-4.0537254901960775,2019-25,32+
00-0030578,Cordarrelle Patterson,RB,2.8846153846153846,13,,,34.48596851471595,2025,77.0,False,,2019-25,31+
00-0031235,Odell Beckham Jr.,WR,1.8125,8,,,32.84599589322382,2025,135.0,False,,2019-25,32+
00-0031236,Brandin Cooks,WR,6.959999999999999,10,4.107692307692308,13.0,31.958932238193018,2025,84.0,True,-2.852307692307691,2019-25,30-31
00-0031280,Derek Carr,QB,15.09,10,,,34.455852156057496,2025,19.0,False,,2019-25,32+
00-0031381,Davante Adams,WR,17.557142857142857,14,16.02857142857143,14.0,32.71184120465435,2025,9.0,True,-1.5285714285714285,2019-25,32+
00-0031408,Mike Evans,WR,17.385714285714286,14,10.787500000000001,8.0,32.054757015742645,2025,10.0,True,-6.598214285714285,2019-25,32+
00-0031484,Chris Manhertz,TE,1.5,8,0.42500000000000004,4.0,33.41820670773443,2025,71.0,False,-1.075,2019-25,32+
00-0031503,Jameis Winston,QB,12.64909090909091,11,14.426666666666668,3.0,31.67693360711841,2025,30.0,False,1.7775757575757574,2019-25,30-31
00-0031544,Amari Cooper,WR,9.438461538461539,13,,,31.23340177960301,2025,54.0,False,,2019-25,30-31
00-0031549,Nelson Agholor,WR,3.776923076923077,13,,,32.2984257357974,2025,114.0,False,,2019-25,32+
00-0031588,Stefon Diggs,WR,15.24,8,12.811764705882354,17.0,31.78097193702943,2025,18.0,True,-2.4282352941176466,2019-25,30-31
00-0031687,Raheem Mostert,RB,5.453846153846154,13,2.45,12.0,33.42094455852156,2025,56.0,True,-3.003846153846154,2019-25,31+
00-0031763,DeAndre Carter,WR,1.2461538461538462,13,0.0,4.0,32.41889117043121,2025,146.0,False,-1.2461538461538462,2019-25,32+
00-0032104,Ameer Abdullah,RB,8.546666666666665,15,2.9153846153846152,13.0,32.24366872005476,2025,39.0,True,-5.631282051282049,2019-25,31+
00-0032128,Chris Conley,WR,1.511111111111111,9,,,32.876112251882276,2025,139.0,False,,2019-25,32+
00-0032211,Tyler Lockett,WR,7.117647058823529,17,3.9470588235294115,17.0,32.95003422313484,2025,78.0,True,-3.1705882352941175,2019-25,32+
00-0032385,Sterling Shepard,WR,6.176923076923076,13,6.3076923076923075,13.0,32.580424366872,2025,88.0,True,0.1307692307692312,2019-25,32+
00-0032392,Austin Hooper,TE,6.3882352941176475,17,4.561538461538462,13.0,30.86652977412731,2025,33.0,True,-1.8266968325791852,2019-25,30-31
00-0032394,Nick Vannett,TE,4.041666666666667,12,,,32.51471594798083,2025,47.0,False,,2019-25,32+
00-0032464,Kalif Raymond,WR,4.708333333333333,12,4.453333333333333,15.0,31.091033538672143,2025,101.0,True,-0.2549999999999999,2019-25,30-31
00-0032764,Derrick Henry,RB,21.376470588235296,17,18.147058823529413,17.0,31.682409308692677,2025,3.0,True,-3.2294117647058833,2019-25,31+
00-0032775,Demarcus Robinson,WR,7.264705882352941,17,4.1571428571428575,14.0,30.97056810403833,2025,74.0,True,-3.1075630252100837,2019-25,30-31
00-0033009,Tyler Boyd,WR,5.22,15,,,30.819986310746064,2025,98.0,False,,2019-25,30-31
00-0033040,Tyreek Hill,WR,13.1,17,13.75,4.0,31.529089664613277,2025,30.0,False,0.6500000000000004,2019-25,30-31
00-0033045,Ezekiel Elliott,RB,3.8333333333333335,15,,,30.138261464750173,2025,65.0,False,,2019-25,29-30
00-0033077,Dak Prescott,QB,14.565000000000001,8,18.457647058823532,17.0,32.11772758384668,2025,22.0,True,3.892647058823531,2019-25,32+
00-0033090,Hunter Henry,TE,9.18125,16,10.605882352941178,17.0,30.759753593429156,2025,16.0,True,1.4246323529411775,2019-25,30-31
00-0033106,Jared Goff,QB,20.027058823529412,17,17.474117647058822,17.0,30.90759753593429,2025,7.0,True,-2.55294117647059,2019-25,30-31
00-0033217,Mo Alie-Cox,TE,2.725,12,2.790909090909091,11.0,31.975359342915812,2025,60.0,True,0.06590909090909092,2019-25,30-31
00-0033246,Johnny Mundt,TE,3.2285714285714286,14,1.675,12.0,30.798083504449007,2025,56.0,True,-1.5535714285714286,2019-25,30-31
00-0033282,Curtis Samuel,WR,4.55,14,3.516666666666667,6.0,29.08145106091718,2025,103.0,False,-1.0333333333333328,2019-25,28-29
00-0033288,George Kittle,TE,16.173333333333336,15,14.818181818181818,11.0,31.920602327173167,2025,1.0,True,-1.3551515151515172,2019-25,30-31
00-0033293,Aaron Jones,RB,14.564705882352943,17,9.891666666666667,12.0,30.77344284736482,2025,20.0,True,-4.673039215686275,2019-25,29-30
00-0033307,Kendrick Bourne,WR,5.425,12,6.792857142857144,14.0,30.102669404517453,2025,95.0,True,1.3678571428571438,2019-25,30-31
00-0033357,Taysom Hill,TE,13.1675,8,3.213846153846154,13.0,35.04996577686516,2025,6.0,True,-9.953653846153847,2019-25,32+
00-0033375,Tim Patrick,WR,6.16,15,3.976923076923077,13.0,31.797399041752225,2025,89.0,True,-2.183076923076923,2019-25,30-31
00-0033376,Patrick Ricard,RB,1.1199999999999999,10,0.42000000000000004,5.0,31.290896646132786,2025,93.0,False,-0.6999999999999998,2019-25,31+
00-0033439,Pharaoh Brown,TE,1.25,10,0.42000000000000004,5.0,31.353867214236825,2025,73.0,False,-0.83,2019-25,30-31
00-0033526,Samaje Perine,RB,4.788235294117648,17,5.193333333333333,15.0,29.984941820670773,2025,58.0,True,0.40509803921568555,2019-25,29-30
00-0033536,Mike Williams,WR,4.057142857142857,14,,,30.934976043805612,2025,109.5,False,,2019-25,30-31
00-0033553,James Conner,RB,16.9875,16,11.100000000000001,3.0,30.351813826146476,2025,12.0,False,-5.887499999999999,2019-25,29-30
00-0033555,Mack Hollins,WR,5.811764705882353,17,8.207142857142857,14.0,31.983572895277206,2025,91.0,True,2.3953781512605046,2019-25,30-31
00-0033576,Eric Saubert,TE,2.225,12,1.011111111111111,9.0,31.340177960301162,2025,62.0,True,-1.213888888888889,2019-25,30-31
00-0033589,David Moore,WR,5.673333333333334,15,0.9,3.0,30.652977412731005,2025,92.0,False,-4.773333333333333,2019-25,30-31
00-0033591,Noah Brown,WR,7.845454545454547,11,3.325,4.0,29.678302532511978,2025,69.0,False,-4.520454545454546,2019-25,28-29
00-0033662,Cooper Rush,QB,9.13,12,0.43000000000000005,4.0,31.802874743326488,2025,37.0,False,-8.700000000000001,2019-25,30-31
00-0033699,Austin Ekeler,RB,11.025,12,6.55,2.0,30.31895961670089,2025,31.0,False,-4.4750000000000005,2019-25,29-30
00-0033854,Dare Ogunbowale,RB,3.5,16,1.7214285714285715,14.0,31.353867214236825,2025,72.0,True,-1.7785714285714285,2019-25,31+
00-0033857,JuJu Smith-Schuster,WR,4.963636363636364,11,4.323529411764706,17.0,28.799452429842574,2025,99.0,True,-0.6401069518716582,2019-25,28-29
00-0033858,Jonnu Smith,TE,13.25294117647059,17,5.011764705882353,17.0,30.053388090349078,2025,5.0,True,-8.241176470588236,2019-25,30-31
00-0033869,Mitchell Trubisky,QB,1.9075,8,7.779999999999999,4.0,31.058179329226558,2025,38.0,False,5.8725,2019-25,30-31
00-0033873,Patrick Mahomes,QB,17.68875,16,20.405714285714286,14.0,29.982203969883642,2025,11.0,True,2.716964285714287,2019-25,28-29
00-0033881,Evan Engram,TE,10.11111111111111,9,6.425,16.0,31.02258726899384,2025,13.0,True,-3.686111111111111,2019-25,30-31
00-0033885,David Njoku,TE,13.5,11,7.845454545454545,11.0,29.169062286105408,2025,4.0,True,-5.654545454545455,2019-25,28-29
00-0033895,Gerald Everett,TE,1.16,10,,,31.211498973305954,2025,75.0,False,,2019-25,30-31
00-0033897,Joe Mixon,RB,18.678571428571427,14,,,29.130732375085557,2025,7.0,False,,2019-25,29-30
00-0033906,Alvin Kamara,RB,19.592857142857145,14,9.154545454545454,11.0,30.130047912388775,2025,5.0,True,-10.43831168831169,2019-25,29-30
00-0033908,Cooper Kupp,WR,14.958333333333334,12,7.26875,16.0,32.238193018480494,2025,21.0,True,-7.689583333333334,2019-25,32+
00-0033923,Kareem Hunt,RB,12.415384615384616,13,8.729411764705883,17.0,30.09719370294319,2025,26.0,True,-3.6859728506787324,2019-25,29-30
00-0033925,D'Onta Foreman,RB,3.2600000000000002,10,,,29.37987679671458,2025,74.0,False,,2019-25,29-30
00-0033943,Josh Reynolds,WR,4.8,8,4.62,5.0,30.56536618754278,2025,100.0,False,-0.17999999999999972,2019-25,30-31
00-0033948,Jamaal Williams,RB,2.65,14,,,30.439425051334702,2025,81.0,False,,2019-25,29-30
00-0033955,Jeremy McNichols,RB,4.253333333333334,15,4.54375,16.0,29.70841889117043,2025,60.0,True,0.2904166666666663,2019-25,29-30
00-0034159,Will Dissly,TE,7.34,15,2.5875000000000004,8.0,29.17453798767967,2025,27.0,True,-4.7524999999999995,2019-25,28-29
00-0034184,Gus Edwards,RB,5.827272727272727,11,,,30.412046543463383,2025,52.0,False,,2019-25,29-30
00-0034270,Tyler Conklin,TE,7.61875,16,2.8833333333333333,6.0,30.116358658453116,2025,23.0,False,-4.7354166666666675,2019-25,30-31
00-0034272,Marquez Valdes-Scantling,WR,6.615384615384615,13,3.5555555555555554,9.0,30.91854893908282,2025,85.0,True,-3.0598290598290596,2019-25,30-31
00-0034348,Courtland Sutton,WR,15.3,16,13.100000000000001,17.0,29.919233401779604,2025,17.0,True,-2.1999999999999993,2019-25,28-29
00-0034351,Dallas Goedert,TE,10.51,10,12.44,15.0,30.68583162217659,2025,10.0,True,1.9299999999999997,2019-25,30-31
00-0034364,Jordan Akins,TE,5.6875,16,,,33.39356605065024,2025,35.0,False,,2019-25,32+
00-0034383,Dalton Schultz,TE,6.952941176470588,17,10.452941176470588,17.0,29.166324435318277,2025,30.0,True,3.5,2019-25,28-29
00-0034386,Justin Watson,WR,4.193333333333333,15,2.0,3.0,29.43463381245722,2025,107.0,False,-2.1933333333333334,2019-25,28-29
00-0034407,Ray-Ray McCloud,WR,8.382352941176471,17,2.316666666666667,6.0,28.903490759753595,2025,64.0,False,-6.065686274509805,2019-25,28-29
00-0034418,Cedrick Wilson Jr.,WR,3.9953846153846153,13,1.5666666666666667,6.0,29.806981519507186,2025,112.0,False,-2.4287179487179484,2019-25,28-29
00-0034487,Trent Sherfield,WR,1.7153846153846155,13,1.275,4.0,29.53867214236824,2025,137.0,False,-0.4403846153846156,2019-25,28-29
00-0034521,Allen Lazard,WR,10.625,12,2.5555555555555554,9.0,29.749486652977414,2025,44.0,True,-8.069444444444445,2019-25,28-29
00-0034613,Tanner Hudson,TE,4.277777777777778,9,4.779999999999999,10.0,30.82819986310746,2025,43.0,True,0.5022222222222217,2019-25,30-31
00-0034646,Brandon Powell,WR,0.88125,16,,,29.9958932238193,2025,149.0,False,,2019-25,28-29
00-0034753,Mark Andrews,TE,11.105882352941178,17,7.705882352941177,17.0,30.012320328542096,2025,8.0,True,-3.4000000000000012,2019-25,30-31
00-0034771,Mason Rudolph,QB,11.975,8,3.0,5.0,30.151950718685832,2025,31.0,False,-8.975,2019-25,30-31
00-0034775,Christian Kirk,WR,8.8625,8,5.263636363636364,11.0,28.810403832991103,2025,59.0,True,-3.598863636363637,2019-25,28-29
00-0034791,Nick Chubb,RB,7.9125,8,5.886666666666668,15.0,29.7056810403833,2025,43.0,True,-2.025833333333332,2019-25,29-30
00-0034796,Lamar Jackson,QB,25.492941176470588,17,16.52769230769231,13.0,28.673511293634498,2025,1.0,True,-8.965248868778279,2019-25,28-29
00-0034798,Durham Smythe,TE,1.0214285714285716,14,0.9285714285714286,7.0,30.088980150581794,2025,77.0,False,-0.09285714285714297,2019-25,30-31
00-0034827,DJ Moore,WR,14.182352941176472,17,10.128235294117648,17.0,28.407939767282684,2025,27.0,True,-4.054117647058824,2019-25,28-29
00-0034829,Mike Gesicki,TE,8.9375,16,5.891666666666667,12.0,29.93839835728953,2025,17.0,True,-3.0458333333333334,2019-25,28-29
00-0034837,Calvin Ridley,WR,11.805882352941177,17,6.971428571428571,7.0,30.72416153319644,2025,39.0,False,-4.8344537815126065,2019-25,30-31
00-0034844,Saquon Barkley,RB,24.58125,16,15.08125,16.0,28.583162217659137,2025,1.0,True,-9.5,2019-25,27-28
00-0034854,KhaDarel Hodge,WR,2.3727272727272726,11,0.7625,8.0,31.685147159479808,2025,128.0,True,-1.6102272727272726,2019-25,30-31
00-0034855,Baker Mayfield,QB,21.51764705882353,17,15.99529411764706,17.0,30.409308692676248,2025,4.0,True,-5.522352941176472,2019-25,30-31
00-0034857,Josh Allen,QB,23.69,16,22.78875,16.0,29.305954825462013,2025,2.0,True,-0.901250000000001,2019-25,28-29
00-0034860,Dante Pettis,WR,4.0,8,2.4625000000000004,8.0,29.883641341546884,2025,111.0,True,-1.5374999999999996,2019-25,28-29
00-0034869,Sam Darnold,QB,18.11529411764706,17,13.848235294117648,17.0,28.265571526351813,2025,9.0,True,-4.267058823529412,2019-25,28-29
00-0034928,Steven Sims,WR,0.0,9,0.0,3.0,28.44626967830253,2025,158.5,False,0.0,2019-25,28-29
00-0034960,Jakobi Meyers,WR,14.833333333333334,15,10.9875,16.0,28.83504449007529,2025,22.0,True,-3.845833333333333,2019-25,28-29
00-0034972,Alexander Mattison,RB,9.814285714285715,14,,,27.227926078028748,2025,34.0,False,,2019-25,27-28
00-0034975,Justice Hill,RB,8.473333333333334,15,6.5200000000000005,10.0,27.822039698836413,2025,40.0,True,-1.953333333333334,2019-25,27-28
00-0034981,Foster Moreau,TE,6.45625,16,1.842857142857143,7.0,28.347707049965777,2025,32.0,False,-4.613392857142857,2019-25,28-29
00-0035021,Ashton Dulin,WR,1.4769230769230768,13,1.6666666666666667,12.0,28.32306639288159,2025,141.5,True,0.18974358974358996,2019-25,28-29
00-0035140,Mecole Hardman,WR,2.766666666666667,12,0.0,2.0,27.498973305954827,2025,121.0,False,-2.766666666666667,2019-25,25-27
00-0035208,Olamide Zaccheaus,WR,7.15,16,6.057142857142858,14.0,28.134154688569474,2025,77.0,True,-1.0928571428571425,2019-25,28-29
00-0035216,Diontae Johnson,WR,8.236363636363636,11,,,29.182751540041068,2025,66.0,False,,2019-25,28-29
00-0035228,Kyler Murray,QB,17.48470588235294,17,15.556000000000001,5.0,28.093086926762492,2025,12.0,False,-1.92870588235294,2019-25,28-29
00-0035229,T.J. Hockenson,TE,8.8,10,7.52,15.0,28.188911704312115,2025,18.0,True,-1.2800000000000011,2019-25,28-29
00-0035243,Miles Sanders,RB,7.027272727272728,11,6.675000000000001,4.0,28.361396303901437,2025,44.0,False,-0.3522727272727275,2019-25,27-28
00-0035249,Josh Oliver,TE,5.483333333333333,12,4.583333333333333,12.0,28.473648186173854,2025,37.0,True,-0.9000000000000004,2019-25,28-29
00-0035250,Devin Singletary,RB,6.4399999999999995,15,6.3999999999999995,17.0,28.019164955509925,2025,46.0,True,-0.040000000000000036,2019-25,27-28
00-0035261,Tony Pollard,RB,13.106250000000001,16,11.458823529411765,17.0,28.36413415468857,2025,23.0,True,-1.6474264705882362,2019-25,27-28
00-0035289,Gardner Minshew,QB,9.632,10,-0.08000000000000007,4.0,29.319644079397673,2025,35.0,False,-9.712,2019-25,28-29
00-0035406,Lil'Jordan Humphrey,WR,4.5928571428571425,14,4.942857142857143,7.0,27.394934976043807,2025,102.0,False,0.35000000000000053,2019-25,25-27
00-0035500,Greg Dortch,WR,5.311764705882353,17,6.258333333333334,12.0,27.28542094455852,2025,97.0,True,0.946568627450981,2019-25,25-27
00-0035535,Darius Slayton,WR,7.0625,16,7.057142857142858,14.0,28.659822039698838,2025,80.0,True,-0.005357142857142172,2019-25,28-29
00-0035537,Ty Johnson,RB,5.482352941176471,17,5.9,17.0,27.980835044490075,2025,55.0,True,0.4176470588235297,2019-25,27-28
00-0035567,Craig Reynolds,RB,2.6125,8,0.08,5.0,29.23750855578371,2025,82.0,False,-2.5324999999999998,2019-25,29-30
00-0035594,Travis Homer,RB,0.7999999999999999,8,-0.025,8.0,27.093771389459274,2025,96.0,True,-0.825,2019-25,27-28
00-0035628,D'Ernest Johnson,RB,2.9916666666666667,12,0.5,5.0,29.53593429158111,2025,76.0,False,-2.4916666666666667,2019-25,29-30
00-0035631,Drew Sample,TE,3.3181818181818183,11,2.658333333333333,12.0,29.401779603011637,2025,54.0,True,-0.6598484848484851,2019-25,28-29
00-0035640,DK Metcalf,WR,13.046666666666665,15,12.68,15.0,27.73990417522245,2025,31.0,True,-0.36666666666666536,2019-25,25-27
00-0035644,Noah Fant,TE,7.428571428571429,14,5.753846153846154,13.0,27.805612594113622,2025,26.0,True,-1.674725274725275,2019-25,25-27
00-0035659,Terry McLaurin,WR,16.194117647058825,17,11.42,10.0,29.987679671457904,2025,14.0,True,-4.774117647058825,2019-25,28-29
00-0035676,A.J. Brown,WR,17.26153846153846,13,15.186666666666667,15.0,28.197125256673512,2025,11.0,True,-2.074871794871793,2019-25,28-29
00-0035685,David Montgomery,RB,16.05142857142857,14,9.99529411764706,17.0,28.26009582477755,2025,16.0,True,-6.05613445378151,2019-25,27-28
00-0035689,Dawson Knox,TE,4.2214285714285715,14,6.48125,16.0,28.82135523613963,2025,44.0,True,2.2598214285714286,2019-25,28-29
00-0035700,Josh Jacobs,RB,17.77058823529412,17,15.806666666666668,15.0,27.578370978781656,2025,9.0,True,-1.9639215686274518,2019-25,27-28
00-0035710,Daniel Jones,QB,13.530000000000001,10,17.41846153846154,13.0,28.290212183436,2025,26.0,True,3.888461538461538,2019-25,28-29
00-0035719,Deebo Samuel Sr.,WR,10.573333333333334,15,11.762500000000001,16.0,29.65366187542779,2025,45.0,True,1.189166666666667,2019-25,28-29
00-0035806,JaMycal Hasty,RB,2.4,12,,,28.993839835728952,2025,83.0,False,,2019-25,27-28
00-0036040,Juwan Johnson,TE,8.186666666666667,15,10.58235294117647,17.0,28.99110198494182,2025,20.0,True,2.395686274509803,2019-25,28-29
00-0036133,James Proche,WR,0.5666666666666667,9,2.0833333333333335,6.0,28.971937029431896,2025,151.0,False,1.5166666666666668,2019-25,28-29
00-0036139,Rico Dowdle,RB,13.1125,16,13.547058823529412,17.0,27.241615331964407,2025,22.0,True,0.4345588235294109,2019-25,27-28
00-0036158,J.K. Dobbins,RB,15.215384615384616,13,12.190000000000001,10.0,26.732375085557837,2025,18.0,True,-3.025384615384615,2019-25,25-26
00-0036182,Nick Westbrook-Ikhine,WR,9.799999999999999,14,1.5307692307692307,13.0,28.473648186173854,2025,52.0,True,-8.269230769230768,2019-25,28-29
00-0036196,Gabe Davis,WR,5.39,10,5.15,6.0,26.529774127310063,2025,96.0,False,-0.23999999999999932,2019-25,25-27
00-0036212,Tua Tagovailoa,QB,16.507272727272724,11,11.478571428571428,14.0,27.526351813826146,2025,14.0,True,-5.0287012987012965,2019-25,25-27
00-0036223,Jonathan Taylor,RB,19.55,14,22.488235294117647,17.0,26.642026009582477,2025,6.0,True,2.9382352941176464,2019-25,25-26
00-0036244,Colby Parkinson,TE,4.0875,16,9.271428571428572,14.0,26.67488021902806,2025,45.0,True,5.183928571428572,2019-25,25-27
00-0036251,Zack Moss,RB,10.2375,8,,,27.737166324435318,2025,33.0,False,,2019-25,27-28
00-0036252,Michael Pittman,WR,10.55,16,11.994117647058824,17.0,27.9315537303217,2025,46.0,True,1.4441176470588228,2019-25,25-27
00-0036259,Jauan Jennings,WR,14.133333333333333,15,11.553333333333335,15.0,28.16974674880219,2025,28.0,True,-2.5799999999999983,2019-25,28-29
00-0036264,Jordan Love,QB,15.590666666666667,15,15.675999999999998,15.0,26.855578370978783,2025,17.0,True,0.08533333333333104,2019-25,25-27
00-0036268,Laviska Shenault Jr.,WR,1.47,10,,,26.93223819301848,2025,143.0,False,,2019-25,25-27
00-0036275,D'Andre Swift,RB,12.794117647058824,17,14.85,16.0,26.65571526351814,2025,24.0,True,2.0558823529411754,2019-25,25-26
00-0036290,Cole Kmet,TE,7.525,16,4.91875,16.0,26.50513347022587,2025,24.0,True,-2.60625,2019-25,25-27
00-0036309,Darnell Mooney,WR,12.262500000000001,16,5.486666666666666,15.0,27.865845311430526,2025,35.0,True,-6.775833333333335,2019-25,25-27
00-0036322,Justin Jefferson,WR,19.116470588235295,17,12.117647058823529,17.0,26.236824093086927,2025,3.0,True,-6.998823529411766,2019-25,25-27
00-0036328,Antonio Gibson,RB,6.082352941176471,17,4.640000000000001,5.0,27.21697467488022,2025,48.0,False,-1.4423529411764706,2019-25,27-28
00-0036331,Devin Duvernay,WR,1.4769230769230768,13,0.2705882352941177,17.0,27.994524298425734,2025,141.5,True,-1.206334841628959,2019-25,25-27
00-0036355,Justin Herbert,QB,16.788235294117644,17,18.43,16.0,27.50444900752909,2025,13.0,True,1.6417647058823555,2019-25,25-27
00-0036358,CeeDee Lamb,WR,17.860000000000003,15,16.146153846153847,13.0,26.425735797399042,2025,8.0,True,-1.7138461538461556,2019-25,25-27
00-0036389,Jalen Hurts,QB,21.008,15,18.81625,16.0,27.093771389459274,2025,6.0,True,-2.191749999999999,2019-25,25-27
00-0036407,Jerry Jeudy,WR,14.81764705882353,17,7.1000000000000005,17.0,26.38193018480493,2025,23.0,True,-7.7176470588235295,2019-25,25-27
00-0036410,Tee Higgins,WR,18.758333333333336,12,14.206666666666667,15.0,26.64476386036961,2025,5.0,True,-4.551666666666669,2019-25,25-27
00-0036414,Cam Akers,RB,5.825,16,1.7950000000000002,4.0,26.220396988364133,2025,53.0,False,-4.03,2019-25,25-26
00-0036415,Van Jefferson,WR,4.24,15,5.0,14.0,29.125256673511295,2025,105.0,True,0.7599999999999998,2019-25,28-29
00-0036422,Adam Trautman,TE,3.369230769230769,13,3.5,13.0,28.594113620807665,2025,52.0,True,0.1307692307692312,2019-25,28-29
00-0036425,DeeJay Dallas,RB,1.3125,16,0.42000000000000004,5.0,26.98425735797399,2025,91.0,False,-0.8925,2019-25,25-26
00-0036427,Tyler Johnson,WR,5.554545454545455,11,4.188888888888889,9.0,27.044490075290895,2025,93.0,True,-1.3656565656565656,2019-25,25-27
00-0036429,Charlie Woerner,TE,0.9666666666666667,12,1.8285714285714287,7.0,27.901437371663246,2025,78.0,False,0.8619047619047621,2019-25,25-27
00-0036442,Joe Burrow,QB,22.871764705882352,17,16.8075,8.0,28.750171115674195,2025,3.0,True,-6.064264705882351,2019-25,28-29
00-0036497,Tim Jones,WR,0.8875,8,1.25,2.0,27.32375085557837,2025,148.0,False,0.36250000000000004,2019-25,25-27
00-0036527,DJ Turner,WR,3.9250000000000003,12,0.0,1.0,28.643394934976044,2025,113.0,False,-3.9250000000000003,2019-25,28-29
00-0036550,Rashod Bateman,WR,11.006250000000001,16,4.261538461538462,13.0,25.782340862423,2025,42.0,True,-6.744711538461539,2019-25,25-27
00-0036554,Nico Collins,WR,18.05,12,15.38,15.0,26.480492813141684,2025,7.0,True,-2.67,2019-25,25-27
00-0036555,Chuba Hubbard,RB,16.90666666666667,15,8.360000000000001,15.0,26.250513347022586,2025,13.0,True,-8.546666666666669,2019-25,25-26
00-0036590,Quintin Morris,TE,1.4600000000000002,10,1.5909090909090908,11.0,26.636550308008214,2025,72.0,True,0.13090909090909064,2019-25,25-27
00-0036613,Jaylen Waddle,WR,10.173333333333334,15,12.22625,16.0,26.792607802874745,2025,49.0,True,2.0529166666666665,2019-25,25-27
00-0036626,Dyami Brown,WR,4.493333333333334,15,4.5181818181818185,11.0,25.859000684462696,2025,104.0,True,0.024848484848484453,2019-25,25-27
00-0036628,John Bates,TE,1.1076923076923078,13,2.73,10.0,27.84394250513347,2025,76.0,True,1.6223076923076922,2019-25,25-27
00-0036630,Tylan Wallace,WR,3.1500000000000004,12,1.3181818181818181,11.0,26.32991101984942,2025,118.0,True,-1.8318181818181822,2019-25,25-27
00-0036635,Ihmir Smith-Marsette,WR,0.4,15,,,26.034223134839152,2025,154.0,False,,2019-25,25-27
00-0036637,Noah Gray,TE,7.08125,16,2.771428571428572,14.0,26.365503080082135,2025,29.0,True,-4.3098214285714285,2019-25,25-27
00-0036754,Brock Wright,TE,3.1818181818181817,11,4.6000000000000005,8.0,26.78713210130048,2025,57.0,True,1.4181818181818189,2019-25,25-27
00-0036825,Feleipe Franks,TE,0.24444444444444446,9,0.04,10.0,27.718001368925393,2025,79.0,True,-0.20444444444444446,2019-25,25-27
00-0036849,Tutu Atwell,WR,6.593333333333334,15,3.9,8.0,25.927446954141,2025,86.0,True,-2.693333333333334,2019-25,25-27
00-0036862,Ben Skowronek,WR,1.3222222222222222,9,1.05625,16.0,28.205338809034906,2025,145.0,True,-0.2659722222222223,2019-25,28-29
00-0036875,Rhamondre Stevenson,RB,11.926666666666668,15,12.985714285714286,14.0,27.54551676933607,2025,28.0,True,1.0590476190476181,2019-25,27-28
00-0036876,Kylen Granson,TE,2.0125,16,0.9166666666666666,12.0,27.457905544147845,2025,66.0,True,-1.0958333333333337,2019-25,25-27
00-0036877,Jaelon Darden,WR,0.14545454545454548,11,,,26.65571526351814,2025,156.0,False,,2019-25,25-27
00-0036887,Luke Farrell,TE,1.5583333333333333,12,2.269230769230769,13.0,27.906913073237508,2025,70.0,True,0.7108974358974358,2019-25,25-27
00-0036893,Najee Harris,RB,12.564705882352941,17,3.866666666666667,3.0,27.50718685831622,2025,25.0,False,-8.698039215686274,2019-25,27-28
00-0036894,Pat Freiermuth,TE,10.01764705882353,17,7.673333333333334,15.0,26.87748117727584,2025,14.0,True,-2.3443137254901956,2019-25,25-27
00-0036900,Ja'Marr Chase,WR,24.529411764705884,17,20.25625,16.0,25.527720739219713,2025,1.0,True,-4.273161764705883,2019-25,25-27
00-0036906,Khalil Herbert,RB,2.8636363636363638,11,1.32,5.0,27.38945927446954,2025,78.0,False,-1.5436363636363637,2019-25,27-28
00-0036912,DeVonta Smith,WR,15.569230769230769,13,12.047058823529412,17.0,26.822724161533195,2025,15.0,True,-3.5221719457013574,2019-25,25-27
00-0036919,Kenny Gainwell,RB,3.682352941176471,17,13.01764705882353,17.0,26.494182067077343,2025,67.0,True,9.33529411764706,2019-25,25-26
00-0036945,Justin Fields,QB,11.914,10,15.851111111111111,9.0,26.518822724161534,2025,32.0,True,3.9371111111111112,2019-25,25-27
00-0036950,Avery Williams,RB,0.0,17,0.0,1.0,27.156741957563312,2025,98.5,False,0.0,2019-25,27-28
00-0036963,Amon-Ra St. Brown,WR,18.951764705882354,17,19.5,17.0,25.880903490759753,2025,4.0,True,0.5482352941176458,2019-25,25-27
00-0036970,Kyle Pitts,TE,7.717647058823529,17,12.488235294117647,17.0,24.928131416837783,2025,22.0,True,4.7705882352941185,2019-25,25-27
00-0036971,Trevor Lawrence,QB,14.52,10,19.89294117647059,17.0,25.930184804928132,2025,23.0,True,5.37294117647059,2019-25,25-27
00-0036972,Mac Jones,QB,9.608,10,11.82181818181818,11.0,27.014373716632445,2025,36.0,True,2.21381818181818,2019-25,25-27
00-0036973,Travis Etienne,RB,8.68,15,15.28823529411765,17.0,26.622861054072555,2025,38.0,True,6.60823529411765,2019-25,25-26
00-0036980,Elijah Moore,WR,7.2,17,3.1777777777777776,9.0,25.456536618754278,2025,75.0,True,-4.022222222222222,2019-25,25-27
00-0036984,Trey Sermon,RB,3.586666666666667,15,0.0,3.0,26.611909650924023,2025,70.0,False,-3.586666666666667,2019-25,25-26
00-0036988,Josh Palmer,WR,7.16,15,4.358333333333333,12.0,25.968514715947983,2025,76.0,True,-2.8016666666666667,2019-25,25-27
00-0036997,Javonte Williams,RB,9.288235294117648,17,15.55,16.0,25.377138945927445,2025,37.0,True,6.261764705882353,2019-25,25-26
00-0037004,Hunter Long,TE,1.7272727272727273,11,4.642857142857143,7.0,27.06091718001369,2025,67.0,False,2.9155844155844157,2019-25,25-27
00-0037005,Tommy Tremble,TE,5.64,10,4.260000000000001,15.0,25.27310061601643,2025,36.0,True,-1.379999999999999,2019-25,25-27
00-0037086,Grant Calcaterra,TE,3.986666666666667,15,2.511111111111111,9.0,26.767967145790553,2025,48.0,True,-1.4755555555555557,2019-25,25-27
00-0037091,Bo Melton,WR,1.730769230769231,13,1.8615384615384618,13.0,26.316221765913756,2025,136.0,True,0.13076923076923075,2019-25,25-27
00-0037120,Tyler Goodson,RB,3.1714285714285717,14,0.52,10.0,24.83230663928816,2025,75.0,True,-2.6514285714285717,2019-25,25-26
00-0037156,Irvin Charles,WR,0.0,8,,,28.410677618069816,2025,158.5,False,,2019-25,28-29
00-0037228,Jaylen Warren,RB,8.273333333333333,15,13.94375,16.0,26.858316221765914,2025,42.0,True,5.670416666666666,2019-25,25-26
00-0037231,Kevin Austin Jr.,WR,3.375,8,6.6,5.0,25.44832306639288,2025,116.0,False,3.2249999999999996,2019-25,25-27
00-0037238,Drake London,WR,16.78235294117647,17,17.45,12.0,24.13141683778234,2025,13.0,True,0.6676470588235297,2019-25,<=24
00-0037239,Chris Olave,WR,9.775,8,17.03125,16.0,25.204654346338124,2025,53.0,True,7.25625,2019-25,25-27
00-0037240,Jameson Williams,WR,14.446666666666667,15,13.288235294117648,17.0,24.459958932238195,2025,24.0,True,-1.1584313725490194,2019-25,<=24
00-0037247,George Pickens,WR,11.957142857142857,14,17.61176470588235,17.0,24.520191649555098,2025,36.0,True,5.6546218487394935,2019-25,25-27
00-0037248,James Cook,RB,17.41875,16,19.658823529411766,17.0,25.960301163586585,2025,11.0,True,2.2400735294117666,2019-25,25-26
00-0037256,Rachaad White,RB,13.306666666666667,15,8.411764705882353,17.0,26.661190965092402,2025,21.0,True,-4.894901960784313,2019-25,25-26
00-0037258,Dameon Pierce,RB,4.65,10,0.72,5.0,25.557837097878167,2025,59.0,False,-3.9300000000000006,2019-25,25-26
00-0037261,Khalil Shakir,WR,12.366666666666667,15,10.49375,16.0,25.60164271047228,2025,34.0,True,-1.8729166666666668,2019-25,25-27
00-0037263,Tyler Allgeier,RB,6.423529411764706,17,7.235294117647059,17.0,25.404517453798768,2025,47.0,True,0.8117647058823527,2019-25,25-26
00-0037267,Jerome Ford,RB,9.571428571428571,14,3.353846153846154,13.0,25.9958932238193,2025,35.0,True,-6.217582417582417,2019-25,25-26
00-0037276,Ty Chandler,RB,2.028571428571429,14,2.9333333333333336,3.0,27.33196440793977,2025,87.0,False,0.9047619047619047,2019-25,27-28
00-0037291,Jalen Nailor,WR,7.0,15,6.011764705882353,17.0,26.527036276522928,2025,83.0,True,-0.9882352941176471,2019-25,25-27
00-0037292,Andrew Ogletree,TE,2.158333333333333,12,1.1545454545454545,11.0,27.121149897330596,2025,64.0,True,-1.0037878787878787,2019-25,25-27
00-0037429,Raheem Blackshear,RB,0.5,16,,,27.266255989048595,2025,97.0,False,,2019-25,27-28
00-0037475,Stone Smartt,TE,3.8666666666666663,9,2.033333333333333,6.0,26.934976043805612,2025,49.0,False,-1.833333333333333,2019-25,25-27
00-0037525,Jordan Mason,RB,10.333333333333334,12,8.24375,16.0,26.299794661190965,2025,32.0,True,-2.0895833333333336,2019-25,25-26
00-0037539,Lucas Krull,TE,3.4200000000000004,10,1.75,2.0,27.16769336071184,2025,51.0,False,-1.6700000000000004,2019-25,25-27
00-0037594,Julius Chestnut,RB,1.1083333333333334,12,0.25,16.0,24.87337440109514,2025,94.0,True,-0.8583333333333334,2019-25,25-26
00-0037614,John Metchie III,WR,5.540000000000001,10,5.5307692307692315,13.0,25.14715947980835,2025,94.0,True,-0.009230769230769376,2019-25,25-27
00-0037617,Hassan Haskins,RB,2.733333333333333,12,0.9090909090909091,11.0,25.790554414784395,2025,79.0,True,-1.8242424242424238,2019-25,25-26
00-0037664,Alec Pierce,WR,10.36875,16,12.42,15.0,25.357973990417523,2025,48.0,True,2.0512499999999996,2019-25,25-27
00-0037666,Jalen Tolbert,WR,8.941176470588236,17,3.858333333333333,12.0,26.535249828884325,2025,57.0,True,-5.082843137254903,2019-25,25-27
00-0037740,Garrett Wilson,WR,15.170588235294119,17,14.214285714285714,7.0,25.136208076659823,2025,19.0,False,-0.9563025210084053,2019-25,25-27
00-0037741,Jahan Dotson,WR,2.992857142857143,14,3.3466666666666667,15.0,25.470225872689937,2025,119.0,True,0.3538095238095238,2019-25,25-27
00-0037744,Trey McBride,TE,15.51875,16,18.847058823529412,17.0,25.801505817932924,2025,3.0,True,3.3283088235294116,2019-25,25-27
00-0037746,Brian Robinson,RB,12.057142857142859,14,3.6764705882352944,17.0,26.472279260780287,2025,27.0,True,-8.380672268907563,2019-25,25-26
00-0037801,KaVontae Turpin,WR,6.129411764705883,17,5.633333333333334,15.0,29.10609171800137,2025,90.0,True,-0.49607843137254903,2019-25,28-29
00-0037805,Jeremy Ruckert,TE,2.0357142857142856,14,3.3500000000000005,14.0,25.08145106091718,2025,65.0,True,1.314285714285715,2019-25,25-27
00-0037809,Chig Okonkwo,TE,7.1000000000000005,16,7.294117647058823,17.0,26.00684462696783,2025,28.0,True,0.19411764705882284,2019-25,25-27
00-0037816,Romeo Doubs,WR,10.161538461538461,13,10.3375,16.0,25.409993155373034,2025,50.0,True,0.1759615384615394,2019-25,25-27
00-0037834,Brock Purdy,QB,17.790666666666667,15,19.70888888888889,9.0,25.7056810403833,2025,10.0,True,1.918222222222223,2019-25,25-27
00-0037837,Calvin Austin III,WR,7.105882352941176,17,6.1571428571428575,14.0,26.466803559206024,2025,79.0,True,-0.9487394957983186,2019-25,25-27
00-0037838,Isaiah Likely,TE,8.346666666666668,15,5.141666666666667,12.0,25.39630390143737,2025,19.0,True,-3.205000000000001,2019-25,25-27
00-0037840,Kyren Williams,RB,17.75625,16,15.664705882352942,17.0,25.0403832991102,2025,10.0,True,-2.091544117647059,2019-25,25-26
00-0038040,Zamir White,RB,3.6625,8,1.92,5.0,25.97946611909651,2025,68.0,False,-1.7425000000000002,2019-25,25-26
00-0038041,Jake Ferguson,TE,7.457142857142857,14,11.064705882352941,17.0,26.64476386036961,2025,25.0,True,3.6075630252100837,2019-25,25-27
00-0038046,Charlie Kolar,TE,2.83,10,2.784615384615385,13.0,26.581793292265573,2025,59.0,True,-0.045384615384615135,2019-25,25-27
00-0038098,Pierre Strong,RB,2.707692307692308,13,,,26.751540041067763,2025,80.0,False,,2019-25,25-26
00-0038115,Daniel Bellinger,TE,2.2083333333333335,12,4.584615384615384,13.0,24.966461327857633,2025,63.0,True,2.376282051282051,2019-25,25-27
00-0038117,Wan'Dale Robinson,WR,10.747058823529413,17,13.9,16.0,24.67898699520876,2025,43.0,True,3.1529411764705877,2019-25,25-27
00-0038120,Breece Hall,RB,15.3375,16,13.72875,16.0,24.279260780287473,2025,17.0,True,-1.6087500000000006,2019-25,<=24
00-0038124,Christian Watson,WR,7.735714285714286,14,13.39,10.0,26.33264887063655,2025,72.0,True,5.654285714285715,2019-25,25-27
00-0038129,Cade Otton,TE,10.15,14,8.146666666666667,15.0,26.406570841889117,2025,12.0,True,-2.003333333333334,2019-25,25-27
00-0038134,Kenneth Walker III,RB,16.745454545454546,11,11.641176470588235,17.0,24.889801505817932,2025,14.0,True,-5.104278074866311,2019-25,25-26
00-0038359,Xavier Smith,WR,0.4428571428571429,14,3.0187500000000003,16.0,27.969883641341546,2025,152.0,True,2.575892857142857,2019-25,25-27
00-0038393,Dontayvion Wicks,WR,6.5,17,5.8307692307692305,13.0,24.23545516769336,2025,87.0,True,-0.6692307692307695,2019-25,<=24
00-0038396,Eric Gray,RB,1.3785714285714286,14,0.0,1.0,25.8507871321013,2025,90.0,False,-1.3785714285714286,2019-25,25-26
00-0038488,Brady Russell,RB,0.0,8,0.0,10.0,27.028062970568104,2025,98.5,True,0.0,2019-25,27-28
00-0038496,Xavier Gipson,WR,0.9647058823529411,17,0.43333333333333335,6.0,24.50924024640657,2025,147.0,False,-0.5313725490196077,2019-25,25-27
00-0038542,Bijan Robinson,RB,20.982352941176472,17,22.870588235294118,17.0,23.61122518822724,2025,4.0,True,1.8882352941176457,2019-25,<=24
00-0038543,Jaxon Smith-Njigba,WR,15.147058823529411,17,21.964705882352945,17.0,23.57015742642026,2025,20.0,True,6.817647058823534,2019-25,<=24
00-0038544,Quentin Johnston,WR,11.846666666666668,15,13.284615384615384,13.0,24.01095140314853,2025,38.0,True,1.437948717948716,2019-25,<=24
00-0038547,Luke Schoonmaker,TE,4.758333333333334,12,1.942857142857143,14.0,26.951403148528406,2025,40.0,True,-2.8154761904761907,2019-25,25-27
00-0038555,Tank Bigsby,RB,8.4375,16,3.7866666666666666,15.0,23.030800821355236,2025,41.0,True,-4.650833333333333,2019-25,<=24
00-0038558,Darnell Washington,TE,3.4615384615384617,13,5.6461538461538465,13.0,24.06570841889117,2025,50.0,True,2.184615384615385,2019-25,<=24
00-0038559,Michael Wilson,WR,7.78125,16,13.241176470588234,17.0,25.54688569472964,2025,71.0,True,5.459926470588234,2019-25,25-27
00-0038563,Tre Tucker,WR,7.605882352941177,17,9.6,17.0,24.50924024640657,2025,73.0,True,1.9941176470588227,2019-25,25-27
00-0038573,Derius Davis,WR,2.6733333333333333,15,0.3181818181818182,11.0,24.996577686516083,2025,125.0,True,-2.355151515151515,2019-25,25-27
00-0038579,Aidan O'Connell,QB,10.386666666666667,9,4.78,1.0,27.025325119780973,2025,33.0,False,-5.6066666666666665,2019-25,25-27
00-0038589,Josh Whyle,TE,4.053333333333334,15,2.433333333333333,6.0,26.00684462696783,2025,46.0,False,-1.6200000000000006,2019-25,25-27
00-0038597,Chase Brown,RB,16.125,16,17.15294117647059,17.0,25.472963723477072,2025,15.0,True,1.0279411764705912,2019-25,25-26
00-0038606,Parker Washington,WR,7.035714285714286,14,11.73125,16.0,23.474332648870636,2025,82.0,True,4.695535714285714,2019-25,<=24
00-0038608,Kayshon Boutte,WR,8.226666666666667,15,8.971428571428572,14.0,23.345653661875428,2025,67.0,True,0.744761904761905,2019-25,<=24
00-0038618,Xavier Hutchinson,WR,1.6928571428571428,14,6.125,16.0,25.27583846680356,2025,138.0,True,4.432142857142857,2019-25,25-27
00-0038619,Andrei Iosivas,WR,7.052941176470589,17,5.993333333333334,15.0,25.905544147843944,2025,81.0,True,-1.0596078431372549,2019-25,25-27
00-0038621,DeMario Douglas,WR,9.231250000000001,16,6.08125,16.0,24.75564681724846,2025,55.0,True,-3.1500000000000012,2019-25,25-27
00-0038636,Kenny McIntosh,RB,2.0363636363636366,11,,,25.522245037645447,2025,86.0,False,,2019-25,25-26
00-0038640,Jalen Brooks,WR,2.975,12,1.6200000000000003,5.0,25.34428473648186,2025,120.0,False,-1.3549999999999998,2019-25,25-27
00-0038678,Jordan Mims,RB,3.2624999999999997,8,0.0,1.0,26.236824093086927,2025,73.0,False,-3.2624999999999997,2019-25,25-26
00-0038685,Chris Brooks,RB,3.8363636363636364,11,1.9235294117647062,17.0,25.66461327857632,2025,64.0,True,-1.9128342245989303,2019-25,25-26
00-0038705,Emari Demercado,RB,4.207692307692308,13,4.858333333333333,12.0,26.639288158795345,2025,62.0,True,0.6506410256410255,2019-25,25-26
00-0038720,Julian Hill,TE,1.5714285714285714,14,2.8181818181818183,11.0,25.17180013689254,2025,69.0,True,1.246753246753247,2019-25,25-27
00-0038738,Hunter Luepke,RB,1.9214285714285715,14,2.642857142857143,14.0,25.533196440793976,2025,88.0,True,0.7214285714285713,2019-25,25-26
00-0038752,Jake Bobo,WR,2.475,12,0.8,5.0,27.10198494182067,2025,127.0,False,-1.675,2019-25,25-27
00-0038783,Nate Adkins,TE,2.9,15,2.8000000000000003,6.0,26.17385352498289,2025,58.0,False,-0.09999999999999964,2019-25,25-27
00-0038794,Jaleel McLaughlin,RB,6.075,16,3.9250000000000003,8.0,24.99110198494182,2025,49.0,True,-2.15,2019-25,25-26
00-0038797,Emanuel Wilson,RB,5.647058823529412,17,5.73529411764706,17.0,26.34360027378508,2025,54.0,True,0.08823529411764763,2019-25,25-26
00-0038821,Rakim Jarrett,WR,2.6750000000000003,8,,,24.62696783025325,2025,124.0,False,,2019-25,25-27
00-0038824,Ryan Miller,WR,4.088888888888889,9,1.2666666666666666,9.0,25.555099247091032,2025,108.0,True,-2.822222222222222,2019-25,25-27
00-0038933,Dalton Kincaid,TE,7.753846153846154,13,10.758333333333333,12.0,25.897330595482547,2025,21.0,True,3.004487179487179,2019-25,25-27
00-0038935,Brenton Strange,TE,6.507142857142857,14,9.833333333333334,12.0,24.70362765229295,2025,31.0,True,3.326190476190477,2019-25,25-27
00-0038938,Jalin Hyatt,WR,1.42,10,1.4166666666666667,6.0,23.958932238193018,2025,144.0,False,-0.0033333333333331883,2019-25,<=24
00-0038951,Sean Tucker,RB,4.2176470588235295,17,5.552941176470589,17.0,23.876796714579054,2025,61.0,True,1.3352941176470594,2019-25,<=24
00-0038976,Marvin Mims Jr.,WR,7.794117647058823,17,6.333333333333333,15.0,23.479808350444902,2025,70.0,True,-1.4607843137254903,2019-25,<=24
00-0038977,Tank Dell,WR,10.107142857142858,14,,,25.867214236824093,2025,51.0,False,,2019-25,25-27
00-0038979,Cedric Tillman,WR,8.933333333333334,9,5.0,12.0,25.39356605065024,2025,58.0,True,-3.9333333333333336,2019-25,25-27
00-0038994,Jordan Addison,WR,14.366666666666667,15,9.864285714285714,14.0,23.619438740588638,2025,25.0,True,-4.502380952380953,2019-25,<=24
00-0038996,Tucker Kraft,TE,9.605882352941178,17,15.024999999999999,8.0,24.851471594798085,2025,15.0,True,5.419117647058821,2019-25,25-27
00-0038997,Josh Downs,WR,13.214285714285714,14,8.65,16.0,24.079397672826833,2025,29.0,True,-4.564285714285713,2019-25,<=24
00-0038998,Jake Haener,QB,1.655,8,,,26.50513347022587,2025,39.0,False,,2019-25,25-27
00-0039021,Roschon Johnson,RB,5.953846153846154,13,0.2833333333333334,6.0,24.607802874743328,2025,51.0,False,-5.670512820512821,2019-25,25-26
00-0039032,Tyjae Spears,RB,9.466666666666667,12,8.592307692307692,13.0,24.238193018480494,2025,36.0,True,-0.8743589743589748,2019-25,<=24
00-0039040,De'Von Achane,RB,17.99411764705882,17,20.925,16.0,23.90965092402464,2025,8.0,True,2.930882352941179,2019-25,<=24
00-0039041,Elijah Higgins,TE,3.2800000000000002,15,3.4176470588235297,17.0,24.870636550308006,2025,55.0,True,0.13764705882352946,2019-25,25-27
00-0039050,Payne Durham,TE,4.3125,8,0.2625,8.0,25.23750855578371,2025,42.0,True,-4.05,2019-25,25-27
00-0039052,Trey Palmer,WR,2.3466666666666667,15,,,24.44079397672827,2025,129.0,False,,2019-25,<=24
00-0039062,Jonathan Mingo,WR,2.3000000000000003,14,0.7,5.0,24.39151266255989,2025,131.0,False,-1.6000000000000003,2019-25,<=24
00-0039064,Zay Flowers,WR,12.764705882352942,17,14.576470588235296,17.0,24.996577686516083,2025,32.0,True,1.8117647058823536,2019-25,25-27
00-0039065,Sam LaPorta,TE,11.00625,16,11.877777777777778,9.0,24.659822039698838,2025,9.0,True,0.8715277777777786,2019-25,25-27
00-0039066,Michael Mayer,TE,3.3272727272727276,11,5.676923076923076,13.0,24.18069815195072,2025,53.0,True,2.3496503496503487,2019-25,<=24
00-0039075,Puka Nacua,WR,19.463636363636365,11,24.40625,16.0,24.28473648186174,2025,2.0,True,4.942613636363635,2019-25,<=24
00-0039139,Jahmyr Gibbs,RB,22.229411764705883,17,22.494117647058825,17.0,23.477070499657767,2025,2.0,True,0.264705882352942,2019-25,<=24
00-0039146,Jayden Reed,WR,11.852941176470589,17,9.7,5.0,25.36892539356605,2025,37.0,False,-2.1529411764705895,2019-25,25-27
00-0039150,Bryce Young,QB,13.930000000000001,14,14.1275,16.0,24.128678986995208,2025,24.0,True,0.197499999999998,2019-25,<=24
00-0039152,Will Levis,QB,9.995000000000001,12,,,26.206707734428473,2025,34.0,False,,2019-25,25-27
00-0039163,C.J. Stroud,QB,12.963529411764705,17,14.895714285714286,14.0,23.93702943189596,2025,29.0,True,1.9321848739495806,2019-25,<=24
00-0039164,Anthony Richardson,QB,14.850909090909092,11,1.0799999999999998,2.0,23.304585900068446,2025,21.0,False,-13.770909090909091,2019-25,<=24
00-0039165,Zach Charbonnet,RB,11.170588235294119,17,11.525,16.0,24.670773442847366,2025,30.0,True,0.35441176470588154,2019-25,25-26
00-0039236,Johnny Wilson,WR,1.48,10,,,24.438056125941138,2025,140.0,False,,2019-25,<=24
00-0039325,Carson Steele,RB,1.8384615384615384,13,,,22.888432580424368,2025,89.0,False,,2019-25,<=24
00-0039337,Malik Nabers,WR,18.540000000000003,15,14.65,4.0,22.12183436002738,2025,6.0,False,-3.8900000000000023,2019-25,<=24
00-0039338,Brock Bowers,TE,15.629411764705882,17,14.933333333333332,12.0,22.743326488706366,2025,2.0,True,-0.6960784313725501,2019-25,<=24
00-0039342,Xavier Legette,WR,8.34,15,5.953333333333334,15.0,24.61327857631759,2025,65.0,True,-2.386666666666666,2019-25,25-27
00-0039355,Luke McCaffrey,WR,2.6769230769230767,13,5.7,9.0,24.44079397672827,2025,123.0,True,3.0230769230769234,2019-25,<=24
00-0039356,Ja'Tavion Sanders,TE,4.88,15,4.5,12.0,22.458590006844627,2025,39.0,True,-0.3799999999999999,2019-25,<=24
00-0039359,Cade Stover,TE,2.4499999999999997,14,3.316666666666667,6.0,25.245722108145106,2025,61.0,False,0.8666666666666671,2019-25,25-27
00-0039361,Bucky Irving,RB,14.905882352941177,17,14.0,10.0,23.06091718001369,2025,19.0,True,-0.9058823529411768,2019-25,<=24
00-0039363,Isaac Guerendo,RB,6.0125,16,0.0,7.0,25.201916495550993,2025,50.0,False,-6.0125,2019-25,25-26
00-0039364,Sione Vaki,RB,0.8999999999999999,9,0.05,8.0,24.11498973305955,2025,95.0,True,-0.8499999999999999,2019-25,<=24
00-0039365,Jacob Cowing,WR,0.8466666666666666,15,,,24.5968514715948,2025,150.0,False,,2019-25,25-27
00-0039373,Audric Estimé,RB,3.746153846153846,13,9.62,5.0,22.012320328542096,2025,66.0,False,5.873846153846153,2019-25,<=24
00-0039384,Tyrone Tracy Jr.,RB,11.25294117647059,17,10.92,15.0,25.79876796714579,2025,29.0,True,-0.3329411764705892,2019-25,25-26
00-0039391,Kimani Vidal,RB,3.6333333333333337,9,9.761538461538462,13.0,24.035592060232716,2025,69.0,True,6.128205128205129,2019-25,<=24
00-0039392,Jha'Quan Jackson,WR,0.10833333333333334,12,,,25.322381930184804,2025,157.0,False,,2019-25,25-27
00-0039410,Ryan Flournoy,WR,2.0222222222222226,9,7.8,15.0,25.872689938398356,2025,132.0,True,5.777777777777777,2019-25,25-27
00-0039424,Devaughn Vele,WR,8.192307692307692,13,7.366666666666666,9.0,27.745379876796715,2025,68.0,True,-0.8256410256410254,2019-25,25-27
00-0039451,Isaiah Williams,WR,0.325,8,4.046666666666667,15.0,24.61327857631759,2025,155.0,True,3.7216666666666667,2019-25,25-27
00-0039491,Jalen Coker,WR,8.55090909090909,11,8.218181818181819,11.0,23.863107460643395,2025,63.0,True,-0.3327272727272721,2019-25,<=24
00-0039530,Brevyn Spann-Ford,TE,1.6181818181818182,11,1.5,16.0,25.7056810403833,2025,68.0,True,-0.11818181818181817,2019-25,25-27
00-0039623,Mason Tipton,WR,2.6555555555555554,9,2.5500000000000003,8.0,24.95277207392197,2025,126.0,True,-0.10555555555555518,2019-25,25-27
00-0039650,Bryce Oliver,WR,1.9375000000000002,8,0.9,2.0,25.311430527036276,2025,133.0,False,-1.0375,2019-25,25-27
00-0039732,Bo Nix,QB,18.658823529411762,17,17.93176470588235,17.0,25.541409993155373,2025,8.0,True,-0.7270588235294113,2019-25,25-27
00-0039737,Tip Reiman,TE,1.2125,8,1.5999999999999999,3.0,23.980835044490075,2025,74.0,False,0.38749999999999996,2019-25,<=24
00-0039738,Blake Corum,RB,2.2333333333333334,15,7.364705882352942,17.0,24.791238877481177,2025,84.0,True,5.131372549019608,2019-25,25-26
00-0039746,Will Shipley,RB,1.2076923076923076,13,1.3928571428571428,14.0,23.033538672142367,2025,92.0,True,0.18516483516483517,2019-25,<=24
00-0039751,Jordan Whittington,WR,3.75,14,2.4200000000000004,15.0,24.941820670773442,2025,115.0,True,-1.3299999999999996,2019-25,25-27
00-0039793,AJ Barner,TE,5.233333333333333,15,8.664705882352942,17.0,23.356605065023956,2025,38.0,True,3.431372549019609,2019-25,<=24
00-0039794,Braelon Allen,RB,5.011764705882353,17,3.825,4.0,21.639972621492127,2025,57.0,False,-1.1867647058823527,2019-25,<=24
00-0039798,Isaiah Davis,RB,3.5307692307692307,13,4.45,16.0,23.550992470910334,2025,71.0,True,0.9192307692307695,2019-25,<=24
00-0039810,Jermaine Burton,WR,1.8375000000000001,8,,,24.202600958247775,2025,134.0,False,,2019-25,<=24
00-0039814,Erick All,TE,4.4750000000000005,8,,,24.99110198494182,2025,41.0,False,,2019-25,25-27
00-0039816,Anthony Gould,WR,0.41250000000000003,8,0.23636363636363636,11.0,24.42984257357974,2025,153.0,True,-0.17613636363636367,2019-25,<=24
00-0039847,Theo Johnson,TE,6.1909090909090905,11,8.52,15.0,24.536618754277892,2025,34.0,True,2.329090909090909,2019-25,25-27
00-0039849,Marvin Harrison Jr.,WR,11.735294117647058,17,10.65,12.0,23.082819986310746,2025,40.0,True,-1.0852941176470576,2019-25,<=24
00-0039851,Drake Maye,QB,13.626153846153848,13,20.70352941176471,17.0,23.030800821355236,2025,25.0,True,7.077375565610861,2019-25,<=24
00-0039855,Jalen McMillan,WR,10.415384615384616,13,7.85,4.0,23.759069130732374,2025,47.0,False,-2.565384615384616,2019-25,<=24
00-0039868,Troy Franklin,WR,4.1937500000000005,16,10.41764705882353,17.0,22.5927446954141,2025,106.0,True,6.223897058823529,2019-25,<=24
00-0039874,Jaylen Wright,RB,2.053846153846154,13,5.688888888888889,9.0,22.444900752908968,2025,85.0,True,3.635042735042735,2019-25,<=24
00-0039875,Ray Davis,RB,6.829411764705883,17,3.9470588235294124,17.0,25.806981519507186,2025,45.0,True,-2.8823529411764706,2019-25,25-26
00-0039880,Malik Washington,WR,4.057142857142857,14,6.864705882352942,17.0,24.889801505817932,2025,109.5,True,2.8075630252100847,2019-25,25-27
00-0039890,Adonai Mitchell,WR,3.1623529411764704,17,5.5875,16.0,22.924024640657084,2025,117.0,True,2.42514705882353,2019-25,<=24
00-0039893,Brian Thomas Jr.,WR,17.058823529411764,17,9.914285714285715,14.0,22.924024640657084,2025,12.0,True,-7.14453781512605,2019-25,<=24
00-0039894,Xavier Worthy,WR,11.7,16,7.8500000000000005,14.0,22.373716632443532,2025,41.0,True,-3.8499999999999988,2019-25,<=24
00-0039901,Keon Coleman,WR,8.692307692307692,13,8.658333333333333,12.0,22.31895961670089,2025,61.0,True,-0.03397435897435841,2019-25,<=24
00-0039907,Ja'Lynn Polk,WR,2.3357142857142854,14,,,23.416837782340863,2025,130.0,False,,2019-25,<=24
00-0039910,Jayden Daniels,QB,21.10705882352941,17,16.325714285714287,7.0,24.72826830937714,2025,5.0,False,-4.781344537815123,2019-25,25-27
00-0039915,Ladd McConkey,WR,15.3375,16,11.49375,16.0,23.83025325119781,2025,16.0,True,-3.84375,2019-25,<=24
00-0039916,Ricky Pearsall,WR,8.636363636363637,11,10.177777777777779,9.0,25.00205338809035,2025,62.0,True,1.5414141414141422,2019-25,25-27
00-0039918,Caleb Williams,QB,14.97294117647059,17,18.745882352941177,17.0,23.811088295687885,2025,20.0,True,3.772941176470587,2019-25,<=24
00-0039919,Rome Odunze,WR,8.700000000000001,17,12.424999999999999,12.0,23.27173169062286,2025,60.0,True,3.724999999999998,2019-25,<=24
00-0039921,Trey Benson,RB,3.9166666666666665,12,8.85,4.0,23.134839151266256,2025,63.0,False,4.933333333333334,2019-25,<=24
