player_id,name,pos,ppg,g,ppg_next,g_next,age,year,rank0,played_next,d,band
00-0019596,Tom Brady,QB,16.48,16,21.12,16.0,43.1047227926078,2020,17.0,True,4.640000000000001,32+
00-0020531,Drew Brees,QB,20.432727272727274,11,17.456666666666667,12.0,41.65366187542779,2020,8.0,True,-2.9760606060606065,32+
00-0022127,Jason Witten,TE,8.74375,16,3.19,10.0,38.34907597535934,2020,15.0,True,-5.553750000000001,32+
00-0022921,Larry Fitzgerald,WR,11.275,16,7.761538461538462,13.0,37.02943189596167,2020,45.0,True,-3.513461538461538,32+
00-0022942,Philip Rivers,QB,14.71875,16,14.9975,16.0,38.757015742642025,2020,24.0,True,0.2787500000000005,32+
00-0022943,Benjamin Watson,TE,3.811111111111111,9,,,39.728952772073924,2020,46.0,False,,32+
00-0023459,Aaron Rodgers,QB,18.39875,16,23.95375,16.0,36.77481177275838,2020,10.0,True,5.555,32+
00-0023500,Frank Gore,RB,6.526666666666667,15,6.680000000000001,15.0,37.327857631759066,2020,59.0,True,0.15333333333333332,31+
00-0023682,Ryan Fitzpatrick,QB,16.630666666666666,15,17.082222222222224,9.0,37.79603011635866,2020,15.0,True,0.45155555555555793,32+
00-0024243,Marcedes Lewis,TE,3.0500000000000003,12,3.5181818181818185,11.0,36.31211498973306,2020,53.0,True,0.46818181818181825,32+
00-0025394,Adrian Peterson,RB,10.2,15,7.78125,16.0,35.474332648870636,2020,37.5,True,-2.4187499999999993,31+
00-0025396,Ted Ginn,WR,5.826666666666667,15,1.4,5.0,35.41409993155373,2020,93.0,False,-4.426666666666668,32+
00-0025418,Greg Olsen,TE,8.942857142857143,14,4.9,11.0,35.501711156741955,2020,14.0,True,-4.042857142857143,32+
00-0026035,Danny Amendola,WR,9.670666666666667,15,7.6000000000000005,14.0,34.85557837097878,2020,59.0,True,-2.070666666666667,32+
00-0026143,Matt Ryan,QB,17.822666666666667,15,18.1525,16.0,35.318275154004105,2020,13.0,True,0.3298333333333332,32+
00-0026158,Joe Flacco,QB,10.610000000000001,8,10.952000000000002,5.0,35.64955509924709,2020,31.0,False,0.3420000000000005,32+
00-0026498,Matthew Stafford,QB,21.82,8,16.785,16.0,32.591375770020534,2020,4.0,True,-5.035,32+
00-0027029,LeSean McCoy,RB,9.123076923076924,13,3.525,8.0,32.16427104722793,2020,43.0,True,-5.598076923076924,31+
00-0027061,Jared Cook,TE,11.964285714285714,14,8.493333333333334,15.0,33.42915811088296,2020,9.0,True,-3.4709523809523795,32+
00-0027150,Julian Edelman,WR,16.298750000000002,16,9.62,6.0,34.30527036276523,2020,9.0,False,-6.678750000000003,32+
00-0027685,Emmanuel Sanders,WR,11.458823529411765,17,11.87857142857143,14.0,33.48665297741273,2020,43.0,True,0.41974789915966504,32+
00-0027691,Andre Roberts,WR,0.43846153846153857,13,0.47333333333333333,15.0,32.67077344284736,2020,151.0,True,0.03487179487179476,32+
00-0027696,Jimmy Graham,TE,6.29375,16,8.975,16.0,33.79603011635866,2020,29.0,True,2.6812499999999995,32+
00-0027874,Demaryius Thomas,WR,7.754545454545456,11,,,32.71184120465435,2020,71.0,False,,32+
00-0027891,Golden Tate,WR,14.154545454545456,11,7.21,12.0,32.106776180698155,2020,27.0,True,-6.944545454545456,32+
00-0027944,Julio Jones,WR,18.873333333333335,15,16.733333333333334,9.0,31.586584531143053,2020,3.0,True,-2.1400000000000006,30-31
00-0027966,Mark Ingram,RB,16.966666666666665,15,5.290000000000001,10.0,30.72142368240931,2020,11.0,True,-11.676666666666664,29-30
00-0027973,Andy Dalton,QB,16.281538461538464,13,12.445454545454545,11.0,32.86789869952088,2020,21.0,True,-3.8360839160839184,32+
00-0027981,Kyle Rudolph,TE,7.58,15,5.45,12.0,30.836413415468858,2020,19.0,True,-2.13,30-31
00-0028002,Randall Cobb,WR,10.526666666666667,15,10.01,10.0,30.053388090349078,2020,52.0,True,-0.5166666666666675,30-31
00-0028042,Luke Stocker,TE,1.1083333333333334,12,1.209090909090909,11.0,32.15058179329227,2020,70.0,True,0.1007575757575756,32+
00-0028063,Taiwan Jones,RB,0.7375,8,0.0,8.0,32.12594113620808,2020,93.0,True,-0.7375,31+
00-0028064,Bilal Powell,RB,2.766666666666667,12,,,31.871321013004792,2020,79.0,False,,31+
00-0028087,Dion Lewis,RB,4.42,15,3.6999999999999997,16.0,29.95482546201232,2020,68.0,True,-0.7200000000000002,29-30
00-0028097,Lee Smith,TE,1.6375,8,3.9,5.0,32.80492813141684,2020,67.0,False,2.2625,32+
00-0028112,Charles Clay,TE,3.18,15,,,31.572895277207394,2020,51.0,False,,30-31
00-0028142,Virgil Green,TE,1.9000000000000001,12,2.8,5.0,32.10403832991102,2020,64.0,False,0.8999999999999997,32+
00-0028986,Case Keenum,QB,10.348,10,1.84,1.0,32.563997262149215,2020,32.0,False,-8.508000000000001,32+
00-0029000,Cole Beasley,WR,12.520000000000001,15,14.333333333333334,15.0,31.37577002053388,2020,36.0,True,1.8133333333333326,30-31
00-0029119,Derek Carrier,TE,2.9545454545454546,11,0.4000000000000001,6.0,30.130047912388775,2020,55.0,False,-2.5545454545454547,30-31
00-0029137,Alshon Jeffery,WR,13.744444444444445,9,3.357142857142857,7.0,30.570841889117045,2020,31.0,False,-10.387301587301588,30-31
00-0029239,Brandon Bolden,RB,3.393333333333333,15,,,30.622861054072555,2020,76.0,False,,29-30
00-0029263,Russell Wilson,QB,21.0375,16,22.48625,16.0,31.78097193702943,2020,6.0,True,1.4487499999999969,30-31
00-0029293,Marvin Jones,WR,15.146153846153847,13,14.51875,16.0,30.49965776865161,2020,20.0,True,-0.6274038461538467,30-31
00-0029572,Jarius Wright,WR,3.5562500000000004,16,,,30.792607802874745,2020,124.0,False,,30-31
00-0029587,Rhett Ellison,TE,4.07,10,,,31.93702943189596,2020,42.0,False,,30-31
00-0029604,Kirk Cousins,QB,16.294666666666664,15,19.6375,16.0,32.06023271731691,2020,20.0,True,3.342833333333335,32+
00-0029608,T.Y. Hilton,WR,12.51,10,11.046666666666669,15.0,30.822724161533195,2020,37.0,True,-1.4633333333333312,30-31
00-0029632,Mohamed Sanu,WR,8.273333333333333,15,6.285714285714286,7.0,31.052703627652292,2020,69.0,False,-1.9876190476190478,30-31
00-0029664,Josh Gordon,WR,6.7,11,,,29.412731006160165,2020,81.0,False,,28-29
00-0029701,Ryan Tannehill,QB,18.68166666666667,12,21.5225,16.0,32.12320328542094,2020,9.0,True,2.8408333333333324,32+
00-0029738,Darren Fells,TE,7.340000000000001,15,6.3500000000000005,12.0,34.38740588637919,2020,20.0,True,-0.9900000000000002,32+
00-0030035,Adam Thielen,WR,11.59,10,17.233333333333334,15.0,30.053388090349078,2020,42.0,True,5.643333333333334,30-31
00-0030061,Zach Ertz,TE,14.473333333333333,15,7.045454545454546,11.0,29.83436002737851,2020,4.0,True,-7.427878787878787,28-29
00-0030068,Marquise Goodwin,WR,4.7625,8,,,29.809719370294317,2020,104.0,False,,28-29
00-0030085,Kenny Stills,WR,9.353846153846153,13,4.485714285714286,7.0,28.386036960985628,2020,61.0,False,-4.868131868131867,28-29
00-0030108,Ryan Griffin,TE,7.653846153846154,13,1.7600000000000002,10.0,30.663928815879533,2020,17.0,True,-5.8938461538461535,30-31
00-0030155,Demetrius Harris,TE,3.5642857142857145,14,1.0454545454545454,11.0,29.11978097193703,2020,48.0,True,-2.518831168831169,28-29
00-0030181,Jack Doyle,TE,6.9875,16,4.930769230769231,13.0,30.351813826146476,2020,22.0,True,-2.056730769230769,30-31
00-0030216,Josh Hill,TE,4.685714285714285,14,2.066666666666667,9.0,30.308008213552363,2020,39.0,True,-2.619047619047618,30-31
00-0030279,Keenan Allen,WR,16.53125,16,17.935714285714287,14.0,28.372347707049965,2020,8.0,True,1.4044642857142868,28-29
00-0030288,Rex Burkhead,RB,7.776923076923077,13,10.760000000000002,10.0,30.193018480492814,2020,50.0,True,2.9830769230769247,29-30
00-0030300,Jaron Brown,WR,4.8,10,,,30.67214236824093,2020,101.0,False,,30-31
00-0030404,Chris Thompson,RB,8.50909090909091,11,7.1000000000000005,6.0,29.89185489390828,2020,48.0,False,-1.4090909090909092,29-30
00-0030431,Robert Woods,WR,15.826666666666666,15,15.50625,16.0,28.418891170431213,2020,14.0,True,-0.32041666666666657,28-29
00-0030456,Giovani Bernard,RB,4.275,16,9.88125,16.0,28.802190280629706,2020,70.0,True,5.606249999999999,27-28
00-0030465,Kenjon Barner,RB,1.2228571428571429,14,0.0,5.0,31.370294318959616,2020,90.0,False,-1.2228571428571429,31+
00-0030470,Vance McDonald,TE,5.964285714285714,14,2.4899999999999998,10.0,30.245037645448324,2020,32.0,True,-3.4742857142857146,30-31
00-0030496,Le'Veon Bell,RB,14.333333333333334,15,6.781818181818182,11.0,28.56125941136208,2020,19.0,True,-7.551515151515152,27-28
00-0030506,Travis Kelce,TE,16.08125,16,21.450666666666667,15.0,30.93223819301848,2020,2.0,True,5.369416666666666,30-31
00-0030513,Latavius Murray,RB,10.2,16,9.28,15.0,30.64476386036961,2020,37.5,True,-0.9199999999999999,29-30
00-0030525,Tavon Austin,WR,3.3857142857142857,14,1.75,4.0,30.491444216290212,2020,126.0,False,-1.6357142857142857,30-31
00-0030549,Tyler Eifert,TE,6.6625,16,5.526666666666667,15.0,30.00684462696783,2020,25.0,True,-1.1358333333333324,30-31
00-0030564,DeAndre Hopkins,WR,18.40266666666667,15,18.64375,16.0,28.262833675564682,2020,4.0,True,0.2410833333333322,28-29
00-0030578,Cordarrelle Patterson,RB,2.225,16,4.3375,16.0,29.48665297741273,2020,84.0,True,2.1125000000000003,29-30
00-0030663,Willie Snead,WR,5.9437500000000005,16,7.361538461538462,13.0,27.89869952087611,2020,92.0,True,1.4177884615384615,25-27
00-0030669,Albert Wilson,WR,6.876923076923077,13,,,28.164271047227928,2020,78.0,False,,28-29
00-0030670,Bennie Fowler,WR,5.7875,8,1.55,2.0,29.253935660506503,2020,94.0,False,-4.2375,28-29
00-0030710,Trey Burton,TE,2.8,8,6.941666666666666,12.0,28.867898699520875,2020,57.0,True,4.141666666666667,28-29
00-0030821,Allen Hurns,WR,5.971428571428571,14,,,28.829568788501028,2020,91.0,False,,28-29
00-0030874,Damien Williams,RB,13.372727272727273,11,,,28.438056125941138,2020,24.0,False,,27-28
00-0031045,Carlos Hyde,RB,10.1375,16,8.49,10.0,29.973990417522245,2020,39.0,True,-1.647499999999999,29-30
00-0031051,John Brown,WR,14.854666666666667,15,10.755555555555555,9.0,30.439425051334702,2020,23.0,True,-4.099111111111112,30-31
00-0031060,De'Anthony Thomas,WR,0.15,14,,,27.679671457905545,2020,152.0,False,,25-27
00-0031062,James White,RB,13.48,15,8.32857142857143,14.0,28.602327173169062,2020,23.0,True,-5.151428571428571,27-28
00-0031166,Seth Roberts,WR,4.292857142857143,14,2.3666666666666667,3.0,29.54962354551677,2020,112.0,False,-1.926190476190476,28-29
00-0031209,Senorise Perry,RB,0.17500000000000002,8,0.225,4.0,28.97741273100616,2020,95.0,False,0.04999999999999999,27-28
00-0031228,Taylor Gabriel,WR,10.033333333333333,9,,,29.56331279945243,2020,57.0,False,,28-29
00-0031235,Odell Beckham Jr.,WR,12.89375,16,12.402857142857142,7.0,27.8466803559206,2020,35.0,False,-0.4908928571428586,25-27
00-0031236,Brandin Cooks,WR,8.5,14,15.766666666666667,15.0,26.9596167008898,2020,67.0,True,7.2666666666666675,25-27
00-0031237,Teddy Bridgewater,QB,10.05111111111111,9,16.081333333333333,15.0,27.83299110198494,2020,33.0,True,6.030222222222223,25-27
00-0031257,Paul Richardson,WR,6.45,10,,,28.410677618069816,2020,85.0,False,,28-29
00-0031260,Logan Thomas,TE,2.6199999999999997,15,11.1325,16.0,29.196440793976727,2020,58.0,True,8.512500000000001,28-29
00-0031273,Cameron Brate,TE,6.507142857142857,14,5.246153846153846,13.0,29.190965092402465,2020,27.0,True,-1.260989010989011,28-29
00-0031280,Derek Carr,QB,15.2725,16,17.0075,16.0,29.456536618754278,2020,23.0,True,1.7349999999999994,28-29
00-0031285,Devonta Freeman,RB,14.114285714285716,14,7.2,5.0,28.490075290896645,2020,20.0,False,-6.9142857142857155,27-28
00-0031319,Diontae Spencer,WR,0.48125,16,1.2272727272727273,11.0,28.479123887748116,2020,148.0,True,0.7460227272727273,28-29
00-0031325,Sammy Watkins,WR,10.76923076923077,13,8.74,10.0,27.241615331964407,2020,48.0,True,-2.02923076923077,25-27
00-0031344,Cody Latimer,WR,4.714285714285714,14,,,27.917864476386036,2020,106.0,False,,25-27
00-0031345,Jimmy Garoppolo,QB,15.9575,16,10.723333333333334,6.0,28.856947296372347,2020,22.0,False,-5.234166666666665,28-29
00-0031381,Davante Adams,WR,18.35,12,26.35,14.0,27.71252566735113,2020,5.0,True,8.0,25-27
00-0031382,Jarvis Landry,WR,15.025,16,12.630666666666666,15.0,27.783709787816566,2020,22.0,True,-2.394333333333334,25-27
00-0031387,Eric Ebron,TE,7.863636363636363,11,9.453333333333335,15.0,27.419575633127995,2020,16.0,True,1.5896969696969716,25-27
00-0031408,Mike Evans,WR,18.24615384615385,13,15.9125,16.0,27.055441478439427,2020,6.0,True,-2.333653846153849,25-27
00-0031428,Allen Robinson,WR,16.212500000000002,16,16.806250000000002,16.0,27.04722792607803,2020,10.0,True,0.59375,25-27
00-0031503,Jameis Winston,QB,20.585,16,0.7999999999999998,3.0,26.677618069815196,2020,7.0,False,-19.785,25-27
00-0031511,DeAndrew White,WR,1.1375,8,,,28.903490759753595,2020,142.0,False,,28-29
00-0031544,Amari Cooper,WR,16.1875,16,15.175,16.0,26.234086242299796,2020,11.0,True,-1.0124999999999993,25-27
00-0031547,DeVante Parker,WR,15.7625,16,12.200000000000001,14.0,27.638603696098563,2020,16.0,True,-3.5624999999999982,25-27
00-0031549,Nelson Agholor,WR,8.681818181818182,11,11.88125,16.0,27.299110198494184,2020,65.0,True,3.199431818181818,25-27
00-0031558,Maxx Williams,TE,3.1692307692307695,13,4.033333333333334,6.0,26.414784394250514,2020,52.0,False,0.8641025641025646,25-27
00-0031570,Justin Hardy,WR,3.2083333333333335,12,,,28.73100616016427,2020,128.0,False,,28-29
00-0031585,MyCole Pruitt,TE,2.3333333333333335,9,4.38,5.0,28.465434633812457,2020,60.0,False,2.0466666666666664,28-29
00-0031588,Stefon Diggs,WR,14.773333333333333,15,21.19375,16.0,26.781656399726216,2020,24.0,True,6.420416666666668,25-27
00-0031598,Nick Boyle,TE,5.006666666666666,15,4.144444444444445,9.0,27.561943874058862,2020,37.0,True,-0.8622222222222211,25-27
00-0031610,Darren Waller,TE,14.28125,16,18.2875,16.0,27.991786447638603,2020,5.0,True,4.006250000000001,25-27
00-0031687,Raheem Mostert,RB,10.6375,16,12.4625,8.0,28.421629021218344,2020,34.0,True,1.825000000000001,27-28
00-0031744,Matt LaCosse,TE,4.0125,8,,,27.969883641341546,2020,44.0,False,,25-27
00-0031763,DeAndre Carter,WR,1.7000000000000002,16,0.13846153846153847,13.0,27.419575633127995,2020,136.0,True,-1.5615384615384618,25-27
00-0031787,Jake Kumerow,WR,3.627272727272728,11,9.2,1.0,28.56399726214921,2020,123.0,False,5.572727272727271,28-29
00-0031806,Malcolm Brown,RB,4.2214285714285715,14,6.8187500000000005,16.0,27.32375085557837,2020,71.0,True,2.597321428571429,27-28
00-0031868,Damiere Byrd,WR,6.536363636363637,11,7.760000000000001,15.0,27.619438740588638,2020,84.0,True,1.2236363636363636,25-27
00-0031941,Jamison Crowder,WR,12.356250000000001,16,14.71,12.0,27.23340177960301,2020,39.0,True,2.35375,25-27
00-0031972,Darius Jennings,WR,0.4625,8,,,28.202600958247775,2020,149.0,False,,28-29
00-0032009,Adam Humphries,WR,7.208333333333333,12,8.257142857142856,7.0,27.21423682409309,2020,75.0,False,1.0488095238095232,25-27
00-0032054,Breshad Perriman,WR,10.185714285714285,14,8.383333333333335,12.0,27.000684462696782,2020,56.0,True,-1.8023809523809504,25-27
00-0032058,Tevin Coleman,RB,9.885714285714286,14,2.1166666666666667,6.0,27.4031485284052,2020,40.0,False,-7.769047619047619,27-28
00-0032062,Blake Bell,TE,1.05,14,2.0181818181818185,11.0,29.09514031485284,2020,71.0,True,0.9681818181818185,28-29
00-0032098,Daniel Brown,TE,1.8363636363636362,11,0.6375,8.0,28.292950034223136,2020,65.0,True,-1.1988636363636362,28-29
00-0032104,Ameer Abdullah,RB,2.753333333333333,15,2.727272727272727,11.0,27.24435318275154,2020,80.0,True,-0.026060606060605895,27-28
00-0032117,Nick O'Leary,TE,3.7375,8,,,28.027378507871322,2020,47.0,False,,28-29
00-0032128,Chris Conley,WR,9.875,16,6.935714285714286,14.0,27.876796714579054,2020,58.0,True,-2.939285714285714,25-27
00-0032134,C.J. Uzomah,TE,4.514285714285714,14,11.35,2.0,27.655030800821354,2020,40.0,False,6.835714285714285,25-27
00-0032135,Jesse James,TE,2.323076923076923,13,2.9923076923076923,13.0,26.269678302532512,2020,61.0,True,0.6692307692307695,25-27
00-0032144,Melvin Gordon,RB,15.316666666666668,12,13.626666666666667,15.0,27.411362080766597,2020,15.0,True,-1.6900000000000013,27-28
00-0032160,Tyrell Williams,WR,11.123076923076923,13,,,28.577686516084874,2020,46.0,False,,28-29
00-0032187,David Johnson,RB,11.791666666666666,12,15.333333333333334,12.0,28.736481861738536,2020,29.0,True,3.541666666666668,27-28
00-0032200,Ty Montgomery,WR,2.1533333333333333,15,4.699999999999999,4.0,27.633127994524298,2020,132.0,False,2.546666666666666,25-27
00-0032208,Phillip Dorsett,WR,9.163636363636364,11,,,27.679671457905545,2020,62.0,False,,25-27
00-0032211,Tyler Lockett,WR,15.075000000000001,16,17.18125,16.0,27.95071868583162,2020,21.0,True,2.1062499999999975,25-27
00-0032214,Tyler Kroft,TE,2.1222222222222222,9,5.985714285714286,7.0,27.904175222450377,2020,62.0,False,3.8634920634920635,25-27
00-0032227,Jeff Heuerman,TE,3.925,8,,,27.794661190965094,2020,45.0,False,,25-27
00-0032241,Todd Gurley,RB,14.626666666666667,15,11.08,15.0,26.105407255304584,2020,18.0,True,-3.546666666666667,25-26
00-0032257,Duke Johnson,RB,9.625,16,7.672727272727273,11.0,26.965092402464066,2020,41.0,True,-1.9522727272727272,25-26
00-0032355,Chester Rogers,WR,4.7700000000000005,10,,,26.661190965092402,2020,102.0,False,,25-27
00-0032385,Sterling Shepard,WR,14.48,10,13.666666666666666,12.0,27.581108829568787,2020,25.0,True,-0.8133333333333344,25-27
00-0032392,Austin Hooper,TE,14.976923076923079,13,8.73076923076923,13.0,25.867214236824093,2020,3.0,True,-6.246153846153849,25-27
00-0032393,C.J. Prosise,RB,3.6,8,2.54,5.0,26.310746064339494,2020,75.0,False,-1.06,25-26
00-0032394,Nick Vannett,TE,2.4,14,2.6818181818181817,11.0,27.515400410677618,2020,59.0,True,0.28181818181818175,25-27
00-0032423,Trevor Davis,WR,2.1714285714285713,14,,,27.186858316221766,2020,131.0,False,,25-27
00-0032464,Kalif Raymond,WR,3.6875,8,1.9266666666666665,15.0,26.091718001368925,2020,121.0,True,-1.7608333333333335,25-27
00-0032543,Alex Erickson,WR,6.35875,16,1.5375,16.0,27.84394250513347,2020,86.0,True,-4.821249999999999,25-27
00-0032602,J.D. McKissic,RB,5.586666666666667,15,11.9625,16.0,27.071868583162217,2020,62.0,True,6.3758333333333335,27-28
00-0032626,Geronimo Allison,WR,5.026666666666667,15,,,26.64476386036961,2020,99.0,False,,25-27
00-0032688,Robbie Chosen,WR,10.425,16,14.2875,16.0,27.340177960301162,2020,54.0,True,3.862499999999999,25-27
00-0032741,Peyton Barber,RB,7.28125,16,3.9285714285714284,14.0,26.535249828884325,2020,54.0,True,-3.3526785714285716,25-26
00-0032764,Derrick Henry,RB,21.173333333333336,15,23.63125,16.0,26.68309377138946,2020,3.0,True,2.457916666666666,25-26
00-0032765,Michael Thomas,WR,24.35,16,12.414285714285715,7.0,27.523613963039015,2020,1.0,False,-11.935714285714287,25-27
00-0032775,Demarcus Robinson,WR,6.826666666666667,15,7.173333333333334,15.0,25.971252566735114,2020,80.0,True,0.3466666666666667,25-27
00-0032778,Tajae Sharpe,WR,6.300000000000001,13,0.0,3.0,25.71663244353183,2020,87.0,False,-6.300000000000001,25-27
00-0032780,Jordan Howard,RB,12.377777777777778,9,4.385714285714285,7.0,25.856262833675565,2020,28.0,False,-7.992063492063493,25-26
00-0032782,Wendell Smallwood,RB,1.9583333333333333,12,,,26.639288158795345,2020,85.0,False,,25-26
00-0032791,Jakeem Grant,WR,5.322222222222223,9,6.235714285714286,14.0,27.863107460643395,2020,97.0,True,0.9134920634920629,25-27
00-0032794,Danny Vitale,RB,1.3076923076923077,13,,,26.874743326488705,2020,89.0,False,,25-26
00-0032935,Johnny Holton,WR,0.5,12,,,29.05407255304586,2020,147.0,False,,28-29
00-0032940,DeAndre Washington,RB,7.61875,16,4.275,4.0,27.548254620123203,2020,51.0,False,-3.34375,27-28
00-0032950,Carson Wentz,QB,17.24125,16,16.533333333333335,12.0,27.696098562628336,2020,14.0,True,-0.7079166666666659,25-27
00-0032951,Laquon Treadwell,WR,3.34,10,5.725,4.0,25.242984257357975,2020,127.0,False,2.385,25-27
00-0032972,Devontae Booker,RB,1.4000000000000001,9,5.713333333333334,15.0,28.290212183436,2020,88.0,True,4.3133333333333335,27-28
00-0032980,Marcus Johnson,WR,7.275,8,4.555555555555555,9.0,26.099931553730322,2020,74.0,True,-2.719444444444445,25-27
00-0032986,J.P. Holtz,TE,2.0125,8,0.0,9.0,27.0362765229295,2020,63.0,True,-2.0125,25-27
00-0033009,Tyler Boyd,WR,14.30625,16,13.042666666666667,15.0,25.82067077344285,2020,26.0,True,-1.263583333333333,25-27
00-0033025,Jalen Richard,RB,5.175,16,3.930769230769231,13.0,26.90485968514716,2020,66.0,True,-1.2442307692307688,25-26
00-0033040,Tyreek Hill,WR,15.941666666666668,12,22.660000000000004,15.0,26.529774127310063,2020,13.0,True,6.7183333333333355,25-27
00-0033045,Ezekiel Elliott,RB,20.79375,16,15.313333333333333,15.0,25.138945927446954,2020,4.0,True,-5.480416666666667,25-26
00-0033077,Dak Prescott,QB,22.611250000000002,16,31.928000000000004,5.0,27.11841204654346,2020,2.0,False,9.316750000000003,25-27
00-0033090,Hunter Henry,TE,12.641666666666666,12,10.37857142857143,14.0,25.760438056125942,2020,8.0,True,-2.263095238095236,25-27
00-0033106,Jared Goff,QB,16.47,16,15.998666666666667,15.0,25.908281998631075,2020,18.0,True,-0.47133333333333205,25-27
00-0033110,Tyler Higbee,TE,11.885714285714286,14,8.546666666666665,15.0,27.690622861054074,2020,10.0,True,-3.339047619047621,25-27
00-0033111,Pharoh Cooper,WR,4.625,12,0.82,15.0,25.51403148528405,2020,107.0,True,-3.805,25-27
00-0033118,Kenyan Drake,RB,15.942857142857141,14,13.213333333333333,15.0,26.622861054072555,2020,13.0,True,-2.7295238095238084,25-26
00-0033119,Jacoby Brissett,QB,14.512,15,1.870909090909091,11.0,27.748117727583846,2020,26.0,True,-12.64109090909091,25-27
00-0033127,Will Fuller,WR,13.045454545454545,11,17.854545454545455,11.0,26.403832991101986,2020,33.0,True,4.80909090909091,25-27
00-0033164,Troymaine Pope,RB,1.0363636363636364,11,4.95,4.0,26.781656399726216,2020,92.0,False,3.913636363636364,25-26
00-0033217,Mo Alie-Cox,TE,1.73,10,5.8500000000000005,14.0,26.976043805612594,2020,66.0,True,4.120000000000001,25-27
00-0033251,Zach Pascal,WR,8.64375,16,8.55625,16.0,25.730321697467488,2020,66.0,True,-0.08750000000000036,25-27
00-0033266,JoJo Natson,WR,0.0,12,0.10000000000000002,3.0,26.60643394934976,2020,153.0,False,0.10000000000000002,25-27
00-0033280,Christian McCaffrey,RB,30.7625,16,30.133333333333336,3.0,24.26009582477755,2020,1.0,False,-0.6291666666666629,<=24
00-0033282,Curtis Samuel,WR,10.73125,16,14.44,15.0,24.082135523613964,2020,49.0,True,3.70875,<=24
00-0033288,George Kittle,TE,16.214285714285715,14,16.0125,8.0,26.921286789869953,2020,1.0,True,-0.201785714285716,25-27
00-0033293,Aaron Jones,RB,20.70625,16,19.135714285714283,14.0,25.7741273100616,2020,5.0,True,-1.5705357142857181,25-26
00-0033296,Alex Armah,RB,1.2125,8,0.6416666666666667,12.0,26.31895961670089,2020,91.0,True,-0.5708333333333332,25-26
00-0033307,Kendrick Bourne,WR,6.1125,16,8.646666666666668,15.0,25.10335386721424,2020,88.0,True,2.5341666666666685,25-27
00-0033308,Matt Breida,RB,9.108333333333333,12,4.2,10.0,25.533196440793976,2020,44.0,True,-4.908333333333332,25-26
00-0033357,Taysom Hill,TE,6.3875,16,9.78875,16.0,30.050650239561943,2020,28.0,True,3.40125,30-31
00-0033375,Tim Patrick,WR,4.725,8,11.046666666666669,15.0,26.798083504449007,2020,105.0,True,6.321666666666669,25-27
00-0033376,Patrick Ricard,RB,1.8699999999999999,10,1.9333333333333331,9.0,26.29158110882957,2020,86.0,True,0.06333333333333324,25-26
00-0033387,Jacob Hollister,TE,9.39,10,5.06923076923077,13.0,26.811772758384667,2020,12.0,True,-4.320769230769231,25-27
00-0033455,Anthony Firkser,TE,4.04,10,5.680000000000001,15.0,25.557837097878167,2020,43.0,True,1.6400000000000006,25-27
00-0033460,John Ross,WR,12.25,8,1.85,2.0,24.788501026694046,2020,40.0,False,-10.4,25-27
00-0033466,Isaiah McKenzie,WR,5.2749999999999995,12,6.6386666666666665,15.0,25.423682409308693,2020,98.0,True,1.363666666666667,25-27
00-0033471,Isaiah Ford,WR,6.0625,8,6.177777777777778,9.0,24.58590006844627,2020,90.0,True,0.11527777777777803,25-27
00-0033528,Jeremy Sprinkle,TE,3.50625,16,0.2285714285714286,7.0,26.086242299794662,2020,50.0,False,-3.2776785714285714,25-27
00-0033536,Mike Williams,WR,10.953333333333335,15,11.192857142857141,14.0,25.935660506502394,2020,47.0,True,0.23952380952380636,25-27
00-0033537,Deshaun Watson,QB,21.932000000000002,15,23.0825,16.0,24.99110198494182,2020,3.0,True,1.1504999999999974,25-27
00-0033553,James Conner,RB,14.85,10,13.353846153846153,13.0,25.352498288843258,2020,16.0,True,-1.496153846153847,25-26
00-0033555,Mack Hollins,WR,1.875,12,3.4181818181818184,11.0,26.98425735797399,2020,134.0,True,1.5431818181818184,25-27
00-0033556,Tarik Cohen,RB,10.24375,16,5.833333333333333,3.0,25.127994524298426,2020,36.0,False,-4.410416666666667,25-26
00-0033562,Ryan Switzer,WR,1.188888888888889,9,,,25.8507871321013,2020,141.0,False,,25-27
00-0033567,Brian Hill,RB,6.720000000000001,10,5.9625,16.0,24.83778234086242,2020,57.0,True,-0.7575000000000003,25-26
00-0033572,Jamal Agnew,WR,1.0538461538461539,13,2.2285714285714286,14.0,25.440109514031484,2020,144.0,True,1.1747252747252748,25-27
00-0033589,David Moore,WR,4.257142857142857,14,7.425000000000001,16.0,25.65366187542779,2020,113.0,True,3.1678571428571436,25-27
00-0033594,Chris Carson,RB,16.706666666666667,15,15.65,12.0,25.984941820670773,2020,12.0,True,-1.0566666666666666,25-26
00-0033611,Ricky Seals-Jones,TE,6.544444444444444,9,0.0,1.0,25.492128678986994,2020,26.0,False,-6.544444444444444,25-27
00-0033658,Blake Jarwin,TE,5.7,15,2.2,1.0,26.154688569472963,2020,33.0,False,-3.5,25-27
00-0033681,Keelan Cole,WR,6.558333333333334,12,9.80625,16.0,27.392197125256672,2020,83.0,True,3.247916666666667,25-27
00-0033699,Austin Ekeler,RB,19.78125,16,16.53,10.0,25.319644079397673,2020,6.0,True,-3.251249999999999,25-26
00-0033705,Andre Patton,WR,1.45,8,,,26.288843258042437,2020,137.0,False,,25-27
00-0033757,Robert Tonyan,TE,2.888888888888889,9,11.773333333333333,15.0,26.365503080082135,2020,56.0,True,8.884444444444444,25-27
00-0033789,T.J. Logan,RB,0.47777777777777775,9,,,26.02053388090349,2020,94.0,False,,25-26
00-0033839,Dede Westbrook,WR,10.546666666666669,15,0.7,2.0,26.803559206023273,2020,51.0,False,-9.84666666666667,25-27
00-0033854,Dare Ogunbowale,RB,4.70625,16,2.9899999999999998,10.0,26.354551676933607,2020,67.0,True,-1.71625,25-26
00-0033856,Leonard Fournette,RB,18.22666666666667,15,11.25,12.0,25.645448323066393,2020,8.0,True,-6.97666666666667,25-26
00-0033857,JuJu Smith-Schuster,WR,9.558333333333334,12,14.63125,16.0,23.800136892539356,2020,60.0,True,5.072916666666666,<=24
00-0033858,Jonnu Smith,TE,6.98,15,10.014285714285714,14.0,25.05407255304586,2020,23.0,True,3.034285714285714,25-27
00-0033869,Mitchell Trubisky,QB,13.521333333333333,15,15.370000000000001,10.0,26.05886379192334,2020,29.0,True,1.8486666666666682,25-27
00-0033871,Corey Davis,WR,7.673333333333334,15,14.207142857142857,14.0,25.66461327857632,2020,73.0,True,6.5338095238095235,25-27
00-0033873,Patrick Mahomes,QB,21.645714285714288,14,26.026666666666667,15.0,24.982888432580424,2020,5.0,True,4.38095238095238,25-27
00-0033879,O.J. Howard,TE,5.992857142857143,14,9.4,4.0,25.812457221081452,2020,31.0,False,3.4071428571428575,25-27
00-0033881,Evan Engram,TE,14.05,8,8.90625,16.0,26.023271731690624,2020,6.0,True,-5.143750000000001,25-27
00-0033891,Zay Jones,WR,3.4928571428571433,14,3.3236363636363637,11.0,25.451060917180012,2020,125.0,True,-0.1692207792207796,25-27
00-0033893,Dalvin Cook,RB,21.95714285714286,14,26.2,14.0,25.086926762491444,2020,2.0,True,4.24285714285714,25-26
00-0033895,Gerald Everett,TE,7.608333333333333,12,6.193333333333333,15.0,26.21218343600274,2020,18.0,True,-1.415,25-27
00-0033897,Joe Mixon,RB,14.8375,16,17.1,6.0,24.13141683778234,2020,17.0,False,2.262500000000001,<=24
00-0033906,Alvin Kamara,RB,17.751428571428573,14,25.486666666666668,15.0,25.130732375085557,2020,9.0,True,7.7352380952380955,25-26
00-0033908,Cooper Kupp,WR,17.78125,16,14.346666666666668,15.0,27.238877481177276,2020,7.0,True,-3.4345833333333324,25-27
00-0033921,Chris Godwin Jr.,WR,20.364285714285717,14,16.041666666666668,12.0,24.536618754277892,2020,2.0,True,-4.32261904761905,25-27
00-0033923,Kareem Hunt,RB,12.675,8,13.84375,16.0,25.097878165639973,2020,26.0,True,1.1687499999999993,25-26
00-0033932,Kenny Golladay,WR,15.96875,16,13.76,5.0,26.85284052019165,2020,12.0,False,-2.20875,25-27
00-0033943,Josh Reynolds,WR,3.8687500000000004,16,7.89375,16.0,25.56605065023956,2020,119.0,True,4.0249999999999995,25-27
00-0033948,Jamaal Williams,RB,10.664285714285715,14,9.078571428571427,14.0,25.440109514031484,2020,33.0,True,-1.5857142857142872,25-26
00-0033950,Wayne Gallman,RB,5.355555555555556,9,9.971428571428572,14.0,25.94387405886379,2020,63.0,True,4.6158730158730155,25-26
00-0033951,Marlon Mack,RB,13.592857142857143,14,8.6,1.0,24.511978097193705,2020,22.0,False,-4.992857142857144,25-26
00-0034073,Ross Dwelley,TE,4.5125,8,4.125,12.0,25.623545516769337,2020,41.0,True,-0.3875000000000002,25-27
00-0034109,Phillip Lindsay,RB,12.731250000000001,16,6.2727272727272725,11.0,26.132785763175907,2020,25.0,True,-6.458522727272729,25-26
00-0034115,Jeff Wilson,RB,5.862500000000001,8,13.481818181818182,11.0,24.8186173853525,2020,61.0,True,7.619318181818182,25-26
00-0034184,Gus Edwards,RB,6.1625000000000005,16,8.2,16.0,25.412731006160165,2020,60.0,True,2.0374999999999988,25-26
00-0034208,Mike Boone,RB,6.625,8,1.4900000000000002,10.0,25.117043121149898,2020,58.0,True,-5.135,25-26
00-0034253,Dontrell Hilliard,RB,2.7214285714285715,14,1.2000000000000002,5.0,25.53867214236824,2020,81.0,False,-1.5214285714285714,25-26
00-0034270,Tyler Conklin,TE,1.5333333333333334,9,4.933333333333334,9.0,25.117043121149898,2020,68.0,True,3.4000000000000004,25-27
00-0034272,Marquez Valdes-Scantling,WR,5.706666666666666,15,9.914285714285715,14.0,25.919233401779604,2020,95.0,True,4.2076190476190485,25-27
00-0034273,Damion Ratley,WR,4.222222222222222,9,2.06,5.0,25.404517453798768,2020,115.0,False,-2.1622222222222223,25-27
00-0034286,Richie James,WR,1.7750000000000001,16,6.99,10.0,25.01574264202601,2020,135.0,True,5.215,25-27
00-0034297,Byron Pringle,WR,3.0416666666666665,12,5.857142857142857,7.0,26.8145106091718,2020,129.0,False,2.8154761904761902,25-27
00-0034301,Darrel Williams,RB,7.533333333333333,9,4.1923076923076925,13.0,25.4072553045859,2020,52.0,True,-3.3410256410256407,25-26
00-0034331,Jaylen Samuels,RB,8.03076923076923,13,1.822222222222222,9.0,24.142368240930868,2020,49.0,True,-6.208547008547009,<=24
00-0034339,Trey Quinn,WR,4.316666666666666,12,0.0,1.0,24.761122518822724,2020,111.0,False,-4.316666666666666,25-27
00-0034348,Courtland Sutton,WR,14.088750000000001,16,9.600000000000001,1.0,24.919917864476385,2020,28.0,False,-4.48875,25-27
00-0034349,Kerryon Johnson,RB,11.0,8,5.128571428571428,14.0,23.197809719370294,2020,31.0,True,-5.871428571428572,<=24
00-0034351,Dallas Goedert,TE,9.646666666666667,15,10.718181818181819,11.0,25.686516084873375,2020,11.0,True,1.0715151515151522,25-27
00-0034353,Anthony Miller,WR,8.15625,16,6.79375,16.0,25.921971252566735,2020,70.0,True,-1.3624999999999998,25-27
00-0034364,Jordan Akins,TE,5.6125,16,6.438461538461539,13.0,28.39425051334702,2020,35.0,True,0.8259615384615389,28-29
00-0034365,Ian Thomas,TE,3.56,10,3.1153846153846154,13.0,24.262833675564682,2020,49.0,True,-0.44461538461538463,<=24
00-0034366,Keke Coutee,WR,6.6000000000000005,8,11.3125,8.0,23.655030800821354,2020,82.0,True,4.7124999999999995,<=24
00-0034367,Nyheim Hines,RB,7.36875,16,12.075,16.0,23.82751540041068,2020,53.0,True,4.706249999999999,<=24
00-0034370,DaeSean Hamilton,WR,4.9,13,5.191666666666666,12.0,25.505817932922657,2020,100.0,True,0.2916666666666661,25-27
00-0034386,Justin Watson,WR,4.766666666666667,9,2.3428571428571425,7.0,24.435318275154003,2020,103.0,False,-2.423809523809524,<=24
00-0034400,Jordan Wilkins,RB,4.153846153846154,13,4.7153846153846155,13.0,26.1492128678987,2020,72.0,True,0.5615384615384613,25-26
00-0034406,Deon Cain,WR,1.9454545454545453,11,,,24.087611225188226,2020,133.0,False,,<=24
00-0034411,Russell Gage,WR,7.200000000000001,14,11.41,16.0,24.635181382614647,2020,76.0,True,4.209999999999999,25-27
00-0034414,Boston Scott,RB,10.988888888888887,9,5.9750000000000005,16.0,25.374401095140314,2020,32.0,True,-5.013888888888887,25-26
00-0034419,Braxton Berrios,WR,1.09375,16,6.08125,16.0,24.930869267624914,2020,143.0,True,4.9875,25-27
00-0034426,Javon Wims,WR,3.872727272727273,11,1.7,10.0,25.998631074606433,2020,118.0,True,-2.172727272727273,25-27
00-0034449,Buddy Howell,RB,0.125,8,1.54,5.0,24.45722108145106,2020,96.0,False,1.415,<=24
00-0034487,Trent Sherfield,WR,1.2000000000000002,10,1.1111111111111112,9.0,24.539356605065024,2020,140.0,True,-0.08888888888888902,25-27
00-0034510,Robert Foster,WR,1.23,10,1.9000000000000001,3.0,26.34633812457221,2020,139.0,False,0.6700000000000002,25-27
00-0034521,Allen Lazard,WR,8.691666666666666,12,9.930000000000001,10.0,24.750171115674195,2020,64.0,True,1.238333333333335,25-27
00-0034577,Kyle Allen,QB,13.65230769230769,13,11.25,4.0,24.50924024640657,2020,28.0,False,-2.4023076923076907,25-27
00-0034578,Reggie Bonnafon,RB,2.6636363636363636,11,8.350000000000001,2.0,24.684462696783026,2020,82.0,False,5.686363636363637,25-26
00-0034631,Vyncint Smith,WR,3.9000000000000004,13,0.575,4.0,24.254620123203285,2020,117.0,False,-3.325,<=24
00-0034676,James Washington,WR,9.0,15,6.2,16.0,24.44079397672827,2020,63.0,True,-2.8,<=24
00-0034681,Chase Edmonds,RB,7.1499999999999995,12,10.5,16.0,24.410677618069816,2020,55.0,True,3.3500000000000005,<=24
00-0034686,Auden Tate,WR,8.458333333333334,12,3.625,8.0,23.600273785078713,2020,68.0,True,-4.833333333333334,<=24
00-0034750,Rashaad Penny,RB,8.7,9,1.1333333333333335,3.0,24.605065023956193,2020,46.0,False,-7.5666666666666655,25-26
00-0034753,Mark Andrews,TE,14.013333333333332,15,12.150000000000002,14.0,25.013004791238878,2020,7.0,True,-1.8633333333333297,25-27
00-0034764,Michael Gallup,WR,15.62142857142857,14,11.01875,16.0,24.520191649555098,2020,17.0,True,-4.602678571428569,25-27
00-0034765,Tre'Quan Smith,WR,7.140000000000001,10,7.93076923076923,13.0,24.67624914442163,2020,77.0,True,0.7907692307692296,25-27
00-0034771,Mason Rudolph,QB,10.879999999999999,10,4.59,4.0,25.152635181382614,2020,30.0,False,-6.289999999999999,25-27
00-0034775,Christian Kirk,WR,13.169230769230769,13,10.564285714285715,14.0,23.811088295687885,2020,32.0,True,-2.6049450549450537,<=24
00-0034777,DJ Chark,WR,15.353333333333333,15,11.930769230769231,13.0,23.964407939767284,2020,19.0,True,-3.4225641025641025,<=24
00-0034788,Jaeden Graham,TE,2.99,10,0.6875,8.0,24.919917864476385,2020,54.0,True,-2.3025,25-27
00-0034791,Nick Chubb,RB,17.2625,16,18.808333333333334,12.0,24.706365503080082,2020,10.0,True,1.5458333333333343,25-26
00-0034796,Lamar Jackson,QB,28.712,15,22.585333333333335,15.0,23.67419575633128,2020,1.0,True,-6.126666666666665,<=24
00-0034798,Durham Smythe,TE,1.125,12,4.523076923076923,13.0,25.089664613278575,2020,69.0,True,3.398076923076923,25-27
00-0034799,Kalen Ballage,RB,4.316666666666667,12,8.536363636363637,11.0,24.720054757015742,2020,69.0,True,4.21969696969697,25-26
00-0034816,Ronald Jones,RB,10.58125,16,14.164285714285715,14.0,23.104722792607802,2020,35.0,True,3.583035714285714,<=24
00-0034827,DJ Moore,WR,15.766666666666667,15,14.5,15.0,23.408624229979466,2020,15.0,True,-1.2666666666666675,<=24
00-0034829,Mike Gesicki,TE,9.066666666666666,15,10.72,15.0,24.93908281998631,2020,13.0,True,1.6533333333333342,25-27
00-0034830,Hayden Hurst,TE,4.80625,16,9.31875,16.0,27.04722792607803,2020,38.0,True,4.512499999999999,25-27
00-0034837,Calvin Ridley,WR,15.384615384615385,13,19.566666666666666,15.0,25.724845995893222,2020,18.0,True,4.182051282051281,25-27
00-0034838,Royce Freeman,RB,8.887500000000001,16,3.372727272727273,11.0,24.54483230663929,2020,45.0,True,-5.514772727272728,25-26
00-0034844,Saquon Barkley,RB,19.700000000000003,13,7.7,2.0,23.583846680355922,2020,7.0,False,-12.000000000000004,<=24
00-0034845,Sony Michel,RB,9.5375,16,9.787500000000001,8.0,25.56331279945243,2020,42.0,True,0.2500000000000018,25-26
00-0034854,KhaDarel Hodge,WR,0.9666666666666668,12,4.142857142857143,7.0,26.68583162217659,2020,145.0,False,3.1761904761904765,25-27
00-0034855,Baker Mayfield,QB,14.32375,16,15.53875,16.0,25.409993155373034,2020,27.0,True,1.2149999999999999,25-27
00-0034857,Josh Allen,QB,18.035,16,25.75375,16.0,24.306639288158795,2020,11.0,True,7.71875,<=24
00-0034860,Dante Pettis,WR,3.8377777777777777,9,2.9333333333333336,6.0,24.88432580424367,2020,120.0,False,-0.9044444444444442,25-27
00-0034867,Malik Turner,WR,4.136363636363637,11,0.0,1.0,24.61327857631759,2020,116.0,False,-4.136363636363637,25-27
00-0034869,Sam Darnold,QB,14.55076923076923,13,11.168333333333335,12.0,23.266255989048595,2020,25.0,True,-3.3824358974358955,<=24
00-0034928,Steven Sims,WR,6.84375,16,5.108333333333333,12.0,23.446954140999317,2020,79.0,True,-1.7354166666666666,<=24
00-0034960,Jakobi Meyers,WR,5.627272727272727,11,12.126666666666667,12.0,23.835728952772072,2020,96.0,True,6.49939393939394,<=24
00-0034970,Irv Smith,TE,5.6499999999999995,14,7.576923076923077,13.0,22.088980150581794,2020,34.0,True,1.9269230769230772,<=24
00-0034972,Alexander Mattison,RB,5.261538461538462,13,6.915384615384616,13.0,22.22861054072553,2020,65.0,True,1.6538461538461533,<=24
00-0034975,Justice Hill,RB,3.09375,16,1.1818181818181819,11.0,22.822724161533195,2020,78.0,True,-1.9119318181818181,<=24
00-0034981,Foster Moreau,TE,6.218181818181819,11,4.125,8.0,23.34839151266256,2020,30.0,True,-2.0931818181818187,<=24
00-0034983,Hunter Renfrow,WR,10.5,13,8.225,16.0,24.722792607802873,2020,53.0,True,-2.2750000000000004,25-27
00-0035006,Bisi Johnson,WR,6.076923076923077,13,3.8777777777777778,9.0,23.485284052019164,2020,89.0,True,-2.199145299145299,<=24
00-0035021,Ashton Dulin,WR,0.46249999999999997,8,0.9400000000000001,10.0,23.32375085557837,2020,150.0,True,0.4775000000000001,<=24
00-0035140,Mecole Hardman,WR,7.71875,16,8.13125,16.0,22.49965776865161,2020,72.0,True,0.41249999999999964,<=24
00-0035148,Darwin Thompson,RB,3.21,10,6.640000000000001,5.0,23.575633127994525,2020,77.0,False,3.4300000000000006,<=24
00-0035215,Deonte Harty,WR,1.25,14,5.522222222222222,9.0,22.767967145790553,2020,138.0,True,4.272222222222222,<=24
00-0035216,Diontae Johnson,WR,10.31875,16,15.120000000000001,15.0,24.18343600273785,2020,55.0,True,4.801250000000001,<=24
00-0035217,Benny Snell,RB,5.263636363636365,11,5.193333333333333,15.0,22.535249828884325,2020,64.0,True,-0.0703030303030312,<=24
00-0035228,Kyler Murray,QB,17.83,16,24.35875,16.0,23.093771389459274,2020,12.0,True,6.528750000000002,<=24
00-0035229,T.J. Hockenson,TE,6.8500000000000005,12,10.95625,16.0,23.189596167008897,2020,24.0,True,4.10625,<=24
00-0035232,Dwayne Haskins,QB,8.522222222222222,9,9.737142857142857,7.0,23.356605065023956,2020,34.0,False,1.2149206349206345,<=24
00-0035243,Miles Sanders,RB,13.856250000000001,16,14.700000000000001,12.0,23.362080766598222,2020,21.0,True,0.84375,<=24
00-0035246,J.J. Arcega-Whiteside,WR,3.6555555555555554,9,2.9,5.0,23.693360711841205,2020,122.0,False,-0.7555555555555555,<=24
00-0035250,Devin Singletary,RB,12.575000000000001,12,8.975,16.0,23.019849418206707,2020,27.0,True,-3.6000000000000014,<=24
00-0035261,Tony Pollard,RB,6.8,14,7.55,16.0,23.364818617385353,2020,56.0,True,0.75,<=24
00-0035268,Ryquell Armstead,RB,3.6571428571428575,14,,,23.863107460643395,2020,74.0,False,,<=24
00-0035287,KeeSean Johnson,WR,4.6,10,4.0375000000000005,8.0,23.920602327173167,2020,108.0,True,-0.5624999999999991,<=24
00-0035289,Gardner Minshew,QB,16.374285714285715,14,17.85111111111111,9.0,24.320328542094455,2020,19.0,True,1.4768253968253937,<=24
00-0035297,Kelvin Harmon,WR,4.462666666666666,15,,,23.737166324435318,2020,110.0,False,,<=24
00-0035298,Scott Miller,WR,4.511111111111111,9,7.428571428571429,14.0,23.1129363449692,2020,109.0,True,2.9174603174603178,<=24
00-0035342,Patrick Laird,RB,8.525,8,2.4444444444444446,9.0,25.06776180698152,2020,47.0,True,-6.080555555555556,25-26
00-0035350,Preston Williams,WR,11.350000000000001,8,9.5375,8.0,23.457905544147845,2020,44.0,True,-1.8125000000000018,<=24
00-0035527,Andy Isabella,WR,2.9499999999999997,12,4.981818181818182,11.0,23.811088295687885,2020,130.0,True,2.0318181818181826,<=24
00-0035535,Darius Slayton,WR,12.357142857142858,14,9.0,16.0,23.66050650239562,2020,38.0,True,-3.3571428571428577,<=24
00-0035537,Ty Johnson,RB,3.7625,16,6.027272727272727,11.0,22.981519507186857,2020,73.0,True,2.264772727272727,<=24
00-0035577,Devlin Hodges,QB,6.415,8,,,24.413415468856947,2020,35.0,False,,<=24
00-0035628,D'Ernest Johnson,RB,1.52,10,1.5,14.0,24.536618754277892,2020,87.0,True,-0.020000000000000018,25-26
00-0035640,DK Metcalf,WR,11.7875,16,17.425,16.0,22.740588637919235,2020,41.0,True,5.637500000000001,<=24
00-0035644,Noah Fant,TE,7.125,16,10.664285714285715,14.0,22.806297056810404,2020,21.0,True,3.5392857142857146,<=24
00-0035645,Gunner Olszewski,WR,0.675,8,1.9615384615384615,13.0,23.789185489390828,2020,146.0,True,1.2865384615384614,<=24
00-0035659,Terry McLaurin,WR,14.028571428571428,14,15.22,15.0,24.98836413415469,2020,30.0,True,1.1914285714285722,25-27
00-0035662,Marquise Brown,WR,10.564285714285715,14,11.53125,16.0,23.26899383983573,2020,50.0,True,0.966964285714285,<=24
00-0035664,Darrell Henderson,RB,2.488888888888889,9,8.886666666666667,15.0,23.06091718001369,2020,83.0,True,6.397777777777778,<=24
00-0035676,A.J. Brown,WR,14.0375,16,18.107142857142858,14.0,23.197809719370294,2020,29.0,True,4.069642857142858,<=24
00-0035685,David Montgomery,RB,11.025,16,18.253333333333334,15.0,23.260780287474333,2020,30.0,True,7.2283333333333335,<=24
00-0035689,Dawson Knox,TE,5.3133333333333335,15,6.072727272727272,11.0,23.822039698836413,2020,36.0,True,0.7593939393939388,<=24
00-0035700,Josh Jacobs,RB,15.892307692307693,13,15.82,15.0,22.579055441478438,2020,14.0,True,-0.0723076923076924,<=24
00-0035703,Miles Boykin,WR,4.233333333333333,12,4.971428571428571,14.0,23.912388774811774,2020,114.0,True,0.7380952380952372,<=24
00-0035710,Daniel Jones,QB,16.536923076923078,13,12.858571428571429,14.0,23.290896646132786,2020,16.0,True,-3.678351648351649,<=24
00-0035719,Deebo Samuel Sr.,WR,12.906666666666668,15,11.742857142857144,7.0,24.654346338124572,2020,34.0,False,-1.1638095238095243,25-27
00-0019596,Tom Brady,QB,21.12,16,23.45529411764706,17.0,44.10403832991102,2021,10.0,True,2.3352941176470594,32+
00-0020531,Drew Brees,QB,17.456666666666667,12,,,42.652977412731005,2021,16.0,False,,32+
00-0022127,Jason Witten,TE,3.19,10,,,39.34839151266256,2021,60.0,False,,32+
00-0022921,Larry Fitzgerald,WR,7.761538461538462,13,,,38.02874743326489,2021,75.0,False,,32+
00-0022924,Ben Roethlisberger,QB,17.814666666666668,15,13.63125,16.0,39.526351813826146,2021,15.0,True,-4.183416666666668,32+
00-0022942,Philip Rivers,QB,14.9975,16,,,39.75633127994524,2021,26.0,False,,32+
00-0023436,Alex Smith,QB,8.9475,8,,,37.34428473648186,2021,34.0,False,,32+
00-0023459,Aaron Rodgers,QB,23.95375,16,20.83125,16.0,37.7741273100616,2021,4.0,True,-3.1224999999999987,32+
00-0023500,Frank Gore,RB,6.680000000000001,15,,,38.327173169062284,2021,56.0,False,,31+
00-0023682,Ryan Fitzpatrick,QB,17.082222222222224,9,0.72,1.0,38.795345653661876,2021,18.0,False,-16.362222222222226,32+
00-0024243,Marcedes Lewis,TE,3.5181818181818185,11,3.4153846153846157,13.0,37.31143052703628,2021,58.0,True,-0.10279720279720284,32+
00-0025394,Adrian Peterson,RB,7.78125,16,6.65,4.0,36.473648186173854,2021,50.0,False,-1.1312499999999996,31+
00-0025418,Greg Olsen,TE,4.9,11,,,36.50102669404517,2021,45.0,False,,32+
00-0026035,Danny Amendola,WR,7.6000000000000005,14,8.7875,8.0,35.854893908282,2021,78.0,True,1.1874999999999991,32+
00-0026143,Matt Ryan,QB,18.1525,16,13.112941176470587,17.0,36.31759069130732,2021,13.0,True,-5.039558823529413,32+
00-0026498,Matthew Stafford,QB,16.785,16,19.396470588235296,17.0,33.59069130732375,2021,20.0,True,2.6114705882352958,32+
00-0027029,LeSean McCoy,RB,3.525,8,,,33.163586584531146,2021,81.0,False,,31+
00-0027061,Jared Cook,TE,8.493333333333334,15,8.275,16.0,34.42847364818618,2021,23.0,True,-0.2183333333333337,32+
00-0027656,Rob Gronkowski,TE,9.425,16,14.641666666666666,12.0,32.32580424366872,2021,15.0,True,5.216666666666665,32+
00-0027685,Emmanuel Sanders,WR,11.87857142857143,14,9.407142857142857,14.0,34.48596851471595,2021,43.0,True,-2.4714285714285733,32+
00-0027691,Andre Roberts,WR,0.47333333333333333,15,0.775,16.0,33.67008898015058,2021,151.0,True,0.3016666666666667,32+
00-0027696,Jimmy Graham,TE,8.975,16,4.609090909090909,11.0,34.795345653661876,2021,18.0,True,-4.36590909090909,32+
00-0027793,Antonio Brown,WR,14.825,8,17.942857142857143,7.0,33.16906228610541,2021,23.0,False,3.1178571428571438,32+
00-0027891,Golden Tate,WR,7.21,12,,,33.106091718001366,2021,84.0,False,,32+
00-0027939,Cam Newton,QB,17.398666666666667,15,12.337142857142856,7.0,32.33401779603012,2021,17.0,False,-5.061523809523811,32+
00-0027942,A.J. Green,WR,6.956250000000001,16,9.9875,16.0,33.111567419575636,2021,87.0,True,3.03125,32+
00-0027944,Julio Jones,WR,16.733333333333334,9,8.190000000000001,10.0,32.58590006844627,2021,14.0,True,-8.543333333333333,32+
00-0027966,Mark Ingram,RB,5.290000000000001,10,7.757142857142858,14.0,31.720739219712527,2021,65.0,True,2.467142857142857,31+
00-0027973,Andy Dalton,QB,12.445454545454545,11,10.525,8.0,33.86721423682409,2021,30.0,True,-1.920454545454545,32+
00-0027981,Kyle Rudolph,TE,5.45,12,3.98,15.0,31.835728952772072,2021,38.0,True,-1.4700000000000002,30-31
00-0028002,Randall Cobb,WR,10.01,10,8.69090909090909,11.0,31.052703627652292,2021,56.0,True,-1.3190909090909102,30-31
00-0028042,Luke Stocker,TE,1.209090909090909,11,0.5333333333333333,6.0,33.14989733059548,2021,71.0,False,-0.6757575757575757,32+
00-0028063,Taiwan Jones,RB,0.0,8,0.0,7.0,33.125256673511295,2021,100.0,False,0.0,31+
00-0028087,Dion Lewis,RB,3.6999999999999997,16,,,30.954140999315538,2021,79.0,False,,29-30
00-0029000,Cole Beasley,WR,14.333333333333334,15,10.05,16.0,32.375085557837096,2021,30.0,True,-4.283333333333333,32+
00-0029141,Alfred Morris,RB,4.522222222222222,9,,,32.74469541409993,2021,72.0,False,,31+
00-0029263,Russell Wilson,QB,22.48625,16,17.344285714285714,14.0,32.780287474332646,2021,7.0,True,-5.141964285714284,32+
00-0029293,Marvin Jones,WR,14.51875,16,10.688235294117646,17.0,31.498973305954827,2021,26.0,True,-3.8305147058823543,30-31
00-0029567,Nick Foles,QB,11.575555555555557,9,16.8,1.0,32.63791923340178,2021,32.0,False,5.224444444444444,32+
00-0029604,Kirk Cousins,QB,19.6375,16,18.77125,16.0,33.059548254620125,2021,11.0,True,-0.8662500000000009,32+
00-0029608,T.Y. Hilton,WR,11.046666666666669,15,7.410000000000001,10.0,31.822039698836413,2021,49.5,True,-3.6366666666666676,30-31
00-0029701,Ryan Tannehill,QB,21.5225,16,15.785882352941178,17.0,33.12251882272416,2021,9.0,True,-5.736617647058823,32+
00-0029738,Darren Fells,TE,6.3500000000000005,12,2.766666666666667,3.0,35.38672142368241,2021,30.0,False,-3.5833333333333335,32+
00-0030035,Adam Thielen,WR,17.233333333333334,15,15.484615384615385,13.0,31.052703627652292,2021,11.0,True,-1.7487179487179496,30-31
00-0030061,Zach Ertz,TE,7.045454545454546,11,10.629411764705884,17.0,30.833675564681723,2021,26.0,True,3.583957219251338,30-31
00-0030108,Ryan Griffin,TE,1.7600000000000002,10,4.65,14.0,31.66324435318275,2021,70.0,True,2.89,30-31
00-0030155,Demetrius Harris,TE,1.0454545454545454,11,0.4,10.0,30.119096509240247,2021,72.0,True,-0.6454545454545454,30-31
00-0030181,Jack Doyle,TE,4.930769230769231,13,5.28,15.0,31.351129363449694,2021,44.0,True,0.34923076923076923,30-31
00-0030216,Josh Hill,TE,2.066666666666667,9,,,31.307323750855577,2021,67.0,False,,30-31
00-0030279,Keenan Allen,WR,17.935714285714287,14,16.4875,16.0,29.371663244353183,2021,7.0,True,-1.4482142857142861,28-29
00-0030288,Rex Burkhead,RB,10.760000000000002,10,7.153333333333333,15.0,31.19233401779603,2021,32.0,True,-3.6066666666666682,31+
00-0030431,Robert Woods,WR,15.50625,16,15.41111111111111,9.0,29.418206707734427,2021,19.0,True,-0.09513888888889,28-29
00-0030456,Giovani Bernard,RB,9.88125,16,5.91,10.0,29.801505817932924,2021,36.0,True,-3.9712499999999995,29-30
00-0030470,Vance McDonald,TE,2.4899999999999998,10,,,31.24435318275154,2021,66.0,False,,30-31
00-0030472,Jordan Reed,TE,7.31,10,,,31.189596167008897,2021,25.0,False,,30-31
00-0030496,Le'Veon Bell,RB,6.781818181818182,11,4.7625,8.0,29.560574948665298,2021,55.0,True,-2.019318181818182,29-30
00-0030506,Travis Kelce,TE,21.450666666666667,15,16.8,16.0,31.9315537303217,2021,1.0,True,-4.650666666666666,30-31
00-0030513,Latavius Murray,RB,9.28,15,7.614285714285715,14.0,31.644079397672826,2021,39.0,True,-1.6657142857142846,31+
00-0030549,Tyler Eifert,TE,5.526666666666667,15,,,31.006160164271048,2021,37.0,False,,30-31
00-0030564,DeAndre Hopkins,WR,18.64375,16,14.720000000000002,10.0,29.2621492128679,2021,5.0,True,-3.9237499999999983,28-29
00-0030578,Cordarrelle Patterson,RB,4.3375,16,14.94375,16.0,30.48596851471595,2021,73.0,True,10.60625,29-30
00-0030663,Willie Snead,WR,7.361538461538462,13,1.1142857142857143,7.0,28.89801505817933,2021,82.0,False,-6.247252747252748,28-29
00-0030710,Trey Burton,TE,6.941666666666666,12,,,29.867214236824093,2021,27.0,False,,28-29
00-0031045,Carlos Hyde,RB,8.49,10,4.163636363636364,11.0,30.973305954825463,2021,45.0,True,-4.326363636363636,29-30
00-0031051,John Brown,WR,10.755555555555555,9,0.0,3.0,31.43874058863792,2021,52.0,False,-10.755555555555555,30-31
00-0031062,James White,RB,8.32857142857143,14,10.4,3.0,29.60164271047228,2021,46.0,False,2.071428571428571,29-30
00-0031236,Brandin Cooks,WR,15.766666666666667,15,14.8625,16.0,27.958932238193018,2021,17.0,True,-0.9041666666666668,25-27
00-0031237,Teddy Bridgewater,QB,16.081333333333333,15,14.477142857142857,14.0,28.83230663928816,2021,22.0,True,-1.6041904761904764,28-29
00-0031260,Logan Thomas,TE,11.1325,16,10.72,5.0,30.195756331279945,2021,6.0,False,-0.41249999999999964,30-31
00-0031273,Cameron Brate,TE,5.246153846153846,13,4.90625,16.0,30.190280629705683,2021,39.0,True,-0.33990384615384617,30-31
00-0031280,Derek Carr,QB,17.0075,16,15.585882352941175,17.0,30.455852156057496,2021,19.0,True,-1.4216176470588255,30-31
00-0031319,Diontae Spencer,WR,1.2272727272727273,11,0.04666666666666666,15.0,29.478439425051334,2021,143.0,True,-1.1806060606060607,28-29
00-0031325,Sammy Watkins,WR,8.74,10,6.4,11.0,28.240930869267626,2021,64.0,True,-2.34,28-29
00-0031376,Jerick McKinnon,RB,9.014285714285714,14,3.988888888888889,9.0,29.35523613963039,2021,41.0,True,-5.025396825396825,29-30
00-0031381,Davante Adams,WR,26.35,14,22.675,16.0,28.711841204654345,2021,1.0,True,-3.6750000000000007,28-29
00-0031382,Jarvis Landry,WR,12.630666666666666,15,11.208333333333334,12.0,28.78302532511978,2021,38.0,True,-1.4223333333333326,28-29
00-0031384,Richard Rodgers,TE,8.8125,8,3.1,1.0,29.634496919917865,2021,20.0,False,-5.7125,28-29
00-0031387,Eric Ebron,TE,9.453333333333335,15,4.0625,8.0,28.418891170431213,2021,14.0,True,-5.390833333333335,28-29
00-0031408,Mike Evans,WR,15.9125,16,16.59375,16.0,28.05475701574264,2021,16.0,True,0.6812500000000004,28-29
00-0031428,Allen Robinson,WR,16.806250000000002,16,7.25,12.0,28.046543463381244,2021,13.0,True,-9.556250000000002,28-29
00-0031544,Amari Cooper,WR,15.175,16,13.7,15.0,27.23340177960301,2021,21.0,True,-1.4750000000000014,25-27
00-0031547,DeVante Parker,WR,12.200000000000001,14,11.5,9.0,28.637919233401778,2021,39.0,True,-0.7000000000000011,28-29
00-0031549,Nelson Agholor,WR,11.88125,16,7.385714285714286,14.0,28.298425735797398,2021,42.0,True,-4.4955357142857135,28-29
00-0031588,Stefon Diggs,WR,21.19375,16,16.970588235294116,17.0,27.78097193702943,2021,3.0,True,-4.2231617647058854,25-27
00-0031598,Nick Boyle,TE,4.144444444444445,9,0.6,2.0,28.56125941136208,2021,49.0,False,-3.5444444444444447,28-29
00-0031610,Darren Waller,TE,18.2875,16,12.409090909090908,11.0,28.99110198494182,2021,2.0,True,-5.878409090909093,28-29
00-0031687,Raheem Mostert,RB,12.4625,8,2.0,1.0,29.420944558521562,2021,26.0,False,-10.4625,29-30
00-0031763,DeAndre Carter,WR,0.13846153846153847,13,5.088235294117647,17.0,28.418891170431213,2021,153.0,True,4.949773755656108,28-29
00-0031806,Malcolm Brown,RB,6.8187500000000005,16,3.75,6.0,28.32306639288159,2021,54.0,False,-3.0687500000000005,27-28
00-0031868,Damiere Byrd,WR,7.760000000000001,15,6.081818181818182,11.0,28.618754277891856,2021,76.0,True,-1.6781818181818187,28-29
00-0031941,Jamison Crowder,WR,14.71,12,9.141666666666667,12.0,28.23271731690623,2021,24.0,True,-5.568333333333333,28-29
00-0031951,James O'Shaughnessy,TE,3.6133333333333337,15,7.2,7.0,29.65639972621492,2021,57.0,False,3.5866666666666664,28-29
00-0032054,Breshad Perriman,WR,8.383333333333335,12,6.6800000000000015,5.0,28.0,2021,68.0,False,-1.7033333333333331,28-29
00-0032062,Blake Bell,TE,2.0181818181818185,11,1.7,11.0,30.094455852156056,2021,68.0,True,-0.31818181818181857,30-31
00-0032063,Mike Davis,RB,13.766666666666667,15,8.129411764705884,17.0,28.555783709787818,2021,21.0,True,-5.637254901960784,27-28
00-0032098,Daniel Brown,TE,0.6375,8,1.6333333333333335,3.0,29.29226557152635,2021,76.0,False,0.9958333333333336,28-29
00-0032104,Ameer Abdullah,RB,2.727272727272727,11,5.264705882352941,17.0,28.243668720054757,2021,87.0,True,2.537433155080214,27-28
00-0032128,Chris Conley,WR,6.935714285714286,14,4.614285714285714,14.0,28.876112251882272,2021,88.0,True,-2.321428571428572,28-29
00-0032135,Jesse James,TE,2.9923076923076923,13,3.84,5.0,27.26899383983573,2021,63.0,False,0.8476923076923075,25-27
00-0032144,Melvin Gordon,RB,13.626666666666667,15,12.75625,16.0,28.410677618069816,2021,22.0,True,-0.8704166666666673,27-28
00-0032187,David Johnson,RB,15.333333333333334,12,6.253846153846154,13.0,29.73579739904175,2021,13.0,True,-9.079487179487181,29-30
00-0032211,Tyler Lockett,WR,17.18125,16,15.55625,16.0,28.95003422313484,2021,12.0,True,-1.6249999999999982,28-29
00-0032241,Todd Gurley,RB,11.08,15,,,27.104722792607802,2021,31.0,False,,27-28
00-0032257,Duke Johnson,RB,7.672727272727273,11,13.020000000000001,5.0,27.964407939767284,2021,51.0,False,5.3472727272727285,27-28
00-0032385,Sterling Shepard,WR,13.666666666666666,12,11.314285714285715,7.0,28.580424366872005,2021,34.0,False,-2.352380952380951,28-29
00-0032392,Austin Hooper,TE,8.73076923076923,13,6.166666666666667,15.0,26.86652977412731,2021,21.0,True,-2.564102564102563,25-27
00-0032394,Nick Vannett,TE,2.6818181818181817,11,4.042857142857143,7.0,28.514715947980836,2021,64.0,False,1.361038961038961,28-29
00-0032404,Tyler Ervin,RB,3.2625,8,,,27.926078028747433,2021,83.0,False,,27-28
00-0032464,Kalif Raymond,WR,1.9266666666666665,15,8.4625,16.0,27.091033538672143,2021,137.0,True,6.535833333333334,25-27
00-0032543,Alex Erickson,WR,1.5375,16,0.5,17.0,28.843258042436688,2021,141.0,True,-1.0375,28-29
00-0032602,J.D. McKissic,RB,11.9625,16,11.627272727272727,11.0,28.071184120465436,2021,28.0,True,-0.3352272727272734,27-28
00-0032688,Robbie Chosen,WR,14.2875,16,8.147058823529411,17.0,28.33949349760438,2021,31.0,True,-6.140441176470588,28-29
00-0032741,Peyton Barber,RB,3.9285714285714284,14,5.877777777777778,9.0,27.534565366187543,2021,78.0,True,1.9492063492063498,27-28
00-0032764,Derrick Henry,RB,23.63125,16,26.0375,8.0,27.682409308692677,2021,3.0,True,2.40625,27-28
00-0032775,Demarcus Robinson,WR,7.173333333333334,15,4.957142857142857,14.0,26.97056810403833,2021,85.0,True,-2.2161904761904765,25-27
00-0032791,Jakeem Grant,WR,6.235714285714286,14,2.9,15.0,28.862422997946613,2021,94.0,True,-3.335714285714286,28-29
00-0032950,Carson Wentz,QB,16.533333333333335,12,15.648235294117649,17.0,28.695414099931554,2021,21.0,True,-0.885098039215686,28-29
00-0032972,Devontae Booker,RB,5.713333333333334,15,9.00625,16.0,29.28952772073922,2021,63.0,True,3.292916666666666,29-30
00-0032977,Rashard Higgins,WR,10.200000000000001,12,4.791666666666667,12.0,26.926762491444215,2021,54.0,True,-5.408333333333334,25-27
00-0032980,Marcus Johnson,WR,4.555555555555555,9,3.7571428571428567,7.0,27.09924709103354,2021,111.0,False,-0.7984126984126987,25-27
00-0032986,J.P. Holtz,TE,0.0,9,0.0,5.0,28.035592060232716,2021,77.0,False,0.0,28-29
00-0033006,Jaydon Mickens,WR,1.2799999999999998,10,0.2727272727272727,11.0,27.38945927446954,2021,142.0,True,-1.007272727272727,25-27
00-0033009,Tyler Boyd,WR,13.042666666666667,15,11.58375,16.0,26.819986310746064,2021,37.0,True,-1.458916666666667,25-27
00-0033025,Jalen Richard,RB,3.930769230769231,13,2.5777777777777775,9.0,27.904175222450377,2021,77.0,True,-1.3529914529914535,27-28
00-0033040,Tyreek Hill,WR,22.660000000000004,15,17.705882352941178,17.0,27.529089664613277,2021,2.0,True,-4.954117647058826,25-27
00-0033045,Ezekiel Elliott,RB,15.313333333333333,15,15.18,17.0,26.138261464750173,2021,14.0,True,-0.13333333333333286,25-26
00-0033090,Hunter Henry,TE,10.37857142857143,14,10.26875,16.0,26.759753593429156,2021,11.0,True,-0.10982142857142918,25-27
00-0033094,Marvin Hall,WR,5.618181818181818,11,2.0,1.0,28.418891170431213,2021,100.0,False,-3.618181818181818,28-29
00-0033106,Jared Goff,QB,15.998666666666667,15,13.892857142857142,14.0,26.90759753593429,2021,23.0,True,-2.1058095238095245,25-27
00-0033110,Tyler Higbee,TE,8.546666666666665,15,9.8,15.0,28.689938398357288,2021,22.0,True,1.2533333333333356,28-29
00-0033111,Pharoh Cooper,WR,0.82,15,0.95,8.0,26.51334702258727,2021,150.0,True,0.13,25-27
00-0033114,Mike Thomas,WR,2.525,12,1.4571428571428573,7.0,27.069130732375086,2021,131.0,False,-1.0678571428571426,25-27
00-0033118,Kenyan Drake,RB,13.213333333333333,15,8.541666666666666,12.0,27.62217659137577,2021,25.0,True,-4.671666666666667,27-28
00-0033119,Jacoby Brissett,QB,1.870909090909091,11,7.232000000000001,10.0,28.747433264887064,2021,36.0,True,5.36109090909091,28-29
00-0033127,Will Fuller,WR,17.854545454545455,11,4.3,2.0,27.4031485284052,2021,8.0,False,-13.554545454545455,25-27
00-0033217,Mo Alie-Cox,TE,5.8500000000000005,14,4.68235294117647,17.0,27.975359342915812,2021,34.0,True,-1.1676470588235306,25-27
00-0033251,Zach Pascal,WR,8.55625,16,5.90625,16.0,26.729637234770706,2021,67.0,True,-2.6500000000000004,25-27
00-0033258,Darrell Daniels,TE,2.5777777777777775,9,0.1,10.0,26.80082135523614,2021,65.0,True,-2.4777777777777774,25-27
00-0033282,Curtis Samuel,WR,14.44,15,1.9600000000000002,5.0,25.08145106091718,2021,28.0,False,-12.479999999999999,25-27
00-0033288,George Kittle,TE,16.0125,8,14.464285714285714,14.0,27.920602327173167,2021,3.0,True,-1.5482142857142858,25-27
00-0033292,Trent Taylor,WR,1.55,12,1.5250000000000001,4.0,27.364818617385353,2021,140.0,False,-0.02499999999999991,25-27
00-0033293,Aaron Jones,RB,19.135714285714283,14,15.466666666666667,15.0,26.77344284736482,2021,4.0,True,-3.669047619047616,25-26
00-0033296,Alex Armah,RB,0.6416666666666667,12,1.0222222222222221,9.0,27.318275154004105,2021,99.0,True,0.3805555555555554,27-28
00-0033307,Kendrick Bourne,WR,8.646666666666668,15,10.617647058823529,17.0,26.102669404517453,2021,66.0,True,1.9709803921568607,25-27
00-0033308,Matt Breida,RB,4.2,10,6.1000000000000005,7.0,26.532511978097194,2021,74.0,False,1.9000000000000004,25-26
00-0033319,Nick Mullens,QB,11.628,10,9.879999999999999,1.0,26.47501711156742,2021,31.0,False,-1.748000000000001,25-27
00-0033338,Cethan Carter,TE,0.7923076923076924,13,0.45,8.0,26.015058179329227,2021,74.0,True,-0.34230769230769237,25-27
00-0033357,Taysom Hill,TE,9.78875,16,10.393333333333334,12.0,31.04996577686516,2021,13.0,True,0.6045833333333341,30-31
00-0033367,C.J. Board,WR,1.9454545454545453,11,1.616666666666667,6.0,27.745379876796715,2021,136.0,False,-0.3287878787878784,25-27
00-0033375,Tim Patrick,WR,11.046666666666669,15,9.775,16.0,27.797399041752225,2021,49.5,True,-1.2716666666666683,25-27
00-0033376,Patrick Ricard,RB,1.9333333333333331,9,2.5875,8.0,27.290896646132786,2021,93.0,True,0.6541666666666668,27-28
00-0033387,Jacob Hollister,TE,5.06923076923077,13,2.9285714285714284,7.0,27.811088295687885,2021,41.0,False,-2.1406593406593415,25-27
00-0033439,Pharaoh Brown,TE,4.23,10,2.930769230769231,13.0,27.353867214236825,2021,48.0,True,-1.2992307692307694,25-27
00-0033455,Anthony Firkser,TE,5.680000000000001,15,4.873333333333334,15.0,26.55715263518138,2021,36.0,True,-0.8066666666666666,25-27
00-0033466,Isaiah McKenzie,WR,6.6386666666666665,15,3.733333333333333,15.0,26.42299794661191,2021,92.0,True,-2.9053333333333335,25-27
00-0033471,Isaiah Ford,WR,6.177777777777778,9,4.01,10.0,25.585215605749486,2021,96.0,True,-2.1677777777777782,25-27
00-0033526,Samaje Perine,RB,5.4750000000000005,12,5.546666666666667,15.0,25.984941820670773,2021,64.0,True,0.07166666666666632,25-26
00-0033536,Mike Williams,WR,11.192857142857141,14,15.787500000000001,16.0,26.934976043805612,2021,48.0,True,4.59464285714286,25-27
00-0033537,Deshaun Watson,QB,23.0825,16,,,25.99041752224504,2021,5.0,False,,25-27
00-0033553,James Conner,RB,13.353846153846153,13,17.18,15.0,26.351813826146476,2021,24.0,True,3.826153846153847,25-26
00-0033555,Mack Hollins,WR,3.4181818181818184,11,4.02,15.0,27.983572895277206,2021,122.0,True,0.6018181818181811,25-27
00-0033567,Brian Hill,RB,5.9625,16,0.0,1.0,25.83709787816564,2021,62.0,False,-5.9625,25-26
00-0033572,Jamal Agnew,WR,2.2285714285714286,14,8.2,10.0,26.439425051334702,2021,132.0,True,5.971428571428571,25-27
00-0033589,David Moore,WR,7.425000000000001,16,0.0,2.0,26.652977412731005,2021,81.0,False,-7.425000000000001,25-27
00-0033591,Noah Brown,WR,2.98,10,3.822222222222222,9.0,25.678302532511978,2021,128.0,True,0.842222222222222,25-27
00-0033594,Chris Carson,RB,15.65,12,12.025,4.0,26.98425735797399,2021,12.0,False,-3.625,25-26
00-0033681,Keelan Cole,WR,9.80625,16,5.635714285714286,14.0,28.39151266255989,2021,59.0,True,-4.170535714285714,28-29
00-0033699,Austin Ekeler,RB,16.53,10,21.675,16.0,26.31895961670089,2021,9.0,True,5.145,25-26
00-0033725,Corey Clement,RB,2.1,10,2.627272727272727,11.0,26.855578370978783,2021,91.0,True,0.5272727272727269,25-26
00-0033733,Greg Ward,WR,8.31875,16,3.4579999999999997,10.0,26.16563997262149,2021,69.0,True,-4.8607499999999995,25-27
00-0033757,Robert Tonyan,TE,11.773333333333333,15,6.3,8.0,27.364818617385353,2021,5.0,True,-5.473333333333334,25-27
00-0033854,Dare Ogunbowale,RB,2.9899999999999998,10,3.853846153846154,13.0,27.353867214236825,2021,84.0,True,0.8638461538461542,27-28
00-0033856,Leonard Fournette,RB,11.25,12,18.685714285714287,14.0,26.64476386036961,2021,30.0,True,7.435714285714287,25-26
00-0033857,JuJu Smith-Schuster,WR,14.63125,16,6.960000000000001,5.0,24.799452429842574,2021,25.0,False,-7.671249999999999,25-27
00-0033858,Jonnu Smith,TE,10.014285714285714,14,4.2125,16.0,26.053388090349078,2021,12.0,True,-5.801785714285714,25-27
00-0033869,Mitchell Trubisky,QB,15.370000000000001,10,1.624,5.0,27.058179329226558,2021,25.0,False,-13.746,25-27
00-0033871,Corey Davis,WR,14.207142857142857,14,11.855555555555556,9.0,26.663928815879533,2021,32.0,True,-2.3515873015873012,25-27
00-0033873,Patrick Mahomes,QB,26.026666666666667,15,22.215294117647062,17.0,25.982203969883642,2021,1.0,True,-3.8113725490196053,25-27
00-0033881,Evan Engram,TE,8.90625,16,6.833333333333333,15.0,27.02258726899384,2021,19.0,True,-2.072916666666667,25-27
00-0033885,David Njoku,TE,4.754545454545454,11,7.273333333333334,15.0,25.169062286105408,2021,46.0,True,2.5187878787878804,25-27
00-0033891,Zay Jones,WR,3.3236363636363637,11,7.16,15.0,26.45037645448323,2021,124.0,True,3.8363636363636364,25-27
00-0033893,Dalvin Cook,RB,26.2,14,17.176923076923078,13.0,26.086242299794662,2021,1.0,True,-9.023076923076921,25-26
00-0033895,Gerald Everett,TE,6.193333333333333,15,7.8533333333333335,15.0,27.211498973305954,2021,31.0,True,1.6600000000000001,25-27
00-0033896,Adam Shaheen,TE,3.4615384615384617,13,3.2857142857142856,7.0,26.88021902806297,2021,59.0,False,-0.1758241758241761,25-27
00-0033906,Alvin Kamara,RB,25.486666666666668,15,18.861538461538462,13.0,26.130047912388775,2021,2.0,True,-6.625128205128206,25-26
00-0033908,Cooper Kupp,WR,14.346666666666668,15,26.823529411764707,17.0,28.238193018480494,2021,29.0,True,12.476862745098039,28-29
00-0033921,Chris Godwin Jr.,WR,16.041666666666668,12,17.85,14.0,25.53593429158111,2021,15.0,True,1.8083333333333336,25-27
00-0033923,Kareem Hunt,RB,13.84375,16,13.75,8.0,26.09719370294319,2021,20.0,True,-0.09375,25-26
00-0033943,Josh Reynolds,WR,7.89375,16,7.327272727272727,11.0,26.56536618754278,2021,74.0,True,-0.5664772727272727,25-27
00-0033948,Jamaal Williams,RB,9.078571428571427,14,9.215384615384615,13.0,26.439425051334702,2021,40.0,True,0.13681318681318722,25-26
00-0033950,Wayne Gallman,RB,9.971428571428572,14,1.9285714285714286,7.0,26.94318959616701,2021,35.0,False,-8.042857142857143,25-26
00-0033955,Jeremy McNichols,RB,2.926666666666667,15,5.661538461538462,13.0,25.70841889117043,2021,85.0,True,2.7348717948717947,25-26
00-0034011,Dan Arnold,TE,6.453333333333333,15,6.890909090909091,11.0,26.491444216290212,2021,28.0,True,0.4375757575757575,25-27
00-0034073,Ross Dwelley,TE,4.125,12,3.775,4.0,26.622861054072555,2021,51.5,False,-0.3500000000000001,25-27
00-0034104,Cam Sims,WR,6.746153846153846,13,4.066666666666666,12.0,25.678302532511978,2021,90.0,True,-2.6794871794871797,25-27
00-0034109,Phillip Lindsay,RB,6.2727272727272725,11,3.242857142857143,14.0,27.132101300479125,2021,58.0,True,-3.0298701298701296,27-28
00-0034115,Jeff Wilson,RB,13.481818181818182,11,6.8125,8.0,25.817932922655714,2021,23.0,True,-6.669318181818182,25-26
00-0034132,Christian Blake,WR,2.71,10,0.7222222222222222,9.0,25.256673511293634,2021,130.0,True,-1.9877777777777776,25-27
00-0034159,Will Dissly,TE,4.073333333333333,15,3.853846153846154,13.0,25.17453798767967,2021,53.0,True,-0.21948717948717933,25-27
00-0034164,Trenton Cannon,RB,0.6583333333333334,12,0.04,10.0,27.134839151266256,2021,98.0,True,-0.6183333333333334,27-28
00-0034177,Tim Boyle,QB,-0.11250000000000002,8,6.085,4.0,26.937713894592743,2021,37.0,False,6.1975,25-27
00-0034184,Gus Edwards,RB,8.2,16,,,26.412046543463383,2021,47.0,False,,25-26
00-0034192,Nick Keizer,TE,0.9363636363636364,11,,,26.360027378507873,2021,73.0,False,,25-27
00-0034208,Mike Boone,RB,1.4900000000000002,10,2.566666666666667,3.0,26.116358658453116,2021,96.0,False,1.0766666666666667,25-26
00-0034270,Tyler Conklin,TE,4.933333333333334,9,8.13529411764706,17.0,26.116358658453116,2021,42.0,True,3.2019607843137265,25-27
00-0034272,Marquez Valdes-Scantling,WR,9.914285714285715,14,8.045454545454545,11.0,26.91854893908282,2021,58.0,True,-1.8688311688311696,25-27
00-0034279,Equanimeous St. Brown,WR,3.1750000000000003,8,1.6833333333333336,12.0,24.944558521560573,2021,125.0,True,-1.4916666666666667,25-27
00-0034286,Richie James,WR,6.99,10,,,26.015058179329227,2021,86.0,False,,25-27
00-0034301,Darrel Williams,RB,4.1923076923076925,13,11.617647058823529,17.0,26.406570841889117,2021,75.0,True,7.4253393665158365,25-26
00-0034309,Chad Beebe,WR,4.341666666666667,12,,,27.277207392197127,2021,113.0,False,,25-27
00-0034331,Jaylen Samuels,RB,1.822222222222222,9,1.7666666666666668,3.0,25.141683778234086,2021,94.0,False,-0.055555555555555136,25-26
00-0034349,Kerryon Johnson,RB,5.128571428571428,14,,,24.197125256673512,2021,68.0,False,,<=24
00-0034351,Dallas Goedert,TE,10.718181818181819,11,11.2,15.0,26.68583162217659,2021,9.0,True,0.4818181818181806,25-27
00-0034353,Anthony Miller,WR,6.79375,16,4.833333333333333,3.0,26.921286789869953,2021,89.0,False,-1.9604166666666671,25-27
00-0034364,Jordan Akins,TE,6.438461538461539,13,3.475,12.0,29.39356605065024,2021,29.0,True,-2.9634615384615386,28-29
00-0034365,Ian Thomas,TE,3.1153846153846154,13,2.628571428571429,14.0,25.2621492128679,2021,61.0,True,-0.4868131868131864,25-27
00-0034366,Keke Coutee,WR,11.3125,8,1.5,1.0,24.654346338124572,2021,46.0,False,-9.8125,25-27
00-0034367,Nyheim Hines,RB,12.075,16,6.858823529411764,17.0,24.826830937713893,2021,27.0,True,-5.216176470588235,25-26
00-0034370,DaeSean Hamilton,WR,5.191666666666666,12,,,26.50513347022587,2021,105.0,False,,25-27
00-0034378,Ito Smith,RB,4.0928571428571425,14,6.4,1.0,25.998631074606433,2021,76.0,False,2.307142857142858,25-26
00-0034383,Dalton Schultz,TE,9.15625,16,12.282352941176471,17.0,25.166324435318277,2021,17.0,True,3.1261029411764714,25-27
00-0034400,Jordan Wilkins,RB,4.7153846153846155,13,0.0,2.0,27.148528405201915,2021,70.0,False,-4.7153846153846155,27-28
00-0034407,Ray-Ray McCloud,WR,2.1375,16,4.2625,16.0,24.903490759753595,2021,133.0,True,2.125,25-27
00-0034411,Russell Gage,WR,11.41,16,12.76923076923077,13.0,25.634496919917865,2021,45.0,True,1.35923076923077,25-27
00-0034414,Boston Scott,RB,5.9750000000000005,16,8.963636363636363,11.0,26.373716632443532,2021,61.0,True,2.9886363636363624,25-26
00-0034418,Cedrick Wilson Jr.,WR,4.086153846153847,13,10.772857142857143,14.0,25.806981519507186,2021,115.0,True,6.686703296703296,25-27
00-0034419,Braxton Berrios,WR,6.08125,16,7.56875,16.0,25.930184804928132,2021,97.0,True,1.4874999999999998,25-27
00-0034426,Javon Wims,WR,1.7,10,,,26.99794661190965,2021,139.0,False,,25-27
00-0034439,Ryan Izzo,TE,3.0900000000000003,10,,,25.72210814510609,2021,62.0,False,,25-27
00-0034440,Justin Jackson,RB,8.162500000000001,8,6.157142857142858,14.0,25.385352498288842,2021,48.0,True,-2.005357142857143,25-26
00-0034457,Josh Adams,RB,4.575,8,,,24.865160848733744,2021,71.0,False,,25-26
00-0034487,Trent Sherfield,WR,1.1111111111111112,9,1.9749999999999999,12.0,25.53867214236824,2021,146.0,True,0.8638888888888887,25-27
00-0034521,Allen Lazard,WR,9.930000000000001,10,10.178571428571429,14.0,25.749486652977414,2021,57.0,True,0.24857142857142733,25-27
00-0034597,Ryan Nall,RB,2.3,9,0.36,5.0,25.7056810403833,2021,89.0,False,-1.94,25-26
00-0034646,Brandon Powell,WR,1.9733333333333334,15,1.0,6.0,25.9958932238193,2021,134.0,False,-0.9733333333333334,25-27
00-0034652,Cameron Batson,WR,3.0,10,2.75,4.0,25.724845995893222,2021,127.0,False,-0.25,25-27
00-0034676,James Washington,WR,6.2,16,4.386666666666667,15.0,25.440109514031484,2021,95.0,True,-1.8133333333333335,25-27
00-0034681,Chase Edmonds,RB,10.5,16,12.191666666666668,12.0,25.409993155373034,2021,33.0,True,1.6916666666666682,25-26
00-0034686,Auden Tate,WR,3.625,8,3.225,4.0,24.59958932238193,2021,120.0,False,-0.3999999999999999,25-27
00-0034753,Mark Andrews,TE,12.150000000000002,14,18.15294117647059,17.0,26.012320328542096,2021,4.0,True,6.002941176470589,25-27
00-0034764,Michael Gallup,WR,11.01875,16,10.333333333333334,9.0,25.519507186858316,2021,51.0,True,-0.6854166666666668,25-27
00-0034765,Tre'Quan Smith,WR,7.93076923076923,13,8.77,10.0,25.675564681724847,2021,72.0,True,0.8392307692307694,25-27
00-0034766,Chris Herndon,TE,6.141666666666667,12,2.3333333333333335,6.0,25.54688569472964,2021,32.0,False,-3.808333333333333,25-27
00-0034775,Christian Kirk,WR,10.564285714285715,14,12.301176470588235,17.0,24.810403832991103,2021,53.0,True,1.73689075630252,25-27
00-0034777,DJ Chark,WR,11.930769230769231,13,11.466666666666669,3.0,24.9637234770705,2021,41.0,False,-0.46410256410256245,25-27
00-0034788,Jaeden Graham,TE,0.6875,8,,,25.919233401779604,2021,75.0,False,,25-27
00-0034791,Nick Chubb,RB,18.808333333333334,12,16.45,14.0,25.7056810403833,2021,5.0,True,-2.3583333333333343,25-26
00-0034796,Lamar Jackson,QB,22.585333333333335,15,21.165000000000003,12.0,24.673511293634498,2021,6.0,True,-1.420333333333332,25-27
00-0034798,Durham Smythe,TE,4.523076923076923,13,4.375,16.0,26.088980150581794,2021,47.0,True,-0.148076923076923,25-27
00-0034799,Kalen Ballage,RB,8.536363636363637,11,0.8,8.0,25.71937029431896,2021,44.0,True,-7.736363636363637,25-26
00-0034816,Ronald Jones,RB,14.164285714285715,14,5.28,15.0,24.10403832991102,2021,18.0,True,-8.884285714285713,<=24
00-0034827,DJ Moore,WR,14.5,15,14.235294117647058,17.0,24.407939767282684,2021,27.0,True,-0.264705882352942,<=24
00-0034829,Mike Gesicki,TE,10.72,15,9.794117647058824,17.0,25.93839835728953,2021,8.0,True,-0.9258823529411764,25-27
00-0034830,Hayden Hurst,TE,9.31875,16,5.341666666666666,12.0,28.046543463381244,2021,16.0,True,-3.9770833333333337,28-29
00-0034837,Calvin Ridley,WR,19.566666666666666,15,14.220000000000002,5.0,26.72416153319644,2021,4.0,False,-5.346666666666664,25-27
00-0034838,Royce Freeman,RB,3.372727272727273,11,2.8833333333333333,12.0,25.544147843942504,2021,82.0,True,-0.4893939393939397,25-26
00-0034845,Sony Michel,RB,9.787500000000001,8,8.958823529411765,17.0,26.562628336755647,2021,37.0,True,-0.8286764705882366,25-26
00-0034855,Baker Mayfield,QB,15.53875,16,12.921428571428573,14.0,26.409308692676248,2021,24.0,True,-2.6173214285714277,25-27
00-0034857,Josh Allen,QB,25.75375,16,23.857647058823527,17.0,25.305954825462013,2021,2.0,True,-1.8961029411764727,25-27
00-0034869,Sam Darnold,QB,11.168333333333335,12,13.106666666666667,12.0,24.265571526351813,2021,33.0,True,1.9383333333333326,<=24
00-0034928,Steven Sims,WR,5.108333333333333,12,,,24.44626967830253,2021,106.0,False,,<=24
00-0034960,Jakobi Meyers,WR,12.126666666666667,12,11.64375,16.0,24.83504449007529,2021,40.0,True,-0.4829166666666662,25-27
00-0034970,Irv Smith,TE,7.576923076923077,13,,,23.08829568788501,2021,24.0,False,,<=24
00-0034972,Alexander Mattison,RB,6.915384615384616,13,8.24375,16.0,23.227926078028748,2021,53.0,True,1.3283653846153847,<=24
00-0034975,Justice Hill,RB,1.1818181818181819,11,,,23.822039698836413,2021,97.0,False,,<=24
00-0034981,Foster Moreau,TE,4.125,8,5.6866666666666665,15.0,24.347707049965777,2021,51.5,True,1.5616666666666665,<=24
00-0034983,Hunter Renfrow,WR,8.225,16,15.505882352941178,17.0,25.72210814510609,2021,70.0,True,7.280882352941179,25-27
00-0034988,Kaden Smith,TE,1.9466666666666665,15,1.5750000000000002,4.0,24.380561259411362,2021,69.0,False,-0.37166666666666637,<=24
00-0035006,Bisi Johnson,WR,3.8777777777777778,9,,,24.484599589322382,2021,118.0,False,,<=24
00-0035021,Ashton Dulin,WR,0.9400000000000001,10,2.84375,16.0,24.32306639288159,2021,147.0,True,1.90375,<=24
00-0035140,Mecole Hardman,WR,8.13125,16,8.376470588235295,17.0,23.498973305954827,2021,71.0,True,0.2452205882352949,<=24
00-0035181,Darrius Shepherd,WR,1.2,8,,,25.859000684462696,2021,144.0,False,,25-27
00-0035208,Olamide Zaccheaus,WR,5.49,10,5.986666666666666,15.0,24.134154688569474,2021,103.0,True,0.49666666666666615,<=24
00-0035215,Deonte Harty,WR,5.522222222222222,9,8.853846153846153,13.0,23.76728268309377,2021,102.0,True,3.3316239316239304,<=24
00-0035216,Diontae Johnson,WR,15.120000000000001,15,17.431250000000002,16.0,25.182751540041068,2021,22.0,True,2.311250000000001,25-27
00-0035217,Benny Snell,RB,5.193333333333333,15,0.8187500000000001,16.0,23.534565366187543,2021,67.0,True,-4.374583333333334,<=24
00-0035228,Kyler Murray,QB,24.35875,16,22.034285714285716,14.0,24.093086926762492,2021,3.0,True,-2.324464285714285,<=24
00-0035229,T.J. Hockenson,TE,10.95625,16,12.108333333333334,12.0,24.188911704312115,2021,7.0,True,1.1520833333333336,<=24
00-0035243,Miles Sanders,RB,14.700000000000001,12,10.266666666666667,12.0,24.361396303901437,2021,17.0,True,-4.433333333333334,<=24
00-0035250,Devin Singletary,RB,8.975,16,11.811764705882354,17.0,24.019164955509925,2021,42.0,True,2.836764705882354,<=24
00-0035261,Tony Pollard,RB,7.55,16,11.04,15.0,24.36413415468857,2021,52.0,True,3.4899999999999993,<=24
00-0035287,KeeSean Johnson,WR,4.0375000000000005,8,,,24.919917864476385,2021,116.0,False,,25-27
00-0035289,Gardner Minshew,QB,17.85111111111111,9,11.22,3.0,25.319644079397673,2021,14.0,False,-6.6311111111111085,25-27
00-0035298,Scott Miller,WR,7.428571428571429,14,3.1833333333333336,6.0,24.112251882272417,2021,80.0,False,-4.245238095238095,<=24
00-0035311,Myles Gaskin,RB,16.42,10,10.211764705882352,17.0,24.566735112936346,2021,10.0,True,-6.2082352941176495,25-26
00-0035329,Donald Parham,TE,3.9909090909090907,11,4.538461538461538,13.0,24.0684462696783,2021,54.0,True,0.5475524475524476,<=24
00-0035342,Patrick Laird,RB,2.4444444444444446,9,1.7,3.0,26.067077344284737,2021,88.0,False,-0.7444444444444447,25-26
00-0035350,Preston Williams,WR,9.5375,8,2.3,6.0,24.45722108145106,2021,61.0,False,-7.2375,<=24
00-0035414,Jalen Guyton,WR,6.06875,16,6.075,16.0,24.26009582477755,2021,98.0,True,0.006250000000000533,<=24
00-0035457,Tyron Johnson,WR,7.2272727272727275,11,0.5142857142857143,7.0,25.672826830937716,2021,83.0,False,-6.712987012987013,25-27
00-0035480,Malik Taylor,WR,1.85,10,0.48571428571428577,7.0,25.72210814510609,2021,138.0,False,-1.3642857142857143,25-27
00-0035510,Jeff Smith,WR,3.744444444444445,9,2.1333333333333333,9.0,24.38877481177276,2021,119.0,True,-1.6111111111111116,<=24
00-0035527,Andy Isabella,WR,4.981818181818182,11,0.7666666666666666,3.0,24.810403832991103,2021,107.0,False,-4.215151515151516,25-27
00-0035535,Darius Slayton,WR,9.0,16,5.276923076923078,13.0,24.659822039698838,2021,63.0,True,-3.7230769230769223,25-27
00-0035537,Ty Johnson,RB,6.027272727272727,11,7.8,15.0,23.980835044490075,2021,60.0,True,1.7727272727272725,<=24
00-0035592,Travis Fulgham,WR,9.783333333333333,12,,,25.99315537303217,2021,60.0,False,,25-27
00-0035594,Travis Homer,RB,3.644444444444444,9,4.414285714285714,14.0,23.093771389459274,2021,80.0,True,0.7698412698412698,<=24
00-0035621,Nsimba Webster,WR,0.0,16,0.0,6.0,25.620807665982205,2021,154.5,False,0.0,25-27
00-0035624,N'Keal Harry,TE,5.684615384615385,13,3.04,10.0,23.731690622861056,2021,35.0,True,-2.644615384615385,<=24
00-0035628,D'Ernest Johnson,RB,1.5,14,8.46923076923077,13.0,25.53593429158111,2021,95.0,True,6.969230769230769,25-26
00-0035631,Drew Sample,TE,4.93125,16,1.9100000000000001,10.0,25.401779603011637,2021,43.0,True,-3.02125,25-27
00-0035640,DK Metcalf,WR,17.425,16,14.458823529411765,17.0,23.73990417522245,2021,10.0,True,-2.966176470588236,<=24
00-0035644,Noah Fant,TE,10.664285714285715,14,9.9375,16.0,23.805612594113622,2021,10.0,True,-0.7267857142857146,<=24
00-0035645,Gunner Olszewski,WR,1.9615384615384615,13,0.375,16.0,24.788501026694046,2021,135.0,True,-1.5865384615384615,25-27
00-0035657,Damien Harris,RB,10.030000000000001,10,15.006666666666666,15.0,24.577686516084874,2021,34.0,True,4.976666666666665,25-26
00-0035659,Terry McLaurin,WR,15.22,15,12.911764705882353,17.0,25.987679671457904,2021,20.0,True,-2.3082352941176474,25-27
00-0035662,Marquise Brown,WR,11.53125,16,14.55,16.0,24.268309377138944,2021,44.0,True,3.0187500000000007,<=24
00-0035664,Darrell Henderson,RB,8.886666666666667,15,13.616666666666667,12.0,24.060232717316907,2021,43.0,True,4.73,<=24
00-0035671,Jace Sternberger,TE,3.675,8,,,25.207392197125255,2021,56.0,False,,25-27
00-0035676,A.J. Brown,WR,18.107142857142858,14,14.261538461538462,13.0,24.197125256673512,2021,6.0,True,-3.8456043956043953,<=24
00-0035685,David Montgomery,RB,18.253333333333334,15,15.461538461538462,13.0,24.26009582477755,2021,7.0,True,-2.791794871794872,<=24
00-0035689,Dawson Knox,TE,6.072727272727272,11,11.04,15.0,24.82135523613963,2021,33.0,True,4.967272727272727,25-27
00-0035700,Josh Jacobs,RB,15.82,15,15.466666666666667,15.0,23.578370978781656,2021,11.0,True,-0.3533333333333335,<=24
00-0035703,Miles Boykin,WR,4.971428571428571,14,1.6,1.0,24.91170431211499,2021,108.0,False,-3.3714285714285706,25-27
00-0035704,Drew Lock,QB,13.947692307692307,13,8.646666666666667,6.0,24.83230663928816,2021,27.0,False,-5.301025641025641,25-27
00-0035710,Daniel Jones,QB,12.858571428571429,14,15.956363636363637,11.0,24.290212183436,2021,29.0,True,3.0977922077922084,<=24
00-0035726,Jakob Johnson,RB,2.1875,8,1.3833333333333335,6.0,26.7378507871321,2021,90.0,False,-0.8041666666666665,25-26
00-0035831,James Robinson,RB,18.742857142857144,14,12.635714285714286,14.0,23.08829568788501,2021,6.0,True,-6.107142857142858,<=24
00-0036133,James Proche,WR,0.18461538461538465,13,5.171428571428572,7.0,24.971937029431896,2021,152.0,False,4.986813186813187,25-27
00-0036142,Isaiah Wright,WR,4.390909090909091,11,,,24.657084188911703,2021,112.0,False,,25-27
00-0036158,J.K. Dobbins,RB,11.633333333333333,15,,,22.732375085557837,2021,29.0,False,,<=24
00-0036182,Nick Westbrook-Ikhine,WR,0.9222222222222223,9,7.273333333333334,15.0,24.473648186173854,2021,148.0,True,6.351111111111112,<=24
00-0036196,Gabe Davis,WR,8.65,16,8.493333333333334,15.0,22.529774127310063,2021,65.0,True,-0.1566666666666663,<=24
00-0036212,Tua Tagovailoa,QB,13.546000000000001,10,13.916923076923077,13.0,23.526351813826146,2021,28.0,True,0.37092307692307536,<=24
00-0036219,Marquez Callaway,WR,4.699999999999999,9,9.01764705882353,17.0,23.457905544147845,2021,110.0,True,4.31764705882353,<=24
00-0036223,Jonathan Taylor,RB,17.78666666666667,15,23.8,17.0,22.642026009582477,2021,8.0,True,6.013333333333332,<=24
00-0036232,Harrison Bryant,TE,5.15,12,4.153333333333333,15.0,23.38398357289528,2021,40.0,True,-0.996666666666667,<=24
00-0036233,Donovan Peoples-Jones,WR,4.866666666666667,12,8.553846153846154,13.0,22.55715263518138,2021,109.0,True,3.6871794871794865,<=24
00-0036245,Malcolm Perry,RB,2.744444444444445,9,,,24.39425051334702,2021,86.0,False,,<=24
00-0036247,Freddie Swain,WR,3.146153846153846,13,5.088235294117647,17.0,23.10198494182067,2021,126.0,True,1.9420814479638007,<=24
00-0036251,Zack Moss,RB,7.815384615384615,13,8.092307692307692,13.0,23.737166324435318,2021,49.0,True,0.2769230769230768,<=24
00-0036252,Michael Pittman,WR,7.723076923076923,13,14.211764705882352,17.0,23.9315537303217,2021,77.0,True,6.488687782805429,<=24
00-0036254,Collin Johnson,WR,5.381818181818182,11,2.6875,8.0,23.964407939767284,2021,104.0,True,-2.694318181818182,<=24
00-0036255,Denzel Mims,WR,6.744444444444444,9,2.13,10.0,23.917864476386036,2021,91.0,True,-4.614444444444444,<=24
00-0036261,Brandon Aiyuk,WR,15.625,12,10.105882352941178,17.0,23.485284052019164,2021,18.0,True,-5.519117647058822,<=24
00-0036265,AJ Dillon,RB,4.811111111111111,9,10.917647058823531,17.0,23.359342915811087,2021,69.0,True,6.106535947712421,<=24
00-0036268,Laviska Shenault Jr.,WR,11.221428571428572,14,7.9375,16.0,22.93223819301848,2021,47.0,True,-3.2839285714285715,<=24
00-0036269,La'Mical Perine,RB,5.25,10,1.5500000000000003,2.0,23.61122518822724,2021,66.0,False,-3.6999999999999997,<=24
00-0036275,D'Andre Swift,RB,14.830769230769231,13,16.53076923076923,13.0,22.65571526351814,2021,16.0,True,1.6999999999999993,<=24
00-0036277,Quintez Cephus,WR,5.575,12,9.88,5.0,23.444216290212182,2021,101.0,False,4.305000000000001,<=24
00-0036290,Cole Kmet,TE,4.133333333333334,15,7.129411764705883,17.0,22.50513347022587,2021,50.0,True,2.996078431372549,<=24
00-0036309,Darnell Mooney,WR,9.50625,16,13.276470588235295,17.0,23.865845311430526,2021,62.0,True,3.7702205882352953,<=24
00-0036322,Justin Jefferson,WR,17.79375,16,20.052941176470586,17.0,22.236824093086927,2021,9.0,True,2.259191176470587,<=24
00-0036326,Chase Claypool,WR,13.61875,16,11.206666666666667,15.0,23.17864476386037,2021,35.0,True,-2.4120833333333334,<=24
00-0036328,Antonio Gibson,RB,14.871428571428572,14,14.69375,16.0,23.21697467488022,2021,15.0,True,-0.17767857142857224,<=24
00-0036331,Devin Duvernay,WR,3.54,15,4.825,16.0,23.994524298425734,2021,121.0,True,1.2850000000000001,<=24
00-0036336,Anthony McFarland,RB,2.063636363636364,11,1.2,2.0,22.521560574948666,2021,92.0,False,-0.863636363636364,<=24
00-0036345,K.J. Osborn,WR,0.0,8,9.323529411764707,17.0,24.251882272416154,2021,154.5,True,9.323529411764707,<=24
00-0036355,Justin Herbert,QB,22.189333333333334,15,22.39764705882353,17.0,23.50444900752909,2021,8.0,True,0.20831372549019633,<=24
00-0036357,Henry Ruggs III,WR,6.584615384615384,13,12.285714285714286,7.0,22.628336755646817,2021,93.0,False,5.701098901098902,<=24
00-0036358,CeeDee Lamb,WR,13.79375,16,14.83125,16.0,22.425735797399042,2021,33.0,True,1.0375000000000014,<=24
00-0036360,Clyde Edwards-Helaire,RB,14.0,13,12.360000000000001,10.0,22.417522245037645,2021,19.0,True,-1.6399999999999988,<=24
00-0036364,Lynn Bowden,WR,5.953333333333334,9,,,23.906913073237508,2021,99.0,False,,<=24
00-0036365,Bryan Edwards,WR,4.033333333333334,9,6.81875,16.0,22.82546201232033,2021,117.0,True,2.7854166666666655,<=24
00-0036370,Joshua Kelley,RB,6.246153846153846,13,2.125,8.0,23.805612594113622,2021,59.0,True,-4.121153846153846,<=24
00-0036377,Joe Reed,WR,0.89,10,,,23.682409308692677,2021,149.0,False,,<=24
00-0036382,K.J. Hill,WR,1.1916666666666667,12,1.0,6.0,23.98631074606434,2021,145.0,False,-0.19166666666666665,<=24
00-0036387,Jalen Reagor,WR,7.927272727272728,11,4.594117647058823,17.0,22.688569472963724,2021,73.0,True,-3.3331550802139045,<=24
00-0036389,Jalen Hurts,QB,8.01,14,20.81066666666667,15.0,23.093771389459274,2021,35.0,True,12.80066666666667,<=24
00-0036398,John Hightower,WR,2.88,10,0.0,1.0,25.27857631759069,2021,129.0,False,-2.88,25-27
00-0036407,Jerry Jeudy,WR,10.0375,16,8.5,10.0,22.38193018480493,2021,55.0,True,-1.5374999999999996,<=24
00-0036410,Tee Higgins,WR,13.173333333333334,15,16.07857142857143,14.0,22.64476386036961,2021,36.0,True,2.9052380952380954,<=24
00-0036412,KJ Hamler,WR,7.508333333333334,12,4.133333333333334,3.0,22.17659137577002,2021,79.0,False,-3.375,<=24
00-0036414,Cam Akers,RB,9.52727272727273,11,4.3,1.0,22.220396988364133,2021,38.0,False,-5.227272727272729,<=24
00-0036415,Van Jefferson,WR,3.3500000000000005,14,9.894117647058824,17.0,25.125256673511295,2021,123.0,True,6.544117647058823,25-27
00-0036422,Adam Trautman,TE,3.81,10,5.754545454545454,11.0,24.594113620807665,2021,55.0,True,1.944545454545454,25-27
00-0036425,DeeJay Dallas,RB,6.322222222222223,9,3.5352941176470587,17.0,22.98425735797399,2021,57.0,True,-2.786928104575164,<=24
00-0036427,Tyler Johnson,WR,4.090000000000001,10,4.5,16.0,23.044490075290895,2021,114.0,True,0.40999999999999925,<=24
00-0036442,Joe Burrow,QB,18.172,10,21.14,16.0,24.750171115674195,2021,12.0,True,2.968,25-27
00-0019596,Tom Brady,QB,23.45529411764706,17,16.450588235294116,17.0,45.10335386721424,2022,2.0,True,-7.004705882352944,32+
00-0022924,Ben Roethlisberger,QB,13.63125,16,,,40.525667351129364,2022,23.0,False,,32+
00-0023459,Aaron Rodgers,QB,20.83125,16,14.07058823529412,17.0,38.77344284736482,2022,9.0,True,-6.7606617647058815,32+
00-0024243,Marcedes Lewis,TE,3.4153846153846157,13,4.433333333333334,6.0,38.31074606433949,2022,58.0,False,1.0179487179487179,32+
00-0026035,Danny Amendola,WR,8.7875,8,,,36.85420944558521,2022,59.0,False,,32+
00-0026143,Matt Ryan,QB,13.112941176470587,17,12.94,12.0,37.31690622861054,2022,25.0,True,-0.17294117647058727,32+
00-0026189,DeSean Jackson,WR,5.628571428571429,14,3.4714285714285715,7.0,35.775496235455165,2022,98.0,False,-2.1571428571428575,32+
00-0026293,Matthew Slater,WR,0.0,10,0.0,8.0,37.002053388090346,2022,156.0,True,0.0,32+
00-0026498,Matthew Stafford,QB,19.396470588235296,17,12.042222222222223,9.0,34.59000684462697,2022,11.0,True,-7.354248366013072,32+
00-0027061,Jared Cook,TE,8.275,16,,,35.42778918548939,2022,18.0,False,,32+
00-0027656,Rob Gronkowski,TE,14.641666666666666,12,,,33.32511978097194,2022,3.0,False,,32+
00-0027685,Emmanuel Sanders,WR,9.407142857142857,14,,,35.48528405201917,2022,51.0,False,,32+
00-0027691,Andre Roberts,WR,0.775,16,0.0,3.0,34.6694045174538,2022,146.0,False,-0.775,32+
00-0027696,Jimmy Graham,TE,4.609090909090909,11,,,35.794661190965094,2022,40.0,False,,32+
00-0027942,A.J. Green,WR,9.9875,16,4.7384615384615385,13.0,34.110882956878854,2022,48.0,True,-5.249038461538462,32+
00-0027944,Julio Jones,WR,8.190000000000001,10,7.040000000000001,10.0,33.58521560574949,2022,69.0,True,-1.1500000000000004,32+
00-0027966,Mark Ingram,RB,7.757142857142858,14,5.01,10.0,32.720054757015745,2022,52.0,True,-2.747142857142858,31+
00-0027973,Andy Dalton,QB,10.525,8,12.445714285714287,14.0,34.86652977412731,2022,32.0,True,1.9207142857142863,32+
00-0027981,Kyle Rudolph,TE,3.98,15,2.3600000000000003,5.0,32.83504449007529,2022,53.0,False,-1.6199999999999997,32+
00-0028002,Randall Cobb,WR,8.69090909090909,11,6.2846153846153845,13.0,32.05201916495551,2022,62.0,True,-2.406293706293705,32+
00-0028097,Lee Smith,TE,2.15,10,,,34.80355920602327,2022,65.0,False,,32+
00-0029000,Cole Beasley,WR,10.05,16,2.375,4.0,33.374401095140314,2022,47.0,False,-7.675000000000001,32+
00-0029239,Brandon Bolden,RB,7.7562500000000005,16,2.1,13.0,32.62149212867899,2022,53.0,True,-5.65625,31+
00-0029263,Russell Wilson,QB,17.344285714285714,14,15.050666666666668,15.0,33.779603011635864,2022,13.0,True,-2.293619047619046,32+
00-0029293,Marvin Jones,WR,10.688235294117646,17,7.4,16.0,32.498288843258045,2022,42.0,True,-3.288235294117646,32+
00-0029604,Kirk Cousins,QB,18.77125,16,18.09294117647059,17.0,34.05886379192334,2022,12.0,True,-0.6783088235294095,32+
00-0029608,T.Y. Hilton,WR,7.410000000000001,10,6.366666666666667,3.0,32.82135523613963,2022,76.0,False,-1.043333333333334,32+
00-0029632,Mohamed Sanu,WR,4.0875,8,,,33.05133470225873,2022,116.0,False,,32+
00-0029664,Josh Gordon,WR,1.577777777777778,9,0.0,1.0,31.411362080766597,2022,141.0,False,-1.577777777777778,30-31
00-0029701,Ryan Tannehill,QB,15.785882352941178,17,13.436666666666667,12.0,34.12183436002738,2022,15.0,True,-2.34921568627451,32+
00-0030035,Adam Thielen,WR,15.484615384615385,13,10.588235294117647,17.0,32.05201916495551,2022,17.0,True,-4.896380090497738,32+
00-0030061,Zach Ertz,TE,10.629411764705884,17,11.56,10.0,31.83299110198494,2022,11.0,True,0.9305882352941168,30-31
00-0030068,Marquise Goodwin,WR,4.192857142857143,14,6.938461538461539,13.0,31.808350444900753,2022,114.0,True,2.7456043956043956,30-31
00-0030108,Ryan Griffin,TE,4.65,14,0.6599999999999999,10.0,32.662559890485966,2022,39.0,True,-3.99,32+
00-0030155,Demetrius Harris,TE,0.4,10,,,31.11841204654346,2022,76.0,False,,30-31
00-0030181,Jack Doyle,TE,5.28,15,,,32.35044490075291,2022,34.0,False,,32+
00-0030279,Keenan Allen,WR,16.4875,16,16.7,10.0,30.3709787816564,2022,11.0,True,0.21249999999999858,30-31
00-0030288,Rex Burkhead,RB,7.153333333333333,15,4.760000000000001,15.0,32.19164955509925,2022,56.0,True,-2.3933333333333326,31+
00-0030431,Robert Woods,WR,15.41111111111111,9,6.923529411764706,17.0,30.417522245037645,2022,18.0,True,-8.487581699346403,30-31
00-0030456,Giovani Bernard,RB,5.91,10,1.1750000000000003,4.0,30.80082135523614,2022,63.0,False,-4.734999999999999,29-30
00-0030496,Le'Veon Bell,RB,4.7625,8,,,30.559890485968516,2022,72.0,False,,29-30
00-0030506,Travis Kelce,TE,16.8,16,19.13529411764706,17.0,32.930869267624914,2022,2.0,True,2.3352941176470594,32+
00-0030513,Latavius Murray,RB,7.614285714285715,14,12.323076923076922,13.0,32.643394934976044,2022,55.0,True,4.708791208791207,31+
00-0030525,Tavon Austin,WR,4.8545454545454545,11,,,32.49007529089665,2022,103.0,False,,32+
00-0030564,DeAndre Hopkins,WR,14.720000000000002,10,17.188888888888886,9.0,30.261464750171115,2022,21.0,True,2.468888888888884,30-31
00-0030578,Cordarrelle Patterson,RB,14.94375,16,12.36153846153846,13.0,31.485284052019164,2022,18.0,True,-2.5822115384615394,31+
00-0030669,Albert Wilson,WR,4.8,10,,,30.16290212183436,2022,105.0,False,,30-31
00-0030874,Damien Williams,RB,5.058333333333333,12,0.2,1.0,30.43668720054757,2022,71.0,False,-4.8583333333333325,29-30
00-0031045,Carlos Hyde,RB,4.163636363636364,11,,,31.972621492128678,2022,76.0,False,,31+
00-0031235,Odell Beckham Jr.,WR,9.221428571428572,14,,,29.845311430527037,2022,54.0,False,,28-29
00-0031236,Brandin Cooks,WR,14.8625,16,11.315384615384614,13.0,28.958247775496236,2022,19.0,True,-3.5471153846153864,28-29
00-0031237,Teddy Bridgewater,QB,14.477142857142857,14,7.604000000000001,5.0,29.831622176591377,2022,19.0,False,-6.873142857142856,28-29
00-0031273,Cameron Brate,TE,4.90625,16,4.155555555555555,9.0,31.189596167008897,2022,35.0,True,-0.750694444444445,30-31
00-0031280,Derek Carr,QB,15.585882352941175,17,14.605333333333334,15.0,31.45516769336071,2022,17.0,True,-0.9805490196078406,30-31
00-0031285,Devonta Freeman,RB,9.1625,16,,,30.48870636550308,2022,41.0,False,,29-30
00-0031319,Diontae Spencer,WR,0.04666666666666666,15,,,30.477754962354553,2022,155.0,False,,30-31
00-0031325,Sammy Watkins,WR,6.4,11,5.166666666666667,9.0,29.240246406570844,2022,87.0,True,-1.2333333333333334,28-29
00-0031345,Jimmy Garoppolo,QB,15.166666666666666,15,14.98,11.0,30.855578370978783,2022,18.0,True,-0.18666666666666565,30-31
00-0031376,Jerick McKinnon,RB,3.988888888888889,9,11.63529411764706,17.0,30.354551676933607,2022,77.0,True,7.646405228758171,29-30
00-0031381,Davante Adams,WR,22.675,16,20.441176470588236,17.0,29.711156741957563,2022,2.0,True,-2.233823529411765,28-29
00-0031382,Jarvis Landry,WR,11.208333333333334,12,6.855555555555556,9.0,29.782340862423,2022,38.0,True,-4.352777777777778,28-29
00-0031387,Eric Ebron,TE,4.0625,8,,,29.418206707734427,2022,52.0,False,,28-29
00-0031408,Mike Evans,WR,16.59375,16,15.76,15.0,29.05407255304586,2022,10.0,True,-0.8337500000000002,28-29
00-0031428,Allen Robinson,WR,7.25,12,8.49,10.0,29.045859000684462,2022,80.0,True,1.2400000000000002,28-29
00-0031484,Chris Manhertz,TE,1.9100000000000001,10,1.457142857142857,7.0,30.417522245037645,2022,66.5,False,-0.45285714285714307,30-31
00-0031544,Amari Cooper,WR,13.7,15,14.911764705882353,17.0,28.23271731690623,2022,28.0,True,1.211764705882354,28-29
00-0031547,DeVante Parker,WR,11.5,9,8.700000000000001,12.0,29.637234770704996,2022,37.0,True,-2.799999999999999,28-29
00-0031549,Nelson Agholor,WR,7.385714285714286,14,5.478571428571429,14.0,29.297741273100616,2022,77.0,True,-1.9071428571428575,28-29
00-0031585,MyCole Pruitt,TE,4.85,10,5.5,10.0,30.46406570841889,2022,37.0,True,0.6500000000000004,30-31
00-0031588,Stefon Diggs,WR,16.970588235294116,17,20.44375,16.0,28.78028747433265,2022,9.0,True,3.4731617647058854,28-29
00-0031610,Darren Waller,TE,12.409090909090908,11,10.6,8.0,29.99041752224504,2022,5.0,True,-1.8090909090909086,28-29
00-0031763,DeAndre Carter,WR,5.088235294117647,17,6.723529411764706,17.0,29.418206707734427,2022,100.5,True,1.6352941176470592,28-29
00-0031800,Taylor Heinicke,QB,13.92875,16,12.884444444444446,9.0,29.489390828199863,2022,20.0,True,-1.044305555555555,28-29
00-0031868,Damiere Byrd,WR,6.081818181818182,11,4.316666666666666,12.0,29.61806981519507,2022,91.0,True,-1.7651515151515156,28-29
00-0031941,Jamison Crowder,WR,9.141666666666667,12,3.0,4.0,29.232032854209447,2022,55.0,False,-6.1416666666666675,28-29
00-0032009,Adam Humphries,WR,4.664705882352941,17,,,29.21286789869952,2022,107.0,False,,28-29
00-0032058,Tevin Coleman,RB,4.6818181818181825,11,11.000000000000002,2.0,29.401779603011637,2022,73.0,False,6.318181818181819,29-30
00-0032062,Blake Bell,TE,1.7,11,5.0,2.0,31.093771389459274,2022,69.0,False,3.3,30-31
00-0032063,Mike Davis,RB,8.129411764705884,17,0.8400000000000001,5.0,29.555099247091032,2022,49.0,False,-7.289411764705884,29-30
00-0032104,Ameer Abdullah,RB,5.264705882352941,17,3.38125,16.0,29.242984257357975,2022,69.0,True,-1.883455882352941,29-30
00-0032128,Chris Conley,WR,4.614285714285714,14,2.1500000000000004,4.0,29.87542778918549,2022,108.0,False,-2.4642857142857135,28-29
00-0032134,C.J. Uzomah,TE,8.01875,16,4.014285714285714,14.0,29.65366187542779,2022,20.0,True,-4.0044642857142865,28-29
00-0032141,Geoff Swaim,TE,4.375,16,1.9833333333333334,12.0,28.982888432580424,2022,44.5,True,-2.3916666666666666,28-29
00-0032144,Melvin Gordon,RB,12.75625,16,8.71,10.0,29.409993155373034,2022,23.0,True,-4.046249999999999,29-30
00-0032187,David Johnson,RB,6.253846153846154,13,2.2750000000000004,4.0,30.73511293634497,2022,61.0,False,-3.9788461538461535,29-30
00-0032200,Ty Montgomery,WR,2.1357142857142857,14,10.3,1.0,29.631759069130734,2022,134.0,False,8.164285714285715,28-29
00-0032211,Tyler Lockett,WR,15.55625,16,15.2375,16.0,29.949349760438057,2022,15.0,True,-0.31874999999999964,28-29
00-0032214,Tyler Kroft,TE,4.366666666666666,9,1.616666666666667,6.0,29.90280629705681,2022,46.0,False,-2.749999999999999,28-29
00-0032355,Chester Rogers,WR,4.1875,16,0.0,3.0,28.659822039698838,2022,115.0,False,-4.1875,28-29
00-0032392,Austin Hooper,TE,6.166666666666667,15,5.729411764705882,17.0,27.865845311430526,2022,29.0,True,-0.43725490196078454,25-27
00-0032398,Chris Moore,WR,5.720000000000001,10,7.7733333333333325,15.0,29.234770704996578,2022,96.0,True,2.053333333333332,28-29
00-0032426,Alex Collins,RB,6.527272727272727,11,,,28.041067761806982,2022,60.0,False,,27-28
00-0032450,Dwayne Washington,RB,0.6000000000000001,8,0.7857142857142857,7.0,28.380561259411362,2022,99.0,False,0.1857142857142856,27-28
00-0032464,Kalif Raymond,WR,8.4625,16,6.835294117647059,17.0,28.09034907597536,2022,66.0,True,-1.627205882352941,28-29
00-0032543,Alex Erickson,WR,0.5,17,0.0,2.0,29.842573579739906,2022,149.0,False,-0.5,28-29
00-0032602,J.D. McKissic,RB,11.627272727272727,11,6.975,8.0,29.07049965776865,2022,30.0,True,-4.652272727272727,29-30
00-0032688,Robbie Chosen,WR,8.147058823529411,17,4.4750000000000005,12.0,29.338809034907598,2022,70.0,True,-3.6720588235294107,28-29
00-0032725,Stephen Anderson,TE,2.75,14,0.43333333333333335,9.0,29.609856262833677,2022,62.0,True,-2.3166666666666664,28-29
00-0032741,Peyton Barber,RB,5.877777777777778,9,,,28.53388090349076,2022,64.0,False,,27-28
00-0032764,Derrick Henry,RB,26.0375,8,20.9225,16.0,28.681724845995895,2022,1.0,True,-5.115000000000002,27-28
00-0032775,Demarcus Robinson,WR,4.957142857142857,14,6.58125,16.0,27.969883641341546,2022,102.0,True,1.6241071428571425,25-27
00-0032778,Tajae Sharpe,WR,3.4285714285714284,14,,,27.71526351813826,2022,126.0,False,,25-27
00-0032791,Jakeem Grant,WR,2.9,15,,,29.861738535249827,2022,127.0,False,,28-29
00-0032950,Carson Wentz,QB,15.648235294117649,17,14.1,8.0,29.694729637234772,2022,16.0,True,-1.5482352941176494,28-29
00-0032951,Laquon Treadwell,WR,6.866666666666667,12,3.4,3.0,27.241615331964407,2022,84.0,False,-3.4666666666666672,25-27
00-0032972,Devontae Booker,RB,9.00625,16,,,30.288843258042437,2022,42.0,False,,29-30
00-0032977,Rashard Higgins,WR,4.791666666666667,12,,,27.926078028747433,2022,106.0,False,,25-27
00-0033006,Jaydon Mickens,WR,0.2727272727272727,11,,,28.38877481177276,2022,154.0,False,,28-29
00-0033009,Tyler Boyd,WR,11.58375,16,10.6325,16.0,27.81930184804928,2022,36.0,True,-0.9512499999999999,25-27
00-0033025,Jalen Richard,RB,2.5777777777777775,9,,,28.903490759753595,2022,88.0,False,,27-28
00-0033040,Tyreek Hill,WR,17.705882352941178,17,20.688235294117646,17.0,28.528405201916495,2022,7.0,True,2.982352941176469,28-29
00-0033045,Ezekiel Elliott,RB,15.18,17,12.386666666666667,15.0,27.137577002053387,2022,16.0,True,-2.793333333333333,27-28
00-0033077,Dak Prescott,QB,21.035,16,16.55,12.0,29.117043121149898,2022,8.0,True,-4.484999999999999,28-29
00-0033090,Hunter Henry,TE,10.26875,16,6.49375,16.0,27.759069130732374,2022,13.0,True,-3.7750000000000004,25-27
00-0033106,Jared Goff,QB,13.892857142857142,14,16.72470588235294,17.0,27.906913073237508,2022,22.0,True,2.831848739495797,25-27
00-0033110,Tyler Higbee,TE,9.8,15,9.5,16.0,29.689253935660506,2022,15.0,True,-0.3000000000000007,28-29
00-0033111,Pharoh Cooper,WR,0.95,8,0.8200000000000001,5.0,27.512662559890487,2022,145.0,False,-0.1299999999999999,25-27
00-0033118,Kenyan Drake,RB,8.541666666666666,12,8.925,12.0,28.621492128678987,2022,46.0,True,0.38333333333333464,27-28
00-0033119,Jacoby Brissett,QB,7.232000000000001,10,12.044285714285715,14.0,29.746748802190282,2022,33.0,True,4.812285714285714,28-29
00-0033217,Mo Alie-Cox,TE,4.68235294117647,17,3.85,14.0,28.974674880219027,2022,38.0,True,-0.8323529411764699,28-29
00-0033251,Zach Pascal,WR,5.90625,16,2.4,15.0,27.72895277207392,2022,95.0,True,-3.50625,25-27
00-0033258,Darrell Daniels,TE,0.1,10,,,27.800136892539356,2022,77.0,False,,25-27
00-0033288,George Kittle,TE,14.464285714285714,14,13.466666666666667,15.0,28.919917864476385,2022,4.0,True,-0.9976190476190467,28-29
00-0033293,Aaron Jones,RB,15.466666666666667,15,15.505882352941178,17.0,27.772758384668034,2022,13.5,True,0.03921568627451144,27-28
00-0033296,Alex Armah,RB,1.0222222222222221,9,,,28.317590691307323,2022,95.0,False,,27-28
00-0033307,Kendrick Bourne,WR,10.617647058823529,17,5.6125,16.0,27.10198494182067,2022,43.0,True,-5.005147058823529,25-27
00-0033338,Cethan Carter,TE,0.45,8,,,27.014373716632445,2022,75.0,False,,25-27
00-0033357,Taysom Hill,TE,10.393333333333334,12,9.3,16.0,32.049281314168375,2022,12.0,True,-1.0933333333333337,32+
00-0033375,Tim Patrick,WR,9.775,16,,,28.79671457905544,2022,50.0,False,,28-29
00-0033376,Patrick Ricard,RB,2.5875,8,1.5384615384615385,13.0,28.290212183436,2022,87.0,True,-1.0490384615384614,27-28
00-0033439,Pharaoh Brown,TE,2.930769230769231,13,2.9625,8.0,28.35318275154004,2022,61.0,True,0.031730769230768896,28-29
00-0033455,Anthony Firkser,TE,4.873333333333334,15,2.375,8.0,27.5564681724846,2022,36.0,True,-2.498333333333334,25-27
00-0033460,John Ross,WR,4.555555555555555,9,,,26.78713210130048,2022,110.0,False,,25-27
00-0033466,Isaiah McKenzie,WR,3.733333333333333,15,7.986666666666667,15.0,27.422313483915126,2022,122.0,True,4.253333333333334,25-27
00-0033471,Isaiah Ford,WR,4.01,10,,,26.584531143052704,2022,120.0,False,,25-27
00-0033481,Marcus Kemp,WR,0.3666666666666667,12,0.0,2.0,27.07460643394935,2022,152.0,False,-0.3666666666666667,25-27
00-0033526,Samaje Perine,RB,5.546666666666667,15,9.06875,16.0,26.98425735797399,2022,66.0,True,3.522083333333333,25-26
00-0033536,Mike Williams,WR,15.787500000000001,16,14.038461538461538,13.0,27.93429158110883,2022,13.0,True,-1.749038461538463,25-27
00-0033553,James Conner,RB,17.18,15,15.63076923076923,13.0,27.351129363449694,2022,8.0,True,-1.5492307692307694,27-28
00-0033555,Mack Hollins,WR,4.02,15,9.156470588235294,17.0,28.982888432580424,2022,119.0,True,5.136470588235294,28-29
00-0033572,Jamal Agnew,WR,8.2,10,4.6866666666666665,15.0,27.43874058863792,2022,68.0,True,-3.5133333333333328,25-27
00-0033576,Eric Saubert,TE,1.8700000000000003,10,2.557142857142857,14.0,28.33949349760438,2022,68.0,True,0.6871428571428566,28-29
00-0033591,Noah Brown,WR,3.822222222222222,9,7.15625,16.0,26.677618069815196,2022,121.0,True,3.334027777777778,25-27
00-0033611,Ricky Seals-Jones,TE,6.281818181818182,11,,,27.49075975359343,2022,28.0,False,,25-27
00-0033658,Blake Jarwin,TE,4.075,8,,,28.1533196440794,2022,50.0,False,,28-29
00-0033681,Keelan Cole,WR,5.635714285714286,14,2.5083333333333333,12.0,29.39082819986311,2022,97.0,True,-3.127380952380953,28-29
00-0033699,Austin Ekeler,RB,21.675,16,22.276470588235295,17.0,27.318275154004105,2022,3.0,True,0.6014705882352942,27-28
00-0033725,Corey Clement,RB,2.627272727272727,11,4.38,5.0,27.854893908281998,2022,86.0,False,1.752727272727273,27-28
00-0033733,Greg Ward,WR,3.4579999999999997,10,,,27.16495550992471,2022,125.0,False,,25-27
00-0033757,Robert Tonyan,TE,6.3,8,6.588235294117647,17.0,28.36413415468857,2022,27.0,True,0.2882352941176469,28-29
00-0033839,Dede Westbrook,WR,1.12,15,,,28.802190280629706,2022,144.0,False,,28-29
00-0033854,Dare Ogunbowale,RB,3.853846153846154,13,3.246666666666667,15.0,28.35318275154004,2022,78.0,True,-0.6071794871794869,27-28
00-0033856,Leonard Fournette,RB,18.685714285714287,14,14.31875,16.0,27.644079397672826,2022,5.0,True,-4.366964285714287,27-28
00-0033858,Jonnu Smith,TE,4.2125,16,4.333333333333333,12.0,27.052703627652292,2022,48.0,True,0.12083333333333268,25-27
00-0033871,Corey Davis,WR,11.855555555555556,9,7.507692307692308,13.0,27.66324435318275,2022,34.0,True,-4.347863247863248,25-27
00-0033873,Patrick Mahomes,QB,22.215294117647062,17,25.49411764705882,17.0,26.981519507186857,2022,4.0,True,3.27882352941176,25-27
00-0033879,O.J. Howard,TE,3.35,10,3.3181818181818183,11.0,27.811088295687885,2022,59.0,True,-0.031818181818181746,25-27
00-0033881,Evan Engram,TE,6.833333333333333,15,10.58235294117647,17.0,28.021902806297057,2022,26.0,True,3.7490196078431373,28-29
00-0033885,David Njoku,TE,7.273333333333334,15,10.142857142857142,14.0,26.168377823408623,2022,22.0,True,2.869523809523808,25-27
00-0033891,Zay Jones,WR,7.16,15,12.56875,16.0,27.449691991786448,2022,82.0,True,5.4087499999999995,25-27
00-0033893,Dalvin Cook,RB,17.176923076923078,13,14.341176470588236,17.0,27.085557837097877,2022,9.0,True,-2.835746606334842,27-28
00-0033895,Gerald Everett,TE,7.8533333333333335,15,9.3,15.0,28.210814510609172,2022,21.0,True,1.4466666666666672,28-29
00-0033897,Joe Mixon,RB,18.556250000000002,16,17.321428571428573,14.0,26.130047912388775,2022,6.0,True,-1.2348214285714292,25-26
00-0033906,Alvin Kamara,RB,18.861538461538462,13,14.513333333333332,15.0,27.129363449691994,2022,4.0,True,-4.34820512820513,27-28
00-0033908,Cooper Kupp,WR,26.823529411764707,17,23.211111111111112,9.0,29.23750855578371,2022,1.0,True,-3.6124183006535944,28-29
00-0033921,Chris Godwin Jr.,WR,17.85,14,15.053333333333335,15.0,26.535249828884325,2022,6.0,True,-2.796666666666667,25-27
00-0033923,Kareem Hunt,RB,13.75,8,7.458823529411765,17.0,27.096509240246405,2022,20.0,True,-6.291176470588235,27-28
00-0033925,D'Onta Foreman,RB,11.433333333333334,9,9.125,16.0,26.379192334017795,2022,32.0,True,-2.3083333333333336,25-26
00-0033932,Kenny Golladay,WR,6.471428571428572,14,3.35,6.0,28.851471594798085,2022,86.0,False,-3.1214285714285723,28-29
00-0033943,Josh Reynolds,WR,7.327272727272727,11,8.658333333333333,12.0,27.564681724845997,2022,78.0,True,1.331060606060606,25-27
00-0033948,Jamaal Williams,RB,9.215384615384615,13,13.641176470588235,17.0,27.43874058863792,2022,40.0,True,4.42579185520362,27-28
00-0033955,Jeremy McNichols,RB,5.661538461538462,13,,,26.70773442847365,2022,65.0,False,,25-26
00-0034011,Dan Arnold,TE,6.890909090909091,11,2.0454545454545454,11.0,27.49075975359343,2022,25.0,True,-4.845454545454546,25-27
00-0034052,Brandon Zylstra,WR,4.083333333333333,12,0.0,1.0,29.462012320328544,2022,117.0,False,-4.083333333333333,28-29
00-0034104,Cam Sims,WR,4.066666666666666,12,1.3000000000000003,13.0,26.677618069815196,2022,118.0,True,-2.766666666666666,25-27
00-0034109,Phillip Lindsay,RB,3.242857142857143,14,4.933333333333334,3.0,28.13141683778234,2022,84.0,False,1.6904761904761907,27-28
00-0034115,Jeff Wilson,RB,6.8125,8,10.28125,16.0,26.817248459958932,2022,59.0,True,3.46875,25-26
00-0034132,Christian Blake,WR,0.7222222222222222,9,,,26.255989048596852,2022,147.0,False,,25-27
00-0034159,Will Dissly,TE,3.853846153846154,13,5.793333333333334,15.0,26.17385352498289,2022,54.0,True,1.93948717948718,25-27
00-0034164,Trenton Cannon,RB,0.04,10,0.0,1.0,28.134154688569474,2022,101.0,False,-0.04,27-28
00-0034253,Dontrell Hilliard,RB,9.4625,8,6.433333333333334,12.0,27.537303216974674,2022,39.0,True,-3.029166666666667,27-28
00-0034270,Tyler Conklin,TE,8.13529411764706,17,7.735294117647059,17.0,27.11567419575633,2022,19.0,True,-0.40000000000000124,25-27
00-0034272,Marquez Valdes-Scantling,WR,8.045454545454545,11,7.288235294117648,17.0,27.917864476386036,2022,72.0,True,-0.7572192513368972,25-27
00-0034279,Equanimeous St. Brown,WR,1.6833333333333336,12,4.04375,16.0,25.94387405886379,2022,140.0,True,2.3604166666666666,25-27
00-0034297,Byron Pringle,WR,8.05,16,3.55,10.0,28.813141683778234,2022,71.0,True,-4.500000000000001,28-29
00-0034301,Darrel Williams,RB,11.617647058823529,17,4.220000000000001,5.0,27.405886379192335,2022,31.0,False,-7.397647058823528,27-28
00-0034348,Courtland Sutton,WR,9.014117647058825,17,10.726666666666667,15.0,26.91854893908282,2022,57.0,True,1.7125490196078417,25-27
00-0034351,Dallas Goedert,TE,11.2,15,11.891666666666666,12.0,27.685147159479808,2022,8.0,True,0.6916666666666664,25-27
00-0034364,Jordan Akins,TE,3.475,12,7.766666666666667,15.0,30.392881587953458,2022,57.0,True,4.291666666666666,30-31
00-0034365,Ian Thomas,TE,2.628571428571429,14,3.130769230769231,13.0,26.261464750171115,2022,63.0,True,0.5021978021978022,25-27
00-0034367,Nyheim Hines,RB,6.858823529411764,17,5.0875,16.0,25.82614647501711,2022,58.0,True,-1.771323529411764,25-26
00-0034383,Dalton Schultz,TE,12.282352941176471,17,9.513333333333332,15.0,26.16563997262149,2022,6.0,True,-2.7690196078431395,25-27
00-0034407,Ray-Ray McCloud,WR,4.2625,16,3.4176470588235297,17.0,25.90280629705681,2022,113.0,True,-0.8448529411764705,25-27
00-0034411,Russell Gage,WR,12.76923076923077,13,9.507692307692308,13.0,26.633812457221083,2022,31.0,True,-3.2615384615384624,25-27
00-0034414,Boston Scott,RB,8.963636363636363,11,3.08,15.0,27.37303216974675,2022,43.0,True,-5.883636363636363,27-28
00-0034418,Cedrick Wilson Jr.,WR,10.772857142857143,14,2.030769230769231,13.0,26.806297056810404,2022,41.0,True,-8.742087912087912,25-27
00-0034419,Braxton Berrios,WR,7.56875,16,3.3929411764705883,17.0,26.92950034223135,2022,75.0,True,-4.175808823529412,25-27
00-0034440,Justin Jackson,RB,6.157142857142858,14,3.4066666666666667,15.0,26.38466803559206,2022,62.0,True,-2.7504761904761916,25-26
00-0034487,Trent Sherfield,WR,1.9749999999999999,12,5.23125,16.0,26.537987679671456,2022,138.0,True,3.2562500000000005,25-27
00-0034521,Allen Lazard,WR,10.178571428571429,14,11.753333333333334,15.0,26.748802190280628,2022,45.0,True,1.574761904761905,25-27
00-0034614,Godwin Igwebuike,RB,1.7866666666666668,15,0.33999999999999997,5.0,28.0,2022,92.0,False,-1.4466666666666668,27-28
00-0034676,James Washington,WR,4.386666666666667,15,0.0,1.0,26.439425051334702,2022,112.0,False,-4.386666666666667,25-27
00-0034681,Chase Edmonds,RB,12.191666666666668,12,5.707692307692308,13.0,26.409308692676248,2022,27.0,True,-6.48397435897436,25-26
00-0034750,Rashaad Penny,RB,13.37,10,11.040000000000001,5.0,26.60369609856263,2022,22.0,False,-2.3299999999999983,25-26
00-0034753,Mark Andrews,TE,18.15294117647059,17,13.0,15.0,27.01163586584531,2022,1.0,True,-5.152941176470591,25-27
00-0034764,Michael Gallup,WR,10.333333333333334,9,7.528571428571429,14.0,26.518822724161534,2022,44.0,True,-2.8047619047619046,25-27
00-0034765,Tre'Quan Smith,WR,8.77,10,5.430000000000001,10.0,26.67488021902806,2022,60.0,True,-3.339999999999999,25-27
00-0034775,Christian Kirk,WR,12.301176470588235,17,14.494117647058824,17.0,25.809719370294317,2022,33.0,True,2.1929411764705886,25-27
00-0034791,Nick Chubb,RB,16.45,14,17.788235294117648,17.0,26.704996577686515,2022,11.0,True,1.3382352941176485,25-26
00-0034796,Lamar Jackson,QB,21.165000000000003,12,20.173333333333336,12.0,25.672826830937716,2022,6.0,True,-0.9916666666666671,25-27
00-0034798,Durham Smythe,TE,4.375,16,3.076923076923077,13.0,27.08829568788501,2022,44.5,True,-1.298076923076923,25-27
00-0034799,Kalen Ballage,RB,0.8,8,,,26.718685831622178,2022,97.0,False,,25-26
00-0034816,Ronald Jones,RB,5.28,15,3.2399999999999998,5.0,25.10335386721424,2022,68.0,False,-2.0400000000000005,25-26
00-0034827,DJ Moore,WR,14.235294117647058,17,11.976470588235296,17.0,25.4072553045859,2022,26.0,True,-2.258823529411762,25-27
00-0034829,Mike Gesicki,TE,9.794117647058824,17,5.776470588235294,17.0,26.937713894592743,2022,16.0,True,-4.01764705882353,25-27
00-0034830,Hayden Hurst,TE,5.341666666666666,12,8.107692307692307,13.0,29.045859000684462,2022,33.0,True,2.7660256410256414,28-29
00-0034838,Royce Freeman,RB,2.8833333333333333,12,4.75,4.0,26.543463381245722,2022,85.0,False,1.8666666666666667,25-26
00-0034844,Saquon Barkley,RB,11.661538461538461,13,18.5,16.0,25.582477754962355,2022,29.0,True,6.838461538461539,25-26
00-0034845,Sony Michel,RB,8.958823529411765,17,2.49,10.0,27.561943874058862,2022,44.0,True,-6.468823529411765,27-28
00-0034854,KhaDarel Hodge,WR,2.5583333333333336,12,3.1692307692307695,13.0,28.684462696783026,2022,133.0,True,0.610897435897436,28-29
00-0034855,Baker Mayfield,QB,12.921428571428573,14,10.118333333333334,12.0,27.408624229979466,2022,27.0,True,-2.8030952380952385,25-27
00-0034857,Josh Allen,QB,23.857647058823527,17,25.72,16.0,26.305270362765228,2022,1.0,True,1.8623529411764714,25-27
00-0034869,Sam Darnold,QB,13.106666666666667,12,14.386666666666665,6.0,25.26488706365503,2022,26.0,False,1.2799999999999976,25-27
00-0034960,Jakobi Meyers,WR,11.64375,16,13.12857142857143,14.0,25.83436002737851,2022,35.0,True,1.4848214285714292,25-27
00-0034972,Alexander Mattison,RB,8.24375,16,5.2,17.0,24.227241615331966,2022,48.0,True,-3.04375,<=24
00-0034981,Foster Moreau,TE,5.6866666666666665,15,6.228571428571429,14.0,25.347022587268995,2022,31.0,True,0.5419047619047621,25-27
00-0034983,Hunter Renfrow,WR,15.505882352941178,17,7.9,10.0,26.72142368240931,2022,16.0,True,-7.605882352941178,25-27
00-0035021,Ashton Dulin,WR,2.84375,16,4.25,10.0,25.322381930184804,2022,128.0,True,1.40625,25-27
00-0035022,Penny Hart,WR,1.1727272727272728,11,1.25,4.0,26.182067077344286,2022,143.0,False,0.07727272727272716,25-27
00-0035126,Antoine Wesley,WR,7.2250000000000005,8,,,24.88432580424367,2022,81.0,False,,25-27
00-0035140,Mecole Hardman,WR,8.376470588235295,17,11.725,8.0,24.49828884325804,2022,67.0,True,3.348529411764705,<=24
00-0035208,Olamide Zaccheaus,WR,5.986666666666666,15,6.875,16.0,25.13347022587269,2022,93.0,True,0.8883333333333336,25-27
00-0035215,Deonte Harty,WR,8.853846153846153,13,0.825,4.0,24.76659822039699,2022,58.0,False,-8.028846153846153,25-27
00-0035216,Diontae Johnson,WR,17.431250000000002,16,10.629411764705882,17.0,26.182067077344286,2022,8.0,True,-6.80183823529412,25-27
00-0035217,Benny Snell,RB,0.8187500000000001,16,2.0777777777777775,9.0,24.53388090349076,2022,96.0,True,1.2590277777777774,25-26
00-0035222,Zach Gentry,TE,3.5700000000000003,10,2.3000000000000003,14.0,25.998631074606433,2022,55.0,True,-1.27,25-27
00-0035228,Kyler Murray,QB,22.034285714285716,14,18.501818181818184,11.0,25.09240246406571,2022,5.0,True,-3.532467532467532,25-27
00-0035229,T.J. Hockenson,TE,12.108333333333334,12,12.964705882352941,17.0,25.188227241615333,2022,7.0,True,0.856372549019607,25-27
00-0035243,Miles Sanders,RB,10.266666666666667,12,13.276470588235293,17.0,25.360711841204655,2022,36.0,True,3.0098039215686256,25-26
00-0035249,Josh Oliver,TE,1.4181818181818182,11,3.4083333333333337,12.0,25.472963723477072,2022,71.0,True,1.9901515151515154,25-27
00-0035250,Devin Singletary,RB,11.811764705882354,17,11.30625,16.0,25.018480492813143,2022,28.0,True,-0.5055147058823533,25-26
00-0035259,Trevon Wesco,TE,0.8125,8,1.1,6.0,26.99520876112252,2022,74.0,False,0.2875000000000001,25-27
00-0035261,Tony Pollard,RB,11.04,15,16.20625,16.0,25.363449691991786,2022,34.0,True,5.166250000000002,25-26
00-0035311,Myles Gaskin,RB,10.211764705882352,17,4.7,2.0,25.56605065023956,2022,37.0,False,-5.511764705882352,25-26
00-0035329,Donald Parham,TE,4.538461538461538,13,4.833333333333333,6.0,25.06776180698152,2022,41.0,False,0.2948717948717947,25-27
00-0035399,Stanley Morgan,WR,0.30909090909090914,11,0.0,9.0,26.00684462696783,2022,153.0,True,-0.30909090909090914,25-27
00-0035406,Lil'Jordan Humphrey,WR,6.2375,8,1.0,4.0,24.39425051334702,2022,89.0,False,-5.2375,<=24
00-0035414,Jalen Guyton,WR,6.075,16,4.2,2.0,25.259411362080765,2022,92.0,False,-1.875,25-27
00-0035510,Jeff Smith,WR,2.1333333333333333,9,3.057142857142857,7.0,25.388090349075977,2022,135.0,False,0.9238095238095236,25-27
00-0035535,Darius Slayton,WR,5.276923076923078,13,9.876923076923077,13.0,25.659137577002053,2022,99.0,True,4.6,25-27
00-0035537,Ty Johnson,RB,7.8,15,3.5666666666666664,12.0,24.980150581793293,2022,51.0,True,-4.233333333333333,25-26
00-0035594,Travis Homer,RB,4.414285714285714,14,4.3100000000000005,10.0,24.093086926762492,2022,75.0,True,-0.1042857142857132,<=24
00-0035624,N'Keal Harry,TE,3.04,10,4.1000000000000005,6.0,24.73100616016427,2022,60.0,False,1.0600000000000005,25-27
00-0035628,D'Ernest Johnson,RB,8.46923076923077,13,0.6000000000000001,9.0,26.535249828884325,2022,47.0,True,-7.86923076923077,25-26
00-0035631,Drew Sample,TE,1.9100000000000001,10,0.8999999999999999,2.0,26.401095140314855,2022,66.5,False,-1.0100000000000002,25-27
00-0035640,DK Metcalf,WR,14.458823529411765,17,13.51764705882353,17.0,24.739219712525667,2022,23.0,True,-0.9411764705882355,25-27
00-0035644,Noah Fant,TE,9.9375,16,7.211764705882352,17.0,24.804928131416837,2022,14.0,True,-2.725735294117648,25-27
00-0035645,Gunner Olszewski,WR,0.375,16,0.9466666666666668,15.0,25.78781656399726,2022,151.0,True,0.5716666666666668,25-27
00-0035657,Damien Harris,RB,15.006666666666666,15,8.263636363636364,11.0,25.57700205338809,2022,17.0,True,-6.743030303030302,25-26
00-0035659,Terry McLaurin,WR,12.911764705882353,17,13.823529411764707,17.0,26.986995208761122,2022,30.0,True,0.9117647058823533,25-27
00-0035662,Marquise Brown,WR,14.55,16,13.125,12.0,25.267624914442163,2022,22.0,True,-1.4250000000000007,25-27
00-0035664,Darrell Henderson,RB,13.616666666666667,12,7.35,10.0,25.059548254620122,2022,21.0,True,-6.2666666666666675,25-26
00-0035676,A.J. Brown,WR,14.261538461538462,13,18.064705882352943,17.0,25.196440793976727,2022,25.0,True,3.8031674208144803,25-27
00-0035685,David Montgomery,RB,15.461538461538462,13,11.293750000000001,16.0,25.259411362080765,2022,15.0,True,-4.167788461538461,25-26
00-0035689,Dawson Knox,TE,11.04,15,9.046666666666665,15.0,25.82067077344285,2022,9.0,True,-1.993333333333334,25-27
00-0035700,Josh Jacobs,RB,15.466666666666667,15,20.66470588235294,17.0,24.577686516084874,2022,13.5,True,5.198039215686274,25-26
00-0035710,Daniel Jones,QB,15.956363636363637,11,18.25,16.0,25.28952772073922,2022,14.0,True,2.293636363636363,25-27
00-0035715,Derrick Gore,RB,7.0125,8,,,27.742642026009584,2022,57.0,False,,27-28
00-0035719,Deebo Samuel Sr.,WR,21.653750000000002,16,13.069230769230769,13.0,26.652977412731005,2022,3.0,True,-8.584519230769233,25-27
00-0035806,JaMycal Hasty,RB,4.681818181818182,11,5.0,14.0,25.99315537303217,2022,74.0,True,0.31818181818181834,25-26
00-0035831,James Robinson,RB,12.635714285714286,14,8.327272727272728,11.0,24.087611225188226,2022,24.0,True,-4.308441558441558,<=24
00-0035860,Tony Jones,RB,2.21,10,3.466666666666667,3.0,24.79397672826831,2022,90.0,False,1.2566666666666668,25-26
00-0035864,Kendall Hinton,WR,3.5036363636363634,11,5.127272727272727,11.0,25.555099247091032,2022,124.0,True,1.6236363636363635,25-27
00-0035924,Jonathan Ward,RB,1.077777777777778,9,1.3,4.0,24.944558521560573,2022,94.0,False,0.2222222222222221,25-26
00-0035956,Giovanni Ricci,TE,0.0,8,1.6363636363636365,11.0,25.900068446269678,2022,78.0,True,1.6363636363636365,25-27
00-0036020,Salvon Ahmed,RB,3.5090909090909093,11,2.3666666666666667,6.0,23.698836413415467,2022,81.0,False,-1.1424242424242426,<=24
00-0036040,Juwan Johnson,TE,4.06923076923077,13,8.425,16.0,25.99041752224504,2022,51.0,True,4.355769230769231,25-27
00-0036182,Nick Westbrook-Ikhine,WR,7.273333333333334,15,5.2625,16.0,25.472963723477072,2022,79.0,True,-2.010833333333334,25-27
00-0036187,Reggie Gilliam,RB,0.7000000000000001,8,2.9857142857142853,7.0,25.05681040383299,2022,98.0,False,2.285714285714285,25-26
00-0036196,Gabe Davis,WR,8.493333333333334,15,11.54,15.0,23.529089664613277,2022,65.0,True,3.046666666666665,<=24
00-0036212,Tua Tagovailoa,QB,13.916923076923077,13,18.378461538461536,13.0,24.525667351129364,2022,21.0,True,4.46153846153846,25-27
00-0036219,Marquez Callaway,WR,9.01764705882353,17,3.7800000000000002,10.0,24.45722108145106,2022,56.0,True,-5.237647058823529,<=24
00-0036223,Jonathan Taylor,RB,23.8,17,13.854545454545455,11.0,23.641341546885695,2022,2.0,True,-9.945454545454545,<=24
00-0036232,Harrison Bryant,TE,4.153333333333333,15,4.4071428571428575,14.0,24.383299110198493,2022,49.0,True,0.25380952380952415,<=24
00-0036233,Donovan Peoples-Jones,WR,8.553846153846154,13,9.91764705882353,17.0,23.5564681724846,2022,63.0,True,1.363800904977376,<=24
00-0036247,Freddie Swain,WR,5.088235294117647,17,3.8000000000000003,3.0,24.10130047912389,2022,100.5,False,-1.2882352941176465,<=24
00-0036250,Tyler Davis,TE,0.9375,8,0.6,11.0,25.440109514031484,2022,73.0,True,-0.3375,25-27
00-0036251,Zack Moss,RB,8.092307692307692,13,5.1923076923076925,13.0,24.736481861738536,2022,50.0,True,-2.8999999999999995,25-26
00-0036252,Michael Pittman,WR,14.211764705882352,17,13.71875,16.0,24.930869267624914,2022,27.0,True,-0.4930147058823522,25-27
00-0036254,Collin Johnson,WR,2.6875,8,,,24.9637234770705,2022,131.0,False,,25-27
00-0036255,Denzel Mims,WR,2.13,10,3.288888888888889,9.0,24.917180013689254,2022,136.0,True,1.1588888888888893,25-27
00-0036259,Jauan Jennings,WR,6.323076923076924,13,5.1625,16.0,25.169062286105408,2022,88.0,True,-1.160576923076924,25-27
00-0036261,Brandon Aiyuk,WR,10.105882352941178,17,13.488235294117647,17.0,24.484599589322382,2022,46.0,True,3.3823529411764692,<=24
00-0036265,AJ Dillon,RB,10.917647058823531,17,9.858823529411765,17.0,24.358658453114305,2022,35.0,True,-1.0588235294117663,<=24
00-0036268,Laviska Shenault Jr.,WR,7.9375,16,5.592307692307693,13.0,23.9315537303217,2022,74.0,True,-2.345192307692307,<=24
00-0036271,Quez Watkins,WR,6.911764705882353,17,4.970588235294118,17.0,24.254620123203285,2022,83.0,True,-1.9411764705882355,<=24
00-0036275,D'Andre Swift,RB,16.53076923076923,13,13.864285714285716,14.0,23.655030800821354,2022,10.0,True,-2.666483516483515,<=24
00-0036290,Cole Kmet,TE,7.129411764705883,17,8.66470588235294,17.0,23.50444900752909,2022,23.0,True,1.5352941176470578,<=24
00-0036309,Darnell Mooney,WR,13.276470588235295,17,9.227272727272727,11.0,24.865160848733744,2022,29.0,True,-4.049197860962568,25-27
00-0036322,Justin Jefferson,WR,20.052941176470586,17,22.95058823529412,17.0,23.236139630390145,2022,4.0,True,2.8976470588235337,<=24
00-0036326,Chase Claypool,WR,11.206666666666667,15,7.002666666666667,15.0,24.177960301163587,2022,39.0,True,-4.204,<=24
00-0036328,Antonio Gibson,RB,14.69375,16,11.06,15.0,24.216290212183434,2022,19.0,True,-3.633749999999999,<=24
00-0036331,Devin Duvernay,WR,4.825,16,8.292857142857143,14.0,24.993839835728952,2022,104.0,True,3.4678571428571425,25-27
00-0036332,Josiah Deguara,TE,4.392857142857143,14,2.7111111111111112,9.0,25.568788501026695,2022,43.0,True,-1.681746031746032,25-27
00-0036345,K.J. Osborn,WR,9.323529411764707,17,9.329411764705881,17.0,25.251197809719372,2022,52.0,True,0.005882352941174673,25-27
00-0036355,Justin Herbert,QB,22.39764705882353,17,16.54470588235294,17.0,24.503764544832308,2022,3.0,True,-5.8529411764705905,25-27
00-0036358,CeeDee Lamb,WR,14.83125,16,18.18235294117647,17.0,23.42505133470226,2022,20.0,True,3.351102941176471,<=24
00-0036360,Clyde Edwards-Helaire,RB,12.360000000000001,10,9.83,10.0,23.416837782340863,2022,26.0,True,-2.530000000000001,<=24
00-0036365,Bryan Edwards,WR,6.81875,16,1.125,4.0,23.824777549623544,2022,85.0,False,-5.69375,<=24
00-0036370,Joshua Kelley,RB,2.125,8,5.3999999999999995,12.0,24.804928131416837,2022,91.0,True,3.2749999999999995,25-26
00-0036383,Eno Benjamin,RB,3.5,8,6.892307692307693,13.0,23.411362080766597,2022,82.0,True,3.3923076923076927,<=24
00-0036387,Jalen Reagor,WR,4.594117647058823,17,1.5823529411764707,17.0,23.68788501026694,2022,109.0,True,-3.0117647058823525,<=24
00-0036389,Jalen Hurts,QB,20.81066666666667,15,25.40266666666667,15.0,24.093086926762492,2022,10.0,True,4.591999999999999,<=24
00-0036407,Jerry Jeudy,WR,8.5,10,13.913333333333334,15.0,23.381245722108144,2022,64.0,True,5.413333333333334,<=24
00-0036410,Tee Higgins,WR,16.07857142857143,14,16.20714285714286,14.0,23.644079397672826,2022,12.0,True,0.1285714285714299,<=24
00-0036415,Van Jefferson,WR,9.894117647058824,17,7.890000000000001,10.0,26.12457221081451,2022,49.0,True,-2.0041176470588233,25-27
00-0036422,Adam Trautman,TE,5.754545454545454,11,3.725,12.0,25.593429158110883,2022,30.0,True,-2.029545454545454,25-27
00-0036423,Albert Okwuegbunam,TE,5.428571428571429,14,4.25,6.0,24.37782340862423,2022,32.0,False,-1.1785714285714288,<=24
00-0036425,DeeJay Dallas,RB,3.5352941176470587,17,3.08,15.0,23.983572895277206,2022,80.0,True,-0.4552941176470586,<=24
00-0036427,Tyler Johnson,WR,4.5,16,,,24.043805612594113,2022,111.0,False,,<=24
00-0036429,Charlie Woerner,TE,1.2750000000000001,8,0.0,5.0,24.90075290896646,2022,72.0,False,-1.2750000000000001,25-27
00-0036442,Joe Burrow,QB,21.14,16,22.41875,16.0,25.749486652977414,2022,7.0,True,1.2787499999999987,25-27
00-0036550,Rashod Bateman,WR,8.75,12,9.166666666666666,6.0,22.781656399726216,2022,61.0,False,0.4166666666666661,<=24
00-0036554,Nico Collins,WR,5.971428571428572,14,9.71,10.0,23.479808350444902,2022,94.0,True,3.7385714285714284,<=24
00-0036555,Chuba Hubbard,RB,8.7875,16,6.621428571428572,14.0,23.249828884325805,2022,45.0,True,-2.1660714285714278,<=24
00-0036556,Brevin Jordan,TE,6.9750000000000005,8,2.977777777777778,9.0,22.151950718685832,2022,24.0,True,-3.9972222222222227,<=24
00-0036567,Elijah Mitchell,RB,16.363636363636363,11,8.72,5.0,24.358658453114305,2022,12.0,False,-7.643636363636363,<=24
00-0036613,Jaylen Waddle,WR,15.58125,16,15.776470588235293,17.0,23.79192334017796,2022,14.0,True,0.19522058823529242,<=24
00-0036620,Dee Eskridge,WR,3.5375,8,1.5333333333333334,9.0,25.467488021902806,2022,123.0,True,-2.0041666666666664,25-27
00-0036626,Dyami Brown,WR,2.81,10,3.811111111111112,9.0,22.858316221765914,2022,129.0,True,1.0011111111111117,<=24
00-0036628,John Bates,TE,4.241666666666667,12,3.4222222222222225,9.0,24.843258042436688,2022,47.0,True,-0.8194444444444446,25-27
00-0036630,Tylan Wallace,WR,0.43,10,1.46,5.0,23.329226557152634,2022,150.0,False,1.03,<=24
00-0036650,Larry Rountree III,RB,1.7333333333333334,9,2.65,2.0,23.572895277207394,2022,93.0,False,0.9166666666666665,<=24
00-0036654,Demetric Felton,RB,3.3666666666666667,15,0.39999999999999997,6.0,24.1533196440794,2022,83.0,False,-2.966666666666667,<=24
00-0036669,Kylin Hill,RB,0.48750000000000004,8,0.7000000000000001,1.0,24.06297056810404,2022,100.0,False,0.21250000000000002,<=24
00-0036671,Dax Milne,WR,1.7111111111111112,9,1.0466666666666666,15.0,23.21697467488022,2022,139.0,True,-0.6644444444444446,<=24
00-0036754,Brock Wright,TE,4.4625,8,4.542857142857143,14.0,23.786447638603697,2022,42.0,True,0.08035714285714235,<=24
00-0036755,Jaret Patterson,RB,3.726666666666667,15,3.9000000000000004,2.0,22.715947980835043,2022,79.0,False,0.17333333333333334,<=24
00-0036842,Kene Nwangwu,RB,2.5555555555555554,9,0.8214285714285714,14.0,24.583162217659137,2022,89.0,True,-1.734126984126984,25-26
00-0036857,Chris Evans,RB,5.533333333333333,9,1.28,10.0,24.930869267624914,2022,67.0,True,-4.253333333333333,25-26
00-0036862,Ben Skowronek,WR,2.025,12,6.021428571428572,14.0,25.204654346338124,2022,137.0,True,3.9964285714285723,25-27
00-0036875,Rhamondre Stevenson,RB,10.075000000000001,12,15.005882352941176,17.0,24.54483230663929,2022,38.0,True,4.930882352941175,25-26
00-0036876,Kylen Granson,TE,2.16,10,4.707692307692308,13.0,24.45722108145106,2022,64.0,True,2.5476923076923077,<=24
00-0036877,Jaelon Darden,WR,1.2666666666666666,9,0.3428571428571429,14.0,23.655030800821354,2022,142.0,True,-0.9238095238095236,<=24
00-0036887,Luke Farrell,TE,1.575,8,2.0,4.0,24.906228610540726,2022,70.0,False,0.42500000000000004,25-27
00-0036893,Najee Harris,RB,18.305882352941175,17,13.438823529411765,17.0,24.50650239561944,2022,7.0,True,-4.86705882352941,25-26
00-0036894,Pat Freiermuth,TE,9.48125,16,9.879999999999999,15.0,23.876796714579054,2022,17.0,True,0.3987499999999997,<=24
00-0036898,Davis Mills,QB,12.073846153846155,13,12.101333333333333,15.0,23.887748117727583,2022,28.0,True,0.027487179487177826,<=24
00-0036900,Ja'Marr Chase,WR,19.123529411764707,17,20.7,12.0,22.527036276522928,2022,5.0,True,1.576470588235292,<=24
00-0036906,Khalil Herbert,RB,5.11875,16,9.292307692307693,13.0,24.38877481177276,2022,70.0,True,4.173557692307693,<=24
00-0036912,DeVonta Smith,WR,11.094117647058823,17,15.53529411764706,17.0,23.822039698836413,2022,40.0,True,4.441176470588237,<=24
00-0036913,Kadarius Toney,WR,9.317777777777778,9,6.5888888888888895,9.0,23.619438740588638,2022,53.0,True,-2.7288888888888883,<=24
00-0036919,Kenny Gainwell,RB,7.7124999999999995,16,5.170588235294118,17.0,23.49349760438056,2022,54.0,True,-2.5419117647058815,<=24
00-0036924,Michael Carter,RB,11.242857142857144,14,7.875,16.0,23.345653661875428,2022,33.0,True,-3.3678571428571438,<=24
00-0036936,Rondale Moore,WR,8.042857142857143,14,10.9875,8.0,22.253251197809718,2022,73.0,True,2.944642857142858,<=24
00-0036945,Justin Fields,QB,10.816666666666668,12,20.332,15.0,23.51813826146475,2022,31.0,True,9.515333333333333,<=24
00-0036950,Avery Williams,RB,0.0,15,2.1176470588235294,17.0,24.15605749486653,2022,102.0,True,2.1176470588235294,<=24
00-0036955,Terrace Marshall Jr.,WR,2.733333333333334,12,6.384615384615385,13.0,22.253251197809718,2022,130.0,True,3.651282051282051,<=24
00-0036963,Amon-Ra St. Brown,WR,14.39375,16,17.1,16.0,22.88021902806297,2022,24.0,True,2.7062500000000007,<=24
00-0036970,Kyle Pitts,TE,10.652941176470588,17,7.56,10.0,21.927446954141,2022,10.0,True,-3.092941176470588,<=24
00-0036971,Trevor Lawrence,QB,11.708235294117648,17,17.389411764705883,17.0,22.92950034223135,2022,29.0,True,5.681176470588236,<=24
00-0036972,Mac Jones,QB,13.231764705882354,17,12.148571428571428,14.0,24.01368925393566,2022,24.0,True,-1.0831932773109259,<=24
00-0036980,Elijah Moore,WR,12.700000000000001,11,6.292857142857143,14.0,22.455852156057496,2022,32.0,True,-6.407142857142858,<=24
00-0036988,Josh Palmer,WR,6.193333333333333,15,10.76875,16.0,22.967830253251197,2022,90.0,True,4.575416666666667,<=24
00-0036991,Amari Rodgers,WR,0.6000000000000001,16,2.8733333333333335,15.0,22.965092402464066,2022,148.0,True,2.2733333333333334,<=24
00-0036997,Javonte Williams,RB,12.405882352941177,17,10.5,4.0,22.376454483230663,2022,25.0,False,-1.9058823529411768,<=24
00-0036999,Anthony Schwartz,WR,2.569230769230769,13,2.685714285714286,7.0,22.012320328542096,2022,132.0,False,0.11648351648351696,<=24
00-0037005,Tommy Tremble,TE,3.54,15,3.626666666666667,15.0,22.272416153319643,2022,56.0,True,0.08666666666666689,<=24
00-0037013,Zach Wilson,QB,11.681538461538462,13,10.991111111111111,9.0,23.104722792607802,2022,30.0,True,-0.6904273504273508,<=24
00-0019596,Tom Brady,QB,16.450588235294116,17,,,46.10266940451746,2023,16.0,False,,32+
00-0023459,Aaron Rodgers,QB,14.07058823529412,17,0.0,1.0,39.77275838466804,2023,22.0,False,-14.07058823529412,32+
00-0026143,Matt Ryan,QB,12.94,12,,,38.31622176591376,2023,24.0,False,,32+
00-0026293,Matthew Slater,WR,0.0,8,0.0,5.0,38.001368925393564,2023,150.0,False,0.0,32+
00-0026498,Matthew Stafford,QB,12.042222222222223,9,16.206666666666667,15.0,35.58932238193019,2023,30.0,True,4.1644444444444435,32+
00-0027942,A.J. Green,WR,4.7384615384615385,13,,,35.110198494182065,2023,105.0,False,,32+
00-0027944,Julio Jones,WR,7.040000000000001,10,4.55,8.0,34.5845311430527,2023,77.0,True,-2.490000000000001,32+
00-0027966,Mark Ingram,RB,5.01,10,,,33.719370294318956,2023,64.0,False,,31+
00-0027973,Andy Dalton,QB,12.445714285714287,14,11.82,2.0,35.865845311430526,2023,26.0,False,-0.6257142857142863,32+
00-0028002,Randall Cobb,WR,6.2846153846153845,13,1.8777777777777775,9.0,33.05133470225873,2023,91.0,True,-4.406837606837607,32+
00-0029239,Brandon Bolden,RB,2.1,13,2.2199999999999998,5.0,33.620807665982205,2023,86.0,False,0.11999999999999966,31+
00-0029263,Russell Wilson,QB,15.050666666666668,15,17.126666666666665,15.0,34.77891854893908,2023,18.0,True,2.075999999999997,32+
00-0029293,Marvin Jones,WR,7.4,16,1.625,4.0,33.497604380561256,2023,73.0,False,-5.775,32+
00-0029604,Kirk Cousins,QB,18.09294117647059,17,18.7175,8.0,35.058179329226554,2023,10.0,True,0.6245588235294122,32+
00-0029701,Ryan Tannehill,QB,13.436666666666667,12,8.893333333333334,9.0,35.121149897330596,2023,23.0,True,-4.543333333333333,32+
00-0030035,Adam Thielen,WR,10.588235294117647,17,13.852941176470589,17.0,33.05133470225873,2023,47.0,True,3.264705882352942,32+
00-0030061,Zach Ertz,TE,11.56,10,7.385714285714286,7.0,32.832306639288156,2023,6.0,False,-4.174285714285714,32+
00-0030068,Marquise Goodwin,WR,6.938461538461539,13,1.4,10.0,32.80766598220397,2023,81.0,True,-5.538461538461538,32+
00-0030108,Ryan Griffin,TE,0.6599999999999999,10,,,33.661875427789184,2023,80.0,False,,32+
00-0030279,Keenan Allen,WR,16.7,10,22.52769230769231,13.0,31.370294318959616,2023,11.0,True,5.82769230769231,30-31
00-0030288,Rex Burkhead,RB,4.760000000000001,15,,,33.190965092402465,2023,66.0,False,,31+
00-0030431,Robert Woods,WR,6.923529411764706,17,6.378571428571428,14.0,31.416837782340863,2023,82.0,True,-0.544957983193278,30-31
00-0030506,Travis Kelce,TE,19.13529411764706,17,14.826666666666666,15.0,33.93018480492813,2023,1.0,True,-4.308627450980394,32+
00-0030513,Latavius Murray,RB,12.323076923076922,13,5.526666666666667,15.0,33.64271047227926,2023,25.0,True,-6.796410256410255,31+
00-0030564,DeAndre Hopkins,WR,17.188888888888886,9,13.41764705882353,17.0,31.260780287474333,2023,9.0,True,-3.7712418300653567,30-31
00-0030565,Geno Smith,QB,17.87529411764706,17,15.150666666666666,15.0,32.917180013689254,2023,11.0,True,-2.7246274509803925,32+
00-0030578,Cordarrelle Patterson,RB,12.36153846153846,13,3.0749999999999997,12.0,32.48459958932238,2023,24.0,True,-9.286538461538461,31+
00-0031236,Brandin Cooks,WR,11.315384615384614,13,10.91875,16.0,29.95756331279945,2023,38.0,True,-0.396634615384615,28-29
00-0031260,Logan Thomas,TE,5.946153846153846,13,7.925,16.0,32.19438740588638,2023,32.0,True,1.9788461538461535,32+
00-0031273,Cameron Brate,TE,4.155555555555555,9,,,32.18891170431211,2023,46.0,False,,32+
00-0031280,Derek Carr,QB,14.605333333333334,15,14.183529411764706,17.0,32.45448323066393,2023,20.0,True,-0.4218039215686282,32+
00-0031325,Sammy Watkins,WR,5.166666666666667,9,,,30.239561943874058,2023,101.0,False,,30-31
00-0031345,Jimmy Garoppolo,QB,14.98,11,9.157142857142857,7.0,31.854893908281998,2023,19.0,False,-5.822857142857144,30-31
00-0031376,Jerick McKinnon,RB,11.63529411764706,17,7.03,12.0,31.353867214236825,2023,26.0,True,-4.60529411764706,31+
00-0031381,Davante Adams,WR,20.441176470588236,17,15.876470588235296,17.0,30.71047227926078,2023,6.0,True,-4.564705882352939,30-31
00-0031382,Jarvis Landry,WR,6.855555555555556,9,,,30.781656399726216,2023,84.0,False,,30-31
00-0031408,Mike Evans,WR,15.76,15,16.88235294117647,17.0,30.053388090349078,2023,14.0,True,1.1223529411764712,30-31
00-0031428,Allen Robinson,WR,8.49,10,4.133333333333334,15.0,30.04517453798768,2023,62.0,True,-4.3566666666666665,30-31
00-0031544,Amari Cooper,WR,14.911764705882353,17,16.066666666666666,15.0,29.232032854209447,2023,18.0,True,1.1549019607843132,28-29
00-0031547,DeVante Parker,WR,8.700000000000001,12,5.56923076923077,13.0,30.636550308008214,2023,59.0,True,-3.130769230769231,30-31
00-0031549,Nelson Agholor,WR,5.478571428571429,14,6.06875,16.0,30.297056810403834,2023,96.0,True,0.590178571428571,30-31
00-0031585,MyCole Pruitt,TE,5.5,10,2.6,10.0,31.463381245722108,2023,37.0,True,-2.9,30-31
00-0031588,Stefon Diggs,WR,20.44375,16,16.54705882352941,17.0,29.779603011635867,2023,5.0,True,-3.89669117647059,28-29
00-0031610,Darren Waller,TE,10.6,8,9.433333333333334,12.0,30.989733059548254,2023,7.0,True,-1.166666666666666,30-31
00-0031687,Raheem Mostert,RB,10.89375,16,18.246666666666666,15.0,31.419575633127995,2023,31.0,True,7.352916666666665,31+
00-0031690,Eric Tomlinson,TE,3.211111111111111,9,,,31.38398357289528,2023,58.0,False,,30-31
00-0031763,DeAndre Carter,WR,6.723529411764706,17,0.5705882352941177,17.0,30.417522245037645,2023,86.0,True,-6.152941176470589,30-31
00-0031800,Taylor Heinicke,QB,12.884444444444446,9,13.2,5.0,30.48870636550308,2023,25.0,False,0.31555555555555337,30-31
00-0031868,Damiere Byrd,WR,4.316666666666666,12,0.0,1.0,30.61738535249829,2023,108.0,False,-4.316666666666666,30-31
00-0032054,Breshad Perriman,WR,2.9125,8,,,29.998631074606433,2023,129.0,False,,28-29
00-0032104,Ameer Abdullah,RB,3.38125,16,2.5625,16.0,30.24229979466119,2023,75.0,True,-0.8187500000000001,29-30
00-0032134,C.J. Uzomah,TE,4.014285714285714,14,2.475,8.0,30.652977412731005,2023,49.0,True,-1.5392857142857141,30-31
00-0032141,Geoff Swaim,TE,1.9833333333333334,12,2.425,8.0,29.982203969883642,2023,72.0,True,0.44166666666666643,28-29
00-0032144,Melvin Gordon,RB,8.71,10,4.925,4.0,30.409308692676248,2023,42.0,False,-3.785000000000001,29-30
00-0032208,Phillip Dorsett,WR,3.4466666666666668,15,0.0,2.0,30.677618069815196,2023,120.0,False,-3.4466666666666668,30-31
00-0032211,Tyler Lockett,WR,15.2375,16,11.905882352941177,17.0,30.94866529774127,2023,16.0,True,-3.331617647058824,30-31
00-0032268,Marcus Mariota,QB,15.120000000000001,13,5.88,2.0,29.861738535249827,2023,17.0,False,-9.240000000000002,28-29
00-0032392,Austin Hooper,TE,5.729411764705882,17,3.0250000000000004,16.0,28.865160848733744,2023,36.0,True,-2.704411764705882,28-29
00-0032398,Chris Moore,WR,7.7733333333333325,15,4.553333333333334,15.0,30.234086242299796,2023,70.0,True,-3.219999999999999,30-31
00-0032464,Kalif Raymond,WR,6.835294117647059,17,5.729411764705882,17.0,29.089664613278575,2023,85.0,True,-1.105882352941177,28-29
00-0032602,J.D. McKissic,RB,6.975,8,,,30.069815195071868,2023,51.0,False,,29-30
00-0032688,Robbie Chosen,WR,4.4750000000000005,12,3.766666666666667,6.0,30.338124572210816,2023,107.0,False,-0.7083333333333335,30-31
00-0032725,Stephen Anderson,TE,0.43333333333333335,9,0.0,1.0,30.60917180013689,2023,82.0,False,-0.43333333333333335,30-31
00-0032764,Derrick Henry,RB,20.9225,16,15.21529411764706,17.0,29.68104038329911,2023,3.0,True,-5.707205882352939,29-30
00-0032775,Demarcus Robinson,WR,6.58125,16,10.925,8.0,28.969199178644764,2023,88.0,True,4.343750000000001,28-29
00-0032950,Carson Wentz,QB,14.1,8,26.12,1.0,30.694045174537987,2023,21.0,False,12.020000000000001,30-31
00-0032975,Jonathan Williams,RB,2.911111111111111,9,-0.2,1.0,29.60164271047228,2023,79.0,False,-3.111111111111111,29-30
00-0032980,Marcus Johnson,WR,2.3625,8,,,29.097878165639973,2023,135.5,False,,28-29
00-0033009,Tyler Boyd,WR,10.6325,16,8.605882352941178,17.0,28.8186173853525,2023,44.0,True,-2.0266176470588224,28-29
00-0033040,Tyreek Hill,WR,20.688235294117646,17,24.681250000000002,16.0,29.527720739219713,2023,4.0,True,3.9930147058823557,28-29
00-0033045,Ezekiel Elliott,RB,12.386666666666667,15,10.264705882352942,17.0,28.136892539356605,2023,23.0,True,-2.1219607843137247,27-28
00-0033077,Dak Prescott,QB,16.55,12,20.637647058823532,17.0,30.116358658453116,2023,14.0,True,4.087647058823531,30-31
00-0033090,Hunter Henry,TE,6.49375,16,9.223076923076924,13.0,28.758384668035593,2023,28.0,True,2.7293269230769237,28-29
00-0033106,Jared Goff,QB,16.72470588235294,17,17.00588235294118,17.0,28.906228610540726,2023,13.0,True,0.2811764705882389,28-29
00-0033110,Tyler Higbee,TE,9.5,16,7.233333333333333,15.0,30.688569472963724,2023,12.0,True,-2.2666666666666666,30-31
00-0033118,Kenyan Drake,RB,8.925,12,1.5499999999999998,2.0,29.620807665982205,2023,41.0,False,-7.375000000000001,29-30
00-0033119,Jacoby Brissett,QB,12.044285714285715,14,11.43,2.0,30.746064339493497,2023,29.0,False,-0.6142857142857157,30-31
00-0033217,Mo Alie-Cox,TE,3.85,14,3.507142857142857,14.0,29.973990417522245,2023,50.0,True,-0.34285714285714297,28-29
00-0033246,Johnny Mundt,TE,3.0,13,4.0200000000000005,10.0,28.79671457905544,2023,62.0,True,1.0200000000000005,28-29
00-0033251,Zach Pascal,WR,2.4,15,0.5900000000000001,10.0,28.72826830937714,2023,134.0,True,-1.8099999999999998,28-29
00-0033280,Christian McCaffrey,RB,21.84470588235294,17,25.76875,16.0,27.2580424366872,2023,2.0,True,3.9240441176470604,27-28
00-0033282,Curtis Samuel,WR,10.370588235294118,17,9.91875,16.0,27.080082135523615,2023,48.0,True,-0.4518382352941188,25-27
00-0033288,George Kittle,TE,13.466666666666667,15,12.981250000000001,16.0,29.919233401779604,2023,2.0,True,-0.4854166666666657,28-29
00-0033292,Trent Taylor,WR,0.8562500000000001,16,-0.013333333333333334,15.0,29.363449691991786,2023,144.0,True,-0.8695833333333334,28-29
00-0033293,Aaron Jones,RB,15.505882352941178,17,13.081818181818182,11.0,28.772073921971252,2023,10.0,True,-2.424064171122996,27-28
00-0033307,Kendrick Bourne,WR,5.6125,16,12.5,8.0,28.10130047912389,2023,93.0,True,6.8875,28-29
00-0033308,Matt Breida,RB,3.5176470588235293,17,3.1266666666666665,15.0,28.531143052703626,2023,72.0,True,-0.39098039215686287,27-28
00-0033357,Taysom Hill,TE,9.3,16,8.97,16.0,33.04859685147159,2023,13.5,True,-0.33000000000000007,32+
00-0033376,Patrick Ricard,RB,1.5384615384615385,13,2.314285714285714,7.0,29.28952772073922,2023,91.0,False,0.7758241758241755,29-30
00-0033439,Pharaoh Brown,TE,2.9625,8,3.436363636363637,11.0,29.352498288843258,2023,64.0,True,0.47386363636363704,28-29
00-0033455,Anthony Firkser,TE,2.375,8,,,28.555783709787818,2023,68.0,False,,28-29
00-0033466,Isaiah McKenzie,WR,7.986666666666667,15,1.5846153846153848,13.0,28.421629021218344,2023,66.0,True,-6.402051282051282,28-29
00-0033526,Samaje Perine,RB,9.06875,16,7.135294117647058,17.0,27.983572895277206,2023,40.0,True,-1.9334558823529413,27-28
00-0033536,Mike Williams,WR,14.038461538461538,13,17.233333333333334,3.0,28.933607118412045,2023,20.0,False,3.194871794871796,28-29
00-0033553,James Conner,RB,15.63076923076923,13,16.423076923076923,13.0,28.35044490075291,2023,9.0,True,0.792307692307693,27-28
00-0033555,Mack Hollins,WR,9.156470588235294,17,3.591666666666667,12.0,29.982203969883642,2023,56.0,True,-5.564803921568627,28-29
00-0033572,Jamal Agnew,WR,4.6866666666666665,15,3.663636363636364,11.0,28.438056125941138,2023,106.0,True,-1.0230303030303025,28-29
00-0033576,Eric Saubert,TE,2.557142857142857,14,1.4000000000000001,3.0,29.338809034907598,2023,67.0,False,-1.1571428571428568,28-29
00-0033591,Noah Brown,WR,7.15625,16,10.46,10.0,27.67693360711841,2023,76.0,True,3.303750000000001,25-27
00-0033662,Cooper Rush,QB,7.08,8,0.46571428571428575,7.0,29.801505817932924,2023,35.0,False,-6.614285714285714,28-29
00-0033681,Keelan Cole,WR,2.5083333333333333,12,,,30.390143737166323,2023,133.0,False,,30-31
00-0033699,Austin Ekeler,RB,22.276470588235295,17,13.457142857142857,14.0,28.317590691307323,2023,1.0,True,-8.819327731092438,27-28
00-0033757,Robert Tonyan,TE,6.588235294117647,17,1.8499999999999999,12.0,29.363449691991786,2023,27.0,True,-4.738235294117647,28-29
00-0033854,Dare Ogunbowale,RB,3.246666666666667,15,0.8111111111111112,9.0,29.352498288843258,2023,76.0,True,-2.4355555555555557,29-30
00-0033856,Leonard Fournette,RB,14.31875,16,2.0,2.0,28.643394934976044,2023,15.0,False,-12.31875,27-28
00-0033857,JuJu Smith-Schuster,WR,11.76875,16,5.545454545454546,11.0,26.798083504449007,2023,34.0,True,-6.223295454545455,25-27
00-0033858,Jonnu Smith,TE,4.333333333333333,12,7.394117647058824,17.0,28.05201916495551,2023,45.0,True,3.060784313725491,28-29
00-0033871,Corey Davis,WR,7.507692307692308,13,,,28.66255989048597,2023,72.0,False,,28-29
00-0033873,Patrick Mahomes,QB,25.49411764705882,17,18.01375,16.0,27.980835044490075,2023,2.0,True,-7.48036764705882,25-27
00-0033879,O.J. Howard,TE,3.3181818181818183,11,,,28.810403832991103,2023,56.0,False,,28-29
00-0033881,Evan Engram,TE,10.58235294117647,17,13.547058823529412,17.0,29.021218343600275,2023,8.0,True,2.9647058823529413,28-29
00-0033885,David Njoku,TE,10.142857142857142,14,12.7625,16.0,27.16769336071184,2023,9.0,True,2.619642857142857,25-27
00-0033891,Zay Jones,WR,12.56875,16,8.677777777777777,9.0,28.449007529089666,2023,31.0,True,-3.8909722222222225,28-29
00-0033893,Dalvin Cook,RB,14.341176470588236,17,2.8714285714285714,14.0,28.084873374401095,2023,14.0,True,-11.469747899159664,27-28
00-0033895,Gerald Everett,TE,9.3,15,7.406666666666667,15.0,29.21013004791239,2023,13.5,True,-1.8933333333333335,28-29
00-0033897,Joe Mixon,RB,17.321428571428573,14,15.882352941176471,17.0,27.129363449691994,2023,7.0,True,-1.439075630252102,27-28
00-0033906,Alvin Kamara,RB,14.513333333333332,15,17.923076923076923,13.0,28.128678986995208,2023,12.0,True,3.4097435897435915,27-28
00-0033908,Cooper Kupp,WR,23.211111111111112,9,14.200000000000001,12.0,30.236824093086927,2023,1.0,True,-9.011111111111111,30-31
00-0033921,Chris Godwin Jr.,WR,15.053333333333335,15,12.48235294117647,17.0,27.534565366187543,2023,17.0,True,-2.570980392156864,25-27
00-0033923,Kareem Hunt,RB,7.458823529411765,17,7.9,15.0,28.095824777549623,2023,48.0,True,0.4411764705882355,27-28
00-0033925,D'Onta Foreman,RB,9.125,16,10.133333333333333,9.0,27.378507871321013,2023,39.0,True,1.0083333333333329,27-28
00-0033943,Josh Reynolds,WR,8.658333333333333,12,8.05,16.0,28.56399726214921,2023,60.0,True,-0.6083333333333325,28-29
00-0033948,Jamaal Williams,RB,13.641176470588235,17,4.676923076923077,13.0,28.438056125941138,2023,18.0,True,-8.964253393665157,27-28
00-0034011,Dan Arnold,TE,2.0454545454545454,11,,,28.490075290896645,2023,71.0,False,,28-29
00-0034054,River Cracraft,WR,3.9,8,4.516666666666667,6.0,28.856947296372347,2023,112.0,False,0.6166666666666667,28-29
00-0034104,Cam Sims,WR,1.3000000000000003,13,,,27.67693360711841,2023,140.0,False,,25-27
00-0034115,Jeff Wilson,RB,10.28125,16,4.5888888888888895,9.0,27.81656399726215,2023,33.0,True,-5.6923611111111105,27-28
00-0034159,Will Dissly,TE,5.793333333333334,15,3.0923076923076924,13.0,27.173169062286107,2023,34.0,True,-2.7010256410256415,25-27
00-0034184,Gus Edwards,RB,6.5888888888888895,9,11.0,17.0,28.410677618069816,2023,55.0,True,4.4111111111111105,27-28
00-0034208,Mike Boone,RB,3.6,8,1.4777777777777779,9.0,28.11498973305955,2023,70.0,True,-2.1222222222222222,27-28
00-0034253,Dontrell Hilliard,RB,6.433333333333334,12,,,28.536618754277892,2023,56.0,False,,27-28
00-0034270,Tyler Conklin,TE,7.735294117647059,17,7.241176470588235,17.0,28.11498973305955,2023,21.0,True,-0.49411764705882355,28-29
00-0034272,Marquez Valdes-Scantling,WR,7.288235294117648,17,3.53125,16.0,28.917180013689254,2023,74.0,True,-3.756985294117648,28-29
00-0034279,Equanimeous St. Brown,WR,4.04375,16,2.2399999999999998,5.0,26.94318959616701,2023,111.0,False,-1.8037500000000004,25-27
00-0034286,Richie James,WR,8.65625,16,2.377777777777778,9.0,28.01368925393566,2023,61.0,True,-6.278472222222222,28-29
00-0034297,Byron Pringle,WR,3.55,10,2.3153846153846156,13.0,29.812457221081452,2023,117.0,True,-1.2346153846153842,28-29
00-0034348,Courtland Sutton,WR,10.726666666666667,15,11.887500000000001,16.0,27.917864476386036,2023,43.0,True,1.1608333333333345,25-27
00-0034351,Dallas Goedert,TE,11.891666666666666,12,9.842857142857143,14.0,28.684462696783026,2023,5.0,True,-2.0488095238095223,28-29
00-0034364,Jordan Akins,TE,7.766666666666667,15,2.1692307692307695,13.0,31.392197125256672,2023,20.0,True,-5.597435897435897,30-31
00-0034365,Ian Thomas,TE,3.130769230769231,13,1.325,8.0,27.260780287474333,2023,60.0,True,-1.8057692307692312,25-27
00-0034367,Nyheim Hines,RB,5.0875,16,,,26.82546201232033,2023,63.0,False,,25-26
00-0034383,Dalton Schultz,TE,9.513333333333332,15,10.133333333333333,15.0,27.16495550992471,2023,11.0,True,0.620000000000001,25-27
00-0034386,Justin Watson,WR,3.4411764705882355,17,5.933333333333334,15.0,27.433264887063654,2023,121.0,True,2.492156862745098,25-27
00-0034407,Ray-Ray McCloud,WR,3.4176470588235297,17,2.375,12.0,26.902121834360027,2023,122.0,True,-1.0426470588235297,25-27
00-0034411,Russell Gage,WR,9.507692307692308,13,,,27.633127994524298,2023,53.0,False,,25-27
00-0034414,Boston Scott,RB,3.08,15,1.4833333333333334,12.0,28.372347707049965,2023,77.5,True,-1.5966666666666667,27-28
00-0034418,Cedrick Wilson Jr.,WR,2.030769230769231,13,6.327272727272727,11.0,27.805612594113622,2023,137.0,True,4.296503496503496,25-27
00-0034419,Braxton Berrios,WR,3.3929411764705883,17,3.61875,16.0,27.928815879534564,2023,124.0,True,0.22580882352941156,25-27
00-0034440,Justin Jackson,RB,3.4066666666666667,15,,,27.38398357289528,2023,74.0,False,,27-28
00-0034487,Trent Sherfield,WR,5.23125,16,2.3272727272727276,11.0,27.537303216974674,2023,100.0,True,-2.9039772727272726,25-27
00-0034521,Allen Lazard,WR,11.753333333333334,15,4.292857142857143,14.0,27.748117727583846,2023,35.0,True,-7.460476190476191,25-27
00-0034646,Brandon Powell,WR,2.8000000000000003,17,4.064705882352941,17.0,27.994524298425734,2023,131.0,True,1.2647058823529407,25-27
00-0034681,Chase Edmonds,RB,5.707692307692308,13,3.053846153846154,13.0,27.408624229979466,2023,58.0,True,-2.6538461538461537,27-28
00-0034753,Mark Andrews,TE,13.0,15,13.540000000000001,10.0,28.01095140314853,2023,3.0,True,0.5400000000000009,28-29
00-0034764,Michael Gallup,WR,7.528571428571429,14,5.4875,16.0,27.51813826146475,2023,71.0,True,-2.0410714285714295,25-27
00-0034765,Tre'Quan Smith,WR,5.430000000000001,10,,,27.67419575633128,2023,97.0,False,,25-27
00-0034775,Christian Kirk,WR,14.494117647058824,17,12.771666666666667,12.0,26.809034907597535,2023,19.0,True,-1.722450980392157,25-27
00-0034777,DJ Chark,WR,9.063636363636364,11,8.25,14.0,26.962354551676935,2023,57.0,True,-0.8136363636363644,25-27
00-0034791,Nick Chubb,RB,17.788235294117648,17,13.05,2.0,27.704312114989733,2023,6.0,False,-4.738235294117647,27-28
00-0034796,Lamar Jackson,QB,20.173333333333336,12,20.88875,16.0,26.67214236824093,2023,6.0,True,0.7154166666666661,25-27
00-0034798,Durham Smythe,TE,3.076923076923077,13,5.5076923076923086,13.0,28.087611225188226,2023,61.0,True,2.4307692307692315,28-29
00-0034827,DJ Moore,WR,11.976470588235296,17,17.676470588235293,17.0,26.406570841889117,2023,33.0,True,5.6999999999999975,25-27
00-0034829,Mike Gesicki,TE,5.776470588235294,17,4.36,15.0,27.93702943189596,2023,35.0,True,-1.4164705882352937,25-27
00-0034830,Hayden Hurst,TE,8.107692307692307,13,4.711111111111112,9.0,30.04517453798768,2023,19.0,True,-3.396581196581195,30-31
00-0034844,Saquon Barkley,RB,18.5,16,16.15714285714286,14.0,26.581793292265573,2023,5.0,True,-2.3428571428571416,25-26
00-0034845,Sony Michel,RB,2.49,10,,,28.56125941136208,2023,83.0,False,,27-28
00-0034854,KhaDarel Hodge,WR,3.1692307692307695,13,2.6571428571428575,14.0,29.683778234086244,2023,126.0,True,-0.512087912087912,28-29
00-0034855,Baker Mayfield,QB,10.118333333333334,12,16.121176470588235,17.0,28.407939767282684,2023,34.0,True,6.002843137254901,28-29
00-0034857,Josh Allen,QB,25.72,16,23.09647058823529,17.0,27.304585900068446,2023,1.0,True,-2.623529411764707,25-27
00-0034860,Dante Pettis,WR,3.835294117647059,17,,,27.88227241615332,2023,113.0,False,,25-27
00-0034928,Steven Sims,WR,2.6166666666666667,12,1.8666666666666665,3.0,26.444900752908968,2023,132.0,False,-0.7500000000000002,25-27
00-0034960,Jakobi Meyers,WR,13.12857142857143,14,13.66125,16.0,26.833675564681723,2023,27.0,True,0.5326785714285709,25-27
00-0034970,Irv Smith,TE,6.9,8,3.35,10.0,25.086926762491444,2023,24.0,True,-3.5500000000000003,25-27
00-0034972,Alexander Mattison,RB,5.2,17,8.325000000000001,16.0,25.22655715263518,2023,60.0,True,3.125000000000001,25-26
00-0034975,Justice Hill,RB,2.8,15,6.831250000000001,16.0,25.82067077344285,2023,80.0,True,4.031250000000001,25-26
00-0034981,Foster Moreau,TE,6.228571428571429,14,3.5615384615384618,13.0,26.34633812457221,2023,29.0,True,-2.667032967032967,25-27
00-0034983,Hunter Renfrow,WR,7.9,10,3.4642857142857144,14.0,27.720739219712527,2023,67.0,True,-4.435714285714286,25-27
00-0035021,Ashton Dulin,WR,4.25,10,,,26.321697467488022,2023,109.0,False,,25-27
00-0035140,Mecole Hardman,WR,11.725,8,3.957142857142857,7.0,25.49760438056126,2023,36.0,False,-7.767857142857142,25-27
00-0035208,Olamide Zaccheaus,WR,6.875,16,3.4909090909090916,11.0,26.132785763175907,2023,83.0,True,-3.3840909090909084,25-27
00-0035216,Diontae Johnson,WR,10.629411764705882,17,11.746153846153845,13.0,27.1813826146475,2023,45.0,True,1.1167420814479634,25-27
00-0035217,Benny Snell,RB,2.0777777777777775,9,,,25.533196440793976,2023,87.0,False,,25-26
00-0035222,Zach Gentry,TE,2.3000000000000003,14,,,26.99794661190965,2023,69.0,False,,25-27
00-0035228,Kyler Murray,QB,18.501818181818184,11,18.295,8.0,26.091718001368925,2023,7.0,True,-0.206818181818182,25-27
00-0035229,T.J. Hockenson,TE,12.964705882352941,17,14.7,15.0,26.187542778918548,2023,4.0,True,1.735294117647058,25-27
00-0035243,Miles Sanders,RB,13.276470588235293,17,5.4750000000000005,16.0,26.360027378507873,2023,20.0,True,-7.801470588235293,25-26
00-0035249,Josh Oliver,TE,3.4083333333333337,12,4.1000000000000005,13.0,26.472279260780287,2023,55.0,True,0.6916666666666669,25-27
00-0035250,Devin Singletary,RB,11.30625,16,10.372941176470588,17.0,26.017796030116358,2023,27.0,True,-0.933308823529412,25-26
00-0035261,Tony Pollard,RB,16.20625,16,13.270588235294117,17.0,26.362765229295004,2023,8.0,True,-2.935661764705884,25-26
00-0035298,Scott Miller,WR,3.5250000000000004,12,3.5545454545454547,11.0,26.11088295687885,2023,118.0,True,0.02954545454545432,25-27
00-0035341,Trenton Irwin,WR,7.022222222222222,9,5.216666666666667,12.0,27.750855578370977,2023,78.0,True,-1.8055555555555554,25-27
00-0035345,Chris Myarick,TE,1.95,10,,,27.928815879534564,2023,73.0,False,,25-27
00-0035399,Stanley Morgan,WR,0.0,9,0.0,1.0,27.006160164271048,2023,150.0,False,0.0,25-27
00-0035500,Greg Dortch,WR,7.2875,16,4.03125,16.0,25.284052019164957,2023,75.0,True,-3.2562499999999996,25-27
00-0035535,Darius Slayton,WR,9.876923076923077,13,8.970588235294118,17.0,26.65845311430527,2023,51.0,True,-0.9063348416289596,25-27
00-0035537,Ty Johnson,RB,3.5666666666666664,12,3.5999999999999996,9.0,25.97946611909651,2023,71.0,True,0.033333333333333215,25-26
00-0035547,Joseph Fortson,TE,3.18,10,,,27.759069130732374,2023,59.0,False,,25-27
00-0035572,Parker Hesse,TE,1.4916666666666665,12,0.0,1.0,28.292950034223136,2023,77.0,False,-1.4916666666666665,28-29
00-0035594,Travis Homer,RB,4.3100000000000005,10,0.0,7.0,25.09240246406571,2023,67.0,False,-4.3100000000000005,25-26
00-0035628,D'Ernest Johnson,RB,0.6000000000000001,9,2.1750000000000003,16.0,27.534565366187543,2023,95.0,True,1.5750000000000002,27-28
00-0035639,Parris Campbell,WR,8.770588235294117,17,3.04,10.0,26.151950718685832,2023,58.0,True,-5.730588235294117,25-27
00-0035640,DK Metcalf,WR,13.51764705882353,17,14.36875,16.0,25.738535249828885,2023,24.0,True,0.851102941176471,25-27
00-0035644,Noah Fant,TE,7.211764705882352,17,4.8933333333333335,15.0,25.804243668720055,2023,23.0,True,-2.3184313725490187,25-27
00-0035645,Gunner Olszewski,WR,0.9466666666666668,15,0.4166666666666667,12.0,26.78713210130048,2023,143.0,True,-0.53,25-27
00-0035657,Damien Harris,RB,8.263636363636364,11,3.1666666666666665,6.0,26.576317590691307,2023,45.0,False,-5.096969696969698,25-26
00-0035659,Terry McLaurin,WR,13.823529411764707,17,12.041176470588237,17.0,27.98631074606434,2023,22.0,True,-1.7823529411764696,25-27
00-0035662,Marquise Brown,WR,13.125,12,10.361538461538462,13.0,26.26694045174538,2023,28.0,True,-2.763461538461538,25-27
00-0035664,Darrell Henderson,RB,7.35,10,10.875,4.0,26.05886379192334,2023,49.0,False,3.5250000000000004,25-26
00-0035676,A.J. Brown,WR,18.064705882352943,17,17.65294117647059,17.0,26.195756331279945,2023,8.0,True,-0.4117647058823515,25-27
00-0035685,David Montgomery,RB,11.293750000000001,16,15.442857142857145,14.0,26.258726899383984,2023,28.0,True,4.149107142857144,25-26
00-0035689,Dawson Knox,TE,9.046666666666665,15,5.459999999999999,10.0,26.819986310746064,2023,15.0,True,-3.586666666666666,25-27
00-0035700,Josh Jacobs,RB,20.66470588235294,17,14.392307692307693,13.0,25.57700205338809,2023,4.0,True,-6.272398190045248,25-26
00-0035703,Miles Boykin,WR,0.31,10,0.5875,8.0,26.910335386721425,2023,147.0,True,0.2775,25-27
00-0035710,Daniel Jones,QB,18.25,16,9.493333333333334,6.0,26.288843258042437,2023,9.0,False,-8.756666666666666,25-27
00-0035719,Deebo Samuel Sr.,WR,13.069230769230769,13,16.546666666666667,15.0,27.652292950034223,2023,29.0,True,3.477435897435898,25-27
00-0035726,Jakob Johnson,RB,0.5454545454545454,11,0.275,8.0,28.736481861738536,2023,98.0,True,-0.2704545454545454,27-28
00-0035771,Mitchell Wilcox,TE,4.1,9,1.2166666666666666,12.0,26.83915126625599,2023,48.0,True,-2.883333333333333,25-27
00-0035806,JaMycal Hasty,RB,5.0,14,0.0,1.0,26.99247091033539,2023,65.0,False,-5.0,25-26
00-0035831,James Robinson,RB,8.327272727272728,11,1.0,1.0,25.086926762491444,2023,44.0,False,-7.327272727272728,25-26
00-0035864,Kendall Hinton,WR,5.127272727272727,11,,,26.55441478439425,2023,103.0,False,,25-27
00-0035956,Giovanni Ricci,TE,1.6363636363636365,11,0.6,2.0,26.899383983572896,2023,74.0,False,-1.0363636363636366,25-27
00-0036040,Juwan Johnson,TE,8.425,16,7.523076923076923,13.0,26.989733059548254,2023,18.0,True,-0.9019230769230777,25-27
00-0036133,James Proche,WR,1.1090909090909091,11,0.0,10.0,26.97056810403833,2023,141.0,True,-1.1090909090909091,25-27
00-0036158,J.K. Dobbins,RB,10.9,8,11.7,1.0,24.73100616016427,2023,30.0,False,0.7999999999999989,25-26
00-0036165,Isaiah Hodgins,WR,11.133333333333333,9,4.285714285714286,14.0,24.8870636550308,2023,39.0,True,-6.847619047619047,25-27
00-0036182,Nick Westbrook-Ikhine,WR,5.2625,16,6.538461538461538,13.0,26.472279260780287,2023,99.0,True,1.2759615384615381,25-27
00-0036196,Gabe Davis,WR,11.54,15,10.36875,16.0,24.528405201916495,2023,37.0,True,-1.1712499999999988,25-27
00-0036212,Tua Tagovailoa,QB,18.378461538461536,13,16.374117647058824,17.0,25.52498288843258,2023,8.0,True,-2.004343891402712,25-27
00-0036219,Marquez Callaway,WR,3.7800000000000002,10,,,25.456536618754278,2023,115.0,False,,25-27
00-0036223,Jonathan Taylor,RB,13.854545454545455,11,15.940000000000001,10.0,24.640657084188913,2023,17.0,True,2.085454545454546,25-26
00-0036232,Harrison Bryant,TE,4.4071428571428575,14,2.707142857142857,14.0,25.38261464750171,2023,43.0,True,-1.7000000000000006,25-27
00-0036233,Donovan Peoples-Jones,WR,9.91764705882353,17,2.0357142857142856,14.0,24.555783709787818,2023,49.0,True,-7.881932773109244,25-27
00-0036244,Colby Parkinson,TE,4.942857142857143,14,4.113333333333333,15.0,24.673511293634498,2023,40.0,True,-0.8295238095238098,25-27
00-0036250,Tyler Davis,TE,0.6,11,,,26.439425051334702,2023,81.0,False,,25-27
00-0036251,Zack Moss,RB,5.1923076923076925,13,12.542857142857143,14.0,25.73579739904175,2023,61.0,True,7.35054945054945,25-26
00-0036252,Michael Pittman,WR,13.71875,16,16.04375,16.0,25.930184804928132,2023,23.0,True,2.3249999999999993,25-27
00-0036255,Denzel Mims,WR,3.288888888888889,9,,,25.916495550992472,2023,125.0,False,,25-27
00-0036259,Jauan Jennings,WR,5.1625,16,3.9615384615384617,13.0,26.168377823408623,2023,102.0,True,-1.200961538461538,25-27
00-0036261,Brandon Aiyuk,WR,13.488235294117647,17,16.23125,16.0,25.4839151266256,2023,26.0,True,2.743014705882352,25-27
00-0036265,AJ Dillon,RB,9.858823529411765,17,7.840000000000001,15.0,25.357973990417523,2023,35.0,True,-2.0188235294117645,25-26
00-0036268,Laviska Shenault Jr.,WR,5.592307692307693,13,2.6875,8.0,24.930869267624914,2023,94.0,True,-2.904807692307693,25-27
00-0036271,Quez Watkins,WR,4.970588235294118,17,7.040000000000001,5.0,25.253935660506503,2023,104.0,False,2.069411764705883,25-27
00-0036275,D'Andre Swift,RB,13.864285714285716,14,12.83125,16.0,24.654346338124572,2023,16.0,True,-1.033035714285715,25-26
00-0036290,Cole Kmet,TE,8.66470588235294,17,11.4125,16.0,24.503764544832308,2023,16.0,True,2.747794117647059,25-27
00-0036309,Darnell Mooney,WR,9.227272727272727,11,5.635714285714286,14.0,25.864476386036962,2023,55.0,True,-3.5915584415584405,25-27
00-0036322,Justin Jefferson,WR,22.95058823529412,17,20.97,10.0,24.23545516769336,2023,2.0,True,-1.980588235294121,<=24
00-0036326,Chase Claypool,WR,7.002666666666667,15,1.9727272727272727,11.0,25.177275838466805,2023,80.0,True,-5.029939393939395,25-27
00-0036328,Antonio Gibson,RB,11.06,15,7.9625,16.0,25.215605749486652,2023,29.0,True,-3.0975,25-26
00-0036331,Devin Duvernay,WR,8.292857142857143,14,0.5615384615384615,13.0,25.99315537303217,2023,64.0,True,-7.731318681318681,25-27
00-0036332,Josiah Deguara,TE,2.7111111111111112,9,1.6111111111111112,9.0,26.56810403832991,2023,65.0,True,-1.1,25-27
00-0036345,K.J. Osborn,WR,9.329411764705881,17,8.0,15.0,26.250513347022586,2023,54.0,True,-1.3294117647058812,25-27
00-0036355,Justin Herbert,QB,16.54470588235294,17,18.627692307692307,13.0,25.503080082135522,2023,15.0,True,2.0829864253393673,25-27
00-0036358,CeeDee Lamb,WR,18.18235294117647,17,24.80588235294118,17.0,24.424366872005475,2023,7.0,True,6.623529411764707,<=24
00-0036360,Clyde Edwards-Helaire,RB,9.83,10,4.673333333333334,15.0,24.416153319644078,2023,36.0,True,-5.156666666666666,<=24
00-0036370,Joshua Kelley,RB,5.3999999999999995,12,3.6294117647058823,17.0,25.804243668720055,2023,59.0,True,-1.7705882352941171,25-26
00-0036383,Eno Benjamin,RB,6.892307692307693,13,,,24.410677618069816,2023,52.0,False,,<=24
00-0036387,Jalen Reagor,WR,1.5823529411764707,17,3.1666666666666665,9.0,24.687200547570157,2023,138.0,True,1.5843137254901958,25-27
00-0036389,Jalen Hurts,QB,25.40266666666667,15,20.98941176470588,17.0,25.09240246406571,2023,3.0,True,-4.413254901960787,25-27
00-0036407,Jerry Jeudy,WR,13.913333333333334,15,8.8625,16.0,24.380561259411362,2023,21.0,True,-5.050833333333333,<=24
00-0036410,Tee Higgins,WR,16.20714285714286,14,11.716666666666667,12.0,24.643394934976044,2023,12.0,True,-4.490476190476192,25-27
00-0036414,Cam Akers,RB,10.020000000000001,15,6.671428571428571,7.0,24.21902806297057,2023,34.0,False,-3.3485714285714305,<=24
00-0036415,Van Jefferson,WR,7.890000000000001,10,2.95,14.0,27.123887748117728,2023,68.0,True,-4.94,25-27
00-0036422,Adam Trautman,TE,3.725,12,3.7750000000000004,16.0,26.5927446954141,2023,51.0,True,0.050000000000000266,25-27
00-0036425,DeeJay Dallas,RB,3.08,15,0.7176470588235294,17.0,24.982888432580424,2023,77.5,True,-2.3623529411764705,25-26
00-0036438,Stephen Sullivan,TE,0.8250000000000001,8,2.45,10.0,26.781656399726216,2023,79.0,True,1.625,25-27
00-0036442,Joe Burrow,QB,22.41875,16,14.716,10.0,26.748802190280628,2023,4.0,True,-7.70275,25-27
00-0036493,Deon Jackson,RB,7.041666666666667,12,2.0000000000000004,2.0,24.55852156057495,2023,50.0,False,-5.041666666666666,25-26
00-0036534,Shane Zylstra,TE,5.125,8,,,26.8145106091718,2023,38.5,False,,25-27
00-0036554,Nico Collins,WR,9.71,10,17.86,15.0,24.479123887748116,2023,52.0,True,8.149999999999999,<=24
00-0036555,Chuba Hubbard,RB,6.621428571428572,14,10.911764705882353,17.0,24.249144421629023,2023,53.0,True,4.290336134453781,<=24
00-0036556,Brevin Jordan,TE,2.977777777777778,9,5.090000000000001,10.0,23.15126625598905,2023,63.0,True,2.112222222222223,<=24
00-0036569,Gary Brightwell,RB,1.9333333333333333,15,2.9,4.0,25.530458590006845,2023,88.0,False,0.9666666666666666,25-26
00-0036572,Shi Smith,WR,3.623529411764706,17,,,24.87337440109514,2023,116.0,False,,25-27
00-0036590,Quintin Morris,TE,2.2666666666666666,9,5.3,2.0,24.635181382614647,2023,70.0,False,3.033333333333333,25-27
00-0036613,Jaylen Waddle,WR,15.776470588235293,17,14.507142857142856,14.0,24.791238877481177,2023,13.0,True,-1.269327731092437,25-27
00-0036620,Dee Eskridge,WR,1.5333333333333334,9,0.125,4.0,26.466803559206024,2023,139.0,False,-1.4083333333333334,25-27
00-0036626,Dyami Brown,WR,3.811111111111112,9,2.185,16.0,23.857631759069132,2023,114.0,True,-1.6261111111111117,<=24
00-0036628,John Bates,TE,3.4222222222222225,9,2.2733333333333334,15.0,25.842573579739906,2023,54.0,True,-1.148888888888889,25-27
00-0036637,Noah Gray,TE,4.117647058823529,17,4.4125,16.0,24.36413415468857,2023,47.0,True,0.29485294117647065,<=24
00-0036671,Dax Milne,WR,1.0466666666666666,15,,,24.216290212183434,2023,142.0,False,,<=24
00-0036741,Jack Stoll,TE,2.588888888888889,9,1.4666666666666668,6.0,25.61533196440794,2023,66.0,False,-1.1222222222222222,25-27
00-0036754,Brock Wright,TE,4.542857142857143,14,3.1222222222222222,9.0,24.78576317590691,2023,42.0,True,-1.4206349206349205,25-27
00-0036829,Caleb Huntley,RB,3.741666666666667,12,,,24.985626283367555,2023,69.0,False,,25-26
00-0036842,Kene Nwangwu,RB,0.8214285714285714,14,0.1625,8.0,25.582477754962355,2023,93.0,True,-0.6589285714285714,25-26
00-0036849,Tutu Atwell,WR,5.266666666666667,12,8.135714285714286,14.0,23.926078028747433,2023,98.0,True,2.8690476190476195,<=24
00-0036857,Chris Evans,RB,1.28,10,0.7000000000000001,3.0,25.930184804928132,2023,92.0,False,-0.58,25-26
00-0036862,Ben Skowronek,WR,6.021428571428572,14,1.6538461538461537,13.0,26.203969883641342,2023,92.0,True,-4.367582417582419,25-27
00-0036875,Rhamondre Stevenson,RB,15.005882352941176,17,12.141666666666667,12.0,25.544147843942504,2023,11.0,True,-2.864215686274509,25-26
00-0036876,Kylen Granson,TE,4.707692307692308,13,4.866666666666666,15.0,25.456536618754278,2023,41.0,True,0.1589743589743584,25-27
00-0036877,Jaelon Darden,WR,0.3428571428571429,14,0.0,1.0,24.654346338124572,2023,146.0,False,-0.3428571428571429,25-27
00-0036893,Najee Harris,RB,13.438823529411765,17,11.852941176470589,17.0,25.505817932922657,2023,19.0,True,-1.5858823529411765,25-26
00-0036894,Pat Freiermuth,TE,9.879999999999999,15,7.118181818181818,11.0,24.876112251882272,2023,10.0,True,-2.761818181818181,25-27
00-0036898,Davis Mills,QB,12.101333333333333,15,3.564,5.0,24.8870636550308,2023,28.0,False,-8.537333333333333,25-27
00-0036900,Ja'Marr Chase,WR,20.7,12,16.88875,16.0,23.526351813826146,2023,3.0,True,-3.8112499999999976,<=24
00-0036906,Khalil Herbert,RB,9.292307692307693,13,10.125,12.0,25.388090349075977,2023,38.0,True,0.832692307692307,25-26
00-0036912,DeVonta Smith,WR,15.53529411764706,17,14.4125,16.0,24.82135523613963,2023,15.0,True,-1.1227941176470608,25-27
00-0036913,Kadarius Toney,WR,6.5888888888888895,9,4.076923076923077,13.0,24.618754277891856,2023,87.0,True,-2.511965811965813,25-27
00-0036919,Kenny Gainwell,RB,5.170588235294118,17,6.08625,16.0,24.49281314168378,2023,62.0,True,0.9156617647058818,<=24
00-0036924,Michael Carter,RB,7.875,16,3.9200000000000004,15.0,24.344969199178646,2023,47.0,True,-3.9549999999999996,<=24
00-0036936,Rondale Moore,WR,10.9875,8,6.176470588235294,17.0,23.252566735112936,2023,41.0,True,-4.811029411764706,<=24
00-0036945,Justin Fields,QB,20.332,15,17.936923076923076,13.0,24.517453798767967,2023,5.0,True,-2.3950769230769247,25-27
00-0036950,Avery Williams,RB,2.1176470588235294,17,,,25.155373032169745,2023,85.0,False,,25-26
00-0036955,Terrace Marshall Jr.,WR,6.384615384615385,13,4.112500000000001,8.0,23.252566735112936,2023,89.0,True,-2.2721153846153843,<=24
00-0036959,Michael Bandy,WR,2.3625,8,0.0,1.0,25.763175906913073,2023,135.5,False,-2.3625,25-27
00-0036963,Amon-Ra St. Brown,WR,17.1,16,21.525000000000002,16.0,23.87953456536619,2023,10.0,True,4.425000000000001,<=24
00-0036970,Kyle Pitts,TE,7.56,10,8.076470588235296,17.0,22.926762491444215,2023,22.0,True,0.516470588235296,<=24
00-0036971,Trevor Lawrence,QB,17.389411764705883,17,16.40875,16.0,23.928815879534564,2023,12.0,True,-0.9806617647058822,<=24
00-0036972,Mac Jones,QB,12.148571428571428,14,9.672727272727274,11.0,25.013004791238878,2023,27.0,True,-2.475844155844154,25-27
00-0036973,Travis Etienne,RB,12.947058823529412,17,16.96470588235294,17.0,24.621492128678987,2023,22.0,True,4.017647058823529,25-26
00-0036980,Elijah Moore,WR,6.292857142857143,14,8.25625,16.0,23.45516769336071,2023,90.0,True,1.963392857142857,<=24
00-0036988,Josh Palmer,WR,10.76875,16,10.97,10.0,23.967145790554415,2023,42.0,True,0.20124999999999993,<=24
00-0036991,Amari Rodgers,WR,2.8733333333333335,15,0.0,1.0,23.964407939767284,2023,130.0,False,-2.8733333333333335,<=24
00-0037005,Tommy Tremble,TE,3.626666666666667,15,4.026666666666666,15.0,23.27173169062286,2023,52.0,True,0.39999999999999947,<=24
00-0037011,Tre' McKitty,TE,1.323076923076923,13,0.0,1.0,24.659822039698838,2023,78.0,False,-1.323076923076923,25-27
00-0037013,Zach Wilson,QB,10.991111111111111,9,9.995000000000001,12.0,24.10403832991102,2023,33.0,True,-0.9961111111111105,<=24
00-0037087,Trestan Ebner,RB,0.5636363636363636,11,,,24.687200547570157,2023,97.0,False,,25-26
00-0037132,Britain Covey,WR,0.0,17,0.5466666666666666,15.0,26.480492813141684,2023,150.0,True,0.5466666666666666,25-27
00-0037168,Armani Rogers,TE,1.5555555555555558,9,,,25.765913757700204,2023,76.0,False,,25-27
00-0037197,Isiah Pacheco,RB,8.117647058823529,17,15.921428571428573,14.0,24.525667351129364,2023,46.0,True,7.803781512605044,25-26
00-0037228,Jaylen Warren,RB,5.83125,16,11.905882352941177,17.0,24.856947296372347,2023,57.0,True,6.074632352941177,25-26
00-0037238,Drake London,WR,10.594117647058823,17,11.08625,16.0,22.130047912388775,2023,46.0,True,0.4921323529411765,<=24
00-0037239,Chris Olave,WR,13.513333333333334,15,14.925,16.0,23.20328542094456,2023,25.0,True,1.411666666666667,<=24
00-0037247,George Pickens,WR,9.882352941176471,17,12.723529411764707,17.0,22.518822724161534,2023,50.0,True,2.841176470588236,<=24
00-0037248,James Cook,RB,6.60625,16,14.21764705882353,17.0,23.958932238193018,2023,54.0,True,7.61139705882353,<=24
00-0037252,Greg Dulcich,TE,8.610000000000001,10,2.75,2.0,23.457905544147845,2023,17.0,False,-5.860000000000001,<=24
00-0037256,Rachaad White,RB,8.476470588235294,17,16.11176470588235,17.0,24.659822039698838,2023,43.0,True,7.635294117647057,25-26
00-0037257,David Bell,WR,3.0266666666666664,15,5.411111111111111,9.0,22.7378507871321,2023,128.0,True,2.384444444444445,<=24
00-0037258,Dameon Pierce,RB,13.261538461538462,13,5.9071428571428575,14.0,23.5564681724846,2023,21.0,True,-7.354395604395605,<=24
00-0037261,Khalil Shakir,WR,3.41,10,7.25625,16.0,23.600273785078713,2023,123.0,True,3.8462499999999995,<=24
00-0037263,Tyler Allgeier,RB,10.3375,16,8.094117647058823,17.0,23.4031485284052,2023,32.0,True,-2.243382352941177,<=24
00-0037267,Jerome Ford,RB,0.09230769230769233,13,12.776470588235295,17.0,23.994524298425734,2023,99.0,True,12.684162895927603,<=24
00-0037272,Montrell Washington,WR,0.48000000000000004,15,0.0,4.0,24.49281314168378,2023,145.0,False,-0.48000000000000004,<=24
00-0037282,James Mitchell,TE,3.5375,8,2.4000000000000004,2.0,24.082135523613964,2023,53.0,False,-1.1374999999999997,<=24
00-0037291,Jalen Nailor,WR,4.1125,8,1.9666666666666668,3.0,24.525667351129364,2023,110.0,False,-2.145833333333333,25-27
00-0037299,Keaontay Ingram,RB,1.6454545454545455,11,2.0,7.0,23.874058863791923,2023,90.0,False,0.3545454545454545,<=24
00-0037311,Ko Kieft,TE,1.6153846153846154,13,0.72,10.0,25.637234770704996,2023,75.0,True,-0.8953846153846154,25-27
00-0037331,Zander Horvath,RB,2.325,8,,,24.750171115674195,2023,84.0,False,,25-26
00-0037429,Raheem Blackshear,RB,3.4615384615384617,13,1.8999999999999997,9.0,25.26488706365503,2023,73.0,True,-1.561538461538462,25-26
00-0037456,Troy Hairston,RB,0.5750000000000001,12,,,24.75564681724846,2023,96.0,False,,25-26
00-0037525,Jordan Mason,RB,2.65,12,2.79375,16.0,24.298425735797398,2023,82.0,True,0.14375000000000027,<=24
00-0037545,Rashid Shaheed,WR,8.375,12,10.606666666666666,15.0,25.026694045174537,2023,63.0,True,2.2316666666666656,25-27
00-0037569,Peyton Hendershot,TE,3.2916666666666665,12,0.9750000000000001,8.0,24.383299110198493,2023,57.0,True,-2.3166666666666664,<=24
00-0037617,Hassan Haskins,RB,1.8571428571428572,14,,,23.789185489390828,2023,89.0,False,,<=24
00-0037664,Alec Pierce,WR,7.018750000000001,16,5.7,17.0,23.356605065023956,2023,79.0,True,-1.3187500000000005,<=24
00-0037740,Garrett Wilson,WR,12.952941176470588,17,12.717647058823529,17.0,23.134839151266256,2023,30.0,True,-0.23529411764705976,<=24
00-0037741,Jahan Dotson,WR,11.008333333333333,12,7.429411764705883,17.0,23.468856947296374,2023,40.0,True,-3.5789215686274503,<=24
00-0037742,Treylon Burks,WR,8.145454545454546,11,4.433333333333334,9.0,23.46611909650924,2023,65.0,True,-3.712121212121213,<=24
00-0037744,Trey McBride,TE,5.125,12,10.852941176470589,17.0,23.800136892539356,2023,38.5,True,5.727941176470589,<=24
00-0037745,Velus Jones Jr.,WR,3.4545454545454546,11,0.8538461538461538,13.0,26.33264887063655,2023,119.0,True,-2.6006993006993007,25-27
00-0037746,Brian Robinson,RB,9.641666666666667,12,13.306666666666668,15.0,24.470910335386723,2023,37.0,True,3.665000000000001,<=24
00-0037755,Jelani Woods,TE,6.183333333333334,12,,,24.919917864476385,2023,30.0,False,,25-27
00-0037801,KaVontae Turpin,WR,0.21176470588235294,17,3.73125,16.0,27.104722792607802,2023,148.0,True,3.519485294117647,25-27
00-0037809,Chig Okonkwo,TE,6.075,16,6.670588235294118,17.0,24.005475701574266,2023,31.0,True,0.5955882352941178,<=24
00-0037816,Romeo Doubs,WR,7.815384615384615,13,10.258823529411766,17.0,23.408624229979466,2023,69.0,True,2.4434389140271504,<=24
00-0037834,Brock Purdy,QB,11.806666666666665,9,18.475,16.0,23.704312114989733,2023,31.0,True,6.6683333333333366,<=24
00-0037838,Isaiah Likely,TE,6.628571428571428,14,7.221428571428571,14.0,23.394934976043807,2023,26.0,True,0.5928571428571425,<=24
00-0037840,Kyren Williams,RB,3.8125,8,22.75,12.0,23.039014373716633,2023,68.0,True,18.9375,<=24
00-0038040,Zamir White,RB,0.6363636363636365,11,6.1461538461538465,13.0,23.978097193702943,2023,94.0,True,5.50979020979021,<=24
00-0038041,Jake Ferguson,TE,4.3999999999999995,11,10.41764705882353,17.0,24.643394934976044,2023,44.0,True,6.01764705882353,25-27
00-0038090,Skyy Moore,WR,3.0875,16,4.130769230769231,13.0,22.99794661190965,2023,127.0,True,1.0432692307692313,<=24
00-0038098,Pierre Strong,RB,2.7199999999999998,10,2.6750000000000003,16.0,24.750171115674195,2023,81.0,True,-0.044999999999999485,25-26
00-0038102,Kenny Pickett,QB,11.527692307692309,13,9.183333333333334,12.0,25.2621492128679,2023,32.0,True,-2.3443589743589754,25-27
00-0038104,Tyquan Thornton,WR,5.5249999999999995,12,3.0222222222222226,9.0,23.091033538672143,2023,95.0,True,-2.502777777777777,<=24
00-0038115,Daniel Bellinger,TE,6.818181818181818,11,3.607142857142857,14.0,22.965092402464066,2023,25.0,True,-3.211038961038961,<=24
00-0038124,Christian Watson,WR,12.042857142857144,14,11.255555555555555,9.0,24.331279945242983,2023,32.0,True,-0.7873015873015898,<=24
00-0038129,Cade Otton,TE,5.8187500000000005,16,6.970588235294118,17.0,24.40520191649555,2023,33.0,True,1.1518382352941172,<=24
00-0038134,Kenneth Walker III,RB,14.5,15,13.493333333333334,15.0,22.888432580424368,2023,13.0,True,-1.006666666666666,<=24
00-0026498,Matthew Stafford,QB,16.206666666666667,15,13.41125,16.0,36.591375770020534,2024,17.0,True,-2.795416666666666,32+
00-0027944,Julio Jones,WR,4.55,8,,,35.58658453114305,2024,100.0,False,,32+
00-0028002,Randall Cobb,WR,1.8777777777777775,9,,,34.053388090349074,2024,153.0,False,,32+
00-0028118,Tyrod Taylor,QB,8.734,10,10.030000000000001,2.0,35.1047227926078,2024,35.0,False,1.2960000000000012,32+
00-0029263,Russell Wilson,QB,17.126666666666665,15,16.434545454545454,11.0,35.780971937029435,2024,13.0,True,-0.6921212121212115,32+
00-0029604,Kirk Cousins,QB,18.7175,8,13.165714285714285,14.0,36.06023271731691,2024,7.0,True,-5.551785714285716,32+
00-0029701,Ryan Tannehill,QB,8.893333333333334,9,,,36.12320328542094,2024,34.0,False,,32+
00-0030035,Adam Thielen,WR,13.852941176470589,17,14.25,10.0,34.053388090349074,2024,25.0,True,0.39705882352941124,32+
00-0030068,Marquise Goodwin,WR,1.4,10,,,33.80971937029432,2024,157.0,False,,32+
00-0030279,Keenan Allen,WR,22.52769230769231,13,12.393333333333334,15.0,32.37234770704997,2024,3.0,True,-10.134358974358975,32+
00-0030431,Robert Woods,WR,6.378571428571428,14,2.7357142857142853,14.0,32.41889117043121,2024,76.0,True,-3.642857142857143,32+
00-0030506,Travis Kelce,TE,14.826666666666666,15,12.30625,16.0,34.93223819301848,2024,1.0,True,-2.520416666666666,32+
00-0030513,Latavius Murray,RB,5.526666666666667,15,,,34.64476386036961,2024,56.0,False,,31+
00-0030564,DeAndre Hopkins,WR,13.41764705882353,17,9.1875,16.0,32.26283367556468,2024,29.0,True,-4.23014705882353,32+
00-0030565,Geno Smith,QB,15.150666666666666,15,15.647058823529411,17.0,33.9192334017796,2024,21.0,True,0.4963921568627452,32+
00-0030578,Cordarrelle Patterson,RB,3.0749999999999997,12,2.8846153846153846,13.0,33.48665297741273,2024,69.0,True,-0.19038461538461515,31+
00-0031235,Odell Beckham Jr.,WR,7.7857142857142865,14,1.8125,8.0,31.8466803559206,2024,68.0,True,-5.9732142857142865,30-31
00-0031236,Brandin Cooks,WR,10.91875,16,6.959999999999999,10.0,30.9596167008898,2024,46.0,True,-3.95875,30-31
00-0031260,Logan Thomas,TE,7.925,16,,,33.19644079397673,2024,18.0,False,,32+
00-0031280,Derek Carr,QB,14.183529411764706,17,15.09,10.0,33.45653661875428,2024,24.0,True,0.9064705882352939,32+
00-0031376,Jerick McKinnon,RB,7.03,12,,,32.355920602327174,2024,45.0,False,,31+
00-0031381,Davante Adams,WR,15.876470588235296,17,17.557142857142857,14.0,31.71252566735113,2024,18.0,True,1.6806722689075606,30-31
00-0031408,Mike Evans,WR,16.88235294117647,17,17.385714285714286,14.0,31.055441478439427,2024,12.0,True,0.5033613445378151,30-31
00-0031428,Allen Robinson,WR,4.133333333333334,15,1.0,6.0,31.04722792607803,2024,107.0,False,-3.1333333333333337,30-31
00-0031544,Amari Cooper,WR,16.066666666666666,15,9.438461538461539,13.0,30.234086242299796,2024,16.0,True,-6.628205128205128,30-31
00-0031547,DeVante Parker,WR,5.56923076923077,13,,,31.638603696098563,2024,87.0,False,,30-31
00-0031549,Nelson Agholor,WR,6.06875,16,3.776923076923077,13.0,31.299110198494184,2024,79.0,True,-2.291826923076923,30-31
00-0031585,MyCole Pruitt,TE,2.6,10,2.2857142857142856,7.0,32.46543463381246,2024,64.0,False,-0.3142857142857145,32+
00-0031588,Stefon Diggs,WR,16.54705882352941,17,15.24,8.0,30.781656399726216,2024,13.0,True,-1.3070588235294114,30-31
00-0031610,Darren Waller,TE,9.433333333333334,12,,,31.991786447638603,2024,13.0,False,,30-31
00-0031687,Raheem Mostert,RB,18.246666666666666,15,5.453846153846154,13.0,32.421629021218344,2024,4.0,True,-12.792820512820512,31+
00-0031763,DeAndre Carter,WR,0.5705882352941177,17,1.2461538461538462,13.0,31.419575633127995,2024,162.0,True,0.6755656108597284,30-31
00-0031941,Jamison Crowder,WR,2.3687500000000004,16,5.64,5.0,31.23340177960301,2024,139.0,False,3.2712499999999993,30-31
00-0032104,Ameer Abdullah,RB,2.5625,16,8.546666666666665,15.0,31.24435318275154,2024,76.0,True,5.984166666666665,31+
00-0032134,C.J. Uzomah,TE,2.475,8,0.0,2.0,31.655030800821354,2024,65.0,False,-2.475,30-31
00-0032141,Geoff Swaim,TE,2.425,8,0.5666666666666668,3.0,30.98425735797399,2024,67.0,False,-1.858333333333333,30-31
00-0032200,Ty Montgomery,WR,0.9,11,,,31.633127994524298,2024,158.0,False,,30-31
00-0032211,Tyler Lockett,WR,11.905882352941177,17,7.117647058823529,17.0,31.95071868583162,2024,38.0,True,-4.788235294117648,30-31
00-0032385,Sterling Shepard,WR,2.23,10,6.176923076923076,13.0,31.581108829568787,2024,143.0,True,3.9469230769230763,30-31
00-0032392,Austin Hooper,TE,3.0250000000000004,16,6.3882352941176475,17.0,29.867214236824093,2024,58.0,True,3.363235294117647,28-29
00-0032398,Chris Moore,WR,4.553333333333334,15,,,31.236139630390145,2024,99.0,False,,30-31
00-0032464,Kalif Raymond,WR,5.729411764705882,17,4.708333333333333,12.0,30.091718001368925,2024,81.0,True,-1.0210784313725494,30-31
00-0032543,Alex Erickson,WR,5.65,8,0.0,3.0,31.84394250513347,2024,84.0,False,-5.65,30-31
00-0032764,Derrick Henry,RB,15.21529411764706,17,21.376470588235296,17.0,30.68309377138946,2024,16.0,True,6.161176470588236,29-30
00-0032765,Michael Thomas,WR,8.98,10,,,31.523613963039015,2024,54.0,False,,30-31
00-0032775,Demarcus Robinson,WR,10.925,8,7.264705882352941,17.0,29.971252566735114,2024,45.0,True,-3.6602941176470596,28-29
00-0033009,Tyler Boyd,WR,8.605882352941178,17,5.22,15.0,29.82067077344285,2024,61.0,True,-3.385882352941178,28-29
00-0033040,Tyreek Hill,WR,24.681250000000002,16,13.1,17.0,30.529774127310063,2024,2.0,True,-11.581250000000002,30-31
00-0033045,Ezekiel Elliott,RB,10.264705882352942,17,3.8333333333333335,15.0,29.138945927446954,2024,35.0,True,-6.431372549019608,29-30
00-0033077,Dak Prescott,QB,20.637647058823532,17,14.565000000000001,8.0,31.11841204654346,2024,4.0,True,-6.072647058823531,30-31
00-0033090,Hunter Henry,TE,9.223076923076924,13,9.18125,16.0,29.760438056125942,2024,15.0,True,-0.041826923076923705,28-29
00-0033106,Jared Goff,QB,17.00588235294118,17,20.027058823529412,17.0,29.908281998631075,2024,14.0,True,3.021176470588234,28-29
00-0033110,Tyler Higbee,TE,7.233333333333333,15,8.866666666666667,3.0,31.690622861054074,2024,23.0,False,1.6333333333333337,30-31
00-0033217,Mo Alie-Cox,TE,3.507142857142857,14,2.725,12.0,30.976043805612594,2024,50.0,True,-0.782142857142857,30-31
00-0033246,Johnny Mundt,TE,4.0200000000000005,10,3.2285714285714286,14.0,29.79876796714579,2024,44.0,True,-0.7914285714285718,28-29
00-0033251,Zach Pascal,WR,0.5900000000000001,10,0.0,3.0,29.730321697467488,2024,160.0,False,-0.5900000000000001,28-29
00-0033280,Christian McCaffrey,RB,25.76875,16,11.950000000000001,4.0,28.26009582477755,2024,1.0,False,-13.81875,27-28
00-0033282,Curtis Samuel,WR,9.91875,16,4.55,14.0,28.082135523613964,2024,52.0,True,-5.3687499999999995,28-29
00-0033288,George Kittle,TE,12.981250000000001,16,16.173333333333336,15.0,30.921286789869953,2024,6.0,True,3.1920833333333345,30-31
00-0033292,Trent Taylor,WR,-0.013333333333333334,15,1.05,2.0,30.365503080082135,2024,168.0,False,1.0633333333333335,30-31
00-0033293,Aaron Jones,RB,13.081818181818182,11,14.564705882352943,17.0,29.7741273100616,2024,24.0,True,1.4828877005347607,29-30
00-0033307,Kendrick Bourne,WR,12.5,8,5.425,12.0,29.10335386721424,2024,35.0,True,-7.075,28-29
00-0033308,Matt Breida,RB,3.1266666666666665,15,,,29.533196440793976,2024,68.0,False,,29-30
00-0033357,Taysom Hill,TE,8.97,16,13.1675,8.0,34.050650239561946,2024,16.0,True,4.1975,32+
00-0033439,Pharaoh Brown,TE,3.436363636363637,11,1.25,10.0,30.354551676933607,2024,51.0,True,-2.186363636363637,30-31
00-0033466,Isaiah McKenzie,WR,1.5846153846153848,13,,,29.423682409308693,2024,156.0,False,,28-29
00-0033526,Samaje Perine,RB,7.135294117647058,17,4.788235294117648,17.0,28.985626283367555,2024,44.0,True,-2.3470588235294105,27-28
00-0033553,James Conner,RB,16.423076923076923,13,16.9875,16.0,29.352498288843258,2024,9.0,True,0.5644230769230774,29-30
00-0033555,Mack Hollins,WR,3.591666666666667,12,5.811764705882353,17.0,30.98425735797399,2024,120.0,True,2.220098039215686,30-31
00-0033572,Jamal Agnew,WR,3.663636363636364,11,,,29.440109514031484,2024,118.0,False,,28-29
00-0033591,Noah Brown,WR,10.46,10,7.845454545454547,11.0,28.67898699520876,2024,48.0,True,-2.6145454545454543,28-29
00-0033699,Austin Ekeler,RB,13.457142857142857,14,11.025,12.0,29.319644079397673,2024,21.0,True,-2.432142857142857,29-30
00-0033757,Robert Tonyan,TE,1.8499999999999999,12,,,30.365503080082135,2024,72.0,False,,30-31
00-0033854,Dare Ogunbowale,RB,0.8111111111111112,9,3.5,16.0,30.354551676933607,2024,88.0,True,2.6888888888888887,29-30
00-0033857,JuJu Smith-Schuster,WR,5.545454545454546,11,4.963636363636364,11.0,27.800136892539356,2024,88.0,True,-0.581818181818182,25-27
00-0033858,Jonnu Smith,TE,7.394117647058824,17,13.25294117647059,17.0,29.05407255304586,2024,21.0,True,5.858823529411765,28-29
00-0033873,Patrick Mahomes,QB,18.01375,16,17.68875,16.0,28.982888432580424,2024,11.0,True,-0.32500000000000284,28-29
00-0033881,Evan Engram,TE,13.547058823529412,17,10.11111111111111,9.0,30.023271731690624,2024,4.0,True,-3.435947712418301,30-31
00-0033885,David Njoku,TE,12.7625,16,13.5,11.0,28.16974674880219,2024,7.0,True,0.7375000000000007,28-29
00-0033891,Zay Jones,WR,8.677777777777777,9,2.733333333333334,6.0,29.451060917180012,2024,60.0,False,-5.944444444444443,28-29
00-0033893,Dalvin Cook,RB,2.8714285714285714,14,2.0,2.0,29.086926762491444,2024,71.0,False,-0.8714285714285714,29-30
00-0033895,Gerald Everett,TE,7.406666666666667,15,1.16,10.0,30.21218343600274,2024,20.0,True,-6.246666666666667,30-31
00-0033897,Joe Mixon,RB,15.882352941176471,17,18.678571428571427,14.0,28.13141683778234,2024,14.0,True,2.796218487394956,27-28
00-0033906,Alvin Kamara,RB,17.923076923076923,13,19.592857142857145,14.0,29.130732375085557,2024,5.0,True,1.6697802197802218,29-30
00-0033908,Cooper Kupp,WR,14.200000000000001,12,14.958333333333334,12.0,31.238877481177276,2024,23.0,True,0.7583333333333329,30-31
00-0033921,Chris Godwin Jr.,WR,12.48235294117647,17,20.114285714285717,7.0,28.536618754277892,2024,36.0,False,7.631932773109247,28-29
00-0033923,Kareem Hunt,RB,7.9,15,12.415384615384616,13.0,29.097878165639973,2024,42.0,True,4.515384615384615,29-30
00-0033925,D'Onta Foreman,RB,10.133333333333333,9,3.2600000000000002,10.0,28.380561259411362,2024,36.0,True,-6.873333333333333,27-28
00-0033943,Josh Reynolds,WR,8.05,16,4.8,8.0,29.56605065023956,2024,65.0,True,-3.250000000000001,28-29
00-0033948,Jamaal Williams,RB,4.676923076923077,13,2.65,14.0,29.440109514031484,2024,58.0,True,-2.0269230769230773,29-30
00-0033949,Joshua Dobbs,QB,15.435384615384615,13,15.420000000000002,2.0,29.623545516769337,2024,20.0,False,-0.015384615384613554,28-29
00-0034115,Jeff Wilson,RB,4.5888888888888895,9,1.5142857142857145,7.0,28.8186173853525,2024,60.0,False,-3.0746031746031752,27-28
00-0034159,Will Dissly,TE,3.0923076923076924,13,7.34,15.0,28.175222450376456,2024,57.0,True,4.247692307692308,28-29
00-0034184,Gus Edwards,RB,11.0,17,5.827272727272727,11.0,29.412731006160165,2024,32.0,True,-5.172727272727273,29-30
00-0034208,Mike Boone,RB,1.4777777777777779,9,1.1800000000000002,5.0,29.117043121149898,2024,84.0,False,-0.2977777777777777,29-30
00-0034270,Tyler Conklin,TE,7.241176470588235,17,7.61875,16.0,29.117043121149898,2024,22.0,True,0.37757352941176503,28-29
00-0034272,Marquez Valdes-Scantling,WR,3.53125,16,6.615384615384615,13.0,29.919233401779604,2024,122.0,True,3.084134615384615,28-29
00-0034286,Richie James,WR,2.377777777777778,9,,,29.01574264202601,2024,136.0,False,,28-29
00-0034297,Byron Pringle,WR,2.3153846153846156,13,,,30.8145106091718,2024,141.0,False,,30-31
00-0034348,Courtland Sutton,WR,11.887500000000001,16,15.3,16.0,28.919917864476385,2024,39.0,True,3.4124999999999996,28-29
00-0034351,Dallas Goedert,TE,9.842857142857143,14,10.51,10.0,29.686516084873375,2024,12.0,True,0.6671428571428564,28-29
00-0034364,Jordan Akins,TE,2.1692307692307695,13,5.6875,16.0,32.394250513347025,2024,71.0,True,3.5182692307692305,32+
00-0034365,Ian Thomas,TE,1.325,8,1.2333333333333334,3.0,28.262833675564682,2024,75.0,False,-0.09166666666666656,28-29
00-0034383,Dalton Schultz,TE,10.133333333333333,15,6.952941176470588,17.0,28.16700889801506,2024,11.0,True,-3.1803921568627445,28-29
00-0034386,Justin Watson,WR,5.933333333333334,15,4.193333333333333,15.0,28.435318275154003,2024,80.0,True,-1.7400000000000002,28-29
00-0034407,Ray-Ray McCloud,WR,2.375,12,8.382352941176471,17.0,27.904175222450377,2024,137.0,True,6.007352941176471,25-27
00-0034414,Boston Scott,RB,1.4833333333333334,12,,,29.374401095140314,2024,83.0,False,,29-30
00-0034418,Cedrick Wilson Jr.,WR,6.327272727272727,11,3.9953846153846153,13.0,28.80766598220397,2024,77.0,True,-2.331888111888112,28-29
00-0034419,Braxton Berrios,WR,3.61875,16,0.0,6.0,28.930869267624914,2024,119.0,False,-3.61875,28-29
00-0034487,Trent Sherfield,WR,2.3272727272727276,11,1.7153846153846155,13.0,28.539356605065024,2024,140.0,True,-0.6118881118881121,28-29
00-0034521,Allen Lazard,WR,4.292857142857143,14,10.625,12.0,28.750171115674195,2024,103.0,True,6.332142857142857,28-29
00-0034613,Tanner Hudson,TE,6.683333333333334,12,4.277777777777778,9.0,29.828884325804243,2024,28.0,True,-2.405555555555556,28-29
00-0034646,Brandon Powell,WR,4.064705882352941,17,0.88125,16.0,28.996577686516083,2024,111.0,True,-3.183455882352941,28-29
00-0034681,Chase Edmonds,RB,3.053846153846154,13,,,28.410677618069816,2024,70.0,False,,27-28
00-0034753,Mark Andrews,TE,13.540000000000001,10,11.105882352941178,17.0,29.013004791238878,2024,5.0,True,-2.434117647058823,28-29
00-0034764,Michael Gallup,WR,5.4875,16,,,28.520191649555098,2024,91.0,False,,28-29
00-0034775,Christian Kirk,WR,12.771666666666667,12,8.8625,8.0,27.811088295687885,2024,32.0,True,-3.909166666666666,25-27
00-0034777,DJ Chark,WR,8.25,14,3.275,4.0,27.964407939767284,2024,63.0,False,-4.975,25-27
00-0034796,Lamar Jackson,QB,20.88875,16,25.492941176470588,17.0,27.67419575633128,2024,3.0,True,4.604191176470586,25-27
00-0034798,Durham Smythe,TE,5.5076923076923086,13,1.0214285714285716,14.0,29.089664613278575,2024,32.0,True,-4.486263736263737,28-29
00-0034827,DJ Moore,WR,17.676470588235293,17,14.182352941176472,17.0,27.408624229979466,2024,8.0,True,-3.4941176470588218,25-27
00-0034829,Mike Gesicki,TE,4.36,15,8.9375,16.0,28.93908281998631,2024,40.0,True,4.5775,28-29
00-0034830,Hayden Hurst,TE,4.711111111111112,9,2.185714285714286,7.0,31.04722792607803,2024,38.0,False,-2.525396825396826,30-31
00-0034837,Calvin Ridley,WR,13.876470588235295,17,11.805882352941177,17.0,29.724845995893222,2024,24.0,True,-2.0705882352941174,28-29
00-0034838,Royce Freeman,RB,4.2,11,,,28.54483230663929,2024,64.0,False,,27-28
00-0034844,Saquon Barkley,RB,16.15714285714286,14,24.58125,16.0,27.583846680355922,2024,10.0,True,8.424107142857142,27-28
00-0034854,KhaDarel Hodge,WR,2.6571428571428575,14,2.3727272727272726,11.0,30.68583162217659,2024,134.0,True,-0.2844155844155849,30-31
00-0034855,Baker Mayfield,QB,16.121176470588235,17,21.51764705882353,17.0,29.409993155373034,2024,18.0,True,5.396470588235296,28-29
00-0034857,Josh Allen,QB,23.09647058823529,17,23.69,16.0,28.306639288158795,2024,1.0,True,0.5935294117647096,28-29
00-0034869,Sam Darnold,QB,2.338,10,18.11529411764706,17.0,27.266255989048595,2024,37.0,True,15.77729411764706,25-27
00-0034960,Jakobi Meyers,WR,13.66125,16,14.833333333333334,15.0,27.835728952772072,2024,27.0,True,1.1720833333333331,25-27
00-0034970,Irv Smith,TE,3.35,10,,,26.088980150581794,2024,52.0,False,,25-27
00-0034972,Alexander Mattison,RB,8.325000000000001,16,9.814285714285715,14.0,26.22861054072553,2024,39.0,True,1.4892857142857139,25-26
00-0034975,Justice Hill,RB,6.831250000000001,16,8.473333333333334,15.0,26.822724161533195,2024,46.0,True,1.6420833333333338,25-26
00-0034981,Foster Moreau,TE,3.5615384615384618,13,6.45625,16.0,27.34839151266256,2024,48.0,True,2.894711538461538,25-27
00-0034983,Hunter Renfrow,WR,3.4642857142857144,14,,,28.722792607802873,2024,124.0,False,,28-29
00-0035100,Jake Browning,QB,16.04888888888889,9,-0.1,2.0,28.416153319644078,2024,19.0,False,-16.14888888888889,28-29
00-0035208,Olamide Zaccheaus,WR,3.4909090909090916,11,7.15,16.0,27.134839151266256,2024,123.0,True,3.6590909090909087,25-27
00-0035215,Deonte Harty,WR,2.625,16,0.0,5.0,26.767967145790553,2024,135.0,False,-2.625,25-27
00-0035216,Diontae Johnson,WR,11.746153846153845,13,8.236363636363636,11.0,28.18343600273785,2024,40.0,True,-3.509790209790209,28-29
00-0035228,Kyler Murray,QB,18.295,8,17.48470588235294,17.0,27.093771389459274,2024,10.0,True,-0.8102941176470608,25-27
00-0035229,T.J. Hockenson,TE,14.7,15,8.8,10.0,27.189596167008897,2024,2.0,True,-5.899999999999999,25-27
00-0035243,Miles Sanders,RB,5.4750000000000005,16,7.027272727272728,11.0,27.362080766598222,2024,57.0,True,1.5522727272727277,27-28
00-0035249,Josh Oliver,TE,4.1000000000000005,13,5.483333333333333,12.0,27.474332648870636,2024,42.0,True,1.3833333333333329,25-27
00-0035250,Devin Singletary,RB,10.372941176470588,17,6.4399999999999995,15.0,27.019849418206707,2024,34.0,True,-3.932941176470589,27-28
00-0035261,Tony Pollard,RB,13.270588235294117,17,13.106250000000001,16.0,27.364818617385353,2024,23.0,True,-0.16433823529411562,27-28
00-0035289,Gardner Minshew,QB,12.262500000000001,16,9.632,10.0,28.320328542094455,2024,25.0,True,-2.6305000000000014,28-29
00-0035291,Trayveon Williams,RB,0.93125,16,0.0,5.0,26.89664613278576,2024,87.0,False,-0.93125,25-26
00-0035298,Scott Miller,WR,3.5545454545454547,11,1.9833333333333334,6.0,27.1129363449692,2024,121.0,False,-1.5712121212121213,25-27
00-0035329,Donald Parham,TE,5.678571428571429,14,,,27.069130732375086,2024,30.0,False,,25-27
00-0035341,Trenton Irwin,WR,5.216666666666667,12,0.75,6.0,28.752908966461327,2024,93.0,False,-4.466666666666667,28-29
00-0035406,Lil'Jordan Humphrey,WR,4.290909090909091,11,4.5928571428571425,14.0,26.39561943874059,2024,104.0,True,0.3019480519480515,25-27
00-0035500,Greg Dortch,WR,4.03125,16,5.311764705882353,17.0,26.286105407255306,2024,113.0,True,1.2805147058823527,25-27
00-0035535,Darius Slayton,WR,8.970588235294118,17,7.0625,16.0,27.66050650239562,2024,55.0,True,-1.9080882352941178,25-27
00-0035537,Ty Johnson,RB,3.5999999999999996,9,5.482352941176471,17.0,26.981519507186857,2024,67.0,True,1.882352941176471,25-26
00-0035567,Craig Reynolds,RB,2.6333333333333333,12,2.6125,8.0,28.238193018480494,2024,75.0,True,-0.02083333333333348,27-28
00-0035628,D'Ernest Johnson,RB,2.1750000000000003,16,2.9916666666666667,12.0,28.536618754277892,2024,79.0,True,0.8166666666666664,27-28
00-0035631,Drew Sample,TE,3.5928571428571425,14,3.3181818181818183,11.0,28.40246406570842,2024,47.0,True,-0.2746753246753242,28-29
00-0035639,Parris Campbell,WR,3.04,10,3.75,4.0,27.15400410677618,2024,127.0,False,0.71,25-27
00-0035640,DK Metcalf,WR,14.36875,16,13.046666666666665,15.0,26.740588637919235,2024,22.0,True,-1.3220833333333353,25-27
00-0035644,Noah Fant,TE,4.8933333333333335,15,7.428571428571429,14.0,26.806297056810404,2024,36.0,True,2.5352380952380953,25-27
00-0035645,Gunner Olszewski,WR,0.4166666666666667,12,,,27.789185489390828,2024,166.0,False,,25-27
00-0035659,Terry McLaurin,WR,12.041176470588237,17,16.194117647058825,17.0,28.98836413415469,2024,37.0,True,4.152941176470588,28-29
00-0035662,Marquise Brown,WR,10.361538461538462,13,9.05,2.0,27.26899383983573,2024,50.0,False,-1.3115384615384613,25-27
00-0035676,A.J. Brown,WR,17.65294117647059,17,17.26153846153846,13.0,27.197809719370294,2024,9.0,True,-0.39140271493213064,25-27
00-0035685,David Montgomery,RB,15.442857142857145,14,16.05142857142857,14.0,27.260780287474333,2024,15.0,True,0.608571428571425,27-28
00-0035689,Dawson Knox,TE,5.459999999999999,10,4.2214285714285715,14.0,27.822039698836413,2024,34.0,True,-1.2385714285714275,25-27
00-0035700,Josh Jacobs,RB,14.392307692307693,13,17.77058823529412,17.0,26.579055441478438,2024,18.0,True,3.3782805429864275,25-26
00-0035703,Miles Boykin,WR,0.5875,8,,,27.912388774811774,2024,161.0,False,,25-27
00-0035719,Deebo Samuel Sr.,WR,16.546666666666667,15,10.573333333333334,15.0,28.654346338124572,2024,14.0,True,-5.973333333333333,28-29
00-0035726,Jakob Johnson,RB,0.275,8,0.0,1.0,29.738535249828885,2024,90.0,False,-0.275,29-30
00-0035771,Mitchell Wilcox,TE,1.2166666666666666,12,,,27.84120465434634,2024,76.0,False,,25-27
00-0035973,Patrick Taylor,RB,2.727272727272727,11,4.685714285714285,7.0,26.368240930869266,2024,73.0,False,1.958441558441558,25-26
00-0036032,Sean McKeon,TE,0.0,8,,,26.702258726899384,2024,81.0,False,,25-27
00-0036040,Juwan Johnson,TE,7.523076923076923,13,8.186666666666667,15.0,27.991786447638603,2024,19.0,True,0.6635897435897444,25-27
00-0036133,James Proche,WR,0.0,10,0.5666666666666667,9.0,27.972621492128678,2024,167.0,True,0.5666666666666667,25-27
00-0036139,Rico Dowdle,RB,5.71875,16,13.1125,16.0,26.24229979466119,2024,55.0,True,7.393750000000001,25-26
00-0036165,Isaiah Hodgins,WR,4.285714285714286,14,1.6,2.0,25.88911704312115,2024,105.0,False,-2.6857142857142855,25-27
00-0036182,Nick Westbrook-Ikhine,WR,6.538461538461538,13,9.799999999999999,14.0,27.474332648870636,2024,75.0,True,3.2615384615384606,25-27
00-0036196,Gabe Davis,WR,10.36875,16,5.39,10.0,25.530458590006845,2024,49.0,True,-4.978750000000001,25-27
00-0036212,Tua Tagovailoa,QB,16.374117647058824,17,16.507272727272724,11.0,26.527036276522928,2024,16.0,True,0.13315508021389988,25-27
00-0036223,Jonathan Taylor,RB,15.940000000000001,10,19.55,14.0,25.642710472279262,2024,12.0,True,3.6099999999999994,25-26
00-0036232,Harrison Bryant,TE,2.707142857142857,14,2.9333333333333336,6.0,26.38466803559206,2024,63.0,False,0.22619047619047672,25-27
00-0036233,Donovan Peoples-Jones,WR,2.0357142857142856,14,,,25.557837097878167,2024,148.0,False,,25-27
00-0036244,Colby Parkinson,TE,4.113333333333333,15,4.0875,16.0,25.675564681724847,2024,41.0,True,-0.02583333333333293,25-27
00-0036251,Zack Moss,RB,12.542857142857143,14,10.2375,8.0,26.7378507871321,2024,27.0,True,-2.305357142857142,25-26
00-0036252,Michael Pittman,WR,16.04375,16,10.55,16.0,26.93223819301848,2024,17.0,True,-5.493749999999999,25-27
00-0036259,Jauan Jennings,WR,3.9615384615384617,13,14.133333333333333,15.0,27.170431211498972,2024,115.0,True,10.171794871794871,25-27
00-0036261,Brandon Aiyuk,WR,16.23125,16,9.12857142857143,7.0,26.48596851471595,2024,15.0,False,-7.102678571428569,25-27
00-0036264,Jordan Love,QB,18.76823529411765,17,15.590666666666667,15.0,25.856262833675565,2024,6.0,True,-3.177568627450981,25-27
00-0036265,AJ Dillon,RB,7.840000000000001,15,,,26.360027378507873,2024,43.0,False,,25-26
00-0036268,Laviska Shenault Jr.,WR,2.6875,8,1.47,10.0,25.932922655715263,2024,133.0,True,-1.2175,25-27
00-0036275,D'Andre Swift,RB,12.83125,16,12.794117647058824,17.0,25.65639972621492,2024,25.0,True,-0.03713235294117645,25-26
00-0036290,Cole Kmet,TE,11.4125,16,7.525,16.0,25.505817932922657,2024,8.0,True,-3.8874999999999993,25-27
00-0036309,Darnell Mooney,WR,5.635714285714286,14,12.262500000000001,16.0,26.86652977412731,2024,85.0,True,6.626785714285715,25-27
00-0036322,Justin Jefferson,WR,20.97,10,19.116470588235295,17.0,25.23750855578371,2024,5.0,True,-1.853529411764704,25-27
00-0036326,Chase Claypool,WR,1.9727272727272727,11,,,26.17932922655715,2024,149.0,False,,25-27
00-0036328,Antonio Gibson,RB,7.9625,16,6.082352941176471,17.0,26.217659137577,2024,41.0,True,-1.8801470588235292,25-26
00-0036331,Devin Duvernay,WR,0.5615384615384615,13,1.4769230769230768,13.0,26.99520876112252,2024,163.0,True,0.9153846153846152,25-27
00-0036332,Josiah Deguara,TE,1.6111111111111112,9,0.6285714285714287,7.0,27.57015742642026,2024,74.0,False,-0.9825396825396825,25-27
00-0036345,K.J. Osborn,WR,8.0,15,2.6714285714285713,7.0,27.252566735112936,2024,66.0,False,-5.328571428571429,25-27
00-0036355,Justin Herbert,QB,18.627692307692307,13,16.788235294117644,17.0,26.50513347022587,2024,8.0,True,-1.8394570135746626,25-27
00-0036358,CeeDee Lamb,WR,24.80588235294118,17,17.860000000000003,15.0,25.426420260095824,2024,1.0,True,-6.945882352941176,25-27
00-0036360,Clyde Edwards-Helaire,RB,4.673333333333334,15,5.0,2.0,25.418206707734427,2024,59.0,False,0.3266666666666662,25-26
00-0036364,Lynn Bowden,WR,2.8125,8,,,26.90759753593429,2024,130.0,False,,25-27
00-0036370,Joshua Kelley,RB,3.6294117647058823,17,0.2,1.0,26.806297056810404,2024,66.0,False,-3.429411764705882,25-26
00-0036387,Jalen Reagor,WR,3.1666666666666665,9,2.1,7.0,25.689253935660506,2024,126.0,False,-1.0666666666666664,25-27
00-0036389,Jalen Hurts,QB,20.98941176470588,17,21.008,15.0,26.094455852156056,2024,2.0,True,0.018588235294117794,25-27
00-0036407,Jerry Jeudy,WR,8.8625,16,14.81764705882353,17.0,25.38261464750171,2024,57.0,True,5.955147058823529,25-27
00-0036410,Tee Higgins,WR,11.716666666666667,12,18.758333333333336,12.0,25.645448323066393,2024,41.0,True,7.04166666666667,25-27
00-0036415,Van Jefferson,WR,2.95,14,4.24,15.0,28.125941136208077,2024,129.0,True,1.29,28-29
00-0036422,Adam Trautman,TE,3.7750000000000004,16,3.369230769230769,13.0,27.59479808350445,2024,45.0,True,-0.40576923076923155,25-27
00-0036425,DeeJay Dallas,RB,0.7176470588235294,17,1.3125,16.0,25.984941820670773,2024,89.0,True,0.5948529411764706,25-26
00-0036429,Charlie Woerner,TE,0.62,10,0.9666666666666667,12.0,26.902121834360027,2024,80.0,True,0.3466666666666667,25-27
00-0036438,Stephen Sullivan,TE,2.45,10,0.0,1.0,27.783709787816566,2024,66.0,False,-2.45,25-27
00-0036442,Joe Burrow,QB,14.716,10,22.871764705882352,17.0,27.750855578370977,2024,23.0,True,8.155764705882353,25-27
00-0036497,Tim Jones,WR,1.9300000000000002,10,0.8875,8.0,26.324435318275153,2024,150.0,True,-1.0425000000000002,25-27
00-0036550,Rashod Bateman,WR,5.1,15,11.006250000000001,16.0,24.78302532511978,2024,94.0,True,5.906250000000002,25-27
00-0036554,Nico Collins,WR,17.86,15,18.05,12.0,25.481177275838466,2024,7.0,True,0.19000000000000128,25-27
00-0036555,Chuba Hubbard,RB,10.911764705882353,17,16.90666666666667,15.0,25.251197809719372,2024,33.0,True,5.994901960784317,25-26
00-0036556,Brevin Jordan,TE,5.090000000000001,10,1.35,2.0,24.1533196440794,2024,35.0,False,-3.7400000000000007,<=24
00-0036567,Elijah Mitchell,RB,4.318181818181818,11,,,26.360027378507873,2024,62.0,False,,25-26
00-0036613,Jaylen Waddle,WR,14.507142857142856,14,10.173333333333334,15.0,25.793292265571527,2024,20.0,True,-4.3338095238095224,25-27
00-0036626,Dyami Brown,WR,2.185,16,4.493333333333334,15.0,24.859685147159478,2024,146.0,True,2.308333333333334,25-27
00-0036628,John Bates,TE,2.2733333333333334,15,1.1076923076923078,13.0,26.844626967830255,2024,69.0,True,-1.1656410256410257,25-27
00-0036635,Ihmir Smith-Marsette,WR,1.911764705882353,17,0.4,15.0,25.034907597535934,2024,151.0,True,-1.511764705882353,25-27
00-0036637,Noah Gray,TE,4.4125,16,7.08125,16.0,25.366187542778917,2024,39.0,True,2.66875,25-27
00-0036754,Brock Wright,TE,3.1222222222222222,9,3.1818181818181817,11.0,25.78781656399726,2024,55.0,True,0.059595959595959425,25-27
00-0036841,Austin Trammell,WR,0.46,15,6.0,1.0,26.187542778918548,2024,165.0,False,5.54,25-27
00-0036842,Kene Nwangwu,RB,0.1625,8,3.0,2.0,26.584531143052704,2024,91.0,False,2.8375,25-26
00-0036849,Tutu Atwell,WR,8.135714285714286,14,6.593333333333334,15.0,24.928131416837783,2024,64.0,True,-1.5423809523809524,25-27
00-0036862,Ben Skowronek,WR,1.6538461538461537,13,1.3222222222222222,9.0,27.20602327173169,2024,155.0,True,-0.33162393162393156,25-27
00-0036875,Rhamondre Stevenson,RB,12.141666666666667,12,11.926666666666668,15.0,26.546201232032853,2024,28.0,True,-0.21499999999999986,25-26
00-0036876,Kylen Granson,TE,4.866666666666666,15,2.0125,16.0,26.458590006844627,2024,37.0,True,-2.854166666666666,25-27
00-0036887,Luke Farrell,TE,2.85,10,1.5583333333333333,12.0,26.90759753593429,2024,60.0,True,-1.2916666666666667,25-27
00-0036893,Najee Harris,RB,11.852941176470589,17,12.564705882352941,17.0,26.507871321013006,2024,30.0,True,0.7117647058823522,25-26
00-0036894,Pat Freiermuth,TE,7.118181818181818,11,10.01764705882353,17.0,25.87816563997262,2024,25.0,True,2.899465240641711,25-27
00-0036900,Ja'Marr Chase,WR,16.88875,16,24.529411764705884,17.0,24.528405201916495,2024,11.0,True,7.640661764705882,25-27
00-0036906,Khalil Herbert,RB,10.125,12,2.8636363636363638,11.0,26.390143737166323,2024,37.0,True,-7.261363636363637,25-26
00-0036912,DeVonta Smith,WR,14.4125,16,15.569230769230769,13.0,25.82340862422998,2024,21.0,True,1.1567307692307693,25-27
00-0036913,Kadarius Toney,WR,4.076923076923077,13,-0.13333333333333333,3.0,25.620807665982205,2024,110.0,False,-4.21025641025641,25-27
00-0036919,Kenny Gainwell,RB,6.08625,16,3.682352941176471,17.0,25.49486652977413,2024,53.0,True,-2.403897058823529,25-26
00-0036924,Michael Carter,RB,3.9200000000000004,15,11.933333333333332,3.0,25.347022587268995,2024,65.0,False,8.013333333333332,25-26
00-0036936,Rondale Moore,WR,6.176470588235294,17,,,24.254620123203285,2024,78.0,False,,<=24
00-0036945,Justin Fields,QB,17.936923076923076,13,11.914,10.0,25.519507186858316,2024,12.0,True,-6.022923076923076,25-27
00-0036955,Terrace Marshall Jr.,WR,4.112500000000001,8,1.4200000000000002,5.0,24.254620123203285,2024,109.0,False,-2.692500000000001,<=24
00-0036963,Amon-Ra St. Brown,WR,21.525000000000002,16,18.951764705882354,17.0,24.88158795345654,2024,4.0,True,-2.573235294117648,25-27
00-0036970,Kyle Pitts,TE,8.076470588235296,17,7.717647058823529,17.0,23.928815879534564,2024,17.0,True,-0.358823529411767,<=24
00-0036971,Trevor Lawrence,QB,16.40875,16,14.52,10.0,24.930869267624914,2024,15.0,True,-1.8887500000000017,25-27
00-0036972,Mac Jones,QB,9.672727272727274,11,9.608,10.0,26.015058179329227,2024,32.0,True,-0.06472727272727319,25-27
00-0036973,Travis Etienne,RB,16.96470588235294,17,8.68,15.0,25.623545516769337,2024,7.0,True,-8.284705882352942,25-26
00-0036980,Elijah Moore,WR,8.25625,16,7.2,17.0,24.45722108145106,2024,62.0,True,-1.0562499999999995,<=24
00-0036984,Trey Sermon,RB,2.5375,8,3.586666666666667,15.0,25.61259411362081,2024,77.0,True,1.0491666666666668,25-26
00-0036988,Josh Palmer,WR,10.97,10,7.16,15.0,24.969199178644764,2024,44.0,True,-3.8100000000000005,25-27
00-0036997,Javonte Williams,RB,11.2,16,9.288235294117648,17.0,24.37782340862423,2024,31.0,True,-1.9117647058823515,<=24
00-0037005,Tommy Tremble,TE,4.026666666666666,15,5.64,10.0,24.27378507871321,2024,43.0,True,1.6133333333333333,<=24
00-0037013,Zach Wilson,QB,9.995000000000001,12,,,25.10609171800137,2024,30.0,False,,25-27
00-0037077,Sam Howell,QB,15.149411764705883,17,-0.8400000000000001,1.0,23.983572895277206,2024,22.0,False,-15.989411764705883,<=24
00-0037078,Cole Turner,TE,2.875,8,,,24.487337440109513,2024,59.0,False,,<=24
00-0037098,Samori Toure,WR,2.225,8,,,26.466803559206024,2024,144.0,False,,25-27
00-0037132,Britain Covey,WR,0.5466666666666666,15,2.08,5.0,27.482546201232033,2024,164.0,False,1.5333333333333334,25-27
00-0037197,Isiah Pacheco,RB,15.921428571428573,14,8.12857142857143,7.0,25.527720739219713,2024,13.0,False,-7.792857142857143,25-26
00-0037228,Jaylen Warren,RB,11.905882352941177,17,8.273333333333333,15.0,25.859000684462696,2024,29.0,True,-3.6325490196078434,25-26
00-0037238,Drake London,WR,11.08625,16,16.78235294117647,17.0,23.132101300479125,2024,43.0,True,5.69610294117647,<=24
00-0037239,Chris Olave,WR,14.925,16,9.775,8.0,24.205338809034906,2024,19.0,True,-5.15,<=24
00-0037240,Jameson Williams,WR,6.691666666666666,12,14.446666666666667,15.0,23.460643394934976,2024,74.0,True,7.755000000000001,<=24
00-0037247,George Pickens,WR,12.723529411764707,17,11.957142857142857,14.0,23.520876112251884,2024,33.0,True,-0.7663865546218496,<=24
00-0037248,James Cook,RB,14.21764705882353,17,17.41875,16.0,24.960985626283367,2024,19.0,True,3.201102941176469,25-26
00-0037256,Rachaad White,RB,16.11176470588235,17,13.306666666666667,15.0,25.661875427789184,2024,11.0,True,-2.805098039215684,25-26
00-0037257,David Bell,WR,5.411111111111111,9,5.7,1.0,23.73990417522245,2024,92.0,False,0.28888888888888875,<=24
00-0037258,Dameon Pierce,RB,5.9071428571428575,14,4.65,10.0,24.55852156057495,2024,54.0,True,-1.2571428571428571,25-26
00-0037261,Khalil Shakir,WR,7.25625,16,12.366666666666667,15.0,24.602327173169062,2024,73.0,True,5.1104166666666675,25-27
00-0037263,Tyler Allgeier,RB,8.094117647058823,17,6.423529411764706,17.0,24.40520191649555,2024,40.0,True,-1.670588235294117,<=24
00-0037267,Jerome Ford,RB,12.776470588235295,17,9.571428571428571,14.0,24.996577686516083,2024,26.0,True,-3.2050420168067237,25-26
00-0037273,Kyle Philips,WR,4.1375,8,,,25.234770704996578,2024,106.0,False,,25-27
00-0037276,Ty Chandler,RB,6.5,16,2.028571428571429,14.0,26.33264887063655,2024,50.0,True,-4.4714285714285715,25-26
00-0037292,Andrew Ogletree,TE,3.2454545454545456,11,2.158333333333333,12.0,26.12183436002738,2024,54.0,True,-1.0871212121212124,25-27
00-0037311,Ko Kieft,TE,0.72,10,0.0,3.0,26.639288158795345,2024,79.0,False,-0.72,25-27
00-0037382,Brandon Johnson,WR,7.340000000000001,10,1.9,1.0,26.127310061601644,2024,72.0,False,-5.440000000000001,25-27
00-0037429,Raheem Blackshear,RB,1.8999999999999997,9,0.5,16.0,26.26694045174538,2024,82.0,True,-1.3999999999999997,25-26
00-0037475,Stone Smartt,TE,2.7083333333333335,12,3.8666666666666663,9.0,25.935660506502394,2024,62.0,True,1.1583333333333328,25-27
00-0037487,Deven Thompkins,WR,2.052941176470588,17,1.34,5.0,24.71731690622861,2024,147.0,False,-0.712941176470588,25-27
00-0037525,Jordan Mason,RB,2.79375,16,10.333333333333334,12.0,25.300479123887747,2024,72.0,True,7.539583333333334,25-26
00-0037545,Rashid Shaheed,WR,10.606666666666666,15,13.633333333333335,6.0,26.028747433264886,2024,47.0,False,3.026666666666669,25-27
00-0037557,Ronnie Rivers,RB,2.2333333333333334,9,3.0500000000000003,6.0,25.609856262833677,2024,78.0,False,0.8166666666666669,25-26
00-0037569,Peyton Hendershot,TE,0.9750000000000001,8,2.02,5.0,25.385352498288842,2024,77.0,False,1.045,25-27
00-0037614,John Metchie III,WR,2.3000000000000003,14,5.540000000000001,10.0,24.147843942505133,2024,142.0,True,3.2400000000000007,<=24
00-0037664,Alec Pierce,WR,5.7,17,10.36875,16.0,24.358658453114305,2024,82.0,True,4.66875,<=24
00-0037666,Jalen Tolbert,WR,4.342857142857143,14,8.941176470588236,17.0,25.53593429158111,2024,102.0,True,4.598319327731092,25-27
00-0037740,Garrett Wilson,WR,12.717647058823529,17,15.170588235294119,17.0,24.136892539356605,2024,34.0,True,2.45294117647059,<=24
00-0037741,Jahan Dotson,WR,7.429411764705883,17,2.992857142857143,14.0,24.470910335386723,2024,71.0,True,-4.43655462184874,<=24
00-0037742,Treylon Burks,WR,4.433333333333334,9,1.5,5.0,24.468172484599588,2024,101.0,False,-2.9333333333333336,<=24
00-0037744,Trey McBride,TE,10.852941176470589,17,15.51875,16.0,24.802190280629706,2024,9.0,True,4.665808823529412,25-27
00-0037745,Velus Jones Jr.,WR,0.8538461538461538,13,1.4500000000000002,2.0,27.3347022587269,2024,159.0,False,0.5961538461538464,25-27
00-0037746,Brian Robinson,RB,13.306666666666668,15,12.057142857142859,14.0,25.472963723477072,2024,22.0,True,-1.2495238095238097,25-26
00-0037801,KaVontae Turpin,WR,3.73125,16,6.129411764705883,17.0,28.10677618069815,2024,116.0,True,2.3981617647058826,28-29
00-0037805,Jeremy Ruckert,TE,3.1100000000000003,10,2.0357142857142856,14.0,24.082135523613964,2024,56.0,True,-1.0742857142857147,<=24
00-0037809,Chig Okonkwo,TE,6.670588235294118,17,7.1000000000000005,16.0,25.00752908966461,2024,29.0,True,0.4294117647058826,25-27
00-0037816,Romeo Doubs,WR,10.258823529411766,17,10.161538461538461,13.0,24.410677618069816,2024,51.0,True,-0.0972850678733046,<=24
00-0037834,Brock Purdy,QB,18.475,16,17.790666666666667,15.0,24.706365503080082,2024,9.0,True,-0.6843333333333348,25-27
00-0037837,Calvin Austin III,WR,3.29375,16,7.105882352941176,17.0,25.467488021902806,2024,125.0,True,3.812132352941176,25-27
00-0037838,Isaiah Likely,TE,7.221428571428571,14,8.346666666666668,15.0,24.396988364134156,2024,24.0,True,1.125238095238097,<=24
00-0037840,Kyren Williams,RB,22.75,12,17.75625,16.0,24.041067761806982,2024,2.0,True,-4.993749999999999,<=24
00-0038040,Zamir White,RB,6.1461538461538465,13,3.6625,8.0,24.980150581793293,2024,52.0,True,-2.4836538461538464,25-26
00-0038041,Jake Ferguson,TE,10.41764705882353,17,7.457142857142857,14.0,25.645448323066393,2024,10.0,True,-2.9605042016806724,25-27
00-0038045,Isaiah Spiller,RB,2.111111111111111,9,,,23.08829568788501,2024,80.0,False,,<=24
00-0038046,Charlie Kolar,TE,2.4111111111111114,9,2.83,10.0,25.582477754962355,2024,68.0,True,0.41888888888888864,25-27
00-0038090,Skyy Moore,WR,4.130769230769231,13,0.0,3.0,24.0,2024,108.0,False,-4.130769230769231,<=24
00-0038098,Pierre Strong,RB,2.6750000000000003,16,2.707692307692308,13.0,25.752224503764545,2024,74.0,True,0.032692307692307576,25-26
00-0038102,Kenny Pickett,QB,9.183333333333334,12,5.0280000000000005,5.0,26.26420260095825,2024,33.0,False,-4.155333333333333,25-27
00-0038104,Tyquan Thornton,WR,3.0222222222222226,9,2.175,4.0,24.093086926762492,2024,128.0,False,-0.8472222222222228,<=24
00-0038108,Bailey Zappe,QB,6.917999999999999,10,7.0,1.0,25.377138945927445,2024,36.0,False,0.08200000000000074,25-27
00-0038115,Daniel Bellinger,TE,3.607142857142857,14,2.2083333333333335,12.0,23.967145790554415,2024,46.0,True,-1.3988095238095237,<=24
00-0038117,Wan'Dale Robinson,WR,8.879999999999999,15,10.747058823529413,17.0,23.679671457905545,2024,56.0,True,1.8670588235294137,<=24
00-0038120,Breece Hall,RB,17.61764705882353,17,15.3375,16.0,23.279945242984258,2024,6.0,True,-2.2801470588235286,<=24
00-0038122,Desmond Ridder,QB,11.809333333333335,15,4.384,5.0,25.02943189596167,2024,26.0,False,-7.4253333333333345,25-27
00-0038124,Christian Watson,WR,11.255555555555555,9,7.735714285714286,14.0,25.333333333333332,2024,42.0,True,-3.519841269841269,25-27
00-0038129,Cade Otton,TE,6.970588235294118,17,10.15,14.0,25.4072553045859,2024,26.0,True,3.1794117647058826,25-27
00-0038134,Kenneth Walker III,RB,13.493333333333334,15,16.745454545454546,11.0,23.890485968514717,2024,20.0,True,3.252121212121212,<=24
00-0038393,Dontayvion Wicks,WR,7.984,15,6.5,17.0,23.236139630390145,2024,67.0,True,-1.484,<=24
00-0038394,Will Mallory,TE,3.5181818181818185,11,0.9857142857142858,7.0,25.22108145106092,2024,49.0,False,-2.5324675324675328,25-27
00-0038396,Eric Gray,RB,1.3,10,1.3785714285714286,14.0,24.851471594798085,2024,85.0,True,0.07857142857142851,25-26
00-0038465,Malik Heath,WR,2.7916666666666665,12,6.340000000000001,5.0,24.44626967830253,2024,131.0,False,3.5483333333333342,<=24
00-0038476,Tommy DeVito,QB,10.393333333333334,9,6.740000000000001,2.0,26.094455852156056,2024,29.0,False,-3.6533333333333333,25-27
00-0038496,Xavier Gipson,WR,3.6882352941176473,17,0.9647058823529411,17.0,23.509924709103355,2024,117.0,True,-2.723529411764706,<=24
00-0038542,Bijan Robinson,RB,14.929411764705883,17,20.982352941176472,17.0,22.611909650924023,2024,17.0,True,6.05294117647059,<=24
00-0038543,Jaxon Smith-Njigba,WR,8.811764705882354,17,15.147058823529411,17.0,22.570841889117045,2024,58.0,True,6.335294117647058,<=24
00-0038544,Quentin Johnston,WR,5.529411764705882,17,11.846666666666668,15.0,23.01163586584531,2024,89.0,True,6.317254901960785,<=24
00-0038547,Luke Schoonmaker,TE,2.2083333333333335,12,4.758333333333334,12.0,25.95208761122519,2024,70.0,True,2.5500000000000003,25-27
00-0038555,Tank Bigsby,RB,1.9076923076923078,13,8.4375,16.0,22.031485284052017,2024,81.0,True,6.529807692307692,<=24
00-0038558,Darnell Washington,TE,1.6375000000000002,8,3.4615384615384617,13.0,23.066392881587955,2024,73.0,True,1.8240384615384615,<=24
00-0038559,Michael Wilson,WR,8.807692307692308,13,7.78125,16.0,24.54757015742642,2024,59.0,True,-1.0264423076923084,25-27
00-0038563,Tre Tucker,WR,5.523076923076923,13,7.605882352941177,17.0,23.509924709103355,2024,90.0,True,2.082805429864254,<=24
00-0038573,Derius Davis,WR,2.2176470588235295,17,2.6733333333333333,15.0,23.99726214921287,2024,145.0,True,0.4556862745098038,<=24
00-0038576,Charlie Jones,WR,1.8818181818181818,11,1.0714285714285714,7.0,25.867214236824093,2024,152.0,False,-0.8103896103896104,25-27
00-0038579,Aidan O'Connell,QB,11.438181818181818,11,10.386666666666667,9.0,26.026009582477755,2024,27.0,True,-1.0515151515151508,25-27
00-0038589,Josh Whyle,TE,2.711111111111111,9,4.053333333333334,15.0,25.00752908966461,2024,61.0,True,1.3422222222222229,25-27
00-0038597,Chase Brown,RB,4.458333333333333,12,16.125,16.0,24.473648186173854,2024,61.0,True,11.666666666666668,<=24
00-0038606,Parker Washington,WR,4.9,8,7.035714285714286,14.0,22.47501711156742,2024,95.0,True,2.1357142857142852,<=24
00-0038611,Chris Rodriguez Jr.,RB,4.211111111111112,9,4.5,7.0,24.958247775496236,2024,63.0,False,0.28888888888888786,25-26
00-0038612,A.T. Perry,WR,7.575,8,,,24.876112251882272,2024,70.0,False,,25-27
00-0038618,Xavier Hutchinson,WR,1.8250000000000002,12,1.6928571428571428,14.0,24.27652292950034,2024,154.0,True,-0.13214285714285734,<=24
00-0038619,Andrei Iosivas,WR,4.6000000000000005,11,7.052941176470589,17.0,24.906228610540726,2024,98.0,True,2.4529411764705884,25-27
00-0038621,DeMario Douglas,WR,7.6571428571428575,14,9.231250000000001,16.0,23.756331279945243,2024,69.0,True,1.5741071428571436,<=24
00-0038647,Ronnie Bell,WR,2.3692307692307693,13,1.05,4.0,24.618754277891856,2024,138.0,False,-1.3192307692307692,25-27
00-0038705,Emari Demercado,RB,6.663636363636363,11,4.207692307692308,13.0,25.639972621492127,2024,48.0,True,-2.4559440559440553,25-26
00-0038720,Julian Hill,TE,0.8800000000000001,10,1.5714285714285714,14.0,24.17248459958932,2024,78.0,True,0.6914285714285713,<=24
00-0038738,Hunter Luepke,RB,1.27,10,1.9214285714285715,14.0,24.53388090349076,2024,86.0,True,0.6514285714285715,25-26
00-0038752,Jake Bobo,WR,4.064285714285715,14,2.475,12.0,26.102669404517453,2024,112.0,True,-1.5892857142857149,25-27
00-0038794,Jaleel McLaughlin,RB,6.235294117647059,17,6.075,16.0,23.991786447638603,2024,51.0,True,-0.1602941176470587,<=24
00-0038933,Dalton Kincaid,TE,9.39375,16,7.753846153846154,13.0,24.89801505817933,2024,14.0,True,-1.6399038461538469,25-27
00-0038938,Jalin Hyatt,WR,4.753846153846154,13,1.42,10.0,22.9596167008898,2024,97.0,True,-3.333846153846154,<=24
00-0038941,Tyler Scott,WR,2.761538461538462,13,0.375,4.0,22.913073237508556,2024,132.0,False,-2.386538461538462,<=24
00-0038976,Marvin Mims Jr.,WR,4.7625,16,7.794117647058823,17.0,22.480492813141684,2024,96.0,True,3.031617647058823,<=24
00-0038977,Tank Dell,WR,16.95,10,10.107142857142858,14.0,24.867898699520875,2024,10.0,True,-6.842857142857142,25-27
00-0038979,Cedric Tillman,WR,4.0181818181818185,11,8.933333333333334,9.0,24.39425051334702,2024,114.0,True,4.915151515151515,<=24
00-0038994,Jordan Addison,WR,13.194117647058825,17,14.366666666666667,15.0,22.62012320328542,2024,30.0,True,1.1725490196078425,<=24
00-0038996,Tucker Kraft,TE,5.607142857142857,14,9.605882352941178,17.0,23.852156057494867,2024,31.0,True,3.998739495798321,<=24
00-0038997,Josh Downs,WR,9.329411764705881,17,13.214285714285714,14.0,23.080082135523615,2024,53.0,True,3.8848739495798323,<=24
00-0039021,Roschon Johnson,RB,6.806666666666667,15,5.953846153846154,13.0,23.60848733744011,2024,47.0,True,-0.8528205128205126,<=24
00-0039032,Tyjae Spears,RB,9.047058823529412,17,9.466666666666667,12.0,23.238877481177276,2024,38.0,True,0.4196078431372552,<=24
00-0039040,De'Von Achane,RB,18.88181818181818,11,17.99411764705882,17.0,22.910335386721425,2024,3.0,True,-0.8877005347593574,<=24
00-0039041,Elijah Higgins,TE,3.3,11,3.2800000000000002,15.0,23.871321013004792,2024,53.0,True,-0.019999999999999574,<=24
00-0039052,Trey Palmer,WR,5.629411764705883,17,2.3466666666666667,15.0,23.44147843942505,2024,86.0,True,-3.282745098039216,<=24
00-0039062,Jonathan Mingo,WR,5.653333333333333,15,2.3000000000000003,14.0,23.392197125256672,2024,83.0,True,-3.353333333333333,<=24
00-0039064,Zay Flowers,WR,12.99375,16,12.764705882352942,17.0,23.99726214921287,2024,31.0,True,-0.22904411764705834,<=24
00-0039065,Sam LaPorta,TE,14.164705882352942,17,11.00625,16.0,23.66050650239562,2024,3.0,True,-3.1584558823529427,<=24
00-0039066,Michael Mayer,TE,5.492307692307692,13,3.3272727272727276,11.0,23.1813826146475,2024,33.0,True,-2.1650349650349647,<=24
00-0039067,Rashee Rice,WR,13.46875,16,16.975,4.0,24.386036960985628,2024,28.0,False,3.5062500000000014,<=24
00-0039075,Puka Nacua,WR,18.176470588235293,17,19.463636363636365,11.0,23.28542094455852,2024,6.0,True,1.2871657754010712,<=24
00-0039139,Jahmyr Gibbs,RB,16.540000000000003,15,22.229411764705883,17.0,22.477754962354553,2024,8.0,True,5.689411764705881,<=24
00-0039144,Luke Musgrave,TE,6.836363636363637,11,1.6428571428571428,7.0,24.021902806297057,2024,27.0,False,-5.193506493506494,<=24
00-0039146,Jayden Reed,WR,13.668750000000001,16,11.852941176470589,17.0,24.369609856262834,2024,26.0,True,-1.8158088235294123,<=24
00-0039150,Bryce Young,QB,9.77375,16,13.930000000000001,14.0,23.129363449691994,2024,31.0,True,4.156250000000002,<=24
00-0039152,Will Levis,QB,11.335555555555555,9,9.995000000000001,12.0,25.207392197125255,2024,28.0,True,-1.3405555555555537,25-27
00-0039163,C.J. Stroud,QB,18.934666666666665,15,12.963529411764705,17.0,22.937713894592743,2024,5.0,True,-5.97113725490196,<=24
00-0039165,Zach Charbonnet,RB,6.63125,16,11.170588235294119,17.0,23.67145790554415,2024,49.0,True,4.539338235294119,<=24
00-0023459,Aaron Rodgers,QB,15.092941176470587,17,14.1925,16.0,41.7741273100616,2025,18.0,True,-0.9004411764705864,32+
00-0026498,Matthew Stafford,QB,13.41125,16,21.081176470588236,17.0,37.59069130732375,2025,27.0,True,7.669926470588235,32+
00-0029263,Russell Wilson,QB,16.434545454545454,11,9.64,6.0,36.780287474332646,2025,15.0,False,-6.794545454545453,32+
00-0029604,Kirk Cousins,QB,13.165714285714285,14,10.354000000000001,10.0,37.059548254620125,2025,28.0,True,-2.8117142857142845,32+
00-0030035,Adam Thielen,WR,14.25,10,2.8285714285714287,14.0,35.05270362765229,2025,26.0,True,-11.42142857142857,32+
00-0030061,Zach Ertz,TE,10.435294117647059,17,9.838461538461539,13.0,34.83367556468173,2025,11.0,True,-0.59683257918552,32+
00-0030279,Keenan Allen,WR,12.393333333333334,15,10.835294117647058,17.0,33.37166324435318,2025,33.0,True,-1.5580392156862768,32+
00-0030431,Robert Woods,WR,2.7357142857142853,14,,,33.41820670773443,2025,122.0,False,,32+
00-0030506,Travis Kelce,TE,12.30625,16,11.364705882352942,17.0,35.931553730321696,2025,7.0,True,-0.9415441176470587,32+
00-0030564,DeAndre Hopkins,WR,9.1875,16,3.9411764705882355,17.0,33.2621492128679,2025,56.0,True,-5.2463235294117645,32+
00-0030565,Geno Smith,QB,15.647058823529411,17,11.593333333333334,15.0,34.91854893908282,2025,16.0,True,-4.0537254901960775,32+
00-0030578,Cordarrelle Patterson,RB,2.8846153846153846,13,,,34.48596851471595,2025,77.0,False,,31+
00-0031235,Odell Beckham Jr.,WR,1.8125,8,,,32.84599589322382,2025,135.0,False,,32+
00-0031236,Brandin Cooks,WR,6.959999999999999,10,4.107692307692308,13.0,31.958932238193018,2025,84.0,True,-2.852307692307691,30-31
00-0031280,Derek Carr,QB,15.09,10,,,34.455852156057496,2025,19.0,False,,32+
00-0031381,Davante Adams,WR,17.557142857142857,14,16.02857142857143,14.0,32.71184120465435,2025,9.0,True,-1.5285714285714285,32+
00-0031408,Mike Evans,WR,17.385714285714286,14,10.787500000000001,8.0,32.054757015742645,2025,10.0,True,-6.598214285714285,32+
00-0031484,Chris Manhertz,TE,1.5,8,0.42500000000000004,4.0,33.41820670773443,2025,71.0,False,-1.075,32+
00-0031503,Jameis Winston,QB,12.64909090909091,11,14.426666666666668,3.0,31.67693360711841,2025,30.0,False,1.7775757575757574,30-31
00-0031544,Amari Cooper,WR,9.438461538461539,13,,,31.23340177960301,2025,54.0,False,,30-31
00-0031549,Nelson Agholor,WR,3.776923076923077,13,,,32.2984257357974,2025,114.0,False,,32+
00-0031588,Stefon Diggs,WR,15.24,8,12.811764705882354,17.0,31.78097193702943,2025,18.0,True,-2.4282352941176466,30-31
00-0031687,Raheem Mostert,RB,5.453846153846154,13,2.45,12.0,33.42094455852156,2025,56.0,True,-3.003846153846154,31+
00-0031763,DeAndre Carter,WR,1.2461538461538462,13,0.0,4.0,32.41889117043121,2025,146.0,False,-1.2461538461538462,32+
00-0032104,Ameer Abdullah,RB,8.546666666666665,15,2.9153846153846152,13.0,32.24366872005476,2025,39.0,True,-5.631282051282049,31+
00-0032128,Chris Conley,WR,1.511111111111111,9,,,32.876112251882276,2025,139.0,False,,32+
00-0032211,Tyler Lockett,WR,7.117647058823529,17,3.9470588235294115,17.0,32.95003422313484,2025,78.0,True,-3.1705882352941175,32+
00-0032385,Sterling Shepard,WR,6.176923076923076,13,6.3076923076923075,13.0,32.580424366872,2025,88.0,True,0.1307692307692312,32+
00-0032392,Austin Hooper,TE,6.3882352941176475,17,4.561538461538462,13.0,30.86652977412731,2025,33.0,True,-1.8266968325791852,30-31
00-0032394,Nick Vannett,TE,4.041666666666667,12,,,32.51471594798083,2025,47.0,False,,32+
00-0032464,Kalif Raymond,WR,4.708333333333333,12,4.453333333333333,15.0,31.091033538672143,2025,101.0,True,-0.2549999999999999,30-31
00-0032764,Derrick Henry,RB,21.376470588235296,17,18.147058823529413,17.0,31.682409308692677,2025,3.0,True,-3.2294117647058833,31+
00-0032775,Demarcus Robinson,WR,7.264705882352941,17,4.1571428571428575,14.0,30.97056810403833,2025,74.0,True,-3.1075630252100837,30-31
00-0033009,Tyler Boyd,WR,5.22,15,,,30.819986310746064,2025,98.0,False,,30-31
00-0033040,Tyreek Hill,WR,13.1,17,13.75,4.0,31.529089664613277,2025,30.0,False,0.6500000000000004,30-31
00-0033045,Ezekiel Elliott,RB,3.8333333333333335,15,,,30.138261464750173,2025,65.0,False,,29-30
00-0033077,Dak Prescott,QB,14.565000000000001,8,18.457647058823532,17.0,32.11772758384668,2025,22.0,True,3.892647058823531,32+
00-0033090,Hunter Henry,TE,9.18125,16,10.605882352941178,17.0,30.759753593429156,2025,16.0,True,1.4246323529411775,30-31
00-0033106,Jared Goff,QB,20.027058823529412,17,17.474117647058822,17.0,30.90759753593429,2025,7.0,True,-2.55294117647059,30-31
00-0033217,Mo Alie-Cox,TE,2.725,12,2.790909090909091,11.0,31.975359342915812,2025,60.0,True,0.06590909090909092,30-31
00-0033246,Johnny Mundt,TE,3.2285714285714286,14,1.675,12.0,30.798083504449007,2025,56.0,True,-1.5535714285714286,30-31
00-0033282,Curtis Samuel,WR,4.55,14,3.516666666666667,6.0,29.08145106091718,2025,103.0,False,-1.0333333333333328,28-29
00-0033288,George Kittle,TE,16.173333333333336,15,14.818181818181818,11.0,31.920602327173167,2025,1.0,True,-1.3551515151515172,30-31
00-0033293,Aaron Jones,RB,14.564705882352943,17,9.891666666666667,12.0,30.77344284736482,2025,20.0,True,-4.673039215686275,29-30
00-0033307,Kendrick Bourne,WR,5.425,12,6.792857142857144,14.0,30.102669404517453,2025,95.0,True,1.3678571428571438,30-31
00-0033357,Taysom Hill,TE,13.1675,8,3.213846153846154,13.0,35.04996577686516,2025,6.0,True,-9.953653846153847,32+
00-0033375,Tim Patrick,WR,6.16,15,3.976923076923077,13.0,31.797399041752225,2025,89.0,True,-2.183076923076923,30-31
00-0033376,Patrick Ricard,RB,1.1199999999999999,10,0.42000000000000004,5.0,31.290896646132786,2025,93.0,False,-0.6999999999999998,31+
00-0033439,Pharaoh Brown,TE,1.25,10,0.42000000000000004,5.0,31.353867214236825,2025,73.0,False,-0.83,30-31
00-0033526,Samaje Perine,RB,4.788235294117648,17,5.193333333333333,15.0,29.984941820670773,2025,58.0,True,0.40509803921568555,29-30
00-0033536,Mike Williams,WR,4.057142857142857,14,,,30.934976043805612,2025,109.5,False,,30-31
00-0033553,James Conner,RB,16.9875,16,11.100000000000001,3.0,30.351813826146476,2025,12.0,False,-5.887499999999999,29-30
00-0033555,Mack Hollins,WR,5.811764705882353,17,8.207142857142857,14.0,31.983572895277206,2025,91.0,True,2.3953781512605046,30-31
00-0033576,Eric Saubert,TE,2.225,12,1.011111111111111,9.0,31.340177960301162,2025,62.0,True,-1.213888888888889,30-31
00-0033589,David Moore,WR,5.673333333333334,15,0.9,3.0,30.652977412731005,2025,92.0,False,-4.773333333333333,30-31
00-0033591,Noah Brown,WR,7.845454545454547,11,3.325,4.0,29.678302532511978,2025,69.0,False,-4.520454545454546,28-29
00-0033662,Cooper Rush,QB,9.13,12,0.43000000000000005,4.0,31.802874743326488,2025,37.0,False,-8.700000000000001,30-31
00-0033699,Austin Ekeler,RB,11.025,12,6.55,2.0,30.31895961670089,2025,31.0,False,-4.4750000000000005,29-30
00-0033854,Dare Ogunbowale,RB,3.5,16,1.7214285714285715,14.0,31.353867214236825,2025,72.0,True,-1.7785714285714285,31+
00-0033857,JuJu Smith-Schuster,WR,4.963636363636364,11,4.323529411764706,17.0,28.799452429842574,2025,99.0,True,-0.6401069518716582,28-29
00-0033858,Jonnu Smith,TE,13.25294117647059,17,5.011764705882353,17.0,30.053388090349078,2025,5.0,True,-8.241176470588236,30-31
00-0033869,Mitchell Trubisky,QB,1.9075,8,7.779999999999999,4.0,31.058179329226558,2025,38.0,False,5.8725,30-31
00-0033873,Patrick Mahomes,QB,17.68875,16,20.405714285714286,14.0,29.982203969883642,2025,11.0,True,2.716964285714287,28-29
00-0033881,Evan Engram,TE,10.11111111111111,9,6.425,16.0,31.02258726899384,2025,13.0,True,-3.686111111111111,30-31
00-0033885,David Njoku,TE,13.5,11,7.845454545454545,11.0,29.169062286105408,2025,4.0,True,-5.654545454545455,28-29
00-0033895,Gerald Everett,TE,1.16,10,,,31.211498973305954,2025,75.0,False,,30-31
00-0033897,Joe Mixon,RB,18.678571428571427,14,,,29.130732375085557,2025,7.0,False,,29-30
00-0033906,Alvin Kamara,RB,19.592857142857145,14,9.154545454545454,11.0,30.130047912388775,2025,5.0,True,-10.43831168831169,29-30
00-0033908,Cooper Kupp,WR,14.958333333333334,12,7.26875,16.0,32.238193018480494,2025,21.0,True,-7.689583333333334,32+
00-0033923,Kareem Hunt,RB,12.415384615384616,13,8.729411764705883,17.0,30.09719370294319,2025,26.0,True,-3.6859728506787324,29-30
00-0033925,D'Onta Foreman,RB,3.2600000000000002,10,,,29.37987679671458,2025,74.0,False,,29-30
00-0033943,Josh Reynolds,WR,4.8,8,4.62,5.0,30.56536618754278,2025,100.0,False,-0.17999999999999972,30-31
00-0033948,Jamaal Williams,RB,2.65,14,,,30.439425051334702,2025,81.0,False,,29-30
00-0033955,Jeremy McNichols,RB,4.253333333333334,15,4.54375,16.0,29.70841889117043,2025,60.0,True,0.2904166666666663,29-30
00-0034159,Will Dissly,TE,7.34,15,2.5875000000000004,8.0,29.17453798767967,2025,27.0,True,-4.7524999999999995,28-29
00-0034184,Gus Edwards,RB,5.827272727272727,11,,,30.412046543463383,2025,52.0,False,,29-30
00-0034270,Tyler Conklin,TE,7.61875,16,2.8833333333333333,6.0,30.116358658453116,2025,23.0,False,-4.7354166666666675,30-31
00-0034272,Marquez Valdes-Scantling,WR,6.615384615384615,13,3.5555555555555554,9.0,30.91854893908282,2025,85.0,True,-3.0598290598290596,30-31
00-0034348,Courtland Sutton,WR,15.3,16,13.100000000000001,17.0,29.919233401779604,2025,17.0,True,-2.1999999999999993,28-29
00-0034351,Dallas Goedert,TE,10.51,10,12.44,15.0,30.68583162217659,2025,10.0,True,1.9299999999999997,30-31
00-0034364,Jordan Akins,TE,5.6875,16,,,33.39356605065024,2025,35.0,False,,32+
00-0034383,Dalton Schultz,TE,6.952941176470588,17,10.452941176470588,17.0,29.166324435318277,2025,30.0,True,3.5,28-29
00-0034386,Justin Watson,WR,4.193333333333333,15,2.0,3.0,29.43463381245722,2025,107.0,False,-2.1933333333333334,28-29
00-0034407,Ray-Ray McCloud,WR,8.382352941176471,17,2.316666666666667,6.0,28.903490759753595,2025,64.0,False,-6.065686274509805,28-29
00-0034418,Cedrick Wilson Jr.,WR,3.9953846153846153,13,1.5666666666666667,6.0,29.806981519507186,2025,112.0,False,-2.4287179487179484,28-29
00-0034487,Trent Sherfield,WR,1.7153846153846155,13,1.275,4.0,29.53867214236824,2025,137.0,False,-0.4403846153846156,28-29
00-0034521,Allen Lazard,WR,10.625,12,2.5555555555555554,9.0,29.749486652977414,2025,44.0,True,-8.069444444444445,28-29
00-0034613,Tanner Hudson,TE,4.277777777777778,9,4.779999999999999,10.0,30.82819986310746,2025,43.0,True,0.5022222222222217,30-31
00-0034646,Brandon Powell,WR,0.88125,16,,,29.9958932238193,2025,149.0,False,,28-29
00-0034753,Mark Andrews,TE,11.105882352941178,17,7.705882352941177,17.0,30.012320328542096,2025,8.0,True,-3.4000000000000012,30-31
00-0034771,Mason Rudolph,QB,11.975,8,3.0,5.0,30.151950718685832,2025,31.0,False,-8.975,30-31
00-0034775,Christian Kirk,WR,8.8625,8,5.263636363636364,11.0,28.810403832991103,2025,59.0,True,-3.598863636363637,28-29
00-0034791,Nick Chubb,RB,7.9125,8,5.886666666666668,15.0,29.7056810403833,2025,43.0,True,-2.025833333333332,29-30
00-0034796,Lamar Jackson,QB,25.492941176470588,17,16.52769230769231,13.0,28.673511293634498,2025,1.0,True,-8.965248868778279,28-29
00-0034798,Durham Smythe,TE,1.0214285714285716,14,0.9285714285714286,7.0,30.088980150581794,2025,77.0,False,-0.09285714285714297,30-31
00-0034827,DJ Moore,WR,14.182352941176472,17,10.128235294117648,17.0,28.407939767282684,2025,27.0,True,-4.054117647058824,28-29
00-0034829,Mike Gesicki,TE,8.9375,16,5.891666666666667,12.0,29.93839835728953,2025,17.0,True,-3.0458333333333334,28-29
00-0034837,Calvin Ridley,WR,11.805882352941177,17,6.971428571428571,7.0,30.72416153319644,2025,39.0,False,-4.8344537815126065,30-31
00-0034844,Saquon Barkley,RB,24.58125,16,15.08125,16.0,28.583162217659137,2025,1.0,True,-9.5,27-28
00-0034854,KhaDarel Hodge,WR,2.3727272727272726,11,0.7625,8.0,31.685147159479808,2025,128.0,True,-1.6102272727272726,30-31
00-0034855,Baker Mayfield,QB,21.51764705882353,17,15.99529411764706,17.0,30.409308692676248,2025,4.0,True,-5.522352941176472,30-31
00-0034857,Josh Allen,QB,23.69,16,22.78875,16.0,29.305954825462013,2025,2.0,True,-0.901250000000001,28-29
00-0034860,Dante Pettis,WR,4.0,8,2.4625000000000004,8.0,29.883641341546884,2025,111.0,True,-1.5374999999999996,28-29
00-0034869,Sam Darnold,QB,18.11529411764706,17,13.848235294117648,17.0,28.265571526351813,2025,9.0,True,-4.267058823529412,28-29
00-0034928,Steven Sims,WR,0.0,9,0.0,3.0,28.44626967830253,2025,158.5,False,0.0,28-29
00-0034960,Jakobi Meyers,WR,14.833333333333334,15,10.9875,16.0,28.83504449007529,2025,22.0,True,-3.845833333333333,28-29
00-0034972,Alexander Mattison,RB,9.814285714285715,14,,,27.227926078028748,2025,34.0,False,,27-28
00-0034975,Justice Hill,RB,8.473333333333334,15,6.5200000000000005,10.0,27.822039698836413,2025,40.0,True,-1.953333333333334,27-28
00-0034981,Foster Moreau,TE,6.45625,16,1.842857142857143,7.0,28.347707049965777,2025,32.0,False,-4.613392857142857,28-29
00-0035021,Ashton Dulin,WR,1.4769230769230768,13,1.6666666666666667,12.0,28.32306639288159,2025,141.5,True,0.18974358974358996,28-29
00-0035140,Mecole Hardman,WR,2.766666666666667,12,0.0,2.0,27.498973305954827,2025,121.0,False,-2.766666666666667,25-27
00-0035208,Olamide Zaccheaus,WR,7.15,16,6.057142857142858,14.0,28.134154688569474,2025,77.0,True,-1.0928571428571425,28-29
00-0035216,Diontae Johnson,WR,8.236363636363636,11,,,29.182751540041068,2025,66.0,False,,28-29
00-0035228,Kyler Murray,QB,17.48470588235294,17,15.556000000000001,5.0,28.093086926762492,2025,12.0,False,-1.92870588235294,28-29
00-0035229,T.J. Hockenson,TE,8.8,10,7.52,15.0,28.188911704312115,2025,18.0,True,-1.2800000000000011,28-29
00-0035243,Miles Sanders,RB,7.027272727272728,11,6.675000000000001,4.0,28.361396303901437,2025,44.0,False,-0.3522727272727275,27-28
00-0035249,Josh Oliver,TE,5.483333333333333,12,4.583333333333333,12.0,28.473648186173854,2025,37.0,True,-0.9000000000000004,28-29
00-0035250,Devin Singletary,RB,6.4399999999999995,15,6.3999999999999995,17.0,28.019164955509925,2025,46.0,True,-0.040000000000000036,27-28
00-0035261,Tony Pollard,RB,13.106250000000001,16,11.458823529411765,17.0,28.36413415468857,2025,23.0,True,-1.6474264705882362,27-28
00-0035289,Gardner Minshew,QB,9.632,10,-0.08000000000000007,4.0,29.319644079397673,2025,35.0,False,-9.712,28-29
00-0035406,Lil'Jordan Humphrey,WR,4.5928571428571425,14,4.942857142857143,7.0,27.394934976043807,2025,102.0,False,0.35000000000000053,25-27
00-0035500,Greg Dortch,WR,5.311764705882353,17,6.258333333333334,12.0,27.28542094455852,2025,97.0,True,0.946568627450981,25-27
00-0035535,Darius Slayton,WR,7.0625,16,7.057142857142858,14.0,28.659822039698838,2025,80.0,True,-0.005357142857142172,28-29
00-0035537,Ty Johnson,RB,5.482352941176471,17,5.9,17.0,27.980835044490075,2025,55.0,True,0.4176470588235297,27-28
00-0035567,Craig Reynolds,RB,2.6125,8,0.08,5.0,29.23750855578371,2025,82.0,False,-2.5324999999999998,29-30
00-0035594,Travis Homer,RB,0.7999999999999999,8,-0.025,8.0,27.093771389459274,2025,96.0,True,-0.825,27-28
00-0035628,D'Ernest Johnson,RB,2.9916666666666667,12,0.5,5.0,29.53593429158111,2025,76.0,False,-2.4916666666666667,29-30
00-0035631,Drew Sample,TE,3.3181818181818183,11,2.658333333333333,12.0,29.401779603011637,2025,54.0,True,-0.6598484848484851,28-29
00-0035640,DK Metcalf,WR,13.046666666666665,15,12.68,15.0,27.73990417522245,2025,31.0,True,-0.36666666666666536,25-27
00-0035644,Noah Fant,TE,7.428571428571429,14,5.753846153846154,13.0,27.805612594113622,2025,26.0,True,-1.674725274725275,25-27
00-0035659,Terry McLaurin,WR,16.194117647058825,17,11.42,10.0,29.987679671457904,2025,14.0,True,-4.774117647058825,28-29
00-0035676,A.J. Brown,WR,17.26153846153846,13,15.186666666666667,15.0,28.197125256673512,2025,11.0,True,-2.074871794871793,28-29
00-0035685,David Montgomery,RB,16.05142857142857,14,9.99529411764706,17.0,28.26009582477755,2025,16.0,True,-6.05613445378151,27-28
00-0035689,Dawson Knox,TE,4.2214285714285715,14,6.48125,16.0,28.82135523613963,2025,44.0,True,2.2598214285714286,28-29
00-0035700,Josh Jacobs,RB,17.77058823529412,17,15.806666666666668,15.0,27.578370978781656,2025,9.0,True,-1.9639215686274518,27-28
00-0035710,Daniel Jones,QB,13.530000000000001,10,17.41846153846154,13.0,28.290212183436,2025,26.0,True,3.888461538461538,28-29
00-0035719,Deebo Samuel Sr.,WR,10.573333333333334,15,11.762500000000001,16.0,29.65366187542779,2025,45.0,True,1.189166666666667,28-29
00-0035806,JaMycal Hasty,RB,2.4,12,,,28.993839835728952,2025,83.0,False,,27-28
00-0036040,Juwan Johnson,TE,8.186666666666667,15,10.58235294117647,17.0,28.99110198494182,2025,20.0,True,2.395686274509803,28-29
00-0036133,James Proche,WR,0.5666666666666667,9,2.0833333333333335,6.0,28.971937029431896,2025,151.0,False,1.5166666666666668,28-29
00-0036139,Rico Dowdle,RB,13.1125,16,13.547058823529412,17.0,27.241615331964407,2025,22.0,True,0.4345588235294109,27-28
00-0036158,J.K. Dobbins,RB,15.215384615384616,13,12.190000000000001,10.0,26.732375085557837,2025,18.0,True,-3.025384615384615,25-26
00-0036182,Nick Westbrook-Ikhine,WR,9.799999999999999,14,1.5307692307692307,13.0,28.473648186173854,2025,52.0,True,-8.269230769230768,28-29
00-0036196,Gabe Davis,WR,5.39,10,5.15,6.0,26.529774127310063,2025,96.0,False,-0.23999999999999932,25-27
00-0036212,Tua Tagovailoa,QB,16.507272727272724,11,11.478571428571428,14.0,27.526351813826146,2025,14.0,True,-5.0287012987012965,25-27
00-0036223,Jonathan Taylor,RB,19.55,14,22.488235294117647,17.0,26.642026009582477,2025,6.0,True,2.9382352941176464,25-26
00-0036244,Colby Parkinson,TE,4.0875,16,9.271428571428572,14.0,26.67488021902806,2025,45.0,True,5.183928571428572,25-27
00-0036251,Zack Moss,RB,10.2375,8,,,27.737166324435318,2025,33.0,False,,27-28
00-0036252,Michael Pittman,WR,10.55,16,11.994117647058824,17.0,27.9315537303217,2025,46.0,True,1.4441176470588228,25-27
00-0036259,Jauan Jennings,WR,14.133333333333333,15,11.553333333333335,15.0,28.16974674880219,2025,28.0,True,-2.5799999999999983,28-29
00-0036264,Jordan Love,QB,15.590666666666667,15,15.675999999999998,15.0,26.855578370978783,2025,17.0,True,0.08533333333333104,25-27
00-0036268,Laviska Shenault Jr.,WR,1.47,10,,,26.93223819301848,2025,143.0,False,,25-27
00-0036275,D'Andre Swift,RB,12.794117647058824,17,14.85,16.0,26.65571526351814,2025,24.0,True,2.0558823529411754,25-26
00-0036290,Cole Kmet,TE,7.525,16,4.91875,16.0,26.50513347022587,2025,24.0,True,-2.60625,25-27
00-0036309,Darnell Mooney,WR,12.262500000000001,16,5.486666666666666,15.0,27.865845311430526,2025,35.0,True,-6.775833333333335,25-27
00-0036322,Justin Jefferson,WR,19.116470588235295,17,12.117647058823529,17.0,26.236824093086927,2025,3.0,True,-6.998823529411766,25-27
00-0036328,Antonio Gibson,RB,6.082352941176471,17,4.640000000000001,5.0,27.21697467488022,2025,48.0,False,-1.4423529411764706,27-28
00-0036331,Devin Duvernay,WR,1.4769230769230768,13,0.2705882352941177,17.0,27.994524298425734,2025,141.5,True,-1.206334841628959,25-27
00-0036355,Justin Herbert,QB,16.788235294117644,17,18.43,16.0,27.50444900752909,2025,13.0,True,1.6417647058823555,25-27
00-0036358,CeeDee Lamb,WR,17.860000000000003,15,16.146153846153847,13.0,26.425735797399042,2025,8.0,True,-1.7138461538461556,25-27
00-0036389,Jalen Hurts,QB,21.008,15,18.81625,16.0,27.093771389459274,2025,6.0,True,-2.191749999999999,25-27
00-0036407,Jerry Jeudy,WR,14.81764705882353,17,7.1000000000000005,17.0,26.38193018480493,2025,23.0,True,-7.7176470588235295,25-27
00-0036410,Tee Higgins,WR,18.758333333333336,12,14.206666666666667,15.0,26.64476386036961,2025,5.0,True,-4.551666666666669,25-27
00-0036414,Cam Akers,RB,5.825,16,1.7950000000000002,4.0,26.220396988364133,2025,53.0,False,-4.03,25-26
00-0036415,Van Jefferson,WR,4.24,15,5.0,14.0,29.125256673511295,2025,105.0,True,0.7599999999999998,28-29
00-0036422,Adam Trautman,TE,3.369230769230769,13,3.5,13.0,28.594113620807665,2025,52.0,True,0.1307692307692312,28-29
00-0036425,DeeJay Dallas,RB,1.3125,16,0.42000000000000004,5.0,26.98425735797399,2025,91.0,False,-0.8925,25-26
00-0036427,Tyler Johnson,WR,5.554545454545455,11,4.188888888888889,9.0,27.044490075290895,2025,93.0,True,-1.3656565656565656,25-27
00-0036429,Charlie Woerner,TE,0.9666666666666667,12,1.8285714285714287,7.0,27.901437371663246,2025,78.0,False,0.8619047619047621,25-27
00-0036442,Joe Burrow,QB,22.871764705882352,17,16.8075,8.0,28.750171115674195,2025,3.0,True,-6.064264705882351,28-29
00-0036497,Tim Jones,WR,0.8875,8,1.25,2.0,27.32375085557837,2025,148.0,False,0.36250000000000004,25-27
00-0036527,DJ Turner,WR,3.9250000000000003,12,0.0,1.0,28.643394934976044,2025,113.0,False,-3.9250000000000003,28-29
00-0036550,Rashod Bateman,WR,11.006250000000001,16,4.261538461538462,13.0,25.782340862423,2025,42.0,True,-6.744711538461539,25-27
00-0036554,Nico Collins,WR,18.05,12,15.38,15.0,26.480492813141684,2025,7.0,True,-2.67,25-27
00-0036555,Chuba Hubbard,RB,16.90666666666667,15,8.360000000000001,15.0,26.250513347022586,2025,13.0,True,-8.546666666666669,25-26
00-0036590,Quintin Morris,TE,1.4600000000000002,10,1.5909090909090908,11.0,26.636550308008214,2025,72.0,True,0.13090909090909064,25-27
00-0036613,Jaylen Waddle,WR,10.173333333333334,15,12.22625,16.0,26.792607802874745,2025,49.0,True,2.0529166666666665,25-27
00-0036626,Dyami Brown,WR,4.493333333333334,15,4.5181818181818185,11.0,25.859000684462696,2025,104.0,True,0.024848484848484453,25-27
00-0036628,John Bates,TE,1.1076923076923078,13,2.73,10.0,27.84394250513347,2025,76.0,True,1.6223076923076922,25-27
00-0036630,Tylan Wallace,WR,3.1500000000000004,12,1.3181818181818181,11.0,26.32991101984942,2025,118.0,True,-1.8318181818181822,25-27
00-0036635,Ihmir Smith-Marsette,WR,0.4,15,,,26.034223134839152,2025,154.0,False,,25-27
00-0036637,Noah Gray,TE,7.08125,16,2.771428571428572,14.0,26.365503080082135,2025,29.0,True,-4.3098214285714285,25-27
00-0036754,Brock Wright,TE,3.1818181818181817,11,4.6000000000000005,8.0,26.78713210130048,2025,57.0,True,1.4181818181818189,25-27
00-0036825,Feleipe Franks,TE,0.24444444444444446,9,0.04,10.0,27.718001368925393,2025,79.0,True,-0.20444444444444446,25-27
00-0036849,Tutu Atwell,WR,6.593333333333334,15,3.9,8.0,25.927446954141,2025,86.0,True,-2.693333333333334,25-27
00-0036862,Ben Skowronek,WR,1.3222222222222222,9,1.05625,16.0,28.205338809034906,2025,145.0,True,-0.2659722222222223,28-29
00-0036875,Rhamondre Stevenson,RB,11.926666666666668,15,12.985714285714286,14.0,27.54551676933607,2025,28.0,True,1.0590476190476181,27-28
00-0036876,Kylen Granson,TE,2.0125,16,0.9166666666666666,12.0,27.457905544147845,2025,66.0,True,-1.0958333333333337,25-27
00-0036877,Jaelon Darden,WR,0.14545454545454548,11,,,26.65571526351814,2025,156.0,False,,25-27
00-0036887,Luke Farrell,TE,1.5583333333333333,12,2.269230769230769,13.0,27.906913073237508,2025,70.0,True,0.7108974358974358,25-27
00-0036893,Najee Harris,RB,12.564705882352941,17,3.866666666666667,3.0,27.50718685831622,2025,25.0,False,-8.698039215686274,27-28
00-0036894,Pat Freiermuth,TE,10.01764705882353,17,7.673333333333334,15.0,26.87748117727584,2025,14.0,True,-2.3443137254901956,25-27
00-0036900,Ja'Marr Chase,WR,24.529411764705884,17,20.25625,16.0,25.527720739219713,2025,1.0,True,-4.273161764705883,25-27
00-0036906,Khalil Herbert,RB,2.8636363636363638,11,1.32,5.0,27.38945927446954,2025,78.0,False,-1.5436363636363637,27-28
00-0036912,DeVonta Smith,WR,15.569230769230769,13,12.047058823529412,17.0,26.822724161533195,2025,15.0,True,-3.5221719457013574,25-27
00-0036919,Kenny Gainwell,RB,3.682352941176471,17,13.01764705882353,17.0,26.494182067077343,2025,67.0,True,9.33529411764706,25-26
00-0036945,Justin Fields,QB,11.914,10,15.851111111111111,9.0,26.518822724161534,2025,32.0,True,3.9371111111111112,25-27
00-0036950,Avery Williams,RB,0.0,17,0.0,1.0,27.156741957563312,2025,98.5,False,0.0,27-28
00-0036963,Amon-Ra St. Brown,WR,18.951764705882354,17,19.5,17.0,25.880903490759753,2025,4.0,True,0.5482352941176458,25-27
00-0036970,Kyle Pitts,TE,7.717647058823529,17,12.488235294117647,17.0,24.928131416837783,2025,22.0,True,4.7705882352941185,25-27
00-0036971,Trevor Lawrence,QB,14.52,10,19.89294117647059,17.0,25.930184804928132,2025,23.0,True,5.37294117647059,25-27
00-0036972,Mac Jones,QB,9.608,10,11.82181818181818,11.0,27.014373716632445,2025,36.0,True,2.21381818181818,25-27
00-0036973,Travis Etienne,RB,8.68,15,15.28823529411765,17.0,26.622861054072555,2025,38.0,True,6.60823529411765,25-26
00-0036980,Elijah Moore,WR,7.2,17,3.1777777777777776,9.0,25.456536618754278,2025,75.0,True,-4.022222222222222,25-27
00-0036984,Trey Sermon,RB,3.586666666666667,15,0.0,3.0,26.611909650924023,2025,70.0,False,-3.586666666666667,25-26
00-0036988,Josh Palmer,WR,7.16,15,4.358333333333333,12.0,25.968514715947983,2025,76.0,True,-2.8016666666666667,25-27
00-0036997,Javonte Williams,RB,9.288235294117648,17,15.55,16.0,25.377138945927445,2025,37.0,True,6.261764705882353,25-26
00-0037004,Hunter Long,TE,1.7272727272727273,11,4.642857142857143,7.0,27.06091718001369,2025,67.0,False,2.9155844155844157,25-27
00-0037005,Tommy Tremble,TE,5.64,10,4.260000000000001,15.0,25.27310061601643,2025,36.0,True,-1.379999999999999,25-27
00-0037086,Grant Calcaterra,TE,3.986666666666667,15,2.511111111111111,9.0,26.767967145790553,2025,48.0,True,-1.4755555555555557,25-27
00-0037091,Bo Melton,WR,1.730769230769231,13,1.8615384615384618,13.0,26.316221765913756,2025,136.0,True,0.13076923076923075,25-27
00-0037120,Tyler Goodson,RB,3.1714285714285717,14,0.52,10.0,24.83230663928816,2025,75.0,True,-2.6514285714285717,25-26
00-0037156,Irvin Charles,WR,0.0,8,,,28.410677618069816,2025,158.5,False,,28-29
00-0037228,Jaylen Warren,RB,8.273333333333333,15,13.94375,16.0,26.858316221765914,2025,42.0,True,5.670416666666666,25-26
00-0037231,Kevin Austin Jr.,WR,3.375,8,6.6,5.0,25.44832306639288,2025,116.0,False,3.2249999999999996,25-27
00-0037238,Drake London,WR,16.78235294117647,17,17.45,12.0,24.13141683778234,2025,13.0,True,0.6676470588235297,<=24
00-0037239,Chris Olave,WR,9.775,8,17.03125,16.0,25.204654346338124,2025,53.0,True,7.25625,25-27
00-0037240,Jameson Williams,WR,14.446666666666667,15,13.288235294117648,17.0,24.459958932238195,2025,24.0,True,-1.1584313725490194,<=24
00-0037247,George Pickens,WR,11.957142857142857,14,17.61176470588235,17.0,24.520191649555098,2025,36.0,True,5.6546218487394935,25-27
00-0037248,James Cook,RB,17.41875,16,19.658823529411766,17.0,25.960301163586585,2025,11.0,True,2.2400735294117666,25-26
00-0037256,Rachaad White,RB,13.306666666666667,15,8.411764705882353,17.0,26.661190965092402,2025,21.0,True,-4.894901960784313,25-26
00-0037258,Dameon Pierce,RB,4.65,10,0.72,5.0,25.557837097878167,2025,59.0,False,-3.9300000000000006,25-26
00-0037261,Khalil Shakir,WR,12.366666666666667,15,10.49375,16.0,25.60164271047228,2025,34.0,True,-1.8729166666666668,25-27
00-0037263,Tyler Allgeier,RB,6.423529411764706,17,7.235294117647059,17.0,25.404517453798768,2025,47.0,True,0.8117647058823527,25-26
00-0037267,Jerome Ford,RB,9.571428571428571,14,3.353846153846154,13.0,25.9958932238193,2025,35.0,True,-6.217582417582417,25-26
00-0037276,Ty Chandler,RB,2.028571428571429,14,2.9333333333333336,3.0,27.33196440793977,2025,87.0,False,0.9047619047619047,27-28
00-0037291,Jalen Nailor,WR,7.0,15,6.011764705882353,17.0,26.527036276522928,2025,83.0,True,-0.9882352941176471,25-27
00-0037292,Andrew Ogletree,TE,2.158333333333333,12,1.1545454545454545,11.0,27.121149897330596,2025,64.0,True,-1.0037878787878787,25-27
00-0037429,Raheem Blackshear,RB,0.5,16,,,27.266255989048595,2025,97.0,False,,27-28
00-0037475,Stone Smartt,TE,3.8666666666666663,9,2.033333333333333,6.0,26.934976043805612,2025,49.0,False,-1.833333333333333,25-27
00-0037525,Jordan Mason,RB,10.333333333333334,12,8.24375,16.0,26.299794661190965,2025,32.0,True,-2.0895833333333336,25-26
00-0037539,Lucas Krull,TE,3.4200000000000004,10,1.75,2.0,27.16769336071184,2025,51.0,False,-1.6700000000000004,25-27
00-0037594,Julius Chestnut,RB,1.1083333333333334,12,0.25,16.0,24.87337440109514,2025,94.0,True,-0.8583333333333334,25-26
00-0037614,John Metchie III,WR,5.540000000000001,10,5.5307692307692315,13.0,25.14715947980835,2025,94.0,True,-0.009230769230769376,25-27
00-0037617,Hassan Haskins,RB,2.733333333333333,12,0.9090909090909091,11.0,25.790554414784395,2025,79.0,True,-1.8242424242424238,25-26
00-0037664,Alec Pierce,WR,10.36875,16,12.42,15.0,25.357973990417523,2025,48.0,True,2.0512499999999996,25-27
00-0037666,Jalen Tolbert,WR,8.941176470588236,17,3.858333333333333,12.0,26.535249828884325,2025,57.0,True,-5.082843137254903,25-27
00-0037740,Garrett Wilson,WR,15.170588235294119,17,14.214285714285714,7.0,25.136208076659823,2025,19.0,False,-0.9563025210084053,25-27
00-0037741,Jahan Dotson,WR,2.992857142857143,14,3.3466666666666667,15.0,25.470225872689937,2025,119.0,True,0.3538095238095238,25-27
00-0037744,Trey McBride,TE,15.51875,16,18.847058823529412,17.0,25.801505817932924,2025,3.0,True,3.3283088235294116,25-27
00-0037746,Brian Robinson,RB,12.057142857142859,14,3.6764705882352944,17.0,26.472279260780287,2025,27.0,True,-8.380672268907563,25-26
00-0037801,KaVontae Turpin,WR,6.129411764705883,17,5.633333333333334,15.0,29.10609171800137,2025,90.0,True,-0.49607843137254903,28-29
00-0037805,Jeremy Ruckert,TE,2.0357142857142856,14,3.3500000000000005,14.0,25.08145106091718,2025,65.0,True,1.314285714285715,25-27
00-0037809,Chig Okonkwo,TE,7.1000000000000005,16,7.294117647058823,17.0,26.00684462696783,2025,28.0,True,0.19411764705882284,25-27
00-0037816,Romeo Doubs,WR,10.161538461538461,13,10.3375,16.0,25.409993155373034,2025,50.0,True,0.1759615384615394,25-27
00-0037834,Brock Purdy,QB,17.790666666666667,15,19.70888888888889,9.0,25.7056810403833,2025,10.0,True,1.918222222222223,25-27
00-0037837,Calvin Austin III,WR,7.105882352941176,17,6.1571428571428575,14.0,26.466803559206024,2025,79.0,True,-0.9487394957983186,25-27
00-0037838,Isaiah Likely,TE,8.346666666666668,15,5.141666666666667,12.0,25.39630390143737,2025,19.0,True,-3.205000000000001,25-27
00-0037840,Kyren Williams,RB,17.75625,16,15.664705882352942,17.0,25.0403832991102,2025,10.0,True,-2.091544117647059,25-26
00-0038040,Zamir White,RB,3.6625,8,1.92,5.0,25.97946611909651,2025,68.0,False,-1.7425000000000002,25-26
00-0038041,Jake Ferguson,TE,7.457142857142857,14,11.064705882352941,17.0,26.64476386036961,2025,25.0,True,3.6075630252100837,25-27
00-0038046,Charlie Kolar,TE,2.83,10,2.784615384615385,13.0,26.581793292265573,2025,59.0,True,-0.045384615384615135,25-27
00-0038098,Pierre Strong,RB,2.707692307692308,13,,,26.751540041067763,2025,80.0,False,,25-26
00-0038115,Daniel Bellinger,TE,2.2083333333333335,12,4.584615384615384,13.0,24.966461327857633,2025,63.0,True,2.376282051282051,25-27
00-0038117,Wan'Dale Robinson,WR,10.747058823529413,17,13.9,16.0,24.67898699520876,2025,43.0,True,3.1529411764705877,25-27
00-0038120,Breece Hall,RB,15.3375,16,13.72875,16.0,24.279260780287473,2025,17.0,True,-1.6087500000000006,<=24
00-0038124,Christian Watson,WR,7.735714285714286,14,13.39,10.0,26.33264887063655,2025,72.0,True,5.654285714285715,25-27
00-0038129,Cade Otton,TE,10.15,14,8.146666666666667,15.0,26.406570841889117,2025,12.0,True,-2.003333333333334,25-27
00-0038134,Kenneth Walker III,RB,16.745454545454546,11,11.641176470588235,17.0,24.889801505817932,2025,14.0,True,-5.104278074866311,25-26
00-0038359,Xavier Smith,WR,0.4428571428571429,14,3.0187500000000003,16.0,27.969883641341546,2025,152.0,True,2.575892857142857,25-27
00-0038393,Dontayvion Wicks,WR,6.5,17,5.8307692307692305,13.0,24.23545516769336,2025,87.0,True,-0.6692307692307695,<=24
00-0038396,Eric Gray,RB,1.3785714285714286,14,0.0,1.0,25.8507871321013,2025,90.0,False,-1.3785714285714286,25-26
00-0038488,Brady Russell,RB,0.0,8,0.0,10.0,27.028062970568104,2025,98.5,True,0.0,27-28
00-0038496,Xavier Gipson,WR,0.9647058823529411,17,0.43333333333333335,6.0,24.50924024640657,2025,147.0,False,-0.5313725490196077,25-27
00-0038542,Bijan Robinson,RB,20.982352941176472,17,22.870588235294118,17.0,23.61122518822724,2025,4.0,True,1.8882352941176457,<=24
00-0038543,Jaxon Smith-Njigba,WR,15.147058823529411,17,21.964705882352945,17.0,23.57015742642026,2025,20.0,True,6.817647058823534,<=24
00-0038544,Quentin Johnston,WR,11.846666666666668,15,13.284615384615384,13.0,24.01095140314853,2025,38.0,True,1.437948717948716,<=24
00-0038547,Luke Schoonmaker,TE,4.758333333333334,12,1.942857142857143,14.0,26.951403148528406,2025,40.0,True,-2.8154761904761907,25-27
00-0038555,Tank Bigsby,RB,8.4375,16,3.7866666666666666,15.0,23.030800821355236,2025,41.0,True,-4.650833333333333,<=24
00-0038558,Darnell Washington,TE,3.4615384615384617,13,5.6461538461538465,13.0,24.06570841889117,2025,50.0,True,2.184615384615385,<=24
00-0038559,Michael Wilson,WR,7.78125,16,13.241176470588234,17.0,25.54688569472964,2025,71.0,True,5.459926470588234,25-27
00-0038563,Tre Tucker,WR,7.605882352941177,17,9.6,17.0,24.50924024640657,2025,73.0,True,1.9941176470588227,25-27
00-0038573,Derius Davis,WR,2.6733333333333333,15,0.3181818181818182,11.0,24.996577686516083,2025,125.0,True,-2.355151515151515,25-27
00-0038579,Aidan O'Connell,QB,10.386666666666667,9,4.78,1.0,27.025325119780973,2025,33.0,False,-5.6066666666666665,25-27
00-0038589,Josh Whyle,TE,4.053333333333334,15,2.433333333333333,6.0,26.00684462696783,2025,46.0,False,-1.6200000000000006,25-27
00-0038597,Chase Brown,RB,16.125,16,17.15294117647059,17.0,25.472963723477072,2025,15.0,True,1.0279411764705912,25-26
00-0038606,Parker Washington,WR,7.035714285714286,14,11.73125,16.0,23.474332648870636,2025,82.0,True,4.695535714285714,<=24
00-0038608,Kayshon Boutte,WR,8.226666666666667,15,8.971428571428572,14.0,23.345653661875428,2025,67.0,True,0.744761904761905,<=24
00-0038618,Xavier Hutchinson,WR,1.6928571428571428,14,6.125,16.0,25.27583846680356,2025,138.0,True,4.432142857142857,25-27
00-0038619,Andrei Iosivas,WR,7.052941176470589,17,5.993333333333334,15.0,25.905544147843944,2025,81.0,True,-1.0596078431372549,25-27
00-0038621,DeMario Douglas,WR,9.231250000000001,16,6.08125,16.0,24.75564681724846,2025,55.0,True,-3.1500000000000012,25-27
00-0038636,Kenny McIntosh,RB,2.0363636363636366,11,,,25.522245037645447,2025,86.0,False,,25-26
00-0038640,Jalen Brooks,WR,2.975,12,1.6200000000000003,5.0,25.34428473648186,2025,120.0,False,-1.3549999999999998,25-27
00-0038678,Jordan Mims,RB,3.2624999999999997,8,0.0,1.0,26.236824093086927,2025,73.0,False,-3.2624999999999997,25-26
00-0038685,Chris Brooks,RB,3.8363636363636364,11,1.9235294117647062,17.0,25.66461327857632,2025,64.0,True,-1.9128342245989303,25-26
00-0038705,Emari Demercado,RB,4.207692307692308,13,4.858333333333333,12.0,26.639288158795345,2025,62.0,True,0.6506410256410255,25-26
00-0038720,Julian Hill,TE,1.5714285714285714,14,2.8181818181818183,11.0,25.17180013689254,2025,69.0,True,1.246753246753247,25-27
00-0038738,Hunter Luepke,RB,1.9214285714285715,14,2.642857142857143,14.0,25.533196440793976,2025,88.0,True,0.7214285714285713,25-26
00-0038752,Jake Bobo,WR,2.475,12,0.8,5.0,27.10198494182067,2025,127.0,False,-1.675,25-27
00-0038783,Nate Adkins,TE,2.9,15,2.8000000000000003,6.0,26.17385352498289,2025,58.0,False,-0.09999999999999964,25-27
00-0038794,Jaleel McLaughlin,RB,6.075,16,3.9250000000000003,8.0,24.99110198494182,2025,49.0,True,-2.15,25-26
00-0038797,Emanuel Wilson,RB,5.647058823529412,17,5.73529411764706,17.0,26.34360027378508,2025,54.0,True,0.08823529411764763,25-26
00-0038821,Rakim Jarrett,WR,2.6750000000000003,8,,,24.62696783025325,2025,124.0,False,,25-27
00-0038824,Ryan Miller,WR,4.088888888888889,9,1.2666666666666666,9.0,25.555099247091032,2025,108.0,True,-2.822222222222222,25-27
00-0038933,Dalton Kincaid,TE,7.753846153846154,13,10.758333333333333,12.0,25.897330595482547,2025,21.0,True,3.004487179487179,25-27
00-0038935,Brenton Strange,TE,6.507142857142857,14,9.833333333333334,12.0,24.70362765229295,2025,31.0,True,3.326190476190477,25-27
00-0038938,Jalin Hyatt,WR,1.42,10,1.4166666666666667,6.0,23.958932238193018,2025,144.0,False,-0.0033333333333331883,<=24
00-0038951,Sean Tucker,RB,4.2176470588235295,17,5.552941176470589,17.0,23.876796714579054,2025,61.0,True,1.3352941176470594,<=24
00-0038976,Marvin Mims Jr.,WR,7.794117647058823,17,6.333333333333333,15.0,23.479808350444902,2025,70.0,True,-1.4607843137254903,<=24
00-0038977,Tank Dell,WR,10.107142857142858,14,,,25.867214236824093,2025,51.0,False,,25-27
00-0038979,Cedric Tillman,WR,8.933333333333334,9,5.0,12.0,25.39356605065024,2025,58.0,True,-3.9333333333333336,25-27
00-0038994,Jordan Addison,WR,14.366666666666667,15,9.864285714285714,14.0,23.619438740588638,2025,25.0,True,-4.502380952380953,<=24
00-0038996,Tucker Kraft,TE,9.605882352941178,17,15.024999999999999,8.0,24.851471594798085,2025,15.0,True,5.419117647058821,25-27
00-0038997,Josh Downs,WR,13.214285714285714,14,8.65,16.0,24.079397672826833,2025,29.0,True,-4.564285714285713,<=24
00-0038998,Jake Haener,QB,1.655,8,,,26.50513347022587,2025,39.0,False,,25-27
00-0039021,Roschon Johnson,RB,5.953846153846154,13,0.2833333333333334,6.0,24.607802874743328,2025,51.0,False,-5.670512820512821,25-26
00-0039032,Tyjae Spears,RB,9.466666666666667,12,8.592307692307692,13.0,24.238193018480494,2025,36.0,True,-0.8743589743589748,<=24
00-0039040,De'Von Achane,RB,17.99411764705882,17,20.925,16.0,23.90965092402464,2025,8.0,True,2.930882352941179,<=24
00-0039041,Elijah Higgins,TE,3.2800000000000002,15,3.4176470588235297,17.0,24.870636550308006,2025,55.0,True,0.13764705882352946,25-27
00-0039050,Payne Durham,TE,4.3125,8,0.2625,8.0,25.23750855578371,2025,42.0,True,-4.05,25-27
00-0039052,Trey Palmer,WR,2.3466666666666667,15,,,24.44079397672827,2025,129.0,False,,<=24
00-0039062,Jonathan Mingo,WR,2.3000000000000003,14,0.7,5.0,24.39151266255989,2025,131.0,False,-1.6000000000000003,<=24
00-0039064,Zay Flowers,WR,12.764705882352942,17,14.576470588235296,17.0,24.996577686516083,2025,32.0,True,1.8117647058823536,25-27
00-0039065,Sam LaPorta,TE,11.00625,16,11.877777777777778,9.0,24.659822039698838,2025,9.0,True,0.8715277777777786,25-27
00-0039066,Michael Mayer,TE,3.3272727272727276,11,5.676923076923076,13.0,24.18069815195072,2025,53.0,True,2.3496503496503487,<=24
00-0039075,Puka Nacua,WR,19.463636363636365,11,24.40625,16.0,24.28473648186174,2025,2.0,True,4.942613636363635,<=24
00-0039139,Jahmyr Gibbs,RB,22.229411764705883,17,22.494117647058825,17.0,23.477070499657767,2025,2.0,True,0.264705882352942,<=24
00-0039146,Jayden Reed,WR,11.852941176470589,17,9.7,5.0,25.36892539356605,2025,37.0,False,-2.1529411764705895,25-27
00-0039150,Bryce Young,QB,13.930000000000001,14,14.1275,16.0,24.128678986995208,2025,24.0,True,0.197499999999998,<=24
00-0039152,Will Levis,QB,9.995000000000001,12,,,26.206707734428473,2025,34.0,False,,25-27
00-0039163,C.J. Stroud,QB,12.963529411764705,17,14.895714285714286,14.0,23.93702943189596,2025,29.0,True,1.9321848739495806,<=24
00-0039164,Anthony Richardson,QB,14.850909090909092,11,1.0799999999999998,2.0,23.304585900068446,2025,21.0,False,-13.770909090909091,<=24
00-0039165,Zach Charbonnet,RB,11.170588235294119,17,11.525,16.0,24.670773442847366,2025,30.0,True,0.35441176470588154,25-26
00-0039236,Johnny Wilson,WR,1.48,10,,,24.438056125941138,2025,140.0,False,,<=24
00-0039325,Carson Steele,RB,1.8384615384615384,13,,,22.888432580424368,2025,89.0,False,,<=24
00-0039337,Malik Nabers,WR,18.540000000000003,15,14.65,4.0,22.12183436002738,2025,6.0,False,-3.8900000000000023,<=24
00-0039338,Brock Bowers,TE,15.629411764705882,17,14.933333333333332,12.0,22.743326488706366,2025,2.0,True,-0.6960784313725501,<=24
00-0039342,Xavier Legette,WR,8.34,15,5.953333333333334,15.0,24.61327857631759,2025,65.0,True,-2.386666666666666,25-27
00-0039355,Luke McCaffrey,WR,2.6769230769230767,13,5.7,9.0,24.44079397672827,2025,123.0,True,3.0230769230769234,<=24
00-0039356,Ja'Tavion Sanders,TE,4.88,15,4.5,12.0,22.458590006844627,2025,39.0,True,-0.3799999999999999,<=24
00-0039359,Cade Stover,TE,2.4499999999999997,14,3.316666666666667,6.0,25.245722108145106,2025,61.0,False,0.8666666666666671,25-27
00-0039361,Bucky Irving,RB,14.905882352941177,17,14.0,10.0,23.06091718001369,2025,19.0,True,-0.9058823529411768,<=24
00-0039363,Isaac Guerendo,RB,6.0125,16,0.0,7.0,25.201916495550993,2025,50.0,False,-6.0125,25-26
00-0039364,Sione Vaki,RB,0.8999999999999999,9,0.05,8.0,24.11498973305955,2025,95.0,True,-0.8499999999999999,<=24
00-0039365,Jacob Cowing,WR,0.8466666666666666,15,,,24.5968514715948,2025,150.0,False,,25-27
00-0039373,Audric Estimé,RB,3.746153846153846,13,9.62,5.0,22.012320328542096,2025,66.0,False,5.873846153846153,<=24
00-0039384,Tyrone Tracy Jr.,RB,11.25294117647059,17,10.92,15.0,25.79876796714579,2025,29.0,True,-0.3329411764705892,25-26
00-0039391,Kimani Vidal,RB,3.6333333333333337,9,9.761538461538462,13.0,24.035592060232716,2025,69.0,True,6.128205128205129,<=24
00-0039392,Jha'Quan Jackson,WR,0.10833333333333334,12,,,25.322381930184804,2025,157.0,False,,25-27
00-0039410,Ryan Flournoy,WR,2.0222222222222226,9,7.8,15.0,25.872689938398356,2025,132.0,True,5.777777777777777,25-27
00-0039424,Devaughn Vele,WR,8.192307692307692,13,7.366666666666666,9.0,27.745379876796715,2025,68.0,True,-0.8256410256410254,25-27
00-0039451,Isaiah Williams,WR,0.325,8,4.046666666666667,15.0,24.61327857631759,2025,155.0,True,3.7216666666666667,25-27
00-0039491,Jalen Coker,WR,8.55090909090909,11,8.218181818181819,11.0,23.863107460643395,2025,63.0,True,-0.3327272727272721,<=24
00-0039530,Brevyn Spann-Ford,TE,1.6181818181818182,11,1.5,16.0,25.7056810403833,2025,68.0,True,-0.11818181818181817,25-27
00-0039623,Mason Tipton,WR,2.6555555555555554,9,2.5500000000000003,8.0,24.95277207392197,2025,126.0,True,-0.10555555555555518,25-27
00-0039650,Bryce Oliver,WR,1.9375000000000002,8,0.9,2.0,25.311430527036276,2025,133.0,False,-1.0375,25-27
00-0039732,Bo Nix,QB,18.658823529411762,17,17.93176470588235,17.0,25.541409993155373,2025,8.0,True,-0.7270588235294113,25-27
00-0039737,Tip Reiman,TE,1.2125,8,1.5999999999999999,3.0,23.980835044490075,2025,74.0,False,0.38749999999999996,<=24
00-0039738,Blake Corum,RB,2.2333333333333334,15,7.364705882352942,17.0,24.791238877481177,2025,84.0,True,5.131372549019608,25-26
00-0039746,Will Shipley,RB,1.2076923076923076,13,1.3928571428571428,14.0,23.033538672142367,2025,92.0,True,0.18516483516483517,<=24
00-0039751,Jordan Whittington,WR,3.75,14,2.4200000000000004,15.0,24.941820670773442,2025,115.0,True,-1.3299999999999996,25-27
00-0039793,AJ Barner,TE,5.233333333333333,15,8.664705882352942,17.0,23.356605065023956,2025,38.0,True,3.431372549019609,<=24
00-0039794,Braelon Allen,RB,5.011764705882353,17,3.825,4.0,21.639972621492127,2025,57.0,False,-1.1867647058823527,<=24
00-0039798,Isaiah Davis,RB,3.5307692307692307,13,4.45,16.0,23.550992470910334,2025,71.0,True,0.9192307692307695,<=24
00-0039810,Jermaine Burton,WR,1.8375000000000001,8,,,24.202600958247775,2025,134.0,False,,<=24
00-0039814,Erick All,TE,4.4750000000000005,8,,,24.99110198494182,2025,41.0,False,,25-27
00-0039816,Anthony Gould,WR,0.41250000000000003,8,0.23636363636363636,11.0,24.42984257357974,2025,153.0,True,-0.17613636363636367,<=24
00-0039847,Theo Johnson,TE,6.1909090909090905,11,8.52,15.0,24.536618754277892,2025,34.0,True,2.329090909090909,25-27
00-0039849,Marvin Harrison Jr.,WR,11.735294117647058,17,10.65,12.0,23.082819986310746,2025,40.0,True,-1.0852941176470576,<=24
00-0039851,Drake Maye,QB,13.626153846153848,13,20.70352941176471,17.0,23.030800821355236,2025,25.0,True,7.077375565610861,<=24
00-0039855,Jalen McMillan,WR,10.415384615384616,13,7.85,4.0,23.759069130732374,2025,47.0,False,-2.565384615384616,<=24
00-0039868,Troy Franklin,WR,4.1937500000000005,16,10.41764705882353,17.0,22.5927446954141,2025,106.0,True,6.223897058823529,<=24
00-0039874,Jaylen Wright,RB,2.053846153846154,13,5.688888888888889,9.0,22.444900752908968,2025,85.0,True,3.635042735042735,<=24
00-0039875,Ray Davis,RB,6.829411764705883,17,3.9470588235294124,17.0,25.806981519507186,2025,45.0,True,-2.8823529411764706,25-26
00-0039880,Malik Washington,WR,4.057142857142857,14,6.864705882352942,17.0,24.889801505817932,2025,109.5,True,2.8075630252100847,25-27
00-0039890,Adonai Mitchell,WR,3.1623529411764704,17,5.5875,16.0,22.924024640657084,2025,117.0,True,2.42514705882353,<=24
00-0039893,Brian Thomas Jr.,WR,17.058823529411764,17,9.914285714285715,14.0,22.924024640657084,2025,12.0,True,-7.14453781512605,<=24
00-0039894,Xavier Worthy,WR,11.7,16,7.8500000000000005,14.0,22.373716632443532,2025,41.0,True,-3.8499999999999988,<=24
00-0039901,Keon Coleman,WR,8.692307692307692,13,8.658333333333333,12.0,22.31895961670089,2025,61.0,True,-0.03397435897435841,<=24
00-0039907,Ja'Lynn Polk,WR,2.3357142857142854,14,,,23.416837782340863,2025,130.0,False,,<=24
00-0039910,Jayden Daniels,QB,21.10705882352941,17,16.325714285714287,7.0,24.72826830937714,2025,5.0,False,-4.781344537815123,25-27
00-0039915,Ladd McConkey,WR,15.3375,16,11.49375,16.0,23.83025325119781,2025,16.0,True,-3.84375,<=24
00-0039916,Ricky Pearsall,WR,8.636363636363637,11,10.177777777777779,9.0,25.00205338809035,2025,62.0,True,1.5414141414141422,25-27
00-0039918,Caleb Williams,QB,14.97294117647059,17,18.745882352941177,17.0,23.811088295687885,2025,20.0,True,3.772941176470587,<=24
00-0039919,Rome Odunze,WR,8.700000000000001,17,12.424999999999999,12.0,23.27173169062286,2025,60.0,True,3.724999999999998,<=24
00-0039921,Trey Benson,RB,3.9166666666666665,12,8.85,4.0,23.134839151266256,2025,63.0,False,4.933333333333334,<=24
