pos,cat,season,weeks_listed,out_weeks,missed_this,played_next,missed_next,same_cat_next,same_cat_out_next,dppg_next
TE,shoulder,2012,1,0,0,True,0.0,False,False,-1.0374999999999996
QB,hand,2012,1,0,0,True,0.0,False,False,8.188750000000002
WR,hand,2012,1,0,2,False,10.0,False,False,
WR,hip,2012,1,0,2,False,10.0,False,False,
WR,knee,2012,1,0,2,False,10.0,True,False,
WR,quad,2012,1,0,2,False,10.0,True,False,
WR,shoulder,2012,1,0,2,False,10.0,False,False,
QB,concussion,2012,6,5,6,False,9.0,False,False,
WR,foot,2012,1,0,0,True,1.0,False,False,-3.0791666666666657
WR,hand,2012,1,0,0,True,1.0,True,False,-3.0791666666666657
WR,knee,2012,2,0,0,True,1.0,True,True,-3.0791666666666657
WR,other,2012,2,0,0,True,1.0,False,False,-3.0791666666666657
WR,other,2012,1,0,0,True,0.0,False,False,-2.874999999999999
QB,ankle,2012,1,0,0,True,0.0,False,False,0.2562500000000014
QB,hand,2012,2,0,1,True,0.0,True,False,-0.9092500000000001
QB,ribs,2012,1,1,1,True,0.0,False,False,-0.9092500000000001
TE,ribs,2012,2,0,1,True,0.0,False,False,2.046666666666665
WR,groin,2012,2,0,0,False,16.0,False,False,
WR,illness,2012,1,0,0,False,16.0,False,False,
WR,shoulder,2012,1,0,0,False,16.0,False,False,
WR,groin,2012,4,0,0,True,0.0,False,False,-1.0062500000000014
WR,ribs,2012,1,0,0,True,0.0,False,False,-1.0062500000000014
WR,knee,2012,1,0,1,True,0.0,False,False,3.642083333333334
WR,shoulder,2012,1,0,1,True,0.0,False,False,3.642083333333334
WR,knee,2012,9,0,0,False,16.0,False,False,
WR,quad,2012,1,0,0,False,16.0,False,False,
TE,core,2012,3,0,0,True,0.0,False,False,-1.6125000000000007
TE,illness,2012,1,0,0,True,5.0,True,False,0.4164772727272741
RB,knee,2012,1,0,6,True,5.0,True,False,-9.574545454545456
RB,ribs,2012,1,0,6,True,5.0,False,False,-9.574545454545456
WR,ankle,2012,11,0,0,True,3.0,True,False,-2.340865384615384
RB,foot,2012,5,0,0,True,4.0,False,False,-0.5458333333333325
RB,groin,2012,3,0,0,True,4.0,False,False,-0.5458333333333325
RB,illness,2012,1,0,0,True,4.0,False,False,-0.5458333333333325
WR,foot,2012,1,0,0,False,16.0,False,False,
WR,ribs,2012,1,0,0,False,16.0,False,False,
QB,shoulder,2012,1,0,0,True,6.0,False,False,-4.008749999999999
RB,elbow,2012,1,0,0,False,16.0,False,False,
RB,groin,2012,2,0,0,False,16.0,False,False,
QB,shoulder,2012,4,3,3,True,0.0,False,False,-0.03788461538461618
TE,quad,2012,2,0,0,True,2.0,False,False,-3.490178571428571
WR,hamstring,2012,2,1,1,True,3.0,False,False,-6.7887179487179505
WR,calf,2012,1,0,0,True,0.0,False,False,1.6437500000000007
WR,illness,2012,1,0,0,True,0.0,False,False,1.6437500000000007
WR,knee,2012,1,0,0,True,0.0,False,False,1.6437500000000007
QB,concussion,2012,2,0,6,True,1.0,False,False,4.68
QB,hand,2012,4,0,6,True,1.0,False,False,4.68
RB,hamstring,2012,3,0,2,True,2.0,False,False,-5.171428571428571
QB,ankle,2012,1,0,0,True,7.0,False,False,-1.8219444444444441
QB,calf,2012,3,0,0,True,7.0,False,False,-1.8219444444444441
WR,back,2012,1,0,0,True,3.0,False,False,-5.698076923076922
WR,groin,2012,1,0,0,True,3.0,False,False,-5.698076923076922
WR,knee,2012,4,0,0,True,3.0,True,False,-5.698076923076922
TE,core,2012,1,0,1,True,2.0,False,False,-4.842380952380953
WR,calf,2012,3,0,0,True,0.0,False,False,-1.6249999999999982
RB,hand,2012,6,0,0,True,0.0,False,False,-2.1187500000000004
RB,knee,2012,1,0,0,True,0.0,True,False,-2.1187500000000004
RB,ribs,2012,2,0,0,True,0.0,False,False,-2.1187500000000004
RB,hand,2012,4,2,3,True,1.0,False,False,-5.060512820512821
RB,other,2012,1,0,3,True,1.0,False,False,-5.060512820512821
TE,ribs,2012,1,0,0,False,9.0,False,False,
QB,concussion,2012,2,1,7,True,7.0,False,False,3.2933333333333312
WR,hamstring,2012,5,0,0,True,5.0,True,True,-7.93125
WR,hip,2012,2,0,0,True,5.0,False,False,-7.93125
RB,concussion,2012,2,1,6,True,0.0,False,False,3.0162499999999994
RB,knee,2012,4,3,6,True,0.0,True,False,3.0162499999999994
RB,hip,2012,1,0,0,True,2.0,False,False,4.535714285714285
RB,knee,2012,2,0,0,True,2.0,True,False,4.535714285714285
TE,back,2012,1,0,0,True,1.0,False,False,6.34375
TE,concussion,2012,1,0,0,True,1.0,True,False,6.34375
QB,concussion,2012,2,1,1,True,5.0,False,False,3.0229090909090903
QB,neck,2012,1,0,1,True,5.0,False,False,3.0229090909090903
QB,ribs,2012,1,0,1,True,5.0,False,False,3.0229090909090903
RB,other,2012,1,0,0,True,1.0,False,False,1.644166666666667
WR,groin,2012,11,6,8,True,1.0,False,False,-0.6691666666666656
TE,hip,2012,3,0,0,True,7.0,False,False,0.1402777777777775
RB,foot,2012,9,9,10,True,1.0,False,False,-0.4986666666666668
TE,calf,2012,2,0,1,False,12.0,False,False,
TE,back,2012,6,0,1,False,11.0,True,False,
TE,hamstring,2012,3,0,1,False,11.0,False,False,
TE,illness,2012,1,0,1,False,11.0,False,False,
TE,quad,2012,1,0,1,False,11.0,False,False,
WR,back,2012,1,0,2,True,1.0,False,False,-2.3414285714285716
WR,calf,2012,1,0,2,True,1.0,False,False,-2.3414285714285716
WR,hamstring,2012,4,2,2,True,1.0,False,False,-2.3414285714285716
WR,hand,2012,4,0,2,True,1.0,False,False,-2.3414285714285716
WR,hamstring,2012,1,0,0,True,0.0,True,False,-1.9125000000000014
WR,shoulder,2012,1,0,0,True,0.0,False,False,-1.9125000000000014
WR,ankle,2012,3,1,3,False,9.0,False,False,
WR,concussion,2012,2,1,3,False,9.0,False,False,
WR,foot,2012,2,0,0,True,1.0,True,False,-2.694583333333334
RB,knee,2012,2,1,1,True,0.0,False,False,4.211666666666668
WR,ankle,2012,2,0,0,True,2.0,False,False,-0.37232142857142847
WR,foot,2012,1,0,0,True,2.0,False,False,-0.37232142857142847
WR,hand,2012,1,0,0,True,2.0,False,False,-0.37232142857142847
WR,knee,2012,8,0,0,True,2.0,True,False,-0.37232142857142847
RB,ankle,2012,6,0,0,True,2.0,False,False,-6.162499999999998
RB,core,2012,3,0,0,True,2.0,False,False,-6.162499999999998
RB,knee,2012,2,0,0,True,2.0,False,False,-6.162499999999998
RB,shoulder,2012,1,0,0,True,2.0,False,False,-6.162499999999998
RB,back,2012,13,0,0,True,0.0,False,False,-0.9562500000000007
RB,other,2012,1,0,0,True,0.0,True,False,-0.9562500000000007
WR,groin,2012,1,0,3,True,1.0,True,False,-1.8748717948717903
WR,neck,2012,1,0,3,True,1.0,False,False,-1.8748717948717903
WR,quad,2012,1,0,3,True,1.0,False,False,-1.8748717948717903
WR,ribs,2012,1,1,3,True,1.0,False,False,-1.8748717948717903
TE,back,2012,1,0,0,True,0.0,False,False,0.36249999999999893
TE,other,2012,1,0,0,True,0.0,False,False,0.36249999999999893
QB,ribs,2012,7,4,10,False,16.0,False,False,
WR,calf,2012,1,0,0,True,8.0,False,False,-3.7625
WR,foot,2012,1,0,0,True,8.0,False,False,-3.7625
WR,knee,2012,3,0,0,True,8.0,True,False,-3.7625
WR,other,2012,2,0,0,True,8.0,False,False,-3.7625
WR,concussion,2012,5,2,9,False,16.0,False,False,
RB,ribs,2012,2,0,3,True,2.0,False,False,-2.8961538461538474
TE,foot,2012,1,0,1,True,0.0,False,False,-0.9087499999999995
TE,groin,2012,3,0,1,True,0.0,False,False,-0.9087499999999995
TE,knee,2012,1,1,1,True,0.0,False,False,-0.9087499999999995
TE,other,2012,1,0,1,True,0.0,False,False,-0.9087499999999995
TE,concussion,2012,2,1,1,True,0.0,False,False,-1.4641666666666664
RB,foot,2012,7,0,2,False,13.0,True,False,
RB,hand,2012,1,0,2,False,13.0,False,False,
RB,knee,2012,3,1,2,False,13.0,False,False,
RB,neck,2012,2,1,2,False,13.0,True,True,
RB,ankle,2012,1,0,1,True,0.0,True,False,-4.899166666666668
RB,illness,2012,2,0,1,True,0.0,True,False,-4.899166666666668
WR,back,2012,3,3,3,True,2.0,False,False,-4.783516483516483
WR,hand,2012,1,0,3,True,2.0,False,False,-4.783516483516483
WR,ankle,2012,1,0,5,True,4.0,False,False,-2.4234848484848506
WR,foot,2012,4,0,5,True,4.0,False,False,-2.4234848484848506
WR,shoulder,2012,4,2,5,True,4.0,False,False,-2.4234848484848506
QB,hand,2012,1,0,0,True,0.0,False,False,-3.5474999999999994
RB,ankle,2012,6,3,4,True,6.0,True,True,-3.3243333333333336
RB,shoulder,2012,5,0,4,True,6.0,False,False,-3.3243333333333336
RB,ankle,2012,8,1,7,False,10.0,True,False,
RB,toe,2012,1,0,7,False,10.0,False,False,
RB,knee,2012,9,0,0,True,1.0,False,False,-5.349166666666667
RB,ribs,2012,1,0,0,True,1.0,False,False,-5.349166666666667
RB,achilles,2012,5,2,10,True,1.0,False,False,3.373333333333332
RB,knee,2012,5,1,10,True,1.0,True,False,3.373333333333332
RB,ankle,2012,3,0,0,True,0.0,False,False,1.2312499999999975
TE,ankle,2012,4,0,8,False,16.0,False,False,
TE,hamstring,2012,7,1,8,False,16.0,False,False,
TE,illness,2012,1,0,8,False,16.0,False,False,
WR,hip,2012,1,0,0,True,1.0,False,False,-2.553333333333333
WR,other,2012,1,0,0,True,1.0,False,False,-2.553333333333333
WR,ribs,2012,1,0,0,True,1.0,False,False,-2.553333333333333
WR,shoulder,2012,1,0,0,True,1.0,True,False,-2.553333333333333
WR,hamstring,2012,7,3,4,True,0.0,False,False,2.785416666666668
RB,ankle,2012,5,1,1,True,0.0,False,False,6.658750000000001
TE,knee,2012,1,0,9,False,9.0,False,False,
WR,hamstring,2012,2,0,5,True,0.0,False,False,5.551704545454543
RB,hip,2012,1,0,0,True,1.0,True,False,-6.370416666666669
RB,toe,2012,1,0,0,True,1.0,False,False,-6.370416666666669
TE,knee,2012,1,0,0,True,0.0,True,False,1.3312500000000007
WR,concussion,2012,3,2,4,True,2.0,False,False,-0.7880952380952388
WR,hand,2012,3,0,4,True,2.0,False,False,-0.7880952380952388
RB,illness,2012,1,0,0,True,1.0,False,False,9.193750000000001
RB,knee,2012,1,0,0,True,1.0,True,False,9.193750000000001
RB,neck,2012,1,0,0,True,1.0,False,False,9.193750000000001
TE,shoulder,2012,4,0,0,False,10.0,False,False,
WR,shoulder,2012,8,0,4,False,11.0,False,False,
TE,groin,2012,1,0,1,True,4.0,False,False,-4.266666666666667
TE,hip,2012,2,0,1,True,4.0,False,False,-4.266666666666667
WR,hand,2012,1,0,0,True,2.0,False,False,-4.043749999999999
WR,foot,2012,15,2,6,True,0.0,False,False,4.2925
WR,groin,2012,1,0,0,True,4.0,True,True,-2.864583333333334
WR,hamstring,2012,1,0,0,True,4.0,True,False,-2.864583333333334
WR,quad,2012,1,0,0,True,4.0,False,False,-2.864583333333334
QB,hip,2012,1,0,0,True,0.0,False,False,-0.355000000000004
RB,ankle,2012,4,1,2,False,14.0,False,False,
RB,concussion,2012,1,0,2,False,14.0,False,False,
WR,concussion,2012,2,1,2,True,4.0,False,False,-2.2940476190476193
WR,hamstring,2012,1,0,2,True,4.0,False,False,-2.2940476190476193
WR,illness,2012,1,0,2,True,4.0,False,False,-2.2940476190476193
RB,hamstring,2012,1,0,0,True,8.0,True,False,-5.881250000000001
RB,hand,2012,1,0,0,True,8.0,True,False,-5.881250000000001
RB,illness,2012,1,0,0,True,8.0,False,False,-5.881250000000001
RB,knee,2012,3,0,0,True,8.0,False,False,-5.881250000000001
RB,other,2012,1,0,0,True,8.0,False,False,-5.881250000000001
QB,back,2012,14,0,1,False,16.0,False,False,
WR,groin,2012,1,0,1,True,0.0,True,False,-0.3220833333333335
WR,hip,2012,1,1,1,True,0.0,False,False,-0.3220833333333335
WR,knee,2012,1,0,1,True,0.0,False,False,-0.3220833333333335
WR,illness,2012,1,0,1,False,9.0,False,False,
WR,knee,2012,1,0,1,False,9.0,True,False,
RB,groin,2012,1,0,2,False,15.0,False,False,
RB,hip,2012,3,0,2,False,15.0,False,False,
RB,ribs,2012,1,0,2,False,15.0,False,False,
WR,concussion,2012,2,0,1,True,1.0,False,False,-4.180000000000001
WR,hamstring,2012,2,0,1,True,1.0,True,False,-4.180000000000001
WR,illness,2012,1,0,0,False,11.0,False,False,
RB,groin,2012,1,0,8,True,0.0,False,False,4.262500000000001
RB,ribs,2012,2,0,8,True,0.0,False,False,4.262500000000001
WR,back,2012,2,0,1,False,16.0,False,False,
WR,groin,2012,1,0,1,False,16.0,False,False,
WR,hip,2012,3,1,1,False,16.0,False,False,
WR,knee,2012,1,0,1,False,16.0,False,False,
TE,ankle,2012,3,0,3,True,2.0,True,True,-3.3626373626373613
TE,knee,2012,4,0,3,True,2.0,True,False,-3.3626373626373613
WR,ankle,2012,3,0,7,False,15.0,False,False,
WR,hamstring,2012,2,0,7,False,15.0,False,False,
RB,ankle,2012,1,1,6,True,0.0,False,False,2.58125
RB,knee,2012,8,2,6,True,0.0,False,False,2.58125
WR,foot,2012,7,2,4,True,1.0,False,False,-1.8016666666666694
WR,knee,2012,6,0,4,True,1.0,False,False,-1.8016666666666694
WR,ankle,2012,3,0,2,True,6.0,False,False,-7.182857142857143
WR,knee,2012,10,0,2,True,6.0,False,False,-7.182857142857143
RB,hamstring,2012,1,0,8,False,16.0,False,False,
RB,knee,2012,5,0,8,False,16.0,False,False,
RB,toe,2012,1,0,8,False,16.0,False,False,
RB,concussion,2012,5,4,4,True,0.0,False,False,5.022916666666667
RB,illness,2012,1,0,4,True,0.0,False,False,5.022916666666667
RB,ribs,2012,1,0,4,True,0.0,False,False,5.022916666666667
TE,neck,2012,1,0,3,True,0.0,False,False,0.125
TE,shoulder,2012,2,0,3,True,0.0,False,False,0.125
WR,back,2012,2,0,1,True,0.0,False,False,-0.36583333333333456
WR,calf,2012,1,0,1,True,0.0,False,False,-0.36583333333333456
WR,groin,2012,1,0,1,True,0.0,False,False,-0.36583333333333456
WR,hamstring,2012,1,0,1,True,0.0,False,False,-0.36583333333333456
WR,knee,2012,1,0,1,True,0.0,True,False,-0.36583333333333456
WR,other,2012,1,0,1,True,0.0,False,False,-0.36583333333333456
WR,quad,2012,1,0,1,True,0.0,False,False,-0.36583333333333456
RB,concussion,2012,2,1,6,True,8.0,True,False,1.2274999999999991
RB,shoulder,2012,1,0,6,True,8.0,False,False,1.2274999999999991
TE,concussion,2012,1,0,0,True,1.0,False,False,-3.3554166666666667
TE,knee,2012,1,0,0,True,1.0,False,False,-3.3554166666666667
TE,other,2012,1,0,0,True,1.0,False,False,-3.3554166666666667
TE,shoulder,2012,8,0,0,True,1.0,False,False,-3.3554166666666667
WR,concussion,2012,1,0,7,True,0.0,False,False,8.21736111111111
WR,hand,2012,8,2,7,True,0.0,False,False,8.21736111111111
RB,concussion,2012,3,3,6,True,1.0,True,False,4.803333333333333
RB,knee,2012,3,1,6,True,1.0,False,False,4.803333333333333
WR,calf,2012,1,0,0,True,2.0,False,False,-2.075892857142856
WR,other,2012,1,0,0,True,2.0,False,False,-2.075892857142856
WR,back,2012,1,0,4,False,16.0,False,False,
WR,calf,2012,3,0,4,False,16.0,False,False,
WR,other,2012,1,0,4,False,16.0,False,False,
RB,hamstring,2012,3,1,10,True,1.0,True,True,1.3533333333333326
WR,elbow,2012,1,0,0,True,1.0,False,False,1.8108333333333322
WR,illness,2012,1,0,0,True,1.0,False,False,1.8108333333333322
WR,other,2012,1,0,0,True,1.0,False,False,1.8108333333333322
WR,shoulder,2012,1,0,0,True,1.0,False,False,1.8108333333333322
TE,hip,2012,7,0,5,False,9.0,False,False,
TE,other,2012,6,3,5,False,9.0,False,False,
WR,other,2012,1,0,3,True,1.0,False,False,-1.0610256410256405
WR,toe,2012,4,0,3,True,1.0,False,False,-1.0610256410256405
WR,knee,2012,1,0,0,True,0.0,True,False,4.40625
WR,ribs,2012,1,0,0,True,0.0,False,False,4.40625
WR,shoulder,2012,2,0,0,True,0.0,False,False,4.40625
WR,ankle,2012,1,0,0,True,0.0,True,False,0.9312500000000021
WR,quad,2012,1,0,0,True,0.0,True,False,0.9312500000000021
WR,ankle,2012,4,0,1,True,0.0,False,False,-5.338750000000001
TE,other,2012,2,0,2,False,16.0,False,False,
TE,shoulder,2012,1,0,2,False,16.0,False,False,
TE,ankle,2012,2,0,1,True,0.0,False,False,3.5179166666666646
TE,hand,2012,2,0,1,True,0.0,False,False,3.5179166666666646
WR,hand,2012,1,0,0,False,10.0,False,False,
WR,other,2012,1,0,0,False,10.0,False,False,
TE,ankle,2012,14,3,6,False,16.0,False,False,
TE,knee,2012,1,0,0,False,12.0,False,False,
TE,neck,2012,1,0,0,False,12.0,False,False,
TE,other,2012,1,0,0,False,12.0,False,False,
RB,foot,2012,1,0,3,True,1.0,False,False,-5.795897435897436
RB,other,2012,1,0,3,True,1.0,False,False,-5.795897435897436
RB,quad,2012,2,0,3,True,1.0,False,False,-5.795897435897436
RB,toe,2012,1,0,3,True,1.0,False,False,-5.795897435897436
RB,illness,2012,1,0,10,True,3.0,False,False,0.8897435897435901
RB,knee,2012,4,4,10,True,3.0,True,True,0.8897435897435901
RB,toe,2012,4,1,10,True,3.0,False,False,0.8897435897435901
WR,ankle,2012,5,2,3,True,0.0,False,False,6.834615384615381
WR,illness,2012,1,0,3,True,0.0,False,False,6.834615384615381
QB,knee,2012,1,0,0,False,9.0,False,False,
RB,shoulder,2012,10,0,0,True,1.0,False,False,-5.7737500000000015
RB,neck,2012,1,0,4,True,0.0,False,False,2.866666666666669
RB,shoulder,2012,3,1,4,True,0.0,False,False,2.866666666666669
TE,hamstring,2012,1,0,0,True,2.0,True,False,-2.607142857142856
TE,knee,2012,1,0,0,True,2.0,False,False,-2.607142857142856
WR,hip,2012,1,0,0,True,0.0,False,False,1.5062500000000014
WR,knee,2012,3,0,0,True,0.0,False,False,1.5062500000000014
WR,shoulder,2012,2,0,0,True,0.0,True,False,1.5062500000000014
WR,illness,2012,1,0,1,True,0.0,False,False,0.92075
WR,knee,2012,2,1,1,True,0.0,False,False,0.92075
WR,groin,2012,1,0,0,True,0.0,False,False,-0.8875000000000028
WR,hand,2012,3,0,0,True,0.0,False,False,-0.8875000000000028
WR,hip,2012,2,0,0,True,0.0,False,False,-0.8875000000000028
WR,knee,2012,1,0,0,True,0.0,False,False,-0.8875000000000028
WR,back,2012,1,0,2,True,8.0,False,False,-5.3535714285714295
WR,knee,2012,4,0,2,True,8.0,False,False,-5.3535714285714295
QB,hand,2012,1,0,0,True,0.0,False,False,-1.9249999999999972
WR,illness,2012,1,0,0,True,0.0,False,False,0.5187500000000007
WR,knee,2012,1,0,0,True,0.0,False,False,0.5187500000000007
WR,ankle,2012,2,0,0,False,11.0,False,False,
WR,hand,2012,2,0,0,False,11.0,False,False,
WR,quad,2012,1,0,0,False,11.0,False,False,
QB,shoulder,2012,13,4,5,False,9.0,False,False,
QB,other,2012,1,0,6,False,13.0,False,False,
QB,shoulder,2012,4,0,6,False,13.0,False,False,
QB,knee,2012,5,0,0,True,7.0,False,False,-0.24638888888888744
QB,neck,2012,1,0,0,True,7.0,False,False,-0.24638888888888744
QB,other,2012,1,0,0,True,0.0,False,False,2.3287499999999994
TE,concussion,2012,1,0,0,True,8.0,False,False,0.018749999999998934
TE,quad,2012,1,0,0,True,8.0,False,False,0.018749999999998934
TE,shoulder,2012,2,0,0,True,8.0,False,False,0.018749999999998934
WR,knee,2012,7,0,6,False,16.0,False,False,
WR,other,2012,1,1,6,False,16.0,False,False,
TE,knee,2012,1,0,0,True,2.0,False,False,-1.744642857142857
RB,ankle,2012,2,0,2,False,15.0,False,False,
RB,calf,2012,1,0,2,False,15.0,False,False,
RB,groin,2012,1,0,2,False,15.0,False,False,
WR,ankle,2012,1,0,0,True,0.0,False,False,1.2750000000000004
WR,other,2012,1,0,0,True,0.0,False,False,1.2750000000000004
WR,quad,2012,1,0,0,True,0.0,True,False,1.2750000000000004
WR,ribs,2012,1,0,0,True,0.0,False,False,1.2750000000000004
WR,back,2012,1,0,0,True,0.0,False,False,-2.6374999999999993
WR,illness,2012,1,0,0,True,0.0,False,False,-2.6374999999999993
RB,concussion,2012,4,2,4,True,1.0,False,False,-0.19833333333333503
RB,elbow,2012,1,0,4,True,1.0,False,False,-0.19833333333333503
RB,knee,2012,1,0,4,True,1.0,False,False,-0.19833333333333503
WR,ankle,2012,1,0,1,False,10.0,False,False,
WR,hamstring,2012,1,0,1,False,10.0,False,False,
WR,shoulder,2012,1,0,1,False,10.0,False,False,
RB,foot,2012,11,4,6,True,2.0,False,False,4.13857142857143
RB,hand,2012,2,0,6,True,2.0,False,False,4.13857142857143
WR,shoulder,2012,1,0,3,True,2.0,False,False,1.1170329670329684
WR,toe,2012,1,0,3,True,2.0,False,False,1.1170329670329684
WR,back,2012,1,0,1,True,6.0,False,False,1.163333333333333
RB,concussion,2012,2,0,5,False,9.0,False,False,
RB,knee,2012,2,0,5,False,9.0,False,False,
RB,shoulder,2012,1,0,5,False,9.0,False,False,
WR,concussion,2012,2,1,2,True,3.0,False,False,-1.6247252747252752
WR,hamstring,2012,1,0,2,True,3.0,False,False,-1.6247252747252752
RB,concussion,2012,1,0,2,True,0.0,False,False,1.8937499999999998
RB,shoulder,2012,9,0,2,True,0.0,True,False,1.8937499999999998
WR,hamstring,2012,2,0,1,True,3.0,False,False,0.1010256410256396
WR,shoulder,2012,1,0,1,True,3.0,True,True,0.1010256410256396
WR,back,2012,1,0,0,True,4.0,True,False,-0.384166666666669
WR,foot,2012,4,0,0,True,4.0,False,False,-0.384166666666669
WR,hamstring,2012,1,0,0,True,4.0,True,False,-0.384166666666669
WR,hand,2012,3,0,0,True,4.0,True,False,-0.384166666666669
WR,illness,2012,1,0,0,True,4.0,True,False,-0.384166666666669
WR,other,2012,1,0,7,True,3.0,False,False,-0.9264957264957268
WR,ankle,2012,2,0,7,False,16.0,False,False,
WR,groin,2012,1,0,7,False,16.0,False,False,
WR,knee,2012,1,0,5,False,16.0,False,False,
WR,ribs,2012,2,1,5,False,16.0,False,False,
WR,knee,2012,1,0,1,True,0.0,False,False,3.206666666666666
WR,other,2012,1,0,1,True,0.0,False,False,3.206666666666666
WR,hand,2012,5,3,6,True,0.0,False,False,11.13625
WR,knee,2012,3,1,6,True,0.0,False,False,11.13625
RB,illness,2012,1,0,0,True,0.0,False,False,-5.668749999999999
WR,illness,2012,1,0,8,True,0.0,False,False,5.7875
WR,knee,2012,4,2,8,True,0.0,False,False,5.7875
RB,shoulder,2012,1,0,0,True,1.0,False,False,-1.8675000000000006
WR,ankle,2012,3,1,9,True,1.0,True,False,-3.6161904761904724
WR,shoulder,2012,2,0,1,True,0.0,True,False,1.3083333333333318
WR,foot,2012,1,1,10,True,0.0,False,False,-4.067916666666668
WR,knee,2012,2,0,0,True,2.0,False,False,14.13571428571429
QB,knee,2012,3,0,1,True,3.0,True,False,-4.980512820512821
QB,other,2012,1,0,1,True,3.0,False,False,-4.980512820512821
QB,knee,2012,8,0,0,True,0.0,False,False,0.5075000000000003
RB,ankle,2012,1,1,1,True,0.0,True,False,-8.523749999999998
RB,knee,2012,4,0,1,True,0.0,False,False,-8.523749999999998
RB,other,2012,1,0,1,True,0.0,False,False,-8.523749999999998
RB,ribs,2012,9,0,1,True,0.0,False,False,-8.523749999999998
QB,foot,2012,1,0,1,True,8.0,False,False,0.16500000000000092
QB,groin,2012,2,0,1,True,8.0,False,False,0.16500000000000092
QB,other,2012,1,0,1,True,8.0,False,False,0.16500000000000092
QB,shoulder,2012,1,1,1,True,8.0,False,False,0.16500000000000092
QB,hand,2012,1,0,0,True,0.0,True,False,2.9662499999999987
QB,knee,2012,2,0,0,True,0.0,True,False,2.9662499999999987
WR,ankle,2012,1,0,0,False,12.0,False,False,
WR,groin,2012,1,0,0,False,12.0,False,False,
WR,elbow,2012,1,0,1,True,0.0,False,False,3.622916666666667
WR,ribs,2012,2,0,1,True,0.0,False,False,3.622916666666667
TE,toe,2013,7,0,0,False,16.0,False,False,
QB,ankle,2013,9,0,0,True,0.0,False,False,-7.081250000000001
QB,shoulder,2013,9,0,0,True,0.0,False,False,0.6587500000000013
QB,hamstring,2013,6,1,9,True,7.0,False,False,-10.742539682539682
WR,ankle,2013,1,0,1,True,0.0,False,False,3.260416666666666
WR,hand,2013,1,0,1,True,0.0,False,False,3.260416666666666
WR,knee,2013,2,1,1,True,0.0,False,False,3.260416666666666
WR,shoulder,2013,1,0,9,True,1.0,False,False,-4.673333333333334
QB,knee,2013,1,0,0,True,0.0,False,False,-3.3562499999999993
QB,ankle,2013,1,0,0,False,10.0,False,False,
QB,elbow,2013,3,0,0,False,10.0,False,False,
QB,hand,2013,2,0,0,False,10.0,False,False,
TE,hamstring,2013,1,0,0,True,0.0,True,False,2.2437500000000004
TE,other,2013,1,0,0,True,0.0,False,False,2.2437500000000004
QB,back,2013,1,1,1,True,1.0,True,False,-0.17466666666666697
QB,ribs,2013,2,0,1,True,1.0,False,False,-0.17466666666666697
WR,knee,2013,1,0,7,False,16.0,False,False,
WR,other,2013,7,6,7,False,16.0,False,False,
WR,concussion,2013,1,0,0,True,1.0,True,False,-5.643333333333331
WR,hand,2013,2,0,0,True,1.0,False,False,-5.643333333333331
WR,shin,2013,4,0,0,True,1.0,False,False,-5.643333333333331
TE,illness,2013,1,0,5,False,16.0,False,False,
WR,ankle,2013,9,0,3,True,2.0,True,False,-8.543956043956044
WR,concussion,2013,3,3,3,True,2.0,False,False,-8.543956043956044
WR,neck,2013,1,0,3,True,2.0,False,False,-8.543956043956044
RB,hamstring,2013,5,4,4,True,1.0,False,False,-2.7333333333333343
RB,toe,2013,1,0,4,True,1.0,False,False,-2.7333333333333343
QB,ankle,2013,3,1,6,False,14.0,False,False,
QB,other,2013,1,0,6,False,14.0,True,True,
WR,core,2013,1,0,1,True,1.0,False,False,-3.5466666666666686
WR,shoulder,2013,2,0,1,True,1.0,False,False,-3.5466666666666686
WR,concussion,2013,1,0,0,True,2.0,False,False,-3.921428571428571
WR,hamstring,2013,6,0,0,True,2.0,False,False,-3.921428571428571
TE,knee,2013,12,0,4,False,16.0,False,False,
QB,hand,2013,1,0,0,True,0.0,False,False,2.958750000000002
QB,other,2013,1,0,0,True,0.0,True,False,2.958750000000002
WR,hand,2013,4,1,3,True,5.0,False,False,-2.939160839160838
QB,collarbone,2013,8,7,7,True,0.0,False,False,2.918194444444442
QB,concussion,2013,2,1,7,False,12.0,False,False,
QB,ribs,2013,1,0,7,False,12.0,False,False,
WR,ankle,2013,5,0,3,True,2.0,True,False,3.5873626373626344
WR,hamstring,2013,4,2,3,True,2.0,True,False,3.5873626373626344
WR,knee,2013,1,0,3,True,2.0,True,False,3.5873626373626344
WR,shoulder,2013,1,0,3,True,2.0,False,False,3.5873626373626344
TE,knee,2013,4,1,2,True,0.0,False,False,1.435714285714285
TE,other,2013,10,0,2,True,0.0,True,False,1.435714285714285
WR,hamstring,2013,3,0,0,True,0.0,False,False,-3.981250000000001
WR,knee,2013,1,0,0,True,0.0,True,False,-3.981250000000001
WR,ribs,2013,1,0,0,True,0.0,True,False,-3.981250000000001
RB,ankle,2013,8,0,0,True,0.0,False,False,-1.825000000000001
RB,knee,2013,3,0,0,True,0.0,True,False,-1.825000000000001
RB,hamstring,2013,4,0,9,False,16.0,False,False,
RB,knee,2013,3,1,9,False,16.0,False,False,
RB,ankle,2013,1,0,1,True,1.0,False,False,-1.1866666666666656
RB,concussion,2013,1,0,1,True,1.0,False,False,-1.1866666666666656
RB,knee,2013,1,0,1,True,1.0,True,False,-1.1866666666666656
RB,knee,2013,3,0,0,True,2.0,False,False,-1.3848214285714278
RB,ribs,2013,2,0,0,True,2.0,False,False,-1.3848214285714278
RB,calf,2013,2,0,2,True,5.0,False,False,-8.108441558441557
RB,groin,2013,1,0,2,True,5.0,False,False,-8.108441558441557
RB,knee,2013,5,0,2,True,5.0,True,False,-8.108441558441557
TE,concussion,2013,1,0,1,True,3.0,False,False,-9.461538461538463
TE,hamstring,2013,6,0,1,True,3.0,False,False,-9.461538461538463
QB,ankle,2013,5,4,5,True,1.0,False,False,1.7077575757575776
QB,groin,2013,2,1,5,True,1.0,False,False,1.7077575757575776
WR,foot,2013,14,3,6,False,9.0,False,False,
WR,hamstring,2013,2,2,6,False,9.0,False,False,
RB,quad,2013,3,0,1,False,10.0,True,False,
TE,calf,2013,7,4,6,True,8.0,False,False,-1.9650000000000007
TE,knee,2013,1,0,6,True,8.0,True,False,-1.9650000000000007
TE,quad,2013,1,0,6,True,8.0,False,False,-1.9650000000000007
QB,shoulder,2013,1,0,6,False,15.0,False,False,
WR,achilles,2013,2,0,1,True,0.0,False,False,-1.0183333333333344
WR,knee,2013,1,0,1,True,0.0,False,False,-1.0183333333333344
TE,ankle,2013,4,0,7,True,2.0,False,False,-1.6634920634920638
TE,concussion,2013,3,2,7,True,2.0,False,False,-1.6634920634920638
TE,knee,2013,5,0,7,True,2.0,True,False,-1.6634920634920638
RB,ankle,2013,2,0,1,True,5.0,False,False,-10.14981818181818
RB,hamstring,2013,3,0,1,True,5.0,False,False,-10.14981818181818
RB,knee,2013,2,0,1,True,5.0,False,False,-10.14981818181818
WR,back,2013,1,0,0,True,3.0,False,False,-5.648557692307692
WR,foot,2013,1,0,0,True,3.0,False,False,-5.648557692307692
WR,hamstring,2013,1,0,0,True,3.0,False,False,-5.648557692307692
WR,quad,2013,2,0,0,True,3.0,False,False,-5.648557692307692
TE,concussion,2013,2,0,1,True,1.0,True,False,1.7266666666666648
TE,toe,2013,1,0,1,True,1.0,False,False,1.7266666666666648
WR,back,2013,1,0,1,True,1.0,False,False,-1.4733333333333363
WR,foot,2013,4,0,1,True,1.0,False,False,-1.4733333333333363
WR,knee,2013,2,0,1,True,1.0,False,False,-1.4733333333333363
RB,other,2013,1,0,0,True,5.0,False,False,-2.1431818181818176
WR,knee,2013,13,0,2,True,3.0,False,False,-4.856043956043958
RB,groin,2013,7,0,2,False,15.0,False,False,
RB,hamstring,2013,2,0,2,False,15.0,False,False,
RB,other,2013,2,0,2,False,15.0,False,False,
RB,hip,2013,2,0,0,True,0.0,False,False,2.0625
RB,knee,2013,4,0,0,True,0.0,False,False,2.0625
RB,other,2013,4,0,0,True,0.0,True,False,2.0625
RB,shoulder,2013,1,0,0,True,0.0,False,False,2.0625
WR,concussion,2013,1,1,1,True,1.0,False,False,-1.2600000000000016
WR,groin,2013,2,0,1,True,1.0,False,False,-1.2600000000000016
TE,foot,2013,5,0,0,True,0.0,False,False,2.168750000000001
TE,hamstring,2013,3,0,3,False,13.0,False,False,
TE,ribs,2013,2,0,3,False,13.0,False,False,
WR,knee,2013,3,0,8,False,16.0,False,False,
WR,knee,2013,5,3,4,True,0.0,False,False,-6.64375
WR,knee,2013,3,0,2,True,0.0,False,False,-0.4633928571428587
TE,hip,2013,1,0,0,True,0.0,False,False,-2.79375
TE,shoulder,2013,1,0,0,True,0.0,False,False,-2.79375
RB,ankle,2013,1,0,0,False,16.0,False,False,
RB,illness,2013,1,0,0,False,16.0,False,False,
WR,knee,2013,1,0,2,False,16.0,False,False,
WR,other,2013,1,0,2,False,16.0,False,False,
WR,concussion,2013,2,1,4,True,1.0,False,False,-7.624999999999998
WR,groin,2013,14,0,4,True,1.0,False,False,-7.624999999999998
RB,ankle,2013,2,2,6,True,0.0,False,False,-2.5965000000000007
RB,hamstring,2013,6,3,6,True,0.0,False,False,-2.5965000000000007
RB,knee,2013,1,0,6,True,0.0,False,False,-2.5965000000000007
QB,knee,2013,1,0,0,True,0.0,False,False,3.428749999999999
RB,hamstring,2013,1,0,1,False,16.0,False,False,
RB,hand,2013,2,0,1,False,16.0,False,False,
RB,knee,2013,1,0,1,False,16.0,False,False,
RB,toe,2013,4,0,1,False,16.0,False,False,
RB,knee,2013,1,0,0,True,0.0,True,False,-7.987499999999999
WR,shoulder,2013,5,0,1,False,11.0,False,False,
WR,hand,2013,1,0,1,True,0.0,False,False,0.7387499999999996
WR,ribs,2013,1,0,1,True,0.0,False,False,0.7387499999999996
WR,toe,2013,10,0,1,True,0.0,True,False,0.7387499999999996
RB,knee,2013,1,0,0,True,0.0,False,False,0.3000000000000007
WR,ankle,2013,1,0,0,True,1.0,False,False,-2.7329166666666644
RB,hip,2013,2,0,1,False,16.0,False,False,
RB,quad,2013,2,0,1,False,16.0,False,False,
TE,ankle,2013,1,0,0,True,0.0,False,False,3.4812499999999993
TE,knee,2013,2,0,0,True,0.0,False,False,3.4812499999999993
TE,shoulder,2013,2,0,0,True,0.0,False,False,3.4812499999999993
RB,knee,2013,1,0,1,True,1.0,True,False,-9.206666666666667
RB,quad,2013,1,0,1,True,1.0,False,False,-9.206666666666667
RB,toe,2013,2,0,1,True,1.0,False,False,-9.206666666666667
WR,knee,2013,1,0,0,True,4.0,False,False,-2.5874999999999986
TE,concussion,2013,1,0,10,False,16.0,False,False,
TE,neck,2013,2,2,10,False,16.0,False,False,
TE,toe,2013,2,0,10,False,16.0,False,False,
WR,calf,2013,1,0,0,True,0.0,False,False,-7.643750000000001
QB,elbow,2013,1,0,9,False,9.0,False,False,
WR,back,2013,2,0,4,True,3.0,False,False,-3.4782051282051274
WR,groin,2013,2,1,4,True,3.0,False,False,-3.4782051282051274
WR,hamstring,2013,2,0,4,True,3.0,False,False,-3.4782051282051274
WR,hip,2013,1,0,4,True,3.0,True,False,-3.4782051282051274
WR,other,2013,2,2,4,True,3.0,False,False,-3.4782051282051274
RB,concussion,2013,2,1,9,True,8.0,True,True,-4.4107142857142865
RB,back,2013,1,1,8,True,3.0,False,False,8.341346153846157
RB,calf,2013,3,0,8,True,3.0,False,False,8.341346153846157
RB,hamstring,2013,1,0,8,True,3.0,True,False,8.341346153846157
RB,hand,2013,4,0,8,True,3.0,False,False,8.341346153846157
WR,groin,2013,1,0,0,True,0.0,False,False,0.5625
WR,hamstring,2013,2,0,0,True,0.0,True,False,0.5625
WR,ankle,2013,1,0,9,True,2.0,False,False,-6.907142857142859
WR,hand,2013,1,0,9,True,2.0,False,False,-6.907142857142859
WR,hip,2013,1,0,9,True,2.0,False,False,-6.907142857142859
WR,knee,2013,1,0,9,True,2.0,False,False,-6.907142857142859
WR,shoulder,2013,1,0,9,True,2.0,False,False,-6.907142857142859
RB,ankle,2013,3,0,0,False,13.0,False,False,
RB,shoulder,2013,1,0,0,False,13.0,True,False,
TE,ankle,2013,1,1,2,True,7.0,False,False,-4.725396825396825
TE,hamstring,2013,1,0,2,True,7.0,False,False,-4.725396825396825
TE,knee,2013,1,0,2,True,7.0,False,False,-4.725396825396825
RB,neck,2013,1,0,0,True,3.0,False,False,-3.8120192307692298
WR,core,2013,2,0,1,True,1.0,False,False,-3.173333333333333
WR,other,2013,1,0,1,True,1.0,False,False,-3.173333333333333
WR,knee,2013,1,0,0,True,0.0,True,False,-6.637499999999999
RB,concussion,2013,1,0,8,False,16.0,False,False,
TE,ankle,2013,1,0,1,True,5.0,False,False,-4.486060606060606
TE,groin,2013,1,0,1,True,5.0,False,False,-4.486060606060606
RB,concussion,2013,1,0,0,False,13.0,False,False,
RB,quad,2013,1,0,0,False,13.0,False,False,
RB,ribs,2013,3,0,0,False,13.0,False,False,
WR,quad,2013,3,0,0,True,2.0,True,False,0.32946428571428754
RB,concussion,2013,2,0,1,True,5.0,False,False,0.8303030303030319
RB,hamstring,2013,1,0,1,True,5.0,False,False,0.8303030303030319
RB,achilles,2013,1,0,0,True,1.0,True,False,-0.3304166666666628
RB,knee,2013,1,0,0,True,1.0,True,False,-0.3304166666666628
RB,ribs,2013,1,0,0,True,1.0,False,False,-0.3304166666666628
WR,foot,2013,1,0,2,False,10.0,False,False,
WR,knee,2013,2,2,2,False,10.0,False,False,
WR,neck,2013,1,0,2,False,10.0,False,False,
TE,concussion,2013,2,0,3,True,0.0,False,False,-2.801442307692307
TE,hamstring,2013,1,0,3,True,0.0,False,False,-2.801442307692307
TE,other,2013,1,0,3,True,0.0,True,False,-2.801442307692307
WR,hamstring,2013,3,0,4,False,10.0,False,False,
WR,illness,2013,1,0,4,False,10.0,True,False,
WR,quad,2013,1,0,4,False,10.0,False,False,
WR,ribs,2013,2,0,4,False,10.0,False,False,
RB,ankle,2013,2,0,1,True,0.0,False,False,2.3466666666666676
RB,hamstring,2013,4,1,1,True,0.0,True,False,2.3466666666666676
RB,hand,2013,1,0,1,True,0.0,False,False,2.3466666666666676
RB,knee,2013,1,0,1,True,0.0,False,False,2.3466666666666676
RB,quad,2013,1,0,1,True,0.0,False,False,2.3466666666666676
WR,ankle,2013,3,0,1,True,3.0,False,False,-3.5887179487179477
WR,hand,2013,1,0,1,True,3.0,False,False,-3.5887179487179477
TE,back,2013,13,0,9,True,1.0,False,False,-0.0400000000000027
WR,knee,2013,1,0,1,True,0.0,False,False,3.7033333333333314
WR,foot,2013,3,0,0,True,0.0,False,False,8.175
WR,knee,2013,1,0,0,True,0.0,False,False,8.175
WR,ankle,2013,2,0,0,True,1.0,False,False,-3.9762500000000003
WR,quad,2013,1,0,0,True,1.0,False,False,-3.9762500000000003
WR,ribs,2013,1,0,0,True,1.0,False,False,-3.9762500000000003
WR,shoulder,2013,4,0,0,True,1.0,False,False,-3.9762500000000003
WR,toe,2013,2,0,0,True,1.0,True,False,-3.9762500000000003
WR,knee,2013,1,0,0,True,0.0,False,False,-0.5437499999999993
WR,quad,2013,2,0,0,True,0.0,False,False,-0.5437499999999993
TE,elbow,2013,3,0,0,True,1.0,False,False,-4.104583333333332
TE,foot,2013,2,0,0,True,1.0,False,False,-4.104583333333332
WR,hamstring,2013,4,0,10,False,10.0,False,False,
TE,hamstring,2013,3,0,4,True,6.0,False,False,-6.713333333333334
TE,hip,2013,5,0,4,True,6.0,False,False,-6.713333333333334
TE,quad,2013,1,0,4,True,6.0,False,False,-6.713333333333334
WR,knee,2013,1,0,0,True,0.0,False,False,-3.7562499999999996
RB,knee,2013,4,3,3,True,2.0,False,False,-1.8016483516483524
RB,ankle,2013,5,0,1,True,7.0,False,False,-3.1755555555555546
RB,quad,2013,1,0,1,True,7.0,False,False,-3.1755555555555546
RB,ankle,2013,1,0,0,False,10.0,True,True,
RB,concussion,2013,1,0,0,False,10.0,False,False,
RB,foot,2013,1,0,0,False,10.0,False,False,
RB,hamstring,2013,4,0,0,False,10.0,False,False,
TE,core,2013,1,0,2,True,1.0,False,False,1.3571428571428559
TE,groin,2013,2,0,2,True,1.0,False,False,1.3571428571428559
TE,hamstring,2013,1,0,2,True,1.0,False,False,1.3571428571428559
WR,ankle,2013,1,0,0,True,0.0,True,False,2.1499999999999986
WR,neck,2013,1,0,0,True,0.0,False,False,2.1499999999999986
WR,shoulder,2013,3,0,0,True,0.0,False,False,2.1499999999999986
RB,elbow,2013,2,0,2,True,5.0,False,False,-3.387662337662336
RB,ribs,2013,6,0,2,True,5.0,False,False,-3.387662337662336
RB,shoulder,2013,4,0,2,True,5.0,False,False,-3.387662337662336
RB,toe,2013,1,0,2,True,5.0,False,False,-3.387662337662336
WR,hip,2013,1,0,0,True,0.0,True,False,4.793750000000001
WR,shoulder,2013,1,0,0,True,0.0,False,False,4.793750000000001
WR,back,2013,6,0,0,True,0.0,False,False,1.4750000000000014
WR,foot,2013,1,0,0,True,0.0,False,False,1.4750000000000014
WR,hamstring,2013,1,0,0,True,0.0,False,False,1.4750000000000014
QB,ankle,2013,1,0,0,True,2.0,False,False,-0.6051785714285707
WR,groin,2013,1,0,0,True,4.0,False,False,-1.4500000000000028
QB,foot,2013,1,1,9,False,9.0,False,False,
QB,hip,2013,3,2,9,False,9.0,False,False,
QB,concussion,2013,1,1,7,False,14.0,False,False,
QB,ribs,2013,3,1,7,False,14.0,False,False,
QB,shoulder,2013,2,0,7,False,14.0,False,False,
QB,back,2013,1,0,0,True,0.0,True,False,-1.1637500000000003
QB,foot,2013,4,0,0,True,0.0,False,False,-1.1637500000000003
TE,foot,2013,5,5,8,True,7.0,False,False,-3.345833333333333
RB,groin,2013,1,0,8,True,0.0,False,False,-7.012499999999999
RB,hand,2013,4,0,8,True,0.0,False,False,-7.012499999999999
WR,quad,2013,1,0,0,True,1.0,False,False,-0.14500000000000135
RB,ankle,2013,5,1,1,True,4.0,False,False,-2.2349999999999994
RB,ribs,2013,1,0,1,True,4.0,False,False,-2.2349999999999994
TE,ankle,2013,5,2,3,True,4.0,False,False,-5.120512820512821
TE,groin,2013,4,0,3,True,4.0,False,False,-5.120512820512821
RB,knee,2013,4,0,2,True,0.0,False,False,5.115178571428572
RB,knee,2013,2,1,2,False,10.0,True,True,
RB,shoulder,2013,1,0,2,False,10.0,False,False,
WR,quad,2013,1,0,2,False,12.0,False,False,
WR,foot,2013,2,0,6,False,15.0,False,False,
WR,hamstring,2013,4,0,6,False,15.0,False,False,
WR,knee,2013,1,0,3,False,14.0,False,False,
TE,concussion,2013,2,1,1,True,6.0,True,True,-6.456666666666667
TE,groin,2013,1,0,1,True,6.0,False,False,-6.456666666666667
TE,ribs,2013,1,0,1,True,6.0,False,False,-6.456666666666667
WR,groin,2013,9,0,3,True,3.0,True,False,-3.247692307692308
WR,shoulder,2013,2,0,3,True,3.0,True,False,-3.247692307692308
RB,illness,2013,1,0,0,True,1.0,True,False,-6.257083333333332
RB,neck,2013,1,0,0,True,1.0,False,False,-6.257083333333332
RB,shoulder,2013,1,0,0,True,1.0,False,False,-6.257083333333332
TE,ankle,2013,2,0,2,True,4.0,True,False,-1.8452380952380985
TE,knee,2013,5,0,2,True,4.0,False,False,-1.8452380952380985
RB,ankle,2013,1,0,1,True,0.0,False,False,-4.42
RB,concussion,2013,1,1,1,True,0.0,False,False,-4.42
WR,shoulder,2013,5,3,3,True,6.0,False,False,-8.947692307692307
WR,back,2013,1,0,4,True,0.0,False,False,-3.6895833333333314
WR,concussion,2013,2,1,4,True,0.0,False,False,-3.6895833333333314
WR,elbow,2013,7,1,4,True,0.0,False,False,-3.6895833333333314
WR,hamstring,2013,1,0,4,True,0.0,False,False,-3.6895833333333314
WR,hand,2013,1,0,4,True,0.0,False,False,-3.6895833333333314
WR,illness,2013,1,0,4,True,0.0,True,False,-3.6895833333333314
RB,ankle,2013,2,0,10,True,1.0,False,False,5.963333333333329
RB,hamstring,2013,1,0,10,True,1.0,False,False,5.963333333333329
RB,shoulder,2013,7,3,10,True,1.0,False,False,5.963333333333329
WR,hamstring,2013,2,0,6,True,0.0,False,False,1.302500000000001
WR,shoulder,2013,1,0,6,True,0.0,True,False,1.302500000000001
WR,neck,2013,1,0,0,True,0.0,False,False,0.7437500000000004
WR,toe,2013,1,0,9,False,16.0,False,False,
WR,concussion,2013,2,0,5,False,16.0,False,False,
WR,knee,2013,3,0,5,False,16.0,False,False,
QB,hand,2013,2,1,8,False,14.0,False,False,
QB,shoulder,2013,1,0,8,False,14.0,False,False,
WR,hip,2013,1,0,0,False,13.0,True,False,
WR,ankle,2013,1,0,0,True,0.0,False,False,-2.375
RB,ribs,2013,1,0,0,True,0.0,False,False,0.22499999999999964
WR,ankle,2013,1,0,5,False,11.0,False,False,
WR,back,2013,5,3,5,False,11.0,False,False,
WR,hand,2013,1,0,5,False,11.0,False,False,
WR,shoulder,2013,3,0,5,False,11.0,False,False,
RB,knee,2013,9,0,5,True,4.0,False,False,-5.915909090909091
RB,other,2013,1,0,5,True,4.0,False,False,-5.915909090909091
WR,knee,2013,1,0,0,True,0.0,False,False,2.981250000000001
WR,foot,2013,1,0,0,False,16.0,True,True,
WR,shoulder,2013,2,0,0,False,16.0,False,False,
QB,concussion,2013,2,1,3,True,8.0,False,False,-5.295769230769231
QB,groin,2013,1,0,3,True,8.0,False,False,-5.295769230769231
WR,back,2013,2,0,2,True,5.0,False,False,-3.6564935064935074
WR,groin,2013,1,0,0,True,1.0,True,False,3.9916666666666654
WR,shoulder,2013,3,0,0,True,1.0,False,False,3.9916666666666654
WR,toe,2013,1,0,0,True,1.0,False,False,3.9916666666666654
RB,foot,2013,4,0,9,False,16.0,False,False,
RB,quad,2013,3,0,9,False,16.0,False,False,
RB,shoulder,2013,2,2,10,True,5.0,False,False,-4.58181818181818
RB,concussion,2013,1,0,0,True,0.0,False,False,6.53125
RB,pec,2013,1,0,0,True,0.0,False,False,6.53125
WR,shoulder,2013,1,0,0,True,0.0,False,False,4.822499999999999
WR,ankle,2013,3,0,0,True,0.0,False,False,-2.018749999999999
WR,shoulder,2013,3,0,0,True,0.0,False,False,-2.018749999999999
WR,ankle,2013,1,0,2,False,11.0,False,False,
QB,knee,2013,1,0,3,True,7.0,False,False,-6.679487179487177
RB,ankle,2013,1,0,0,True,1.0,False,False,-1.2029166666666677
RB,calf,2013,1,0,0,True,1.0,False,False,-1.2029166666666677
QB,concussion,2013,2,1,8,False,12.0,False,False,
QB,hand,2013,3,2,8,False,12.0,False,False,
TE,knee,2013,1,0,0,True,0.0,False,False,2.3187499999999996
QB,hand,2013,1,0,0,True,0.0,False,False,2.5737500000000004
QB,knee,2013,1,0,0,True,0.0,False,False,2.5737500000000004
QB,shoulder,2013,2,0,0,True,0.0,True,False,2.5737500000000004
WR,ankle,2013,2,0,0,True,2.0,False,False,-1.4562500000000007
WR,concussion,2013,1,0,0,True,2.0,False,False,-1.4562500000000007
WR,hip,2013,4,0,5,True,3.0,False,False,-5.794405594405595
WR,shoulder,2013,1,0,5,True,3.0,False,False,-5.794405594405595
TE,shoulder,2013,1,0,1,True,0.0,False,False,1.9795833333333324
WR,knee,2013,1,0,1,True,2.0,False,False,-2.287619047619046
WR,shoulder,2013,2,0,1,True,2.0,False,False,-2.287619047619046
RB,hamstring,2013,1,0,1,True,4.0,False,False,3.6966666666666654
RB,knee,2013,3,0,1,True,4.0,False,False,3.6966666666666654
RB,quad,2013,1,0,1,True,4.0,False,False,3.6966666666666654
RB,other,2013,1,0,9,False,11.0,False,False,
WR,hand,2013,1,0,2,True,3.0,False,False,-6.5637362637362635
WR,knee,2013,2,0,2,True,3.0,True,False,-6.5637362637362635
WR,neck,2013,1,0,2,True,3.0,False,False,-6.5637362637362635
WR,quad,2013,2,0,2,True,3.0,False,False,-6.5637362637362635
WR,ankle,2013,3,1,2,True,0.0,True,False,1.807142857142857
RB,hamstring,2013,1,0,0,True,3.0,False,False,0.7533653846153854
RB,ribs,2013,1,0,0,True,3.0,True,False,0.7533653846153854
TE,concussion,2013,5,2,7,True,5.0,False,False,-4.183838383838385
TE,hip,2013,1,0,7,True,5.0,False,False,-4.183838383838385
TE,quad,2013,2,0,7,True,5.0,False,False,-4.183838383838385
RB,ankle,2013,3,0,1,True,0.0,False,False,0.7270833333333364
RB,concussion,2013,2,0,1,True,0.0,True,False,0.7270833333333364
RB,concussion,2013,1,0,3,True,0.0,False,False,7.3971153846153825
RB,foot,2013,4,2,3,True,0.0,False,False,7.3971153846153825
TE,concussion,2013,1,0,0,True,0.0,False,False,2.0125
WR,concussion,2013,1,0,3,True,4.0,False,False,1.7987179487179494
WR,hand,2013,1,0,3,True,4.0,False,False,1.7987179487179494
WR,ankle,2013,3,0,3,True,1.0,False,False,-3.8112820512820527
QB,knee,2013,8,5,6,False,12.0,False,False,
RB,concussion,2013,1,0,3,True,7.0,False,False,-7.864102564102564
RB,foot,2013,2,0,3,True,7.0,False,False,-7.864102564102564
RB,ribs,2013,2,0,3,True,7.0,False,False,-7.864102564102564
WR,foot,2013,5,2,5,False,12.0,False,False,
WR,hamstring,2013,2,0,5,False,12.0,False,False,
WR,neck,2013,2,0,5,False,12.0,False,False,
WR,hamstring,2013,1,0,1,True,1.0,False,False,-0.16000000000000014
TE,knee,2013,1,0,1,False,15.0,False,False,
TE,neck,2013,1,0,1,False,15.0,False,False,
TE,other,2013,1,0,1,False,15.0,False,False,
WR,concussion,2013,2,1,1,True,4.0,False,False,-6.417666666666667
WR,hand,2013,1,0,1,True,4.0,False,False,-6.417666666666667
WR,ribs,2013,1,0,1,True,4.0,False,False,-6.417666666666667
WR,ankle,2013,3,0,0,True,0.0,True,False,6.237499999999999
WR,concussion,2013,1,0,0,True,0.0,False,False,6.237499999999999
WR,illness,2013,1,0,0,True,0.0,True,False,6.237499999999999
QB,ankle,2013,5,0,0,True,2.0,False,False,-1.3998214285714283
QB,hand,2013,1,0,0,True,2.0,False,False,-1.3998214285714283
RB,back,2013,1,0,0,True,0.0,False,False,-4.068749999999999
RB,ribs,2013,1,0,0,True,0.0,True,False,-4.068749999999999
QB,quad,2014,2,0,0,True,6.0,False,False,-11.406500000000001
QB,ankle,2014,11,0,0,True,0.0,False,False,4.664999999999999
QB,calf,2014,1,0,0,True,0.0,False,False,4.664999999999999
WR,illness,2014,1,0,0,False,9.0,False,False,
WR,other,2014,4,0,0,False,9.0,False,False,
WR,elbow,2014,2,1,1,False,16.0,False,False,
WR,other,2014,6,0,1,False,16.0,False,False,
QB,quad,2014,3,0,8,False,13.0,False,False,
QB,back,2014,1,0,5,True,8.0,False,False,5.98
QB,hand,2014,4,0,5,True,8.0,True,False,5.98
QB,shoulder,2014,5,1,10,True,0.0,False,False,2.570833333333333
TE,hamstring,2014,4,0,0,True,5.0,False,False,-0.39829545454545645
QB,back,2014,16,0,1,False,12.0,True,False,
WR,ankle,2014,8,0,1,True,0.0,False,False,-5.600416666666668
WR,concussion,2014,2,0,1,True,0.0,False,False,-5.600416666666668
WR,other,2014,4,0,1,True,0.0,True,False,-5.600416666666668
WR,calf,2014,1,0,0,True,1.0,False,False,-4.137083333333331
WR,ankle,2014,1,0,2,False,9.0,False,False,
WR,back,2014,1,0,2,False,9.0,False,False,
WR,other,2014,1,0,2,False,9.0,False,False,
RB,illness,2014,1,0,1,False,14.0,False,False,
RB,quad,2014,1,0,1,False,14.0,False,False,
QB,back,2014,1,0,0,True,0.0,False,False,1.1174999999999997
WR,hamstring,2014,1,0,1,True,2.0,False,False,0.049999999999998934
WR,quad,2014,2,0,1,True,2.0,False,False,0.049999999999998934
WR,knee,2014,7,0,2,True,0.0,False,False,6.7839285714285715
QB,other,2014,6,0,0,True,4.0,False,False,-0.4595833333333381
QB,ribs,2014,5,0,0,True,0.0,False,False,2.177500000000002
WR,shoulder,2014,1,0,0,True,3.0,False,False,3.3663461538461563
QB,other,2014,1,1,1,True,0.0,False,False,2.2858333333333345
QB,shoulder,2014,1,0,1,True,0.0,False,False,2.2858333333333345
QB,calf,2014,1,0,0,True,0.0,False,False,-3.8062499999999986
QB,hamstring,2014,1,0,0,True,0.0,False,False,-3.8062499999999986
WR,ankle,2014,4,0,2,True,1.0,True,False,-8.724285714285713
WR,hamstring,2014,2,0,2,True,1.0,False,False,-8.724285714285713
WR,knee,2014,2,0,2,True,1.0,False,False,-8.724285714285713
TE,other,2014,11,0,0,True,1.0,True,False,-1.4866666666666664
WR,hand,2014,1,0,0,True,6.0,False,False,-0.6637499999999985
WR,knee,2014,1,0,0,True,6.0,True,True,-0.6637499999999985
WR,ribs,2014,3,0,0,True,6.0,False,False,-0.6637499999999985
RB,back,2014,2,0,0,True,0.0,False,False,1.418750000000001
RB,concussion,2014,1,0,0,True,0.0,False,False,1.418750000000001
RB,hip,2014,2,0,0,True,0.0,False,False,1.418750000000001
RB,knee,2014,1,0,0,True,0.0,False,False,1.418750000000001
QB,toe,2014,1,0,4,False,16.0,False,False,
RB,knee,2014,2,0,1,True,0.0,False,False,-0.5129166666666656
QB,calf,2014,1,0,4,True,0.0,False,False,2.848333333333331
RB,ankle,2014,1,0,2,True,1.0,True,False,-8.291428571428572
RB,groin,2014,4,1,2,True,1.0,False,False,-8.291428571428572
RB,ankle,2014,9,0,5,False,11.0,False,False,
RB,knee,2014,1,0,5,False,11.0,False,False,
TE,knee,2014,1,0,8,True,1.0,True,False,-3.751666666666667
WR,hamstring,2014,2,0,0,True,4.0,False,False,-6.758333333333334
WR,ribs,2014,2,0,0,True,4.0,False,False,-6.758333333333334
WR,ankle,2014,3,0,0,False,11.0,False,False,
WR,hamstring,2014,2,0,0,False,11.0,False,False,
WR,hand,2014,1,0,0,False,11.0,False,False,
QB,hand,2014,3,0,9,False,12.0,False,False,
TE,knee,2014,2,1,1,True,0.0,True,False,-0.9883333333333342
TE,other,2014,8,0,1,True,0.0,True,False,-0.9883333333333342
WR,ankle,2014,7,0,3,True,0.0,True,False,8.129807692307692
TE,concussion,2014,2,0,1,True,1.0,False,False,4.460000000000001
TE,knee,2014,1,0,1,True,1.0,False,False,4.460000000000001
TE,shoulder,2014,3,0,1,True,1.0,False,False,4.460000000000001
RB,illness,2014,1,0,5,False,12.0,False,False,
RB,ribs,2014,6,4,5,False,12.0,False,False,
WR,ankle,2014,13,0,3,True,0.0,True,False,-1.4903846153846132
RB,back,2014,7,0,0,False,9.0,False,False,
RB,calf,2014,2,0,0,False,9.0,True,False,
RB,other,2014,5,0,0,False,9.0,True,False,
WR,illness,2014,1,0,1,False,9.0,False,False,
WR,quad,2014,1,0,1,False,9.0,False,False,
WR,shoulder,2014,1,0,1,False,9.0,False,False,
TE,ankle,2014,2,0,0,True,0.0,False,False,0.41249999999999964
TE,calf,2014,1,0,0,True,0.0,False,False,0.41249999999999964
TE,knee,2014,2,0,0,True,0.0,True,False,0.41249999999999964
TE,other,2014,1,0,0,True,0.0,True,False,0.41249999999999964
QB,ankle,2014,2,0,7,False,10.0,False,False,
QB,concussion,2014,1,0,7,False,10.0,False,False,
QB,knee,2014,2,1,7,False,10.0,False,False,
RB,other,2014,2,0,6,False,10.0,False,False,
RB,ankle,2014,1,0,3,True,3.0,True,False,1.292307692307693
RB,hip,2014,1,0,3,True,3.0,False,False,1.292307692307693
RB,knee,2014,4,0,3,True,3.0,True,False,1.292307692307693
QB,illness,2014,1,0,0,True,6.0,False,False,-0.2085000000000008
RB,ankle,2014,8,0,0,True,5.0,False,False,3.4363636363636356
RB,knee,2014,6,0,0,True,5.0,True,False,3.4363636363636356
WR,elbow,2014,1,0,0,True,7.0,False,False,-4.007638888888888
WR,toe,2014,1,0,0,True,7.0,False,False,-4.007638888888888
WR,shin,2014,2,0,1,True,7.0,False,False,-2.5399999999999974
WR,shoulder,2014,3,0,1,True,7.0,False,False,-2.5399999999999974
TE,foot,2014,1,0,0,True,5.0,False,False,-3.592045454545456
TE,hamstring,2014,1,0,0,True,5.0,False,False,-3.592045454545456
TE,ribs,2014,2,0,0,True,5.0,True,True,-3.592045454545456
RB,ankle,2014,3,0,1,False,11.0,False,False,
RB,back,2014,1,0,1,False,11.0,False,False,
RB,hamstring,2014,1,0,1,False,11.0,False,False,
RB,knee,2014,3,0,1,False,11.0,False,False,
RB,shoulder,2014,1,0,1,False,11.0,False,False,
WR,foot,2014,13,3,4,True,2.0,False,False,-3.9785714285714295
WR,hip,2014,1,0,3,True,7.0,False,False,4.983760683760686
WR,knee,2014,4,3,3,True,7.0,False,False,4.983760683760686
RB,ankle,2014,1,0,0,True,6.0,True,False,-3.5287500000000023
RB,knee,2014,1,0,0,True,6.0,False,False,-3.5287500000000023
QB,other,2014,1,0,2,True,5.0,False,False,3.9390909090909076
QB,shoulder,2014,1,0,2,True,5.0,False,False,3.9390909090909076
RB,groin,2014,6,0,3,False,12.0,True,True,
RB,hamstring,2014,4,0,3,False,12.0,False,False,
RB,hip,2014,1,0,3,False,12.0,False,False,
RB,knee,2014,1,0,3,False,12.0,False,False,
RB,other,2014,1,0,3,False,12.0,False,False,
RB,ribs,2014,1,0,3,False,12.0,False,False,
RB,hamstring,2014,1,0,6,False,15.0,False,False,
RB,neck,2014,1,0,6,False,15.0,False,False,
WR,back,2014,1,0,0,True,1.0,False,False,-6.800416666666667
WR,calf,2014,1,0,0,True,1.0,False,False,-6.800416666666667
WR,foot,2014,1,0,0,True,1.0,False,False,-6.800416666666667
WR,hamstring,2014,2,0,0,True,1.0,False,False,-6.800416666666667
WR,ribs,2014,2,0,0,True,1.0,False,False,-6.800416666666667
WR,calf,2014,1,0,0,True,0.0,False,False,4.59375
WR,foot,2014,1,0,0,True,0.0,False,False,4.59375
WR,knee,2014,3,0,0,True,0.0,False,False,4.59375
WR,quad,2014,1,0,0,True,0.0,False,False,4.59375
WR,hamstring,2014,1,0,0,True,1.0,False,False,-1.1616666666666688
WR,ankle,2014,3,0,3,False,11.0,False,False,
WR,foot,2014,1,0,3,False,11.0,False,False,
WR,quad,2014,2,0,3,False,11.0,False,False,
WR,illness,2014,1,0,1,False,10.0,False,False,
WR,ankle,2014,1,0,0,True,0.0,False,False,-1.3499999999999996
WR,back,2014,1,0,0,True,0.0,False,False,-1.3499999999999996
WR,hip,2014,1,0,0,True,0.0,False,False,-1.3499999999999996
WR,knee,2014,1,0,0,True,0.0,True,False,-1.3499999999999996
WR,other,2014,1,0,0,True,0.0,False,False,-1.3499999999999996
TE,back,2014,2,0,0,True,0.0,False,False,-2.8937500000000007
WR,hand,2014,1,0,0,True,4.0,False,False,3.166666666666668
WR,knee,2014,1,0,0,True,4.0,False,False,3.166666666666668
WR,back,2014,1,1,5,False,11.0,False,False,
WR,back,2014,1,0,2,True,7.0,False,False,2.8976190476190418
WR,quad,2014,6,0,2,True,7.0,False,False,2.8976190476190418
RB,ankle,2014,3,1,5,True,0.0,False,False,-2.182386363636363
RB,knee,2014,5,3,5,True,0.0,False,False,-2.182386363636363
RB,achilles,2014,1,0,1,True,3.0,False,False,-5.082564102564106
RB,ankle,2014,1,0,1,True,3.0,True,True,-5.082564102564106
RB,concussion,2014,2,1,1,True,3.0,False,False,-5.082564102564106
RB,knee,2014,2,0,1,True,3.0,False,False,-5.082564102564106
RB,shoulder,2014,2,0,1,True,4.0,False,False,3.7266666666666692
RB,hamstring,2014,1,0,0,True,1.0,True,False,4.2133333333333365
RB,shoulder,2014,2,0,0,True,1.0,False,False,4.2133333333333365
TE,knee,2014,5,0,1,True,1.0,True,True,-0.519999999999996
WR,shoulder,2014,5,0,0,True,5.0,False,False,-5.086363636363636
WR,concussion,2014,1,0,0,True,1.0,False,False,-4.025416666666667
WR,hip,2014,1,0,0,True,1.0,False,False,-4.025416666666667
WR,illness,2014,1,0,0,True,1.0,False,False,-4.025416666666667
WR,quad,2014,1,0,0,True,1.0,False,False,-4.025416666666667
WR,hamstring,2014,7,0,1,True,1.0,False,False,2.966666666666665
WR,toe,2014,1,0,1,True,1.0,False,False,2.966666666666665
TE,shoulder,2014,4,0,1,True,5.0,False,False,-4.335757575757576
TE,back,2014,1,0,6,True,6.0,False,False,-2.400000000000001
TE,calf,2014,4,2,6,True,6.0,False,False,-2.400000000000001
TE,knee,2014,1,0,6,True,6.0,False,False,-2.400000000000001
WR,ankle,2014,1,0,0,True,4.0,False,False,-2.5687500000000005
WR,other,2014,1,0,0,True,0.0,False,False,0.5812500000000007
RB,ribs,2014,1,0,7,True,3.0,False,False,-1.705982905982907
RB,ankle,2014,3,2,10,True,3.0,False,False,-1.842307692307692
RB,knee,2014,8,7,10,True,3.0,False,False,-1.842307692307692
RB,shoulder,2014,1,0,10,True,3.0,False,False,-1.842307692307692
TE,knee,2014,1,0,1,True,2.0,True,False,-5.892857142857142
TE,quad,2014,1,0,1,True,2.0,False,False,-5.892857142857142
TE,toe,2014,2,0,1,True,2.0,False,False,-5.892857142857142
WR,ankle,2014,4,0,0,True,0.0,False,False,-5.5624999999999964
RB,hand,2014,2,0,5,False,16.0,False,False,
RB,knee,2014,3,2,5,False,16.0,False,False,
WR,hamstring,2014,1,0,0,True,0.0,False,False,-3.575000000000001
WR,hip,2014,1,0,0,True,0.0,True,False,-3.575000000000001
WR,shoulder,2014,6,0,0,True,7.0,False,False,-10.058333333333334
WR,hand,2014,1,0,1,True,8.0,False,False,-3.8683333333333314
WR,illness,2014,1,0,1,True,8.0,False,False,-3.8683333333333314
WR,quad,2014,2,0,1,True,8.0,False,False,-3.8683333333333314
QB,back,2014,2,1,2,True,0.0,False,False,6.506428571428568
QB,ribs,2014,2,0,2,True,0.0,False,False,6.506428571428568
WR,foot,2014,1,0,4,True,0.0,False,False,-0.3874999999999993
WR,other,2014,1,0,4,True,0.0,False,False,-0.3874999999999993
WR,quad,2014,1,0,4,True,0.0,False,False,-0.3874999999999993
WR,toe,2014,6,0,4,True,0.0,False,False,-0.3874999999999993
WR,ankle,2014,5,0,1,True,0.0,False,False,2.9525000000000006
WR,hip,2014,3,0,1,True,0.0,False,False,2.9525000000000006
WR,illness,2014,1,0,1,True,0.0,False,False,2.9525000000000006
QB,hand,2014,5,0,9,False,16.0,False,False,
RB,ankle,2014,1,0,3,True,4.0,False,False,1.5153846153846136
RB,hand,2014,4,3,3,True,4.0,False,False,1.5153846153846136
RB,shoulder,2014,3,0,3,True,4.0,True,False,1.5153846153846136
QB,back,2014,1,0,0,True,7.0,False,False,-3.6093055555555544
TE,ankle,2014,2,0,7,True,0.0,False,False,1.5583333333333336
TE,core,2014,11,6,7,True,0.0,False,False,1.5583333333333336
RB,ankle,2014,5,0,0,True,0.0,False,False,-0.46250000000000036
RB,illness,2014,1,0,0,True,0.0,False,False,-0.46250000000000036
RB,shoulder,2014,1,0,0,True,0.0,False,False,-0.46250000000000036
WR,knee,2014,2,0,1,True,0.0,True,False,-4.854999999999999
RB,hand,2014,2,0,0,True,1.0,False,False,-11.700416666666667
RB,illness,2014,1,0,0,True,1.0,False,False,-11.700416666666667
RB,knee,2014,1,1,10,True,8.0,True,False,-8.066666666666668
TE,ankle,2014,1,0,6,True,0.0,False,False,-2.2650000000000006
TE,concussion,2014,6,4,6,True,0.0,False,False,-2.2650000000000006
TE,shoulder,2014,3,0,6,True,0.0,False,False,-2.2650000000000006
RB,quad,2014,1,0,3,True,8.0,False,False,-6.4923076923076914
RB,toe,2014,2,1,3,True,8.0,False,False,-6.4923076923076914
WR,groin,2014,1,0,3,True,5.0,False,False,0.6883916083916084
WR,hamstring,2014,6,1,3,True,5.0,True,True,0.6883916083916084
WR,illness,2014,1,0,3,True,5.0,False,False,0.6883916083916084
WR,shoulder,2014,1,0,3,True,5.0,True,True,0.6883916083916084
TE,ankle,2014,6,0,4,True,4.0,False,False,-3.5333333333333314
TE,hamstring,2014,5,0,2,True,3.0,False,False,-0.372527472527473
TE,knee,2014,10,0,2,True,3.0,True,False,-0.372527472527473
RB,concussion,2014,2,1,1,True,1.0,False,False,-10.053333333333331
RB,foot,2014,2,0,1,True,1.0,False,False,-10.053333333333331
RB,groin,2014,1,0,1,True,1.0,False,False,-10.053333333333331
WR,ankle,2014,1,0,3,True,1.0,False,False,-1.8857435897435888
WR,hamstring,2014,1,0,3,True,1.0,True,False,-1.8857435897435888
WR,hip,2014,1,0,3,True,1.0,False,False,-1.8857435897435888
WR,shoulder,2014,1,0,0,True,1.0,False,False,-4.989166666666668
WR,groin,2014,1,0,0,True,0.0,False,False,6.443750000000001
RB,ankle,2014,1,1,8,False,9.0,False,False,
WR,hamstring,2014,4,0,0,True,7.0,True,True,1.6687499999999993
RB,ankle,2014,1,0,0,True,0.0,False,False,-5.51875
RB,knee,2014,1,0,0,True,0.0,False,False,-5.51875
WR,ankle,2014,1,0,1,True,0.0,False,False,2.653833333333333
WR,hamstring,2014,1,1,1,True,0.0,False,False,2.653833333333333
RB,ankle,2014,2,0,1,True,1.0,False,False,-7.180000000000001
RB,hand,2014,2,0,1,True,1.0,False,False,-7.180000000000001
QB,collarbone,2014,8,8,8,True,5.0,False,False,-7.180454545454545
WR,back,2014,1,0,1,True,1.0,False,False,-2.920000000000001
WR,hamstring,2014,2,0,1,True,1.0,False,False,-2.920000000000001
WR,ankle,2014,1,0,1,True,0.0,False,False,-4.866666666666665
WR,groin,2014,1,0,1,True,0.0,True,False,-4.866666666666665
WR,hamstring,2014,3,0,1,True,0.0,False,False,-4.866666666666665
WR,other,2014,1,0,1,True,0.0,False,False,-4.866666666666665
RB,ankle,2014,4,1,5,True,0.0,False,False,7.963068181818182
RB,knee,2014,3,0,5,True,0.0,True,False,7.963068181818182
RB,foot,2014,1,0,0,True,0.0,False,False,0.59375
RB,knee,2014,2,0,0,True,0.0,False,False,0.59375
RB,shoulder,2014,3,0,0,True,0.0,False,False,0.59375
WR,groin,2014,1,0,0,True,1.0,False,False,1.4141666666666666
WR,knee,2014,1,0,0,True,1.0,True,False,1.4141666666666666
QB,ankle,2014,8,5,7,False,16.0,False,False,
QB,shoulder,2014,1,0,7,False,16.0,False,False,
RB,hamstring,2014,1,0,1,False,16.0,False,False,
RB,illness,2014,1,0,1,False,16.0,False,False,
RB,foot,2014,7,4,8,True,0.0,True,False,-2.6999999999999993
RB,shoulder,2014,1,0,8,True,0.0,False,False,-2.6999999999999993
TE,ankle,2014,3,2,4,True,3.0,True,True,-7.169871794871796
TE,knee,2014,1,1,4,True,3.0,False,False,-7.169871794871796
QB,ankle,2014,2,0,0,True,0.0,True,False,-1.3237500000000004
QB,shoulder,2014,1,0,0,True,0.0,False,False,-1.3237500000000004
WR,hand,2014,3,0,2,True,6.0,False,False,-2.299999999999999
RB,knee,2014,1,0,0,True,0.0,True,False,-3.8625
RB,ankle,2014,4,0,2,True,1.0,True,False,-5.701428571428572
TE,core,2014,1,0,0,True,1.0,False,False,2.447083333333337
TE,knee,2014,1,0,0,True,1.0,False,False,2.447083333333337
WR,quad,2014,3,0,1,True,1.0,True,False,-5.859999999999998
RB,hamstring,2014,5,1,3,True,0.0,False,False,3.9028846153846164
RB,toe,2014,1,0,3,True,0.0,False,False,3.9028846153846164
WR,ankle,2014,1,0,2,True,8.0,False,False,8.014285714285714
WR,collarbone,2014,1,1,2,True,8.0,False,False,8.014285714285714
WR,groin,2014,2,0,2,True,8.0,False,False,8.014285714285714
WR,quad,2014,1,0,2,True,8.0,False,False,8.014285714285714
WR,ribs,2014,2,0,2,True,8.0,False,False,8.014285714285714
RB,foot,2014,10,0,4,True,6.0,False,False,-7.446666666666665
RB,hip,2014,3,1,4,True,6.0,False,False,-7.446666666666665
RB,other,2014,7,5,7,True,8.0,False,False,1.4236111111111107
WR,ankle,2014,4,0,0,True,2.0,False,False,-1.8499999999999996
WR,back,2014,1,0,0,True,2.0,False,False,-1.8499999999999996
RB,hip,2014,4,2,3,True,0.0,False,False,-3.0783653846153864
RB,ribs,2014,1,0,3,True,0.0,False,False,-3.0783653846153864
WR,groin,2014,1,0,0,True,0.0,False,False,1.7249999999999996
WR,illness,2014,1,0,0,True,0.0,False,False,1.7249999999999996
WR,other,2014,1,0,0,True,0.0,False,False,1.7249999999999996
TE,hamstring,2014,7,4,5,True,2.0,False,False,8.929870129870128
TE,hand,2014,1,0,5,True,2.0,False,False,8.929870129870128
TE,other,2014,1,0,5,True,2.0,False,False,8.929870129870128
RB,concussion,2014,1,0,0,True,1.0,False,False,-7.720416666666669
RB,hip,2014,1,0,0,True,1.0,False,False,-7.720416666666669
RB,other,2014,1,0,0,True,1.0,False,False,-7.720416666666669
RB,other,2014,1,0,0,False,10.0,False,False,
TE,ribs,2014,5,0,0,True,0.0,False,False,0.7687500000000007
RB,concussion,2014,2,1,3,True,0.0,True,False,6.351923076923077
WR,knee,2014,2,0,4,True,7.0,False,False,-1.938888888888889
WR,knee,2014,2,0,1,True,0.0,False,False,6.170416666666666
RB,ankle,2014,1,0,7,False,9.0,False,False,
RB,calf,2014,1,0,7,False,9.0,False,False,
WR,back,2014,2,0,1,True,0.0,False,False,-0.08791666666666842
WR,hand,2014,2,0,1,True,0.0,False,False,-0.08791666666666842
RB,foot,2014,1,1,3,True,4.0,True,False,-3.5333333333333323
WR,ankle,2014,1,0,0,True,0.0,False,False,6.037500000000001
WR,hand,2014,2,0,0,True,0.0,False,False,6.037500000000001
WR,illness,2014,1,0,0,True,0.0,False,False,6.037500000000001
QB,shoulder,2014,3,0,2,False,15.0,True,False,
RB,hamstring,2014,1,0,0,True,2.0,False,False,-4.952678571428572
RB,hip,2014,2,0,0,True,2.0,False,False,-4.952678571428572
RB,knee,2014,1,0,0,True,2.0,False,False,-4.952678571428572
RB,ribs,2014,1,0,0,True,2.0,False,False,-4.952678571428572
RB,hip,2014,2,0,1,True,0.0,False,False,0.6400000000000006
WR,ankle,2014,3,0,0,True,1.0,True,False,5.650416666666667
WR,foot,2014,1,0,0,True,1.0,True,False,5.650416666666667
TE,concussion,2014,3,2,2,False,16.0,False,False,
TE,knee,2014,1,0,2,False,16.0,False,False,
WR,ankle,2014,1,0,0,True,1.0,False,False,4.752083333333331
WR,hamstring,2014,1,0,0,True,1.0,True,False,4.752083333333331
WR,other,2014,1,0,0,True,1.0,False,False,4.752083333333331
RB,shoulder,2014,1,0,0,True,0.0,False,False,-7.231249999999999
RB,ankle,2014,1,0,0,True,2.0,False,False,1.9901785714285714
RB,knee,2014,1,0,0,True,2.0,False,False,1.9901785714285714
WR,ankle,2014,1,0,3,True,2.0,False,False,1.3851648351648347
WR,concussion,2014,3,2,3,True,2.0,False,False,1.3851648351648347
WR,illness,2014,1,0,3,True,2.0,True,False,1.3851648351648347
WR,shoulder,2014,1,0,3,True,2.0,True,False,1.3851648351648347
WR,shoulder,2014,1,0,0,True,4.0,False,False,-2.2270833333333337
WR,back,2014,1,0,4,True,1.0,False,False,-3.5383333333333375
WR,hamstring,2014,5,4,4,True,1.0,True,False,-3.5383333333333375
QB,ankle,2014,2,0,3,True,0.0,False,False,-1.2925000000000004
QB,shoulder,2014,4,1,9,False,9.0,False,False,
QB,ankle,2014,2,0,0,True,0.0,False,False,4.955000000000002
QB,hand,2014,1,0,0,True,0.0,True,False,4.955000000000002
QB,quad,2014,1,0,0,True,0.0,False,False,4.955000000000002
TE,core,2014,1,0,0,True,0.0,False,False,1.875
TE,knee,2014,4,0,0,True,0.0,False,False,1.875
WR,groin,2014,4,0,0,True,3.0,False,False,4.657692307692306
WR,hip,2014,1,0,0,True,3.0,False,False,4.657692307692306
WR,ribs,2014,5,0,0,True,3.0,False,False,4.657692307692306
WR,concussion,2014,1,0,0,False,16.0,False,False,
WR,knee,2014,1,0,0,False,16.0,False,False,
WR,illness,2014,2,0,6,True,5.0,True,False,2.5718181818181787
WR,shoulder,2014,3,0,6,True,5.0,False,False,2.5718181818181787
RB,ankle,2014,2,0,5,True,0.0,True,False,-3.9056818181818205
RB,back,2014,4,1,5,True,0.0,False,False,-3.9056818181818205
WR,foot,2014,1,0,2,True,3.0,True,False,0.8840659340659327
WR,shoulder,2014,1,0,0,True,0.0,False,False,5.6537500000000005
RB,ankle,2014,3,0,8,True,0.0,False,False,3.6875
QB,foot,2014,2,0,2,True,0.0,False,False,7.741785714285712
QB,hand,2014,3,0,2,True,0.0,False,False,7.741785714285712
QB,shoulder,2014,2,0,2,True,0.0,True,False,7.741785714285712
WR,groin,2014,2,1,1,True,1.0,False,False,-2.3999999999999986
WR,hamstring,2014,1,0,6,True,0.0,False,False,7.8825
WR,ankle,2014,1,0,4,True,7.0,False,False,-2.2972222222222225
WR,elbow,2014,1,0,4,True,7.0,False,False,-2.2972222222222225
WR,hamstring,2014,5,3,4,True,7.0,True,True,-2.2972222222222225
QB,back,2015,2,0,8,False,16.0,False,False,
QB,illness,2015,1,0,8,False,16.0,False,False,
QB,neck,2015,1,0,8,False,16.0,False,False,
QB,shoulder,2015,1,1,8,False,16.0,False,False,
QB,back,2015,1,0,6,False,16.0,False,False,
QB,foot,2015,8,6,6,False,16.0,False,False,
QB,other,2015,4,0,6,False,16.0,False,False,
QB,shoulder,2015,1,0,6,False,16.0,False,False,
QB,illness,2015,1,0,0,True,4.0,False,False,0.8362499999999997
WR,back,2015,2,0,9,True,2.0,False,False,-6.114285714285714
WR,knee,2015,1,0,9,True,2.0,False,False,-6.114285714285714
QB,foot,2015,2,0,1,True,0.0,False,False,0.423333333333332
QB,shoulder,2015,2,1,1,True,0.0,False,False,0.423333333333332
QB,ankle,2015,1,0,8,False,11.0,False,False,
QB,concussion,2015,2,1,8,False,11.0,False,False,
QB,hand,2015,1,0,8,False,11.0,False,False,
QB,ribs,2015,2,0,8,False,11.0,False,False,
QB,shoulder,2015,2,1,8,False,11.0,True,True,
QB,hand,2015,2,0,0,True,1.0,False,False,-3.6194999999999986
TE,hip,2015,1,0,5,True,3.0,False,False,-2.1762237762237735
TE,knee,2015,4,0,5,True,3.0,False,False,-2.1762237762237735
WR,other,2015,2,0,0,False,10.0,False,False,
WR,hamstring,2015,8,0,2,True,0.0,False,False,-1.5124999999999993
TE,ankle,2015,2,0,0,True,1.0,False,False,-0.015416666666666856
TE,ribs,2015,2,0,0,True,1.0,True,False,-0.015416666666666856
WR,concussion,2015,1,0,1,False,16.0,False,False,
WR,shoulder,2015,2,1,1,False,16.0,False,False,
WR,ankle,2015,3,2,2,False,16.0,False,False,
WR,other,2015,2,0,2,False,16.0,False,False,
WR,ankle,2015,7,0,0,True,0.0,False,False,-2.4812499999999993
WR,other,2015,1,0,0,True,0.0,False,False,-2.4812499999999993
QB,concussion,2015,1,0,4,True,2.0,False,False,-1.0938095238095187
QB,foot,2015,1,0,4,True,2.0,False,False,-1.0938095238095187
QB,illness,2015,1,0,4,True,2.0,False,False,-1.0938095238095187
QB,knee,2015,5,3,4,True,2.0,True,True,-1.0938095238095187
QB,foot,2015,2,0,0,True,0.0,False,False,-2.5962500000000013
TE,knee,2015,1,0,0,False,16.0,False,False,
WR,ankle,2015,4,1,3,False,16.0,False,False,
WR,core,2015,1,0,3,False,16.0,False,False,
WR,hamstring,2015,3,2,3,False,16.0,False,False,
WR,hip,2015,3,0,3,False,16.0,False,False,
QB,hand,2015,2,0,0,True,1.0,False,False,-1.9671666666666692
QB,shoulder,2015,1,0,0,True,0.0,False,False,4.923749999999998
WR,ankle,2015,1,0,1,False,16.0,False,False,
WR,elbow,2015,1,0,1,False,16.0,False,False,
WR,foot,2015,1,0,1,False,16.0,False,False,
WR,other,2015,1,0,1,False,16.0,False,False,
TE,other,2015,4,0,1,False,16.0,False,False,
TE,ribs,2015,3,0,1,False,16.0,False,False,
WR,knee,2015,8,4,6,False,11.0,False,False,
RB,ankle,2015,1,0,0,True,0.0,False,False,1.674999999999999
RB,foot,2015,1,0,0,True,0.0,False,False,1.674999999999999
QB,knee,2015,2,0,8,False,12.0,False,False,
QB,elbow,2015,1,0,0,True,2.0,False,False,-8.29642857142857
QB,hand,2015,9,0,0,True,2.0,False,False,-8.29642857142857
QB,hamstring,2015,3,1,1,False,11.0,False,False,
QB,illness,2015,1,0,1,False,11.0,False,False,
RB,foot,2015,1,0,0,True,8.0,False,False,-2.450000000000001
RB,illness,2015,1,0,0,True,8.0,False,False,-2.450000000000001
TE,knee,2015,7,0,0,False,16.0,False,False,
TE,other,2015,3,0,0,False,16.0,False,False,
TE,shoulder,2015,3,0,0,False,16.0,False,False,
WR,ankle,2015,5,0,0,True,1.0,False,False,-11.550833333333332
WR,calf,2015,1,0,0,True,1.0,False,False,-11.550833333333332
WR,ribs,2015,1,0,0,True,1.0,False,False,-11.550833333333332
WR,toe,2015,3,0,0,True,1.0,False,False,-11.550833333333332
TE,hamstring,2015,1,0,1,True,1.0,True,False,-3.753333333333334
TE,hand,2015,2,0,1,True,1.0,False,False,-3.753333333333334
WR,other,2015,7,0,3,False,16.0,False,False,
WR,ribs,2015,2,1,3,False,16.0,False,False,
WR,shoulder,2015,2,0,3,False,16.0,False,False,
WR,ankle,2015,9,0,0,False,16.0,False,False,
WR,other,2015,1,0,0,False,16.0,False,False,
RB,ankle,2015,2,0,0,False,13.0,False,False,
RB,hamstring,2015,1,0,0,False,13.0,False,False,
RB,hand,2015,1,0,0,False,13.0,False,False,
RB,hip,2015,1,0,0,False,13.0,False,False,
WR,knee,2015,2,0,1,True,0.0,False,False,-2.0787499999999994
WR,other,2015,2,0,1,True,0.0,False,False,-2.0787499999999994
WR,quad,2015,1,0,1,True,0.0,False,False,-2.0787499999999994
RB,calf,2015,1,0,9,False,16.0,False,False,
RB,core,2015,8,6,9,False,16.0,False,False,
RB,hamstring,2015,5,1,9,False,16.0,False,False,
RB,other,2015,2,0,9,False,16.0,False,False,
TE,knee,2015,1,0,0,True,0.0,False,False,-1.3499999999999996
TE,other,2015,1,0,0,True,0.0,False,False,-1.3499999999999996
WR,hamstring,2015,2,0,0,False,16.0,False,False,
WR,quad,2015,2,0,0,False,16.0,False,False,
TE,knee,2015,5,0,4,False,16.0,False,False,
WR,knee,2015,6,0,2,True,4.0,False,False,-5.177857142857144
QB,hip,2015,1,0,0,True,0.0,False,False,7.594999999999999
RB,groin,2015,2,0,0,False,13.0,False,False,
RB,ankle,2015,1,0,3,True,3.0,True,False,-1.4923076923076923
RB,foot,2015,3,3,3,True,3.0,True,False,-1.4923076923076923
RB,knee,2015,2,0,3,True,3.0,False,False,-1.4923076923076923
RB,other,2015,2,0,3,True,3.0,False,False,-1.4923076923076923
RB,knee,2015,1,0,5,False,12.0,False,False,
WR,ankle,2015,2,0,7,True,7.0,False,False,2.522222222222222
WR,back,2015,1,0,7,True,7.0,False,False,2.522222222222222
WR,hip,2015,1,0,7,True,7.0,False,False,2.522222222222222
WR,illness,2015,1,0,7,True,7.0,False,False,2.522222222222222
WR,knee,2015,7,4,7,True,7.0,False,False,2.522222222222222
RB,back,2015,1,0,3,True,2.0,False,False,-3.203296703296701
RB,knee,2015,5,1,3,True,2.0,True,True,-3.203296703296701
WR,foot,2015,1,0,7,True,1.0,False,False,0.49999999999999467
WR,hamstring,2015,7,5,7,True,1.0,True,False,0.49999999999999467
WR,illness,2015,1,0,7,True,1.0,False,False,0.49999999999999467
WR,knee,2015,2,0,7,True,1.0,False,False,0.49999999999999467
TE,quad,2015,1,0,5,True,0.0,False,False,0.3420454545454561
TE,ribs,2015,2,1,5,True,0.0,False,False,0.3420454545454561
WR,ankle,2015,1,0,2,True,8.0,False,False,-1.8214285714285712
WR,ribs,2015,3,2,2,True,8.0,False,False,-1.8214285714285712
TE,back,2015,1,0,1,True,8.0,False,False,-1.1883333333333326
TE,concussion,2015,2,1,1,True,8.0,False,False,-1.1883333333333326
TE,shoulder,2015,1,0,1,True,8.0,True,True,-1.1883333333333326
TE,ankle,2015,2,0,0,True,0.0,False,False,-6.975
RB,knee,2015,1,0,10,True,0.0,False,False,-6.7875
WR,knee,2015,2,0,0,True,0.0,False,False,1.0562500000000004
WR,groin,2015,4,1,7,False,16.0,False,False,
WR,hamstring,2015,3,1,7,False,16.0,False,False,
RB,ankle,2015,1,0,6,True,7.0,False,False,-5.995555555555555
RB,shoulder,2015,1,0,6,True,7.0,False,False,-5.995555555555555
QB,other,2015,1,0,0,True,0.0,False,False,-1.1874999999999964
QB,quad,2015,1,0,0,True,0.0,False,False,-1.1874999999999964
QB,ribs,2015,1,0,0,True,0.0,False,False,-1.1874999999999964
QB,concussion,2015,5,2,5,False,10.0,False,False,
WR,knee,2015,1,0,1,True,0.0,False,False,6.269166666666667
WR,ankle,2015,1,0,0,True,0.0,True,False,0.5062500000000014
WR,back,2015,1,0,1,True,4.0,False,False,-7.388333333333332
WR,concussion,2015,2,0,1,True,4.0,False,False,-7.388333333333332
WR,knee,2015,1,0,0,True,1.0,False,False,5.555
WR,shoulder,2015,2,0,0,True,1.0,True,False,5.555
RB,hamstring,2015,7,2,4,True,1.0,True,False,5.645000000000001
RB,knee,2015,2,2,4,True,1.0,False,False,5.645000000000001
RB,shoulder,2015,1,0,4,True,1.0,False,False,5.645000000000001
WR,concussion,2015,2,1,4,False,16.0,False,False,
WR,hip,2015,1,0,4,False,16.0,False,False,
WR,quad,2015,2,0,4,False,16.0,False,False,
TE,ribs,2015,3,0,3,True,6.0,True,False,3.544615384615385
TE,shoulder,2015,1,0,3,True,6.0,False,False,3.544615384615385
TE,toe,2015,1,0,3,True,6.0,False,False,3.544615384615385
WR,foot,2015,7,5,7,True,0.0,True,False,-4.627083333333328
WR,knee,2015,2,0,7,True,0.0,False,False,-4.627083333333328
RB,ankle,2015,5,2,3,False,13.0,False,False,
RB,shoulder,2015,1,0,3,False,13.0,False,False,
RB,groin,2015,1,0,1,True,5.0,False,False,-5.2496969696969735
RB,hamstring,2015,3,0,1,True,5.0,True,True,-5.2496969696969735
RB,knee,2015,2,0,1,True,5.0,False,False,-5.2496969696969735
RB,quad,2015,3,0,1,True,5.0,False,False,-5.2496969696969735
WR,back,2015,4,0,5,True,6.0,False,False,-0.8499999999999996
WR,concussion,2015,1,0,5,True,6.0,True,True,-0.8499999999999996
WR,hamstring,2015,1,0,5,True,6.0,False,False,-0.8499999999999996
WR,ankle,2015,1,0,5,False,10.0,False,False,
WR,illness,2015,1,0,5,False,10.0,False,False,
WR,knee,2015,3,2,5,False,10.0,False,False,
TE,knee,2015,2,1,1,True,8.0,False,False,-4.852500000000003
TE,other,2015,1,0,1,True,8.0,False,False,-4.852500000000003
WR,foot,2015,2,0,5,True,0.0,False,False,3.4551136363636363
WR,ankle,2015,6,0,1,True,1.0,False,False,-1.0200000000000014
WR,hand,2015,1,0,1,True,1.0,False,False,-1.0200000000000014
WR,shoulder,2015,2,0,1,True,1.0,False,False,-1.0200000000000014
WR,knee,2015,14,0,1,False,13.0,False,False,
RB,hip,2015,1,0,0,True,7.0,False,False,-4.0368055555555555
QB,concussion,2015,2,1,2,True,1.0,False,False,0.8705714285714272
QB,shoulder,2015,4,0,2,True,1.0,False,False,0.8705714285714272
RB,knee,2015,2,1,3,False,10.0,False,False,
RB,concussion,2015,4,3,3,True,3.0,False,False,1.776923076923076
RB,groin,2015,3,0,3,True,3.0,False,False,1.776923076923076
WR,hamstring,2015,1,0,0,True,0.0,False,False,-2.7562500000000014
WR,hand,2015,1,0,0,True,0.0,False,False,-2.7562500000000014
WR,neck,2015,2,0,0,True,0.0,False,False,-2.7562500000000014
WR,other,2015,1,0,0,True,0.0,False,False,-2.7562500000000014
WR,ankle,2015,1,0,0,True,0.0,True,False,1.1374999999999993
WR,calf,2015,1,0,0,True,0.0,False,False,1.1374999999999993
WR,hip,2015,1,0,0,True,0.0,False,False,1.1374999999999993
WR,quad,2015,1,0,0,True,0.0,False,False,1.1374999999999993
WR,foot,2015,14,4,7,True,3.0,False,False,4.125641025641025
WR,hamstring,2015,1,0,7,True,3.0,False,False,4.125641025641025
WR,concussion,2015,7,6,8,True,0.0,False,False,-1.6124999999999998
QB,other,2015,1,0,0,True,1.0,False,False,-7.554333333333332
WR,knee,2015,1,0,0,True,6.0,False,False,1.3524999999999991
WR,hamstring,2015,2,0,0,True,2.0,False,False,-4.133928571428569
WR,knee,2015,1,0,0,True,2.0,False,False,-4.133928571428569
WR,toe,2015,3,0,0,True,2.0,True,True,-4.133928571428569
RB,shoulder,2015,2,0,4,True,0.0,False,False,-1.5
QB,groin,2015,1,0,3,True,0.0,False,False,-2.4946153846153862
QB,hand,2015,3,3,3,True,0.0,False,False,-2.4946153846153862
QB,hand,2015,1,0,7,True,5.0,False,False,6.250101010101009
QB,shoulder,2015,1,0,7,True,5.0,False,False,6.250101010101009
WR,back,2015,5,0,0,True,4.0,True,False,-2.533333333333334
WR,knee,2015,1,0,0,True,4.0,False,False,-2.533333333333334
WR,shoulder,2015,6,0,0,True,3.0,False,False,-1.2519230769230756
RB,groin,2015,1,0,1,True,0.0,False,False,6.806666666666667
RB,hamstring,2015,2,0,1,True,0.0,False,False,6.806666666666667
QB,ribs,2015,2,0,9,False,12.0,False,False,
WR,hamstring,2015,4,3,9,False,16.0,False,False,
WR,hand,2015,1,0,9,False,16.0,False,False,
WR,ribs,2015,2,0,9,False,16.0,False,False,
WR,hamstring,2015,6,4,5,False,9.0,True,True,
WR,shoulder,2015,2,1,5,False,9.0,False,False,
RB,ankle,2015,6,2,5,True,0.0,False,False,0.4056818181818205
RB,groin,2015,1,0,5,True,0.0,False,False,0.4056818181818205
TE,core,2015,3,0,4,True,7.0,False,False,-1.1277777777777764
TE,hand,2015,6,4,4,True,7.0,False,False,-1.1277777777777764
TE,ribs,2015,1,0,4,True,7.0,False,False,-1.1277777777777764
RB,core,2015,4,0,9,False,9.0,False,False,
TE,back,2015,2,2,3,True,1.0,False,False,-0.4046153846153846
TE,calf,2015,2,0,3,True,1.0,False,False,-0.4046153846153846
TE,knee,2015,2,0,3,True,1.0,True,False,-0.4046153846153846
WR,back,2015,1,0,1,True,0.0,False,False,-7.00125
WR,shoulder,2015,2,0,1,True,0.0,False,False,-7.00125
QB,ankle,2015,1,0,2,True,1.0,False,False,-1.338666666666665
QB,knee,2015,3,1,2,True,1.0,False,False,-1.338666666666665
QB,ribs,2015,1,0,2,True,1.0,False,False,-1.338666666666665
QB,shoulder,2015,3,0,2,True,1.0,False,False,-1.338666666666665
RB,back,2015,3,0,5,True,1.0,False,False,0.17818181818181866
RB,knee,2015,1,1,5,True,1.0,False,False,0.17818181818181866
WR,hamstring,2015,2,0,1,True,1.0,False,False,2.555999999999999
WR,hand,2015,1,0,1,True,1.0,False,False,2.555999999999999
WR,knee,2015,2,0,1,True,1.0,False,False,2.555999999999999
WR,neck,2015,2,1,3,True,0.0,False,False,2.713461538461538
WR,ankle,2015,1,0,0,True,0.0,False,False,-0.9562500000000007
WR,hamstring,2015,1,0,0,True,0.0,False,False,-0.9562500000000007
WR,toe,2015,1,0,0,True,0.0,False,False,-0.9562500000000007
TE,neck,2015,4,4,8,False,9.0,False,False,
WR,knee,2015,2,0,0,True,0.0,False,False,3.3687500000000004
WR,calf,2015,2,0,7,True,4.0,False,False,-6.0
WR,groin,2015,3,0,7,True,4.0,False,False,-6.0
WR,hamstring,2015,6,1,7,True,4.0,True,False,-6.0
RB,ribs,2015,2,0,0,True,2.0,False,False,-3.5267857142857144
WR,calf,2015,1,0,0,True,0.0,False,False,-3.1875
RB,hamstring,2015,2,0,10,True,1.0,False,False,-1.2666666666666675
WR,hamstring,2015,3,0,0,False,16.0,False,False,
WR,ankle,2015,1,0,0,True,2.0,False,False,-2.954464285714284
WR,ribs,2015,1,0,0,True,2.0,False,False,-2.954464285714284
WR,shoulder,2015,1,0,0,True,2.0,False,False,-2.954464285714284
TE,ankle,2015,7,0,3,False,10.0,False,False,
TE,concussion,2015,3,0,3,False,10.0,True,True,
WR,foot,2015,1,0,0,True,1.0,True,False,1.2512499999999989
WR,hamstring,2015,2,0,0,True,1.0,True,False,1.2512499999999989
WR,hamstring,2015,6,0,7,False,15.0,False,False,
RB,hamstring,2015,3,1,3,True,6.0,False,False,-3.2869230769230766
RB,knee,2015,2,1,3,True,6.0,False,False,-3.2869230769230766
WR,ribs,2015,5,2,5,True,0.0,False,False,1.081818181818182
WR,calf,2015,1,0,0,True,0.0,False,False,4.275
WR,foot,2015,1,0,0,True,0.0,False,False,4.275
WR,groin,2015,1,0,0,True,0.0,False,False,4.275
WR,knee,2015,2,0,0,True,0.0,True,False,4.275
RB,knee,2015,1,0,0,True,8.0,False,False,-4.893750000000001
RB,ankle,2015,2,0,0,True,2.0,True,True,-0.5491071428571423
RB,quad,2015,1,0,0,True,2.0,False,False,-0.5491071428571423
WR,hamstring,2015,4,0,1,True,2.0,True,False,-3.6480952380952374
WR,hand,2015,2,0,1,True,2.0,False,False,-3.6480952380952374
WR,knee,2015,1,0,1,True,2.0,False,False,-3.6480952380952374
QB,ankle,2015,1,0,9,True,1.0,False,False,1.821904761904758
QB,core,2015,7,7,9,True,1.0,False,False,1.821904761904758
QB,shoulder,2015,3,0,9,True,1.0,True,False,1.821904761904758
QB,concussion,2015,1,0,10,False,16.0,False,False,
QB,quad,2015,1,0,8,True,1.0,False,False,-3.332166666666666
QB,shoulder,2015,2,0,8,True,1.0,False,False,-3.332166666666666
RB,foot,2015,2,0,0,True,8.0,False,False,-7.1625000000000005
RB,other,2015,1,0,0,True,8.0,False,False,-7.1625000000000005
RB,quad,2015,3,0,0,True,8.0,False,False,-7.1625000000000005
QB,ankle,2015,1,0,0,True,3.0,False,False,-1.5142307692307693
QB,quad,2015,1,0,0,True,3.0,False,False,-1.5142307692307693
WR,knee,2015,5,4,6,True,5.0,False,False,-1.4727272727272744
WR,ribs,2015,3,2,6,True,5.0,False,False,-1.4727272727272744
RB,ankle,2015,6,0,1,False,9.0,False,False,
RB,back,2015,2,0,1,False,9.0,False,False,
WR,foot,2015,2,2,5,False,13.0,True,False,
WR,hamstring,2015,1,0,5,False,13.0,False,False,
WR,shoulder,2015,1,0,5,False,13.0,False,False,
TE,concussion,2015,2,1,1,True,2.0,False,False,1.7752380952380964
TE,groin,2015,1,0,1,True,2.0,False,False,1.7752380952380964
TE,hip,2015,1,0,1,True,2.0,False,False,1.7752380952380964
RB,groin,2015,2,0,0,True,6.0,False,False,4.9925
TE,achilles,2015,2,0,7,True,0.0,False,False,0.16805555555555518
TE,ankle,2015,1,0,7,True,0.0,False,False,0.16805555555555518
WR,hip,2015,1,0,8,False,15.0,False,False,
RB,knee,2015,4,1,6,True,2.0,False,False,-5.32
RB,toe,2015,5,2,6,True,2.0,False,False,-5.32
RB,back,2015,1,1,10,False,16.0,False,False,
RB,back,2015,3,0,3,True,0.0,False,False,2.0956730769230756
RB,shoulder,2015,6,1,3,True,0.0,False,False,2.0956730769230756
RB,hamstring,2015,1,0,7,True,2.0,False,False,4.630952380952385
RB,ribs,2015,3,0,7,True,2.0,True,False,4.630952380952385
WR,hip,2015,2,0,2,True,3.0,False,False,0.7115384615384617
WR,ankle,2015,2,0,0,False,13.0,False,False,
WR,ribs,2015,1,0,0,False,13.0,False,False,
TE,concussion,2015,3,2,2,True,4.0,True,True,-3.607142857142854
TE,quad,2015,1,0,2,True,4.0,False,False,-3.607142857142854
TE,shoulder,2015,1,0,2,True,4.0,True,True,-3.607142857142854
RB,ankle,2015,3,0,1,False,11.0,True,True,
RB,groin,2015,2,0,1,False,11.0,False,False,
RB,ribs,2015,2,0,1,False,11.0,False,False,
TE,ankle,2015,1,0,0,True,0.0,False,False,2.5625
TE,groin,2015,11,0,0,True,0.0,False,False,2.5625
TE,hip,2015,1,0,0,True,0.0,False,False,2.5625
TE,other,2015,1,0,0,True,0.0,False,False,2.5625
RB,concussion,2015,1,0,0,True,2.0,False,False,2.125
RB,shoulder,2015,2,0,0,True,2.0,False,False,2.125
WR,quad,2015,1,0,0,True,1.0,False,False,-2.7570833333333304
TE,concussion,2015,3,2,3,True,8.0,False,False,-2.3586538461538478
TE,knee,2015,1,0,3,True,8.0,False,False,-2.3586538461538478
TE,neck,2015,2,0,3,True,8.0,False,False,-2.3586538461538478
WR,concussion,2015,1,0,0,True,0.0,False,False,-8.731250000000001
WR,hamstring,2015,2,0,0,True,0.0,False,False,-8.731250000000001
WR,knee,2015,1,0,0,True,0.0,False,False,-8.731250000000001
RB,other,2015,1,0,0,True,0.0,False,False,4.768749999999999
RB,ribs,2015,1,0,0,True,0.0,False,False,4.768749999999999
RB,toe,2015,1,0,0,True,0.0,False,False,4.768749999999999
WR,calf,2015,2,0,1,True,1.0,False,False,0.4399999999999995
WR,knee,2015,3,0,1,True,1.0,False,False,0.4399999999999995
RB,achilles,2015,2,0,1,True,1.0,False,False,-2.780000000000004
RB,hamstring,2015,2,0,1,True,1.0,False,False,-2.780000000000004
RB,pec,2015,1,0,1,True,1.0,False,False,-2.780000000000004
WR,shin,2015,1,0,2,True,2.0,False,False,-0.9142857142857137
WR,shoulder,2015,5,0,2,True,2.0,False,False,-0.9142857142857137
RB,hamstring,2015,3,1,2,True,8.0,False,False,-7.815357142857144
WR,ankle,2015,4,0,1,True,5.0,False,False,-6.352121212121212
WR,concussion,2015,1,1,1,True,5.0,True,False,-6.352121212121212
WR,foot,2015,2,0,1,True,5.0,False,False,-6.352121212121212
WR,quad,2015,6,0,1,True,5.0,False,False,-6.352121212121212
TE,back,2015,2,1,6,False,11.0,False,False,
TE,calf,2015,3,2,6,False,11.0,False,False,
TE,shoulder,2015,1,0,6,False,11.0,False,False,
RB,foot,2015,8,6,9,True,3.0,False,False,3.195604395604395
RB,quad,2015,1,0,9,True,3.0,False,False,3.195604395604395
WR,hamstring,2015,8,0,1,True,1.0,True,False,-7.019999999999998
WR,shoulder,2015,1,0,1,True,1.0,False,False,-7.019999999999998
RB,back,2015,5,0,2,True,2.0,False,False,-4.192857142857143
RB,calf,2015,1,0,2,True,2.0,True,True,-4.192857142857143
RB,toe,2015,2,0,2,True,2.0,False,False,-4.192857142857143
WR,illness,2015,1,0,2,True,0.0,False,False,-3.567857142857143
WR,shoulder,2015,3,0,2,True,0.0,False,False,-3.567857142857143
WR,core,2015,1,0,0,True,0.0,False,False,-0.11249999999999982
WR,hamstring,2015,3,0,1,True,0.0,False,False,-2.767916666666661
WR,ankle,2015,3,0,0,True,1.0,False,False,0.495000000000001
WR,concussion,2015,1,0,0,True,1.0,False,False,0.495000000000001
QB,concussion,2015,1,0,0,False,16.0,False,False,
QB,shoulder,2015,2,0,0,False,16.0,False,False,
QB,hand,2015,1,0,0,True,1.0,False,False,1.4769999999999968
RB,concussion,2015,2,1,1,True,0.0,False,False,-3.7620833333333294
RB,hamstring,2015,1,0,1,True,0.0,False,False,-3.7620833333333294
RB,knee,2015,1,0,1,True,0.0,False,False,-3.7620833333333294
RB,toe,2015,2,0,1,True,0.0,False,False,-3.7620833333333294
QB,hand,2015,1,0,9,False,16.0,False,False,
TE,back,2015,1,0,0,True,2.0,True,False,-2.4437499999999996
RB,knee,2015,1,0,0,True,1.0,True,False,1.5095833333333335
WR,ankle,2015,3,1,3,True,8.0,False,False,-6.845192307692308
WR,calf,2015,3,1,3,True,8.0,False,False,-6.845192307692308
WR,hamstring,2015,1,0,3,True,8.0,False,False,-6.845192307692308
WR,toe,2015,3,0,0,True,7.0,False,False,0.38124999999999964
WR,hip,2015,1,0,5,False,16.0,False,False,
WR,illness,2015,2,0,5,False,16.0,False,False,
WR,ankle,2015,6,0,3,True,0.0,False,False,7.616826923076923
WR,foot,2015,1,0,3,True,0.0,False,False,7.616826923076923
WR,knee,2015,6,0,0,True,0.0,False,False,-2.535
TE,ankle,2015,1,0,2,True,3.0,True,True,1.7565934065934066
TE,illness,2015,1,0,2,True,3.0,False,False,1.7565934065934066
TE,knee,2015,3,2,2,True,3.0,True,False,1.7565934065934066
TE,quad,2015,1,0,2,True,3.0,False,False,1.7565934065934066
QB,shoulder,2015,1,0,0,True,0.0,False,False,-2.813749999999999
WR,hamstring,2015,3,0,1,True,0.0,False,False,4.707916666666666
QB,concussion,2015,1,1,7,False,16.0,False,False,
QB,elbow,2015,14,0,7,False,16.0,False,False,
TE,shoulder,2015,10,2,9,True,7.0,False,False,-7.64920634920635
WR,shin,2015,1,0,0,True,0.0,False,False,-6.918749999999999
WR,shoulder,2015,1,0,0,True,0.0,False,False,-6.918749999999999
WR,foot,2015,4,0,0,True,0.0,False,False,1.1312500000000014
WR,quad,2015,1,0,0,True,0.0,False,False,1.1312500000000014
WR,ankle,2015,1,0,6,True,1.0,False,False,1.0033333333333339
WR,foot,2015,3,0,6,True,1.0,False,False,1.0033333333333339
WR,hamstring,2015,1,0,3,True,3.0,False,False,3.5
RB,calf,2015,1,0,4,True,7.0,False,False,-3.3277777777777793
RB,knee,2015,1,0,4,True,7.0,False,False,-3.3277777777777793
RB,hip,2015,2,0,3,False,9.0,False,False,
RB,toe,2015,2,0,3,False,9.0,False,False,
RB,shoulder,2015,1,0,0,False,14.0,False,False,
RB,ankle,2015,2,0,2,True,3.0,False,False,12.233516483516484
RB,concussion,2015,4,3,5,False,16.0,False,False,
RB,shoulder,2015,4,2,5,False,16.0,False,False,
WR,ankle,2015,8,3,10,True,1.0,False,False,2.5666666666666664
RB,foot,2015,1,0,4,True,1.0,False,False,-4.311666666666667
RB,groin,2015,3,0,4,True,1.0,False,False,-4.311666666666667
RB,knee,2015,3,1,4,True,1.0,False,False,-4.311666666666667
WR,hip,2015,1,0,0,True,1.0,False,False,-2.1829166666666673
RB,foot,2015,1,0,3,True,0.0,False,False,-4.797115384615385
RB,knee,2015,3,1,3,True,0.0,False,False,-4.797115384615385
RB,other,2015,2,0,3,True,0.0,False,False,-4.797115384615385
RB,ankle,2015,1,0,0,True,0.0,True,False,-1.2562500000000014
RB,concussion,2015,1,0,0,True,0.0,False,False,-1.2562500000000014
RB,hamstring,2015,1,0,0,True,0.0,False,False,-1.2562500000000014
QB,knee,2015,5,4,4,True,1.0,False,False,-0.5056666666666665
QB,knee,2016,2,0,4,True,0.0,False,False,-3.8874999999999993
QB,quad,2016,2,0,4,True,0.0,False,False,-3.8874999999999993
WR,ankle,2016,3,0,2,False,16.0,False,False,
WR,quad,2016,1,0,2,False,16.0,False,False,
QB,concussion,2016,1,1,1,False,9.0,False,False,
QB,hamstring,2016,1,0,1,False,9.0,False,False,
TE,hamstring,2016,3,0,3,True,0.0,False,False,-6.39423076923077
WR,ankle,2016,1,0,0,False,16.0,False,False,
TE,ribs,2016,2,0,1,True,0.0,False,False,-0.9408333333333339
QB,knee,2016,2,1,2,True,1.0,False,False,-0.6455238095238087
QB,other,2016,1,1,1,True,1.0,False,False,4.693333333333337
QB,calf,2016,1,0,0,False,9.0,False,False,
QB,hamstring,2016,1,0,0,False,9.0,False,False,
RB,concussion,2016,1,1,1,False,13.0,False,False,
QB,knee,2016,1,0,2,False,10.0,False,False,
TE,groin,2016,1,0,1,True,0.0,False,False,-0.007500000000001172
RB,knee,2016,7,5,8,False,16.0,False,False,
WR,foot,2016,1,0,1,False,11.0,False,False,
WR,hip,2016,1,0,1,False,11.0,False,False,
WR,knee,2016,1,0,1,False,11.0,False,False,
WR,shoulder,2016,1,0,1,False,11.0,False,False,
TE,groin,2016,1,0,1,True,0.0,False,False,-1.7337500000000006
TE,hamstring,2016,2,0,1,True,0.0,False,False,-1.7337500000000006
WR,foot,2016,1,0,0,True,1.0,False,False,0.4587500000000002
TE,elbow,2016,1,0,0,False,9.0,False,False,
RB,ankle,2016,1,0,3,True,1.0,False,False,-3.2789743589743594
RB,foot,2016,1,0,3,True,1.0,False,False,-3.2789743589743594
RB,hamstring,2016,4,3,3,True,1.0,False,False,-3.2789743589743594
QB,shoulder,2016,1,0,0,True,0.0,False,False,-3.59
WR,calf,2016,2,0,7,False,16.0,False,False,
WR,toe,2016,8,2,7,False,16.0,False,False,
RB,knee,2016,3,1,2,True,4.0,True,True,-3.509523809523813
WR,hamstring,2016,1,0,1,True,2.0,False,False,-2.526190476190475
WR,shoulder,2016,4,0,1,True,2.0,False,False,-2.526190476190475
TE,ankle,2016,11,0,0,True,7.0,False,False,-4.276388888888889
TE,shoulder,2016,2,2,8,False,16.0,False,False,
TE,other,2016,1,0,0,False,16.0,False,False,
WR,ribs,2016,1,0,0,True,1.0,False,False,-2.5825000000000014
WR,ankle,2016,3,0,0,True,3.0,False,False,-2.0221153846153843
WR,hand,2016,2,0,0,True,3.0,False,False,-2.0221153846153843
WR,groin,2016,5,3,4,True,4.0,False,False,-0.625
WR,quad,2016,2,0,1,True,4.0,False,False,-8.48
WR,shoulder,2016,1,0,1,True,4.0,False,False,-8.48
RB,hamstring,2016,3,0,1,True,0.0,False,False,-4.061666666666667
RB,hand,2016,2,0,1,True,0.0,False,False,-4.061666666666667
TE,ankle,2016,7,5,6,True,0.0,False,False,1.1675000000000004
TE,ribs,2016,3,0,6,True,8.0,False,False,-5.010000000000001
WR,foot,2016,8,0,0,False,16.0,False,False,
RB,hand,2016,4,0,3,False,16.0,False,False,
WR,ankle,2016,1,0,2,False,16.0,False,False,
RB,hip,2016,2,0,0,True,0.0,False,False,-8.39375
RB,calf,2016,1,0,5,True,2.0,False,False,-2.8136363636363635
RB,hamstring,2016,3,1,5,True,2.0,False,False,-2.8136363636363635
RB,other,2016,2,1,5,True,2.0,False,False,-2.8136363636363635
TE,back,2016,1,1,8,True,3.0,False,False,5.150961538461537
TE,hamstring,2016,6,0,8,True,3.0,False,False,5.150961538461537
TE,ribs,2016,2,1,8,True,3.0,False,False,5.150961538461537
TE,knee,2016,2,0,0,True,0.0,False,False,-1.4250000000000007
TE,hand,2016,1,0,0,False,16.0,False,False,
RB,concussion,2016,3,2,7,False,16.0,False,False,
RB,knee,2016,5,3,7,False,16.0,False,False,
RB,knee,2016,3,2,3,False,16.0,False,False,
WR,hip,2016,1,0,0,True,0.0,False,False,-1.3687500000000004
WR,ankle,2016,1,0,0,True,0.0,False,False,0.08750000000000036
WR,back,2016,4,0,3,True,0.0,False,False,-2.5423076923076913
WR,knee,2016,6,0,3,True,0.0,True,False,-2.5423076923076913
QB,concussion,2016,2,1,1,True,0.0,False,False,1.7668333333333344
QB,shoulder,2016,2,0,1,True,0.0,True,False,1.7668333333333344
WR,hamstring,2016,6,4,6,True,0.0,False,False,-4.783749999999998
WR,calf,2016,1,0,2,True,0.0,False,False,-3.2535714285714334
WR,toe,2016,2,1,2,True,0.0,False,False,-3.2535714285714334
RB,concussion,2016,1,0,0,True,0.0,False,False,2.4250000000000007
RB,toe,2016,2,0,0,True,0.0,True,False,2.4250000000000007
WR,ankle,2016,3,0,3,True,2.0,False,False,-0.13736263736263865
WR,hamstring,2016,2,0,3,True,2.0,False,False,-0.13736263736263865
RB,knee,2016,1,0,0,True,1.0,False,False,-2.6075
TE,ankle,2016,2,0,7,True,2.0,False,False,-2.136507936507938
TE,back,2016,3,2,7,True,2.0,False,False,-2.136507936507938
TE,elbow,2016,1,0,7,True,2.0,False,False,-2.136507936507938
RB,foot,2016,5,3,6,True,0.0,False,False,-6.755
WR,ankle,2016,1,0,0,True,8.0,False,False,-3.174999999999999
TE,ankle,2016,1,0,1,True,3.0,False,False,0.019999999999999574
TE,knee,2016,13,0,1,True,3.0,True,True,0.019999999999999574
RB,ankle,2016,1,0,0,False,16.0,False,False,
WR,back,2016,4,1,1,True,7.0,False,False,3.3844444444444477
WR,shoulder,2016,2,0,1,True,7.0,True,True,3.3844444444444477
WR,hamstring,2016,1,0,0,True,8.0,False,False,-7.37125
WR,hamstring,2016,2,0,4,True,0.0,False,False,-0.056250000000000355
WR,knee,2016,2,0,4,True,0.0,False,False,-0.056250000000000355
RB,toe,2016,2,0,1,False,9.0,False,False,
WR,knee,2016,5,0,2,True,0.0,False,False,-1.576785714285716
RB,hand,2016,1,0,1,False,10.0,False,False,
TE,concussion,2016,2,1,10,False,16.0,False,False,
WR,foot,2016,1,0,1,True,0.0,False,False,2.2300000000000004
WR,hamstring,2016,1,0,1,True,0.0,False,False,2.2300000000000004
WR,quad,2016,2,0,1,True,0.0,False,False,2.2300000000000004
WR,back,2016,1,0,0,True,0.0,False,False,-6.325000000000001
WR,hip,2016,2,0,0,True,0.0,False,False,-6.325000000000001
WR,knee,2016,1,0,0,True,0.0,False,False,-6.325000000000001
RB,hamstring,2016,7,5,8,True,5.0,False,False,-3.778409090909091
RB,ankle,2016,2,1,2,True,0.0,False,False,-2.413392857142858
RB,shoulder,2016,1,0,2,True,0.0,False,False,-2.413392857142858
WR,groin,2016,1,1,1,True,1.0,False,False,1.7026666666666674
WR,hamstring,2016,2,0,2,True,6.0,True,False,-6.59857142857143
WR,calf,2016,1,0,0,False,10.0,False,False,
QB,concussion,2016,1,1,1,False,16.0,False,False,
QB,shoulder,2016,1,0,1,False,16.0,True,True,
TE,ankle,2016,3,2,2,True,4.0,False,False,-6.064285714285713
TE,hip,2016,1,0,2,True,4.0,False,False,-6.064285714285713
QB,knee,2016,3,3,3,False,16.0,False,False,
WR,hamstring,2016,3,2,5,True,1.0,False,False,0.199393939393941
RB,knee,2016,1,1,9,True,0.0,False,False,-3.7526785714285715
TE,hamstring,2016,1,0,2,True,2.0,True,False,1.235714285714284
TE,ribs,2016,2,2,2,True,2.0,False,False,1.235714285714284
WR,concussion,2016,1,1,2,True,0.0,True,False,4.275892857142856
WR,hand,2016,1,0,2,True,0.0,False,False,4.275892857142856
WR,calf,2016,3,0,0,True,0.0,False,False,0.38124999999999964
RB,ankle,2016,6,2,6,True,0.0,False,False,-6.555
RB,hand,2016,4,1,6,True,0.0,False,False,-6.555
RB,illness,2016,1,0,0,True,6.0,False,False,6.62125
RB,concussion,2016,1,1,2,False,16.0,False,False,
RB,ribs,2016,1,0,2,False,16.0,False,False,
WR,foot,2016,4,0,3,True,4.0,False,False,4.596794871794872
WR,knee,2016,3,2,3,True,4.0,False,False,4.596794871794872
RB,hamstring,2016,1,0,1,False,16.0,False,False,
RB,illness,2016,1,0,1,False,16.0,False,False,
RB,foot,2016,1,0,1,True,7.0,False,False,-0.7355555555555569
RB,hamstring,2016,2,1,1,True,7.0,False,False,-0.7355555555555569
WR,concussion,2016,1,0,3,False,16.0,False,False,
TE,hip,2016,2,0,6,True,6.0,False,False,-4.830000000000001
TE,concussion,2016,3,1,4,False,10.0,False,False,
TE,shoulder,2016,5,1,4,False,10.0,False,False,
RB,ankle,2016,3,0,2,True,0.0,False,False,-5.081250000000001
RB,toe,2016,3,2,2,True,0.0,False,False,-5.081250000000001
WR,ribs,2016,1,0,1,True,2.0,False,False,-6.165238095238098
WR,shoulder,2016,1,0,1,True,2.0,False,False,-6.165238095238098
WR,shoulder,2016,1,0,1,True,0.0,False,False,-1.3100000000000014
TE,ankle,2016,4,2,8,False,14.0,False,False,
TE,back,2016,4,3,8,False,14.0,True,True,
RB,concussion,2016,1,0,0,True,0.0,False,False,-2.0999999999999996
WR,toe,2016,2,0,1,True,8.0,False,False,-10.716666666666667
RB,ankle,2016,1,1,1,True,4.0,False,False,-0.173333333333332
WR,concussion,2016,1,0,5,True,6.0,False,False,0.9354545454545455
WR,hamstring,2016,5,4,5,True,6.0,False,False,0.9354545454545455
WR,knee,2016,1,0,0,False,16.0,False,False,
WR,ribs,2016,1,0,0,False,16.0,False,False,
RB,shoulder,2016,3,1,3,True,0.0,False,False,-0.4384615384615387
WR,hamstring,2016,2,0,1,True,6.0,False,False,-0.023333333333333428
WR,illness,2016,5,0,1,True,6.0,False,False,-0.023333333333333428
WR,concussion,2016,1,1,4,True,0.0,False,False,-6.560416666666666
WR,foot,2016,1,1,4,True,0.0,False,False,-6.560416666666666
QB,ankle,2016,1,1,1,True,1.0,False,False,-4.135999999999999
TE,ankle,2016,5,0,2,True,6.0,False,False,-6.629999999999999
TE,back,2016,1,0,2,True,6.0,False,False,-6.629999999999999
RB,knee,2016,2,0,1,False,9.0,False,False,
TE,concussion,2016,1,1,1,False,11.0,False,False,
WR,foot,2016,9,1,8,True,1.0,False,False,-0.7091666666666683
WR,hamstring,2016,2,1,7,True,4.0,False,False,-4.9750000000000005
WR,shoulder,2016,7,5,7,True,4.0,False,False,-4.9750000000000005
WR,back,2016,1,0,0,True,2.0,False,False,-2.869642857142855
WR,knee,2016,1,0,0,True,2.0,True,True,-2.869642857142855
RB,ankle,2016,2,1,1,True,0.0,False,False,1.3316666666666652
RB,foot,2016,1,0,1,True,0.0,False,False,1.3316666666666652
WR,concussion,2016,1,0,0,True,2.0,True,True,0.2062500000000007
WR,shoulder,2016,4,0,0,True,0.0,False,False,1.2937499999999993
TE,ankle,2016,6,3,3,True,0.0,False,False,-2.8173076923076934
TE,back,2016,1,0,3,True,0.0,False,False,-2.8173076923076934
TE,knee,2016,2,0,3,True,0.0,False,False,-2.8173076923076934
RB,knee,2016,1,0,9,True,1.0,False,False,-4.806666666666666
WR,hip,2016,1,0,0,True,3.0,False,False,-0.08557692307692477
WR,back,2016,2,0,0,True,2.0,False,False,-2.900892857142857
WR,shoulder,2016,3,0,0,True,2.0,False,False,-2.900892857142857
WR,back,2016,2,0,1,True,3.0,False,False,-0.49333333333333407
WR,hamstring,2016,5,0,1,True,3.0,False,False,-0.49333333333333407
RB,ankle,2016,5,0,4,False,16.0,False,False,
WR,groin,2016,2,0,3,True,2.0,True,True,-0.9510989010989022
WR,hip,2016,2,0,3,True,2.0,False,False,-0.9510989010989022
WR,knee,2016,2,0,3,True,2.0,False,False,-0.9510989010989022
RB,other,2016,1,1,1,True,2.0,False,False,-6.074761904761905
RB,shoulder,2016,1,0,1,True,2.0,False,False,-6.074761904761905
RB,concussion,2016,1,0,5,False,9.0,False,False,
WR,toe,2016,2,2,3,True,4.0,False,False,-6.566025641025641
RB,ankle,2016,6,6,7,True,7.0,True,False,-5.155555555555555
RB,shin,2016,1,0,7,True,7.0,False,False,-5.155555555555555
WR,other,2016,1,0,2,False,16.0,False,False,
RB,knee,2016,1,1,9,False,14.0,True,False,
RB,shoulder,2016,1,0,9,False,14.0,False,False,
WR,groin,2016,1,0,0,True,1.0,False,False,-1.3383333333333312
WR,concussion,2016,1,1,1,True,0.0,False,False,-0.8291666666666657
WR,calf,2016,1,0,1,True,5.0,False,False,-5.13090909090909
WR,foot,2016,1,0,2,True,0.0,False,False,6.13125
RB,hamstring,2016,3,3,3,True,1.0,False,False,-3.6353846153846145
WR,shoulder,2016,1,0,2,True,0.0,False,False,-4.1053571428571445
TE,calf,2016,5,1,8,True,4.0,False,False,-4.700000000000001
RB,hip,2016,3,3,3,True,0.0,False,False,-1.587980769230768
QB,foot,2016,2,1,2,True,5.0,False,False,-2.2320779220779237
QB,shoulder,2016,2,0,2,True,5.0,False,False,-2.2320779220779237
WR,knee,2016,3,0,0,True,0.0,False,False,-5.0375
WR,shoulder,2016,1,0,0,True,0.0,False,False,-5.0375
WR,illness,2016,1,0,1,True,8.0,False,False,1.8833333333333329
WR,ankle,2016,1,0,1,True,5.0,False,False,-3.6684848484848493
WR,foot,2016,1,1,1,True,5.0,False,False,-3.6684848484848493
WR,groin,2016,1,0,1,True,5.0,False,False,-3.6684848484848493
RB,ankle,2016,1,0,1,True,6.0,False,False,-0.10999999999999943
WR,knee,2016,1,0,1,True,0.0,True,False,-0.5108333333333324
WR,quad,2016,1,0,1,True,0.0,False,False,-0.5108333333333324
WR,core,2016,2,0,2,False,16.0,False,False,
RB,quad,2016,2,0,0,True,1.0,False,False,14.465833333333332
RB,ankle,2016,1,0,0,True,0.0,False,False,4.49375
RB,knee,2016,1,0,2,False,9.0,False,False,
RB,hand,2016,4,0,10,False,12.0,False,False,
RB,shoulder,2016,6,6,10,False,12.0,False,False,
WR,elbow,2016,1,0,4,False,16.0,False,False,
WR,hamstring,2016,3,0,4,False,16.0,False,False,
WR,knee,2016,1,0,4,False,16.0,True,False,
RB,knee,2016,5,3,4,False,16.0,False,False,
RB,ribs,2016,1,0,4,False,16.0,False,False,
WR,hamstring,2016,1,0,2,True,0.0,False,False,4.574107142857143
WR,ankle,2016,1,0,1,True,0.0,False,False,-1.0029166666666676
WR,foot,2016,1,0,1,True,0.0,False,False,-1.0029166666666676
WR,knee,2016,1,0,0,False,16.0,False,False,
WR,hand,2016,6,6,6,True,7.0,False,False,-2.2022222222222227
RB,shoulder,2016,1,0,0,True,0.0,False,False,-1.5874999999999995
TE,concussion,2016,1,0,3,True,4.0,False,False,0.5903846153846146
TE,knee,2016,2,1,3,True,4.0,False,False,0.5903846153846146
QB,concussion,2016,2,2,7,False,13.0,False,False,
WR,hamstring,2016,1,0,2,True,6.0,False,False,2.0985714285714288
WR,knee,2016,2,0,2,True,6.0,False,False,2.0985714285714288
QB,concussion,2017,1,0,0,True,0.0,False,False,1.4137500000000003
TE,calf,2017,2,0,0,True,3.0,False,False,-1.8826923076923068
TE,knee,2017,2,0,0,True,3.0,False,False,-1.8826923076923068
QB,collarbone,2017,1,1,9,True,0.0,False,False,2.5219642857142865
QB,concussion,2017,1,1,2,False,16.0,False,False,
QB,ribs,2017,2,1,2,False,16.0,False,False,
TE,ankle,2017,2,0,0,False,15.0,False,False,
TE,calf,2017,1,0,0,False,15.0,False,False,
RB,neck,2017,3,2,6,True,0.0,False,False,3.885
WR,ribs,2017,1,0,1,False,11.0,False,False,
TE,foot,2017,2,0,9,True,7.0,True,True,2.6714285714285717
WR,concussion,2017,2,1,1,True,1.0,False,False,-0.8653333333333322
WR,knee,2017,4,0,1,True,1.0,True,False,-0.8653333333333322
QB,concussion,2017,1,0,0,True,7.0,False,False,3.6683333333333366
WR,quad,2017,1,0,2,True,1.0,False,False,0.7466666666666679
WR,shoulder,2017,1,1,2,True,1.0,False,False,0.7466666666666679
RB,knee,2017,9,3,4,False,16.0,False,False,
WR,ankle,2017,2,1,2,True,4.0,False,False,2.976190476190478
WR,foot,2017,1,0,2,True,4.0,False,False,2.976190476190478
TE,shoulder,2017,4,0,7,False,16.0,False,False,
WR,neck,2017,1,1,8,True,8.0,False,False,-4.112500000000001
QB,ankle,2017,1,0,0,True,0.0,False,False,-4.341249999999999
QB,hand,2017,1,0,0,True,0.0,False,False,-4.341249999999999
WR,ankle,2017,1,0,1,False,15.0,True,True,
WR,back,2017,2,0,1,False,15.0,False,False,
WR,concussion,2017,1,0,1,False,15.0,False,False,
WR,knee,2017,1,0,1,False,15.0,False,False,
WR,ribs,2017,1,0,3,True,0.0,False,False,-4.921634615384615
WR,back,2017,1,0,4,False,16.0,False,False,
WR,hand,2017,1,0,4,False,16.0,False,False,
WR,knee,2017,2,0,4,False,16.0,False,False,
WR,shoulder,2017,4,0,4,False,16.0,False,False,
TE,groin,2017,1,0,3,True,3.0,False,False,-7.5153846153846136
TE,quad,2017,1,0,3,True,3.0,False,False,-7.5153846153846136
WR,knee,2017,1,0,0,False,12.0,False,False,
WR,ankle,2017,8,2,4,True,4.0,False,False,7.226666666666668
TE,ankle,2017,3,0,0,True,0.0,False,False,-2.4312500000000004
WR,calf,2017,2,2,2,True,1.0,False,False,-1.4057142857142892
WR,toe,2017,1,0,2,True,1.0,False,False,-1.4057142857142892
WR,shoulder,2017,1,0,0,True,1.0,False,False,-1.9191666666666656
WR,knee,2017,1,0,0,False,16.0,False,False,
QB,shoulder,2017,2,0,0,True,2.0,True,True,1.4682142857142857
RB,toe,2017,1,0,0,True,4.0,False,False,-5.75
TE,ankle,2017,1,0,0,True,0.0,False,False,-0.33124999999999893
WR,ribs,2017,1,0,2,True,7.0,False,False,-1.6301587301587297
RB,hamstring,2017,2,0,1,False,16.0,False,False,
RB,knee,2017,1,1,1,False,16.0,False,False,
RB,calf,2017,1,0,1,False,9.0,False,False,
RB,illness,2017,1,0,0,True,0.0,False,False,-3.0187500000000007
TE,knee,2017,7,3,3,True,5.0,False,False,-5.699999999999999
QB,knee,2017,1,0,1,False,12.0,False,False,
WR,knee,2017,1,0,7,True,1.0,False,False,-5.097777777777781
WR,shoulder,2017,8,4,7,True,1.0,False,False,-5.097777777777781
WR,groin,2017,3,0,6,True,8.0,False,False,3.0200000000000014
WR,groin,2017,1,0,0,True,3.0,True,False,-3.120673076923076
WR,ankle,2017,1,1,8,True,8.0,False,False,0.3875000000000002
WR,concussion,2017,1,0,1,True,0.0,False,False,3.3879166666666656
WR,illness,2017,1,0,1,True,0.0,False,False,3.3879166666666656
WR,ankle,2017,1,0,0,True,3.0,False,False,2.2408653846153843
WR,core,2017,1,0,0,True,4.0,False,False,-4.845833333333333
WR,ankle,2017,1,0,5,True,2.0,False,False,-3.792857142857143
WR,concussion,2017,1,0,5,True,2.0,False,False,-3.792857142857143
WR,ankle,2017,1,0,0,True,3.0,False,False,-4.110096153846154
WR,back,2017,1,0,0,True,3.0,False,False,-4.110096153846154
WR,hamstring,2017,2,0,2,False,10.0,False,False,
WR,groin,2017,1,0,0,True,2.0,False,False,6.257142857142858
RB,concussion,2017,1,1,5,True,0.0,False,False,0.9596590909090912
WR,hamstring,2017,1,1,1,True,0.0,False,False,-0.128916666666667
TE,concussion,2017,1,0,2,True,0.0,False,False,3.423214285714284
TE,hamstring,2017,1,0,2,True,0.0,False,False,3.423214285714284
WR,back,2017,1,0,0,True,5.0,False,False,-2.7369318181818176
WR,concussion,2017,1,0,0,True,5.0,False,False,-2.7369318181818176
WR,back,2017,1,0,0,True,1.0,False,False,-1.8511666666666624
WR,hand,2017,1,0,0,True,1.0,False,False,-1.8511666666666624
WR,concussion,2017,2,2,8,False,16.0,False,False,
TE,concussion,2017,1,1,10,True,3.0,False,False,-1.9410256410256403
TE,concussion,2017,1,1,1,False,10.0,False,False,
WR,shoulder,2017,1,0,0,True,1.0,False,False,-0.4037499999999987
RB,quad,2017,2,0,5,False,16.0,False,False,
RB,knee,2017,2,2,6,True,8.0,False,False,-6.7675
RB,ribs,2017,4,2,6,True,8.0,False,False,-6.7675
WR,shoulder,2017,3,2,4,True,0.0,False,False,3.022916666666667
RB,illness,2017,1,0,7,False,12.0,False,False,
RB,knee,2017,1,1,7,False,12.0,False,False,
TE,hamstring,2017,6,5,10,True,3.0,False,False,-0.8012820512820493
TE,ribs,2017,2,0,10,True,3.0,False,False,-0.8012820512820493
WR,ankle,2017,2,0,0,False,14.0,False,False,
WR,calf,2017,1,1,1,True,0.0,False,False,-0.08666666666666245
WR,toe,2017,1,0,1,True,0.0,False,False,-0.08666666666666245
RB,concussion,2017,1,1,4,False,14.0,False,False,
RB,illness,2017,1,0,4,False,14.0,False,False,
RB,other,2017,1,1,4,False,14.0,False,False,
WR,hamstring,2017,4,2,3,False,9.0,False,False,
WR,knee,2017,1,0,3,False,9.0,False,False,
WR,ankle,2017,6,5,6,True,2.0,False,False,-5.697142857142857
RB,back,2017,1,0,1,False,16.0,False,False,
RB,illness,2017,1,0,1,False,16.0,False,False,
RB,hip,2017,1,0,0,True,2.0,False,False,-7.771428571428571
WR,back,2017,1,0,6,True,0.0,False,False,2.19125
WR,quad,2017,4,2,6,True,0.0,False,False,2.19125
WR,toe,2017,5,4,6,True,0.0,False,False,2.19125
RB,ankle,2017,2,0,2,True,0.0,False,False,7.71607142857143
QB,concussion,2017,1,1,8,False,16.0,False,False,
WR,ankle,2017,1,0,0,True,2.0,True,True,-2.5794642857142858
WR,calf,2017,1,0,0,True,2.0,False,False,-2.5794642857142858
WR,concussion,2017,1,0,0,True,2.0,False,False,-2.5794642857142858
WR,groin,2017,1,0,0,False,9.0,False,False,
TE,hip,2017,3,0,0,True,1.0,False,False,-2.7504166666666663
QB,back,2017,1,0,1,True,0.0,False,False,-0.24849999999999994
RB,concussion,2017,2,2,2,False,14.0,False,False,
WR,concussion,2017,1,1,5,False,9.0,False,False,
WR,ankle,2017,4,3,4,True,0.0,False,False,1.9687500000000009
WR,groin,2017,1,0,4,True,0.0,False,False,1.9687500000000009
WR,knee,2017,5,1,2,True,1.0,False,False,-4.942857142857145
WR,concussion,2017,3,2,2,True,1.0,False,False,6.473333333333336
WR,knee,2017,2,0,0,True,0.0,True,False,-2.3049999999999997
TE,ribs,2017,1,0,3,False,11.0,False,False,
WR,ankle,2017,2,2,3,False,16.0,False,False,
WR,knee,2017,3,0,3,False,16.0,False,False,
WR,ribs,2017,1,0,3,False,16.0,False,False,
QB,shoulder,2017,7,3,3,True,5.0,False,False,2.285874125874125
WR,ankle,2017,3,1,2,True,1.0,False,False,3.2071428571428555
WR,concussion,2017,1,1,2,True,1.0,False,False,3.2071428571428555
WR,ankle,2017,7,0,3,True,5.0,False,False,-4.327272727272727
WR,groin,2017,3,2,2,True,1.0,False,False,3.8890476190476146
RB,knee,2017,2,0,2,False,12.0,False,False,
RB,back,2017,1,0,3,True,2.0,False,False,-4.815934065934066
WR,hamstring,2017,4,0,1,True,7.0,False,False,-2.0866666666666696
WR,hip,2017,1,0,1,True,7.0,False,False,-2.0866666666666696
WR,ribs,2017,1,0,0,True,0.0,False,False,3.6562499999999982
WR,shoulder,2017,3,0,0,True,2.0,False,False,-3.5026785714285715
RB,concussion,2017,1,1,1,True,0.0,False,False,1.295
RB,groin,2017,1,0,10,True,1.0,False,False,0.6366666666666667
RB,neck,2017,2,0,2,True,7.0,False,False,-8.230158730158731
RB,ankle,2017,1,0,0,True,4.0,False,False,5.452083333333327
RB,foot,2017,1,0,0,True,4.0,False,False,5.452083333333327
RB,knee,2017,2,0,0,True,4.0,True,True,5.452083333333327
RB,shoulder,2017,1,0,0,True,4.0,False,False,5.452083333333327
WR,neck,2017,1,0,0,True,1.0,False,False,0.5866666666666678
WR,ribs,2017,5,2,8,True,3.0,False,False,-5.811538461538461
RB,hamstring,2017,1,0,6,True,2.0,False,False,3.2942857142857154
WR,knee,2017,1,0,0,True,0.0,False,False,6.13125
QB,hamstring,2017,2,0,1,True,2.0,False,False,-1.4662857142857124
RB,ankle,2017,3,0,9,False,14.0,False,False,
RB,ribs,2017,2,0,9,False,14.0,False,False,
WR,ankle,2017,2,1,5,True,0.0,False,False,-1.9517045454545432
WR,hamstring,2017,1,0,5,True,0.0,False,False,-1.9517045454545432
WR,illness,2017,1,0,5,True,0.0,False,False,-1.9517045454545432
WR,neck,2017,1,1,5,True,0.0,False,False,-1.9517045454545432
RB,calf,2017,1,0,1,True,6.0,False,False,-0.9400000000000013
WR,hamstring,2017,1,0,1,True,1.0,False,False,-0.7066666666666661
RB,shoulder,2017,1,0,0,True,0.0,False,False,-1.7937499999999993
RB,hand,2017,2,2,3,True,0.0,False,False,-1.5432692307692326
WR,other,2017,1,1,1,True,0.0,False,False,5.097083333333334
WR,ribs,2017,3,3,6,False,9.0,False,False,
WR,shoulder,2017,3,3,6,False,9.0,False,False,
RB,shoulder,2017,1,0,0,True,0.0,False,False,10.65
TE,ankle,2017,1,1,1,True,0.0,False,False,9.75
TE,hamstring,2017,1,0,1,True,0.0,False,False,9.75
TE,hip,2017,1,0,1,True,0.0,False,False,9.75
WR,ribs,2017,2,1,1,True,3.0,False,False,-2.264102564102563
RB,knee,2017,4,3,6,True,4.0,False,False,5.933333333333332
RB,groin,2017,1,0,3,False,12.0,False,False,
RB,hand,2017,1,0,3,False,12.0,False,False,
RB,hand,2017,1,0,2,True,2.0,False,False,4.421428571428574
WR,core,2017,1,1,9,True,0.0,False,False,1.8803571428571395
RB,ankle,2017,2,0,3,True,8.0,True,False,-3.811538461538465
RB,quad,2017,1,0,3,True,8.0,False,False,-3.811538461538465
WR,hamstring,2017,2,1,2,True,0.0,False,False,4.863392857142859
WR,hamstring,2017,5,5,5,True,0.0,False,False,5.344318181818181
TE,ribs,2017,1,1,1,True,5.0,False,False,-0.09151515151515
TE,ribs,2017,3,0,9,False,11.0,False,False,
RB,ankle,2017,1,0,2,True,2.0,False,False,7.935714285714283
RB,concussion,2017,2,1,2,True,2.0,False,False,7.935714285714283
WR,knee,2017,1,0,1,True,8.0,True,True,5.081666666666665
WR,ankle,2017,1,0,1,True,0.0,True,False,5.589583333333333
WR,ankle,2017,1,0,5,True,1.0,False,False,5.506666666666666
WR,hamstring,2017,6,2,5,True,1.0,False,False,5.506666666666666
RB,shoulder,2017,2,2,2,True,4.0,False,False,8.463095238095239
QB,knee,2018,1,0,0,True,0.0,False,False,-1.1012500000000003
WR,hamstring,2018,3,0,0,True,0.0,False,False,-0.42375000000000007
QB,elbow,2018,1,0,0,False,14.0,False,False,
QB,knee,2018,3,0,0,True,0.0,False,False,-2.6374999999999993
RB,hamstring,2018,11,10,10,False,10.0,False,False,
RB,ankle,2018,1,0,0,True,1.0,True,False,-2.1750000000000007
RB,shoulder,2018,2,0,0,True,1.0,False,False,-2.1750000000000007
TE,back,2018,1,0,7,True,2.0,True,False,0.042857142857142705
TE,foot,2018,4,3,7,True,2.0,False,False,0.042857142857142705
WR,hamstring,2018,1,0,1,True,1.0,False,False,1.1760000000000002
WR,knee,2018,2,0,1,True,1.0,False,False,1.1760000000000002
QB,hip,2018,5,1,7,True,8.0,False,False,-4.623333333333337
WR,knee,2018,2,1,1,False,16.0,False,False,
WR,achilles,2018,1,0,4,False,14.0,False,False,
WR,hand,2018,5,3,4,False,14.0,False,False,
WR,shoulder,2018,1,0,4,False,14.0,False,False,
WR,knee,2018,4,4,8,False,16.0,False,False,
WR,shoulder,2018,4,0,8,False,16.0,False,False,
QB,back,2018,3,0,0,True,8.0,False,False,8.55875
RB,concussion,2018,1,0,2,True,3.0,False,False,-0.1769230769230763
RB,hamstring,2018,1,0,2,True,3.0,False,False,-0.1769230769230763
RB,ribs,2018,2,0,2,True,3.0,False,False,-0.1769230769230763
WR,ankle,2018,1,0,4,True,0.0,False,False,-1.2362499999999983
WR,foot,2018,1,0,4,True,0.0,False,False,-1.2362499999999983
TE,ankle,2018,8,0,3,False,16.0,False,False,
TE,knee,2018,1,0,0,True,0.0,False,False,-1.9624999999999995
WR,other,2018,1,0,1,False,15.0,False,False,
WR,hip,2018,1,0,1,True,5.0,False,False,1.7612121212121217
QB,shoulder,2018,2,2,2,False,14.0,False,False,
WR,toe,2018,3,1,7,False,16.0,False,False,
WR,hip,2018,1,0,0,True,1.0,False,False,-2.4329166666666673
WR,knee,2018,5,4,8,False,16.0,False,False,
WR,concussion,2018,1,0,7,True,1.0,False,False,0.7711111111111109
WR,hamstring,2018,9,2,7,True,1.0,False,False,0.7711111111111109
WR,quad,2018,1,0,1,False,9.0,False,False,
WR,shoulder,2018,2,1,8,False,9.0,False,False,
WR,groin,2018,1,0,3,False,16.0,False,False,
WR,hip,2018,2,0,3,False,16.0,False,False,
WR,knee,2018,3,2,3,False,16.0,False,False,
WR,groin,2018,1,0,8,False,16.0,False,False,
WR,ankle,2018,2,0,0,True,1.0,False,False,3.0387500000000003
WR,illness,2018,1,0,3,True,7.0,False,False,-0.7401709401709411
WR,shoulder,2018,3,2,3,True,7.0,False,False,-0.7401709401709411
RB,knee,2018,1,0,5,False,15.0,False,False,
WR,achilles,2018,1,1,3,False,16.0,False,False,
WR,core,2018,1,0,3,False,16.0,False,False,
WR,ankle,2018,2,0,7,True,3.0,False,False,2.1128205128205106
WR,knee,2018,2,2,7,True,3.0,False,False,2.1128205128205106
WR,ankle,2018,3,0,2,True,6.0,False,False,-5.097142857142858
WR,ribs,2018,2,2,2,True,6.0,False,False,-5.097142857142858
WR,shoulder,2018,1,0,2,True,6.0,False,False,-5.097142857142858
RB,knee,2018,1,0,0,False,16.0,False,False,
RB,ankle,2018,1,0,2,False,16.0,False,False,
RB,ribs,2018,1,0,2,False,16.0,False,False,
WR,hamstring,2018,8,1,4,True,5.0,False,False,-5.108333333333332
QB,back,2018,1,0,9,False,16.0,False,False,
QB,shoulder,2018,5,4,5,True,4.0,False,False,5.6853030303030305
WR,calf,2018,2,1,5,True,8.0,False,False,-3.319318181818182
WR,hamstring,2018,1,0,5,True,8.0,False,False,-3.319318181818182
WR,other,2018,1,1,5,True,8.0,True,False,-3.319318181818182
WR,quad,2018,2,1,5,True,8.0,False,False,-3.319318181818182
WR,groin,2018,2,1,1,True,3.0,False,False,0.1925128205128157
RB,knee,2018,2,2,2,False,16.0,False,False,
TE,hip,2018,5,5,10,True,0.0,False,False,-3.095833333333334
WR,hip,2018,1,0,1,True,0.0,False,False,-1.1087500000000006
WR,knee,2018,1,0,1,True,0.0,False,False,-1.1087500000000006
RB,concussion,2018,1,0,8,True,3.0,False,False,1.5644230769230765
RB,illness,2018,1,0,6,True,5.0,False,False,-0.6509090909090904
RB,ribs,2018,7,4,6,True,5.0,False,False,-0.6509090909090904
RB,hamstring,2018,2,0,4,False,13.0,False,False,
RB,knee,2018,1,0,4,False,13.0,False,False,
RB,shoulder,2018,1,0,4,False,13.0,False,False,
RB,knee,2018,5,4,4,True,0.0,False,False,-3.716666666666667
TE,foot,2018,2,1,1,True,2.0,False,False,-3.0023809523809524
TE,ankle,2018,2,2,3,False,16.0,False,False,
TE,back,2018,1,0,3,False,16.0,False,False,
WR,ankle,2018,1,0,0,True,1.0,False,False,-3.0973333333333315
WR,foot,2018,1,0,0,True,1.0,False,False,-3.0973333333333315
WR,hand,2018,1,0,0,True,1.0,False,False,-3.0973333333333315
RB,knee,2018,1,0,1,True,0.0,False,False,-4.341666666666667
RB,neck,2018,1,0,1,True,0.0,False,False,-4.341666666666667
RB,ankle,2018,1,0,3,False,16.0,False,False,
RB,foot,2018,1,0,3,False,16.0,False,False,
RB,toe,2018,2,1,3,False,16.0,False,False,
WR,ankle,2018,6,5,5,False,15.0,False,False,
RB,knee,2018,1,0,2,True,0.0,False,False,3.10892857142857
WR,hamstring,2018,1,0,0,True,1.0,False,False,5.673416666666668
RB,shoulder,2018,1,0,6,False,16.0,False,False,
WR,concussion,2018,1,0,1,True,2.0,False,False,-2.8338095238095242
WR,quad,2018,3,3,4,True,0.0,False,False,-7.092916666666667
WR,shoulder,2018,6,0,9,True,6.0,False,False,-1.9928571428571429
WR,foot,2018,7,4,6,True,3.0,False,False,-1.0407692307692304
WR,hamstring,2018,1,0,6,True,3.0,True,True,-1.0407692307692304
WR,back,2018,3,0,9,False,16.0,False,False,
WR,hamstring,2018,2,2,9,False,16.0,False,False,
WR,knee,2018,1,1,10,True,2.0,False,False,-1.2857142857142856
WR,illness,2018,1,0,9,False,16.0,False,False,
WR,knee,2018,3,2,9,False,16.0,False,False,
WR,calf,2018,1,0,1,True,4.0,False,False,-4.123333333333335
WR,knee,2018,1,0,1,True,4.0,False,False,-4.123333333333335
WR,shoulder,2018,1,0,1,True,4.0,False,False,-4.123333333333335
WR,knee,2018,1,0,0,True,0.0,False,False,1.08
TE,concussion,2018,1,0,0,True,5.0,False,False,-6.117613636363636
TE,shin,2018,1,0,0,True,5.0,False,False,-6.117613636363636
WR,groin,2018,3,0,3,True,0.0,False,False,4.304807692307694
WR,hip,2018,1,0,3,True,0.0,False,False,4.304807692307694
WR,ribs,2018,1,0,3,True,0.0,False,False,4.304807692307694
WR,knee,2018,1,0,1,True,1.0,False,False,-3.3799999999999972
WR,ribs,2018,1,0,1,True,1.0,False,False,-3.3799999999999972
WR,ankle,2018,8,4,7,True,0.0,False,False,3.15625
WR,back,2018,2,0,2,False,15.0,False,False,
TE,hand,2018,5,5,7,False,10.0,False,False,
TE,knee,2018,2,0,7,False,10.0,False,False,
RB,hamstring,2018,3,0,4,True,4.0,False,False,-8.51666666666666
RB,knee,2018,3,2,4,True,4.0,False,False,-8.51666666666666
WR,quad,2018,2,0,1,True,3.0,False,False,1.736410256410256
RB,ankle,2018,1,0,2,False,12.0,False,False,
RB,knee,2018,2,1,2,True,1.0,False,False,-13.594761904761903
QB,elbow,2018,2,0,2,False,9.0,False,False,
QB,neck,2018,1,0,2,False,9.0,False,False,
WR,groin,2018,1,0,0,True,6.0,False,False,-2.548749999999999
RB,knee,2018,1,1,10,False,16.0,False,False,
RB,foot,2018,3,0,6,False,16.0,False,False,
WR,ankle,2018,6,0,2,True,0.0,False,False,-0.9607142857142854
WR,back,2018,1,0,1,False,16.0,False,False,
WR,concussion,2018,1,0,1,False,16.0,False,False,
WR,foot,2018,2,0,1,False,16.0,False,False,
WR,hip,2018,1,0,1,False,16.0,False,False,
WR,illness,2018,1,0,1,False,16.0,False,False,
WR,achilles,2018,2,1,6,True,7.0,False,False,-1.9077777777777758
WR,shoulder,2018,1,0,6,True,7.0,False,False,-1.9077777777777758
QB,back,2018,3,2,5,True,0.0,False,False,-0.36420454545454817
QB,knee,2018,2,2,5,True,0.0,False,False,-0.36420454545454817
WR,knee,2018,4,3,3,False,9.0,True,False,
WR,knee,2018,1,1,2,True,0.0,False,False,-1.808035714285717
WR,foot,2018,1,0,0,True,4.0,False,False,-5.902083333333332
WR,hamstring,2018,3,0,9,True,5.0,True,True,-2.7831168831168895
WR,illness,2018,3,3,3,True,0.0,False,False,0.05432692307692122
TE,knee,2018,1,0,0,True,2.0,True,False,-0.735714285714284
RB,ankle,2018,5,2,2,True,4.0,True,False,-3.1416666666666675
RB,knee,2018,1,0,2,True,4.0,False,False,-3.1416666666666675
RB,shoulder,2018,2,0,2,True,4.0,False,False,-3.1416666666666675
WR,groin,2018,4,2,3,True,8.0,False,False,5.71923076923077
WR,toe,2018,1,0,8,True,4.0,False,False,-1.5374999999999996
QB,ribs,2018,1,0,0,True,1.0,False,False,1.2007499999999993
RB,ankle,2018,4,2,3,True,6.0,False,False,-7.842307692307694
RB,hip,2018,3,0,2,True,1.0,False,False,1.0352380952380944
RB,neck,2018,2,1,2,True,0.0,False,False,7.7241071428571395
RB,quad,2018,3,0,5,False,14.0,False,False,
RB,ankle,2018,1,0,8,True,1.0,False,False,3.1766666666666694
RB,hamstring,2018,7,4,8,True,1.0,False,False,3.1766666666666694
WR,groin,2018,1,0,0,True,4.0,False,False,-9.747916666666665
QB,shoulder,2018,2,0,2,True,1.0,True,True,-5.265809523809525
TE,knee,2018,1,0,6,True,2.0,False,False,-6.057142857142858
TE,hamstring,2018,1,1,5,True,8.0,False,False,2.5681818181818183
TE,knee,2018,3,3,5,True,8.0,True,True,2.5681818181818183
TE,knee,2018,2,0,1,False,13.0,False,False,
RB,hamstring,2018,7,3,5,True,2.0,False,False,7.866233766233767
RB,knee,2018,2,2,2,True,0.0,False,False,-3.4053571428571434
WR,knee,2018,3,2,8,True,0.0,False,False,0.7062500000000007
WR,foot,2018,3,0,3,False,14.0,False,False,
WR,ankle,2018,1,0,0,True,2.0,False,False,8.508035714285722
WR,ribs,2018,2,0,1,True,0.0,False,False,1.8620833333333344
RB,ankle,2018,1,0,4,True,2.0,True,False,-2.248809523809525
RB,concussion,2018,1,0,4,True,2.0,False,False,-2.248809523809525
RB,foot,2018,1,1,4,True,2.0,False,False,-2.248809523809525
RB,hamstring,2018,4,1,4,True,2.0,False,False,-2.248809523809525
RB,ankle,2018,1,0,5,True,0.0,False,False,-2.819318181818182
RB,ankle,2018,1,0,6,True,8.0,False,False,-3.539999999999999
RB,knee,2018,4,4,6,True,8.0,False,False,-3.539999999999999
WR,shoulder,2018,1,1,1,True,0.0,False,False,0.04158333333333353
WR,hamstring,2018,12,1,10,True,8.0,False,False,-4.099999999999999
WR,knee,2018,2,2,5,True,3.0,True,False,-1.127272727272727
RB,back,2018,1,0,3,False,9.0,False,False,
RB,hip,2018,1,0,3,False,14.0,False,False,
WR,illness,2018,1,0,1,True,2.0,False,False,9.108095238095236
WR,foot,2018,1,0,3,True,6.0,False,False,-0.8369230769230764
WR,ankle,2018,1,0,0,False,12.0,False,False,
RB,ankle,2018,2,1,2,True,0.0,False,False,1.6517857142857153
RB,knee,2018,8,0,3,True,0.0,False,False,-2.0855769230769248
QB,elbow,2018,4,3,4,True,0.0,False,False,0.29666666666666686
WR,foot,2018,1,0,4,True,7.0,False,False,-4.912222222222223
WR,knee,2018,4,4,4,True,7.0,True,True,-4.912222222222223
QB,foot,2018,3,1,3,True,3.0,False,False,1.6199999999999974
QB,elbow,2019,1,0,0,True,0.0,False,False,4.640000000000001
QB,hand,2019,6,5,5,True,4.0,False,False,-2.97606060606061
TE,ankle,2019,5,3,10,False,16.0,False,False,
RB,ankle,2019,1,0,1,True,0.0,False,False,-2.4187499999999993
RB,toe,2019,1,0,1,True,0.0,False,False,-2.4187499999999993
TE,back,2019,2,0,2,True,5.0,False,False,-4.042857142857143
TE,concussion,2019,2,2,2,True,5.0,False,False,-4.042857142857143
WR,ribs,2019,2,0,1,True,2.0,False,False,-2.0706666666666678
QB,ankle,2019,1,0,1,True,0.0,False,False,0.3298333333333332
QB,hip,2019,7,5,8,True,0.0,False,False,-5.035
RB,ankle,2019,1,0,3,True,8.0,True,True,-5.598076923076924
TE,ankle,2019,2,2,2,True,1.0,False,False,-3.4709523809523795
WR,knee,2019,3,0,0,False,10.0,True,True,
WR,ribs,2019,6,0,0,False,10.0,False,False,
WR,shoulder,2019,3,0,0,False,10.0,False,False,
WR,ribs,2019,2,0,-1,True,2.0,False,False,0.41974789915966504
TE,groin,2019,1,0,0,True,0.0,False,False,2.6812499999999995
TE,hand,2019,1,0,0,True,0.0,False,False,2.6812499999999995
WR,hamstring,2019,14,0,5,False,16.0,False,False,
WR,knee,2019,1,0,5,False,16.0,False,False,
WR,concussion,2019,1,1,5,True,4.0,False,False,-6.944545454545456
WR,shoulder,2019,1,0,1,True,7.0,False,False,-2.139999999999997
RB,calf,2019,1,1,1,True,6.0,False,False,-11.676666666666664
RB,shoulder,2019,1,0,1,True,6.0,False,False,-11.676666666666664
WR,back,2019,1,0,1,True,6.0,False,False,-0.5166666666666675
WR,hip,2019,1,0,1,True,6.0,False,False,-0.5166666666666675
QB,concussion,2019,1,1,6,False,15.0,False,False,
QB,foot,2019,1,0,6,False,15.0,False,False,
WR,ankle,2019,2,1,7,False,9.0,False,False,
WR,calf,2019,1,0,7,False,9.0,True,True,
WR,calf,2019,7,5,6,True,1.0,False,False,-1.4633333333333312
WR,quad,2019,3,0,6,True,1.0,False,False,-1.4633333333333312
WR,ankle,2019,4,0,1,False,9.0,False,False,
WR,knee,2019,2,1,5,False,16.0,False,False,
WR,hamstring,2019,6,3,6,True,1.0,False,False,5.643333333333334
TE,hamstring,2019,1,0,1,True,5.0,False,False,-7.427878787878787
TE,ribs,2019,1,1,1,True,5.0,False,False,-7.427878787878787
WR,hamstring,2019,2,0,3,False,9.0,False,False,
WR,knee,2019,1,0,3,False,9.0,False,False,
TE,ankle,2019,1,1,3,True,6.0,False,False,-5.8938461538461535
TE,illness,2019,1,0,3,True,6.0,False,False,-5.8938461538461535
TE,groin,2019,1,0,0,True,3.0,False,False,-2.056730769230769
WR,hamstring,2019,1,0,0,True,2.0,True,False,1.4044642857142868
RB,foot,2019,6,1,3,True,6.0,False,False,2.9830769230769247
RB,toe,2019,6,4,5,False,10.0,False,False,
RB,illness,2019,2,1,1,True,5.0,False,False,-7.551515151515152
RB,knee,2019,1,0,1,True,5.0,True,False,-7.551515151515152
RB,shoulder,2019,1,0,1,True,5.0,False,False,-7.551515151515152
WR,illness,2019,1,0,1,True,0.0,False,False,0.2410833333333322
WR,calf,2019,1,0,3,False,16.0,False,False,
WR,concussion,2019,1,0,3,False,16.0,False,False,
WR,hip,2019,4,2,3,False,16.0,False,False,
RB,knee,2019,3,2,5,False,16.0,False,False,
RB,other,2019,1,0,5,False,16.0,False,False,
RB,ribs,2019,3,2,5,False,16.0,False,False,
RB,ankle,2019,1,0,0,True,6.0,False,False,-1.647499999999999
RB,toe,2019,1,0,1,True,2.0,False,False,-5.151428571428571
WR,concussion,2019,7,7,7,False,16.0,False,False,
WR,groin,2019,1,0,0,False,9.0,False,False,
WR,concussion,2019,2,2,2,True,1.0,False,False,7.2666666666666675
WR,hamstring,2019,4,4,6,False,16.0,False,False,
TE,ribs,2019,1,0,2,True,3.0,False,False,-1.260989010989011
RB,foot,2019,2,2,2,False,11.0,False,False,
WR,hamstring,2019,2,1,3,True,6.0,True,True,-2.02923076923077
WR,shoulder,2019,1,0,3,True,6.0,False,False,-2.02923076923077
WR,toe,2019,5,3,4,True,2.0,False,False,8.0
TE,ankle,2019,1,0,5,True,1.0,False,False,1.5896969696969734
WR,hamstring,2019,1,1,3,True,0.0,True,False,-2.333653846153849
WR,illness,2019,1,0,3,True,0.0,False,False,-2.333653846153849
QB,hand,2019,3,0,0,False,13.0,False,False,
WR,ankle,2019,1,0,0,True,0.0,False,False,-1.0124999999999993
WR,knee,2019,1,0,0,True,0.0,False,False,-1.0124999999999993
WR,concussion,2019,1,0,0,True,2.0,False,False,-3.5625
WR,knee,2019,5,1,5,True,0.0,False,False,3.199431818181818
WR,hamstring,2019,1,0,1,True,0.0,False,False,6.42041666666667
RB,knee,2019,5,0,0,True,8.0,True,True,1.825000000000001
WR,hamstring,2019,3,1,5,True,1.0,False,False,1.2236363636363636
WR,ankle,2019,4,4,4,False,9.0,False,False,
WR,hamstring,2019,2,2,2,True,4.0,False,False,-1.8023809523809486
RB,ankle,2019,3,2,2,False,10.0,False,False,
WR,foot,2019,3,1,3,False,16.0,False,False,
RB,ankle,2019,3,0,4,True,4.0,False,False,3.541666666666668
RB,back,2019,1,0,4,True,4.0,False,False,3.541666666666668
WR,concussion,2019,2,0,5,False,16.0,False,False,
WR,hamstring,2019,2,1,5,False,16.0,False,False,
RB,quad,2019,1,0,1,True,1.0,False,False,-3.5466666666666686
WR,concussion,2019,5,5,6,True,4.0,False,False,-0.8133333333333344
TE,knee,2019,3,3,3,True,3.0,False,False,-6.246153846153851
WR,calf,2019,2,0,0,True,0.0,False,False,3.862499999999999
WR,illness,2019,1,0,0,True,0.0,False,False,3.862499999999999
RB,hamstring,2019,2,0,1,True,0.0,False,False,2.457916666666666
WR,hamstring,2019,1,0,3,False,13.0,False,False,
RB,shoulder,2019,6,0,7,False,9.0,False,False,
WR,shoulder,2019,5,4,4,True,1.0,False,False,6.7183333333333355
TE,knee,2019,5,4,4,True,2.0,False,False,-2.263095238095236
TE,knee,2019,1,0,2,True,1.0,False,False,-3.339047619047621
TE,ribs,2019,1,1,2,True,1.0,False,False,-3.339047619047621
RB,other,2019,1,1,2,True,1.0,False,False,-2.7295238095238084
QB,knee,2019,1,0,1,True,5.0,False,False,-12.64109090909091
WR,groin,2019,1,1,5,True,5.0,False,False,4.809090909090912
WR,hamstring,2019,7,2,5,True,5.0,False,False,4.809090909090912
WR,knee,2019,1,0,0,True,1.0,True,False,3.70875
WR,shoulder,2019,1,0,0,True,1.0,False,False,3.70875
TE,groin,2019,1,0,2,True,8.0,False,False,-0.201785714285716
TE,knee,2019,3,0,2,True,8.0,True,True,-0.201785714285716
RB,ankle,2019,4,0,4,True,6.0,False,False,-4.908333333333332
WR,other,2019,1,1,8,False,14.0,False,False,
WR,back,2019,2,1,1,True,2.0,True,False,0.2395238095238028
WR,knee,2019,1,0,1,True,2.0,False,False,0.2395238095238028
QB,back,2019,1,0,1,True,0.0,False,False,1.150500000000001
RB,quad,2019,1,1,6,True,3.0,True,False,-1.496153846153847
RB,shoulder,2019,6,3,6,True,3.0,False,False,-1.496153846153847
TE,illness,2019,1,0,7,False,15.0,False,False,
TE,knee,2019,2,0,7,False,15.0,False,False,
WR,neck,2019,2,0,1,False,14.0,False,False,
WR,shoulder,2019,2,0,1,False,14.0,False,False,
RB,neck,2019,1,0,1,True,4.0,False,False,-6.97666666666667
WR,concussion,2019,1,1,4,True,0.0,False,False,5.072916666666666
WR,foot,2019,1,0,4,True,0.0,False,False,5.072916666666666
WR,knee,2019,3,3,4,True,0.0,False,False,5.072916666666666
WR,toe,2019,1,0,4,True,0.0,False,False,5.072916666666666
QB,shoulder,2019,2,1,1,True,6.0,True,True,1.8486666666666665
WR,hip,2019,1,0,1,True,2.0,False,False,6.533809523809522
QB,knee,2019,2,1,2,True,1.0,False,False,4.38095238095238
TE,foot,2019,5,5,8,True,0.0,False,False,-5.143750000000001
TE,knee,2019,1,1,8,True,0.0,False,False,-5.143750000000001
RB,ribs,2019,1,1,2,True,2.0,False,False,4.24285714285714
RB,shoulder,2019,1,1,2,True,2.0,False,False,4.24285714285714
TE,hand,2019,1,0,4,True,1.0,False,False,-1.415
TE,knee,2019,3,3,4,True,1.0,False,False,-1.415
RB,ankle,2019,1,0,0,False,10.0,False,False,
RB,ankle,2019,3,1,2,True,1.0,False,False,7.7352380952380955
WR,hamstring,2019,2,2,2,True,4.0,True,True,-4.322619047619053
WR,hip,2019,1,0,2,True,4.0,False,False,-4.322619047619053
RB,concussion,2019,1,1,2,True,2.0,False,False,-1.585714285714289
RB,shoulder,2019,1,0,2,True,2.0,False,False,-1.585714285714289
RB,ankle,2019,1,0,2,False,15.0,False,False,
RB,calf,2019,1,0,2,False,15.0,False,False,
RB,hand,2019,2,2,2,False,15.0,False,False,
TE,achilles,2019,1,1,10,True,1.0,False,False,-8.243333333333336
RB,knee,2019,2,1,3,True,7.0,False,False,-6.208547008547009
TE,calf,2019,1,0,1,True,5.0,True,True,1.0715151515151522
WR,ankle,2019,1,0,8,True,8.0,False,False,4.7124999999999995
WR,other,2019,1,0,2,True,0.0,False,False,4.209999999999999
RB,ribs,2019,2,0,10,False,15.0,False,False,
WR,shoulder,2019,1,1,1,True,0.0,False,False,-2.8
RB,hamstring,2019,3,3,4,True,0.0,False,False,3.3499999999999996
WR,concussion,2019,1,0,4,True,8.0,False,False,-4.833333333333334
WR,knee,2019,1,0,4,True,8.0,False,False,-4.833333333333334
RB,hamstring,2019,3,0,7,False,13.0,False,False,
RB,knee,2019,1,1,7,False,13.0,False,False,
TE,ankle,2019,1,0,1,True,2.0,False,False,-1.8633333333333297
TE,foot,2019,3,0,1,True,2.0,False,False,-1.8633333333333297
TE,knee,2019,1,0,1,True,2.0,False,False,-1.8633333333333297
TE,shoulder,2019,1,0,1,True,2.0,False,False,-1.8633333333333297
WR,knee,2019,3,2,2,True,0.0,False,False,-4.602678571428569
WR,ankle,2019,5,5,6,True,3.0,True,True,0.7907692307692296
QB,concussion,2019,1,1,6,False,12.0,False,False,
WR,ankle,2019,5,1,3,True,2.0,False,False,-2.604945054945052
WR,ankle,2019,2,1,1,True,3.0,True,False,-3.422564102564099
QB,illness,2019,1,0,1,True,1.0,False,False,-6.126666666666669
QB,quad,2019,1,0,1,True,1.0,False,False,-6.126666666666669
WR,concussion,2019,1,1,1,True,1.0,False,False,-1.2666666666666675
RB,ankle,2019,3,3,3,False,14.0,False,False,
RB,illness,2019,1,0,0,True,8.0,False,False,0.25
QB,concussion,2019,1,0,0,True,0.0,False,False,7.71875
QB,illness,2019,3,3,3,True,4.0,False,False,-3.3824358974358937
WR,toe,2019,1,0,0,True,4.0,True,True,-1.7354166666666666
WR,ribs,2019,3,3,3,True,0.0,False,False,-2.2750000000000004
WR,quad,2019,1,0,3,True,7.0,False,False,-2.199145299145299
QB,hamstring,2019,2,0,0,True,0.0,False,False,6.528750000000002
TE,concussion,2019,1,0,4,True,0.0,False,False,4.10625
TE,shoulder,2019,1,0,4,True,0.0,False,False,4.10625
QB,ankle,2019,1,1,7,False,9.0,False,False,
RB,hamstring,2019,3,1,4,True,0.0,False,False,-3.5999999999999996
RB,ankle,2019,1,0,2,True,0.0,False,False,0.75
QB,shoulder,2019,1,0,2,True,7.0,False,False,1.4768253968253937
WR,hamstring,2019,2,2,2,True,0.0,False,False,-3.3571428571428577
TE,hip,2019,1,0,0,True,2.0,False,False,3.5392857142857164
TE,shoulder,2019,1,0,0,True,2.0,False,False,3.5392857142857164
WR,concussion,2019,1,1,2,True,1.0,False,False,1.1914285714285722
WR,hamstring,2019,2,0,2,True,1.0,False,False,1.1914285714285722
WR,ankle,2019,6,0,2,True,0.0,False,False,0.9669642857142833
WR,foot,2019,1,0,2,True,0.0,False,False,0.9669642857142833
WR,hip,2019,1,0,2,True,0.0,False,False,0.9669642857142833
WR,illness,2019,1,0,2,True,0.0,False,False,0.9669642857142833
RB,ankle,2019,1,0,0,True,1.0,False,False,7.22833333333333
RB,shoulder,2019,5,2,3,True,1.0,False,False,-0.0723076923076924
QB,ankle,2019,2,2,3,True,2.0,False,False,-3.678351648351649
WR,groin,2019,1,1,1,False,9.0,False,False,
WR,shoulder,2019,1,0,1,False,9.0,False,False,
WR,groin,2020,2,0,3,False,17.0,False,False,
QB,other,2020,2,1,1,True,1.0,False,False,-4.183416666666668
QB,toe,2020,1,0,0,False,17.0,False,False,
QB,calf,2020,3,1,8,False,17.0,False,False,
RB,concussion,2020,1,0,1,False,17.0,False,False,
RB,other,2020,1,0,1,False,17.0,False,False,
WR,hamstring,2020,1,0,2,True,9.0,False,False,1.1875
WR,hip,2020,2,2,2,True,9.0,False,False,1.1875
QB,hand,2020,4,0,0,True,0.0,False,False,2.6114705882352958
QB,ribs,2020,2,0,0,True,0.0,False,False,2.6114705882352958
TE,groin,2020,2,1,1,True,1.0,False,False,-0.2183333333333337
WR,knee,2020,6,1,10,False,17.0,False,False,
TE,hip,2020,1,0,0,True,6.0,False,False,-4.36590909090909
WR,calf,2020,2,1,4,False,17.0,False,False,
WR,hamstring,2020,2,0,4,False,17.0,False,False,
WR,knee,2020,1,0,4,False,17.0,False,False,
QB,core,2020,2,0,1,False,10.0,False,False,
WR,hamstring,2020,9,4,7,True,7.0,True,True,-8.543333333333333
QB,concussion,2020,1,1,5,True,9.0,False,False,-1.9204545454545432
WR,hamstring,2020,3,1,9,False,17.0,False,False,
WR,knee,2020,1,1,1,True,1.0,False,False,-4.283333333333333
QB,hip,2020,2,0,7,False,16.0,False,False,
WR,groin,2020,1,0,1,True,7.0,False,False,-3.6366666666666676
TE,ankle,2020,1,1,5,True,0.0,False,False,3.583957219251338
WR,hamstring,2020,2,0,2,True,1.0,False,False,-1.4482142857142861
WR,illness,2020,1,0,2,True,1.0,False,False,-1.4482142857142861
RB,knee,2020,1,1,6,True,2.0,False,False,-3.6066666666666682
RB,concussion,2020,1,0,0,True,7.0,False,False,-3.9712499999999995
TE,illness,2020,1,0,6,False,17.0,False,False,
TE,knee,2020,1,1,6,False,17.0,False,False,
RB,knee,2020,1,0,5,True,9.0,False,False,-2.019318181818182
WR,ankle,2020,2,0,0,True,7.0,False,False,-3.9237499999999983
WR,neck,2020,1,0,0,True,7.0,False,False,-3.9237499999999983
WR,ankle,2020,1,0,3,False,10.0,False,False,
RB,hamstring,2020,3,1,6,True,6.0,False,False,-4.326363636363636
RB,illness,2020,1,0,6,True,6.0,False,False,-4.326363636363636
RB,shoulder,2020,2,0,6,True,6.0,False,False,-4.326363636363636
RB,toe,2020,1,0,6,True,6.0,False,False,-4.326363636363636
WR,ankle,2020,1,1,7,False,14.0,False,False,
WR,knee,2020,3,1,7,False,14.0,False,False,
RB,foot,2020,1,0,2,False,14.0,False,False,
RB,other,2020,1,1,2,False,14.0,False,False,
WR,illness,2020,1,0,9,True,3.0,False,False,-3.1814285714285706
WR,foot,2020,1,0,1,True,1.0,False,False,-0.9041666666666668
WR,quad,2020,2,0,1,True,1.0,False,False,-0.9041666666666668
QB,knee,2020,1,0,1,True,3.0,False,False,-1.6041904761904764
WR,calf,2020,1,1,6,True,6.0,False,False,-2.34
WR,concussion,2020,1,0,6,True,6.0,False,False,-2.34
WR,hamstring,2020,5,3,6,True,6.0,False,False,-2.34
QB,ankle,2020,3,3,10,True,2.0,False,False,4.443333333333332
WR,hamstring,2020,2,0,2,True,1.0,False,False,-3.6750000000000007
WR,hip,2020,2,0,1,True,5.0,False,False,-1.4223333333333326
TE,ankle,2020,2,2,8,False,16.0,False,False,
WR,ankle,2020,1,0,0,True,1.0,False,False,0.6812500000000004
WR,hamstring,2020,1,0,0,True,1.0,True,True,0.6812500000000004
WR,hamstring,2020,1,0,0,True,5.0,True,False,-9.556250000000002
WR,knee,2020,2,0,0,True,5.0,False,False,-9.556250000000002
WR,hamstring,2020,4,0,2,True,8.0,False,False,-0.6999999999999993
TE,knee,2020,1,0,0,True,6.0,True,True,-5.878409090909093
RB,ankle,2020,2,2,8,False,16.0,False,False,
RB,knee,2020,3,2,8,False,16.0,False,False,
WR,calf,2020,2,0,4,True,5.0,True,False,-5.568333333333333
WR,groin,2020,3,0,4,True,5.0,True,False,-5.568333333333333
WR,hamstring,2020,3,2,4,True,5.0,False,False,-5.568333333333333
WR,concussion,2020,4,4,9,True,0.0,False,False,-3.5924369747899156
WR,ankle,2020,4,2,4,False,12.0,False,False,
WR,concussion,2020,1,1,4,False,12.0,False,False,
RB,ankle,2020,1,0,1,True,0.0,False,False,-5.637254901960784
WR,hip,2020,2,1,2,True,3.0,False,False,-2.321428571428572
RB,illness,2020,1,0,1,True,1.0,False,False,-0.8704166666666691
RB,shoulder,2020,1,0,1,True,1.0,True,False,-0.8704166666666691
RB,concussion,2020,1,1,4,True,4.0,False,False,-9.079487179487181
WR,knee,2020,1,0,0,True,1.0,False,False,-1.6249999999999982
RB,knee,2020,2,1,1,False,17.0,False,False,
RB,ankle,2020,2,0,5,False,12.0,False,False,
RB,neck,2020,3,1,5,False,12.0,False,False,
TE,core,2020,1,1,3,True,2.0,False,False,-2.564102564102563
TE,illness,2020,1,1,3,True,2.0,False,False,-2.564102564102563
TE,neck,2020,2,0,3,True,2.0,False,False,-2.564102564102563
WR,ankle,2020,8,6,9,False,17.0,False,False,
WR,ankle,2020,1,0,2,True,2.0,True,False,-3.335714285714286
WR,hamstring,2020,3,0,2,True,2.0,False,False,-3.335714285714286
WR,illness,2020,1,0,2,True,2.0,False,False,-3.335714285714286
WR,concussion,2020,1,1,1,True,1.0,False,False,-1.458916666666667
WR,hamstring,2020,2,1,1,True,0.0,False,False,-4.954117647058826
RB,calf,2020,3,0,1,True,0.0,False,False,-0.13333333333333286
RB,hamstring,2020,1,0,1,True,0.0,False,False,-0.13333333333333286
QB,hand,2020,1,1,1,True,3.0,False,False,-2.1058095238095262
TE,elbow,2020,1,0,1,True,2.0,False,False,1.2533333333333356
TE,hand,2020,2,0,1,True,2.0,False,False,1.2533333333333356
RB,ankle,2020,2,1,1,True,5.0,False,False,-4.671666666666665
RB,hip,2020,1,0,1,True,5.0,False,False,-4.671666666666665
WR,ankle,2020,1,0,0,True,1.0,False,False,-2.6500000000000004
WR,knee,2020,1,0,0,True,1.0,False,False,-2.6500000000000004
WR,hamstring,2020,1,0,1,False,12.0,True,True,
WR,knee,2020,2,0,1,False,12.0,False,False,
TE,foot,2020,1,1,8,True,3.0,False,False,-1.5482142857142858
TE,knee,2020,2,2,8,True,3.0,False,False,-1.5482142857142858
RB,calf,2020,3,1,2,True,2.0,False,False,-3.669047619047614
QB,elbow,2020,1,1,6,False,16.0,False,False,
WR,hamstring,2020,2,0,1,True,1.0,False,False,-1.2716666666666683
WR,back,2020,1,0,2,True,1.0,False,False,4.59464285714286
WR,hamstring,2020,2,1,2,True,1.0,False,False,4.59464285714286
WR,shoulder,2020,1,0,2,True,1.0,False,False,4.59464285714286
RB,quad,2020,1,0,3,True,2.0,False,False,3.826153846153847
WR,hip,2020,1,0,0,False,15.0,False,False,
RB,foot,2020,4,1,4,False,13.0,False,False,
RB,knee,2020,1,0,4,False,13.0,False,False,
RB,quad,2020,1,0,6,True,1.0,False,False,5.145
TE,ankle,2020,2,0,1,True,9.0,False,False,-5.473333333333332
RB,ankle,2020,3,1,4,True,3.0,True,False,7.435714285714287
TE,knee,2020,1,1,2,True,1.0,False,False,-5.801785714285714
QB,shoulder,2020,2,2,6,False,12.0,False,False,
WR,hamstring,2020,1,0,2,True,8.0,False,False,-2.3515873015872995
TE,calf,2020,1,0,0,True,2.0,True,True,-2.072916666666667
RB,groin,2020,2,1,2,True,4.0,False,False,-9.023076923076921
RB,other,2020,1,1,2,True,4.0,False,False,-9.023076923076921
TE,back,2020,1,0,1,True,2.0,False,False,1.6599999999999993
RB,foot,2020,4,3,10,True,1.0,False,False,1.4562499999999972
RB,shin,2020,1,0,10,True,1.0,False,False,1.4562499999999972
WR,concussion,2020,1,0,4,True,3.0,False,False,1.8083333333333336
WR,hamstring,2020,2,2,4,True,3.0,False,False,1.8083333333333336
WR,hand,2020,2,1,4,True,3.0,False,False,1.8083333333333336
RB,groin,2020,1,0,0,True,9.0,False,False,-0.09375
RB,quad,2020,1,0,2,True,4.0,True,True,0.136813186813189
TE,back,2020,1,0,1,True,6.0,False,False,0.4375757575757575
RB,concussion,2020,1,0,5,True,3.0,False,False,-3.0298701298701296
RB,foot,2020,4,1,5,True,3.0,False,False,-3.0298701298701296
RB,hip,2020,2,1,5,True,3.0,False,False,-3.0298701298701296
RB,knee,2020,1,0,5,True,3.0,False,False,-3.0298701298701296
RB,ankle,2020,1,1,5,True,9.0,False,False,-6.669318181818182
RB,calf,2020,2,0,5,True,9.0,False,False,-6.669318181818182
RB,back,2020,1,0,0,False,17.0,False,False,
WR,achilles,2020,1,0,2,True,6.0,False,False,-1.8688311688311714
WR,ankle,2020,2,0,6,False,17.0,False,False,
TE,calf,2020,1,1,5,True,2.0,False,False,0.4818181818181788
TE,ankle,2020,3,0,3,True,5.0,False,False,-2.9634615384615386
WR,knee,2020,1,0,8,False,16.0,False,False,
WR,hamstring,2020,1,0,0,True,1.0,False,False,1.4874999999999998
RB,knee,2020,2,1,8,True,3.0,False,False,-2.005357142857143
RB,quad,2020,2,0,8,True,3.0,True,True,-2.005357142857143
WR,core,2020,2,1,6,True,3.0,False,False,0.2485714285714291
RB,ankle,2020,2,0,0,True,5.0,True,True,1.6916666666666682
RB,hip,2020,1,0,0,True,5.0,False,False,1.6916666666666682
TE,quad,2020,2,0,2,True,0.0,False,False,6.002941176470589
WR,ankle,2020,1,1,3,True,7.0,False,False,0.8392307692307694
WR,groin,2020,2,1,2,True,0.0,False,False,1.73689075630252
WR,ankle,2020,1,0,3,False,14.0,False,False,
WR,ribs,2020,2,1,3,False,14.0,False,False,
WR,shin,2020,1,1,3,False,14.0,False,False,
QB,knee,2020,1,0,1,True,5.0,False,False,-1.4203333333333283
RB,ankle,2020,2,0,5,True,9.0,False,False,-7.736363636363637
TE,shoulder,2020,2,0,1,True,0.0,False,False,-0.9258823529411764
TE,ankle,2020,1,0,0,True,5.0,True,True,-3.9770833333333337
WR,ankle,2020,1,0,1,False,12.0,False,False,
WR,foot,2020,1,0,1,False,12.0,False,False,
RB,quad,2020,1,0,8,True,0.0,False,False,-0.8286764705882348
QB,ribs,2020,1,0,0,True,3.0,False,False,-2.6173214285714277
QB,shoulder,2020,5,1,4,True,5.0,False,False,1.9383333333333308
TE,back,2020,2,1,3,False,17.0,False,False,
TE,groin,2020,3,1,3,False,17.0,False,False,
RB,concussion,2020,1,1,3,True,1.0,False,False,1.3283653846153847
RB,illness,2020,3,2,3,True,1.0,False,False,1.3283653846153847
WR,back,2020,1,1,1,True,1.0,False,False,2.311250000000003
TE,toe,2020,1,0,0,True,5.0,False,False,1.1520833333333336
RB,hamstring,2020,1,1,4,True,5.0,False,False,-4.433333333333332
RB,knee,2020,3,3,4,True,5.0,False,False,-4.433333333333332
QB,hand,2020,4,2,7,False,14.0,False,False,
WR,hip,2020,2,0,2,False,11.0,False,False,
WR,foot,2020,1,0,0,True,4.0,False,False,-3.7230769230769223
TE,ankle,2020,1,0,2,True,1.0,False,False,-0.7267857142857164
TE,ribs,2020,1,0,2,True,1.0,False,False,-0.7267857142857164
RB,ankle,2020,7,1,6,True,2.0,False,False,4.976666666666667
WR,ankle,2020,4,0,1,True,0.0,False,False,-2.308235294117649
WR,quad,2020,1,0,1,True,0.0,False,False,-2.308235294117649
WR,knee,2020,2,0,0,True,1.0,False,False,3.0187500000000007
WR,knee,2020,3,2,2,True,4.0,True,False,-3.8456043956043953
RB,concussion,2020,1,1,1,True,4.0,False,False,-2.7917948717948686
RB,groin,2020,1,0,1,True,4.0,False,False,-2.7917948717948686
TE,calf,2020,3,2,5,True,2.0,False,False,4.967272727272727
TE,concussion,2020,1,1,5,True,2.0,False,False,4.967272727272727
RB,ankle,2020,2,1,1,True,2.0,True,False,-0.3533333333333317
RB,hip,2020,1,0,1,True,2.0,False,False,-0.3533333333333317
RB,knee,2020,1,0,1,True,2.0,False,False,-0.3533333333333317
QB,ribs,2020,1,0,3,False,11.0,False,False,
QB,shoulder,2020,3,2,3,False,11.0,False,False,
QB,hamstring,2020,4,0,2,True,6.0,False,False,3.0977922077922067
WR,foot,2020,1,1,9,True,1.0,False,False,9.910892857142855
WR,hamstring,2020,6,6,9,True,1.0,False,False,9.910892857142855
WR,illness,2020,1,0,9,True,1.0,False,False,9.910892857142855
RB,ankle,2020,2,1,2,True,3.0,False,False,-6.107142857142858
RB,shoulder,2020,4,2,10,True,6.0,False,False,-8.49090909090909
QB,hand,2020,2,0,6,True,4.0,True,False,0.37092307692307713
QB,illness,2020,1,0,6,True,4.0,False,False,0.37092307692307713
RB,toe,2020,3,1,3,True,4.0,False,False,0.2769230769230768
WR,calf,2020,1,1,3,True,0.0,False,False,6.488687782805429
WR,concussion,2020,1,0,3,True,0.0,False,False,6.488687782805429
WR,toe,2020,1,0,3,True,0.0,False,False,6.488687782805429
WR,hamstring,2020,1,1,7,True,7.0,False,False,-4.614444444444444
WR,other,2020,1,1,7,True,7.0,False,False,-4.614444444444444
WR,ankle,2020,1,1,4,True,0.0,False,False,-5.519117647058822
WR,hamstring,2020,1,0,4,True,0.0,False,False,-5.519117647058822
WR,other,2020,1,1,4,True,0.0,False,False,-5.519117647058822
WR,hamstring,2020,2,2,2,True,1.0,False,False,-3.2839285714285715
RB,concussion,2020,2,1,3,True,4.0,False,False,1.6999999999999993
RB,illness,2020,2,0,3,True,4.0,False,False,1.6999999999999993
WR,knee,2020,1,0,0,True,0.0,False,False,3.770220588235297
WR,shoulder,2020,1,0,0,True,0.0,False,False,3.770220588235297
RB,toe,2020,4,1,2,True,1.0,True,False,-0.17767857142857224
WR,knee,2020,4,1,3,False,10.0,False,False,
RB,ankle,2020,2,2,3,True,7.0,False,False,-1.6400000000000006
RB,illness,2020,1,0,3,True,7.0,True,False,-1.6400000000000006
WR,hand,2020,1,1,5,True,0.0,False,False,-3.3331550802139045
WR,achilles,2020,1,0,0,True,7.0,False,False,-1.5374999999999996
WR,ankle,2020,1,0,0,True,7.0,False,False,-1.5374999999999996
WR,ribs,2020,1,0,0,True,7.0,False,False,-1.5374999999999996
WR,shoulder,2020,1,0,0,True,7.0,False,False,-1.5374999999999996
WR,hamstring,2020,1,0,1,True,3.0,False,False,2.9052380952380954
WR,concussion,2020,1,1,4,False,14.0,False,False,
WR,hamstring,2020,2,1,4,False,14.0,False,False,
RB,ankle,2020,2,1,5,False,16.0,False,False,
RB,ribs,2020,2,2,5,False,16.0,False,False,
RB,ankle,2020,2,2,7,True,0.0,False,False,-2.786928104575164
WR,knee,2021,1,1,9,False,17.0,False,False,
WR,quad,2021,4,2,9,False,17.0,False,False,
TE,back,2021,2,1,5,False,17.0,False,False,
TE,ribs,2021,5,3,5,False,17.0,False,False,
WR,foot,2021,1,0,3,False,17.0,False,False,
WR,knee,2021,3,0,3,False,17.0,False,False,
WR,ankle,2021,6,5,10,False,17.0,False,False,
WR,hamstring,2021,5,3,7,True,7.0,False,False,-1.1500000000000004
RB,knee,2021,3,0,3,True,7.0,True,True,-2.747142857142858
QB,hand,2021,2,1,9,True,3.0,False,False,1.920714285714288
QB,knee,2021,2,1,9,True,3.0,False,False,1.920714285714288
WR,core,2021,1,1,6,True,4.0,False,False,-2.406293706293705
WR,ribs,2021,1,0,1,False,13.0,False,False,
RB,hip,2021,1,0,1,True,4.0,False,False,-5.65625
RB,knee,2021,3,0,1,True,4.0,False,False,-5.65625
RB,quad,2021,1,0,1,True,4.0,False,False,-5.65625
QB,hand,2021,1,1,3,True,2.0,False,False,-2.293619047619046
WR,concussion,2021,1,1,7,False,14.0,False,False,
WR,quad,2021,2,0,7,False,14.0,False,False,
WR,ankle,2021,3,1,4,True,0.0,False,False,-4.896380090497736
TE,hamstring,2021,1,0,0,True,7.0,False,False,0.9305882352941168
TE,other,2021,1,1,0,True,7.0,False,False,0.9305882352941168
WR,knee,2021,1,0,1,True,7.0,False,False,0.21249999999999858
RB,hip,2021,3,1,2,True,2.0,False,False,-2.3933333333333326
WR,foot,2021,1,0,8,True,0.0,False,False,-8.487581699346403
WR,knee,2021,1,1,8,True,0.0,False,False,-8.487581699346403
TE,other,2021,1,0,1,True,0.0,False,False,2.3352941176470594
RB,ankle,2021,4,1,3,True,4.0,False,False,4.708791208791207
WR,hamstring,2021,5,1,7,True,8.0,True,False,2.468888888888884
WR,knee,2021,1,1,7,True,8.0,True,True,2.468888888888884
WR,ribs,2021,1,0,7,True,8.0,False,False,2.468888888888884
RB,ankle,2021,2,0,1,True,4.0,False,False,-2.5822115384615394
WR,hip,2021,1,0,3,False,17.0,False,False,
WR,knee,2021,2,1,3,False,17.0,False,False,
WR,shoulder,2021,3,1,3,False,17.0,False,False,
WR,back,2021,1,0,1,True,4.0,False,False,-3.5471153846153864
WR,illness,2021,1,0,1,True,4.0,False,False,-3.5471153846153864
QB,concussion,2021,3,2,3,False,12.0,True,False,
QB,foot,2021,1,0,3,False,12.0,False,False,
WR,quad,2021,4,2,6,True,8.0,False,False,-1.2333333333333334
QB,calf,2021,1,1,2,True,6.0,False,False,-0.18666666666666565
QB,hand,2021,2,0,2,True,6.0,False,False,-0.18666666666666565
WR,hamstring,2021,2,1,1,True,2.0,False,False,-0.8337500000000002
WR,ankle,2021,2,0,5,True,7.0,True,False,1.2400000000000002
WR,hamstring,2021,3,0,5,True,7.0,False,False,1.2400000000000002
QB,knee,2021,1,1,10,False,14.0,False,False,
WR,hamstring,2021,2,0,2,True,0.0,False,False,1.2117647058823522
WR,other,2021,1,0,2,True,0.0,True,False,1.2117647058823522
WR,shoulder,2021,4,1,8,True,5.0,False,False,-2.799999999999999
WR,ankle,2021,1,0,3,True,3.0,False,False,-1.9071428571428575
WR,concussion,2021,2,2,3,True,3.0,False,False,-1.9071428571428575
TE,ankle,2021,1,0,6,True,9.0,False,False,-1.8090909090909086
TE,back,2021,1,0,6,True,9.0,False,False,-1.8090909090909086
TE,knee,2021,4,2,6,True,9.0,False,False,-1.8090909090909086
WR,calf,2021,2,0,5,False,13.0,False,False,
WR,groin,2021,3,0,5,False,13.0,False,False,
TE,hip,2021,2,2,10,False,17.0,False,False,
TE,knee,2021,1,0,1,True,3.0,False,False,-4.0044642857142865
RB,hand,2021,2,0,1,True,7.0,False,False,-4.046249999999999
RB,hip,2021,2,0,1,True,7.0,False,False,-4.046249999999999
RB,other,2021,1,0,1,True,7.0,False,False,-4.046249999999999
RB,ribs,2021,1,0,1,True,7.0,False,False,-4.046249999999999
RB,shoulder,2021,1,0,1,True,7.0,False,False,-4.046249999999999
RB,illness,2021,1,0,4,False,13.0,False,False,
RB,quad,2021,1,0,4,False,13.0,False,False,
WR,hip,2021,1,0,1,True,1.0,False,False,-0.31874999999999964
WR,calf,2021,1,0,10,False,14.0,False,False,
WR,hamstring,2021,4,2,10,False,14.0,False,False,
WR,quad,2021,5,3,10,False,14.0,False,False,
RB,core,2021,2,0,6,False,17.0,False,False,
RB,groin,2021,2,0,6,False,17.0,False,False,
WR,quad,2021,2,0,1,True,0.0,False,False,-1.627205882352941
WR,shoulder,2021,1,0,1,True,0.0,False,False,-1.627205882352941
RB,concussion,2021,2,1,6,True,9.0,False,False,-4.652272727272729
WR,quad,2021,1,0,0,True,5.0,False,False,-3.6720588235294107
RB,knee,2021,2,2,10,False,16.0,False,False,
RB,other,2021,1,0,10,False,16.0,False,False,
QB,ankle,2021,2,0,0,True,9.0,False,False,-1.5482352941176476
RB,hip,2021,1,0,1,False,17.0,False,False,
WR,quad,2021,2,0,0,True,0.0,True,False,2.982352941176469
RB,knee,2021,1,0,0,True,2.0,True,False,-2.7933333333333312
RB,ribs,2021,1,0,0,True,2.0,False,False,-2.7933333333333312
QB,calf,2021,1,0,1,True,5.0,False,False,-4.484999999999999
TE,neck,2021,1,0,1,True,1.0,False,False,-3.7750000000000004
QB,core,2021,2,0,3,True,0.0,False,False,2.831848739495797
QB,knee,2021,2,0,3,True,0.0,False,False,2.831848739495797
QB,hamstring,2021,1,0,7,True,3.0,False,False,4.812285714285714
RB,hamstring,2021,3,2,10,True,0.0,False,False,3.630420168067225
TE,calf,2021,2,0,3,True,2.0,False,False,-0.997619047619045
RB,knee,2021,3,1,2,True,0.0,False,False,0.039215686274509665
WR,shoulder,2021,1,0,0,True,1.0,False,False,-5.005147058823527
TE,concussion,2021,2,2,5,True,1.0,False,False,-1.0933333333333337
TE,foot,2021,1,0,5,True,1.0,False,False,-1.0933333333333337
WR,knee,2021,1,0,1,False,17.0,False,False,
WR,knee,2021,1,0,1,True,4.0,False,False,-1.7490384615384613
RB,ankle,2021,1,0,2,True,4.0,True,False,-1.5492307692307694
RB,foot,2021,3,0,2,True,4.0,False,False,-1.5492307692307694
TE,concussion,2021,1,1,6,False,17.0,False,False,
TE,hip,2021,3,1,6,False,17.0,False,False,
RB,ankle,2021,1,0,1,True,0.0,False,False,0.6014705882352906
RB,hamstring,2021,1,0,1,True,0.0,False,False,0.6014705882352906
RB,hip,2021,1,0,1,True,0.0,False,False,0.6014705882352906
RB,ankle,2021,1,0,3,True,1.0,False,False,-4.366964285714287
WR,groin,2021,2,0,8,True,4.0,False,False,-4.347863247863248
WR,hip,2021,3,0,8,True,4.0,False,False,-4.347863247863248
TE,calf,2021,4,2,2,True,0.0,False,False,3.7490196078431373
TE,knee,2021,1,0,2,True,3.0,True,True,2.869523809523808
TE,shoulder,2021,1,0,2,True,3.0,False,False,2.869523809523808
RB,ankle,2021,3,0,4,True,0.0,False,False,-2.835746606334842
RB,shoulder,2021,2,1,4,True,0.0,False,False,-2.835746606334842
RB,ankle,2021,2,0,1,True,3.0,False,False,-1.2348214285714256
RB,illness,2021,1,0,1,True,3.0,False,False,-1.2348214285714256
RB,knee,2021,4,3,4,True,2.0,False,False,-4.348205128205134
WR,foot,2021,1,0,3,True,2.0,False,False,-2.796666666666665
RB,ankle,2021,3,1,9,True,0.0,False,False,-6.291176470588235
RB,calf,2021,1,0,9,True,0.0,False,False,-6.291176470588235
RB,hand,2021,1,0,9,True,0.0,False,False,-6.291176470588235
WR,hip,2021,1,0,3,False,11.0,False,False,
WR,knee,2021,4,3,3,False,11.0,True,True,
WR,ribs,2021,1,0,3,False,11.0,False,False,
WR,foot,2021,1,0,6,True,5.0,False,False,1.331060606060606
WR,quad,2021,3,0,6,True,5.0,False,False,1.331060606060606
RB,hip,2021,2,0,4,True,0.0,False,False,4.42579185520362
RB,quad,2021,3,1,4,True,0.0,False,False,4.42579185520362
TE,hamstring,2021,1,0,0,True,0.0,False,False,-0.40000000000000124
WR,back,2021,1,0,6,True,0.0,False,False,-0.7572192513368972
WR,hamstring,2021,1,1,6,True,0.0,False,False,-0.7572192513368972
WR,ankle,2021,1,0,0,True,2.0,False,False,1.7125490196078452
WR,illness,2021,1,0,0,True,2.0,True,False,1.7125490196078452
WR,ankle,2021,3,3,4,True,4.0,False,False,-3.2615384615384624
RB,illness,2021,2,0,6,True,2.0,False,False,-5.883636363636363
WR,ankle,2021,1,1,3,True,4.0,False,False,-8.742087912087912
WR,shoulder,2021,1,0,3,True,4.0,False,False,-8.742087912087912
WR,quad,2021,1,0,1,True,0.0,False,False,-4.175808823529412
RB,groin,2021,1,0,3,True,2.0,False,False,-2.7504761904761916
RB,quad,2021,3,1,3,True,2.0,False,False,-2.7504761904761916
WR,shoulder,2021,2,0,3,True,2.0,True,True,1.574761904761905
RB,ankle,2021,1,1,5,True,4.0,False,False,-6.48397435897436
RB,ribs,2021,1,1,5,True,4.0,False,False,-6.48397435897436
RB,shoulder,2021,2,0,5,True,4.0,False,False,-6.48397435897436
RB,calf,2021,3,2,7,False,12.0,False,False,
RB,hamstring,2021,2,1,7,False,12.0,False,False,
WR,hamstring,2021,1,1,7,True,7.0,False,False,-3.339999999999999
WR,ribs,2021,1,1,7,True,7.0,False,False,-3.339999999999999
WR,shoulder,2021,1,0,7,True,7.0,True,True,-3.339999999999999
RB,calf,2021,2,2,3,True,0.0,False,False,1.3382352941176485
QB,ankle,2021,4,1,5,True,5.0,False,False,-0.9916666666666671
QB,back,2021,1,0,5,True,5.0,False,False,-0.9916666666666671
QB,illness,2021,2,0,5,True,5.0,True,False,-0.9916666666666671
WR,hamstring,2021,2,0,0,True,0.0,False,False,-2.258823529411762
RB,ankle,2021,6,4,4,True,1.0,False,False,6.838461538461541
RB,knee,2021,2,0,4,True,1.0,False,False,6.838461538461541
RB,shoulder,2021,1,0,0,True,7.0,False,False,-6.468823529411765
QB,shoulder,2021,1,1,3,True,5.0,False,False,-2.8030952380952385
WR,illness,2021,1,0,10,False,15.0,False,False,
QB,concussion,2021,1,0,5,False,11.0,False,False,
WR,quad,2021,2,0,1,True,3.0,False,False,1.4848214285714292
WR,illness,2021,1,1,9,False,17.0,False,False,
WR,hamstring,2021,2,1,4,False,13.0,False,False,
WR,knee,2021,1,1,1,True,0.0,False,False,-6.80183823529412
QB,ankle,2021,4,0,3,True,6.0,False,False,-3.5324675324675354
TE,hand,2021,1,0,5,True,0.0,False,False,0.8563725490196052
TE,knee,2021,3,0,5,True,0.0,False,False,0.8563725490196052
RB,ankle,2021,1,1,5,True,0.0,False,False,3.009803921568624
RB,hand,2021,2,2,5,True,0.0,False,False,3.009803921568624
RB,foot,2021,3,0,2,True,1.0,False,False,5.166250000000002
WR,hamstring,2021,2,0,9,False,13.0,False,False,
WR,illness,2021,1,0,9,False,13.0,False,False,
RB,concussion,2021,1,0,2,True,6.0,False,False,-6.743030303030302
RB,hamstring,2021,4,0,2,True,6.0,True,False,-6.743030303030302
RB,neck,2021,1,0,2,True,6.0,False,False,-6.743030303030302
RB,ribs,2021,1,0,2,True,6.0,False,False,-6.743030303030302
WR,hamstring,2021,1,0,0,True,0.0,False,False,0.9117647058823568
WR,ankle,2021,2,0,1,True,5.0,False,False,-1.4250000000000007
WR,illness,2021,2,0,1,True,5.0,True,False,-1.4250000000000007
WR,quad,2021,2,0,1,True,5.0,False,False,-1.4250000000000007
RB,quad,2021,1,0,5,True,7.0,False,False,-6.2666666666666675
RB,ribs,2021,2,0,5,True,7.0,False,False,-6.2666666666666675
WR,hamstring,2021,1,1,4,True,0.0,False,False,3.8031674208144803
WR,knee,2021,1,0,4,True,0.0,False,False,3.8031674208144803
WR,ribs,2021,1,1,4,True,0.0,False,False,3.8031674208144803
RB,knee,2021,1,1,4,True,1.0,False,False,-4.167788461538462
TE,hand,2021,2,2,2,True,2.0,False,False,-1.9933333333333358
RB,ankle,2021,3,0,2,True,0.0,False,False,5.198039215686272
RB,ribs,2021,1,0,2,True,0.0,False,False,5.198039215686272
RB,toe,2021,1,1,2,True,0.0,False,False,5.198039215686272
QB,neck,2021,3,3,6,True,1.0,False,False,2.293636363636365
WR,calf,2021,1,0,1,True,4.0,False,False,-8.584519230769232
WR,groin,2021,2,1,1,True,4.0,False,False,-8.584519230769232
RB,foot,2021,4,0,3,True,6.0,False,False,-4.308441558441558
QB,illness,2021,1,0,10,False,12.0,False,False,
WR,hamstring,2021,1,0,2,True,1.0,False,False,-2.010833333333334
WR,ankle,2021,1,0,2,True,2.0,True,False,3.046666666666665
QB,hand,2021,1,0,4,True,4.0,False,False,4.46153846153846
QB,ribs,2021,2,1,4,True,4.0,False,False,4.46153846153846
RB,knee,2021,1,0,0,True,6.0,False,False,-9.945454545454545
WR,groin,2021,4,1,4,True,0.0,False,False,1.363800904977376
RB,concussion,2021,1,0,4,True,4.0,False,False,-2.8999999999999995
WR,ankle,2021,1,0,0,True,1.0,False,False,-0.4930147058823522
RB,groin,2021,7,0,4,True,3.0,False,False,-2.666483516483515
RB,shoulder,2021,4,3,4,True,3.0,True,True,-2.666483516483515
WR,back,2021,2,0,0,True,6.0,False,False,-4.049197860962568
WR,groin,2021,3,0,0,True,6.0,False,False,-4.049197860962568
WR,hamstring,2021,1,0,2,True,2.0,False,False,-4.2040000000000015
WR,toe,2021,1,1,2,True,2.0,False,False,-4.2040000000000015
RB,shin,2021,4,0,1,True,2.0,False,False,-3.633749999999999
RB,toe,2021,1,0,1,True,2.0,False,False,-3.633749999999999
WR,ankle,2021,1,0,1,True,0.0,False,False,3.351102941176471
WR,concussion,2021,1,0,1,True,0.0,False,False,3.351102941176471
RB,illness,2021,1,0,7,True,7.0,False,False,-2.5299999999999994
RB,knee,2021,1,0,7,True,7.0,False,False,-2.5299999999999994
RB,shoulder,2021,2,1,7,True,7.0,False,False,-2.5299999999999994
QB,ankle,2021,1,0,2,True,2.0,False,False,4.591999999999999
WR,ankle,2021,1,0,3,True,3.0,True,False,0.1285714285714299
WR,shoulder,2021,2,1,3,True,3.0,False,False,0.1285714285714299
QB,other,2021,1,0,1,True,1.0,False,False,1.2787499999999987
WR,groin,2021,1,0,5,False,11.0,False,False,
TE,hand,2021,2,0,9,True,8.0,False,False,-3.9972222222222227
TE,illness,2021,1,0,9,True,8.0,False,False,-3.9972222222222227
RB,concussion,2021,2,2,6,False,12.0,False,False,
RB,knee,2021,2,1,6,False,12.0,True,True,
RB,ribs,2021,3,0,6,False,12.0,False,False,
RB,shoulder,2021,2,0,6,False,12.0,False,False,
RB,concussion,2021,1,0,5,True,0.0,False,False,4.930882352941177
RB,illness,2021,1,1,5,True,0.0,False,False,4.930882352941177
RB,knee,2021,1,0,5,True,0.0,False,False,4.930882352941177
TE,concussion,2021,1,1,1,True,2.0,True,True,0.3987500000000015
WR,ankle,2021,3,1,8,True,8.0,False,False,-2.7288888888888883
WR,core,2021,3,1,8,True,8.0,False,False,-2.7288888888888883
WR,quad,2021,1,0,8,True,8.0,False,False,-2.7288888888888883
WR,shoulder,2021,2,2,8,True,8.0,False,False,-2.7288888888888883
RB,ankle,2021,1,1,3,True,1.0,True,False,-3.3678571428571438
WR,ankle,2021,3,1,3,True,9.0,False,False,2.944642857142858
WR,neck,2021,1,0,3,True,9.0,False,False,2.944642857142858
QB,ankle,2021,2,0,5,True,2.0,False,False,9.515333333333333
QB,ribs,2021,2,1,5,True,2.0,False,False,9.515333333333333
TE,hamstring,2021,1,0,0,True,7.0,True,True,-3.092941176470588
WR,concussion,2021,1,1,6,True,3.0,False,False,-6.407142857142857
WR,quad,2021,1,0,6,True,3.0,False,False,-6.407142857142857
RB,knee,2021,2,0,0,False,13.0,False,False,
QB,knee,2021,1,1,11,False,15.0,False,False,
QB,knee,2021,4,2,4,True,8.0,True,True,-0.6904273504273508
QB,shoulder,2022,2,2,5,False,17.0,False,False,
QB,concussion,2022,3,2,8,True,2.0,False,False,4.1644444444444435
WR,knee,2022,11,1,7,True,9.0,False,False,-2.490000000000001
WR,ankle,2022,1,1,4,True,8.0,False,False,-4.406837606837607
WR,illness,2022,1,0,4,True,8.0,False,False,-4.406837606837607
QB,concussion,2022,1,1,2,True,2.0,False,False,2.075999999999997
QB,hamstring,2022,1,0,2,True,2.0,False,False,2.075999999999997
WR,hamstring,2022,2,0,1,False,13.0,False,False,
QB,ankle,2022,5,2,5,True,8.0,True,True,-4.543333333333333
TE,calf,2022,1,0,7,False,10.0,False,False,
TE,knee,2022,2,2,7,False,10.0,True,False,
WR,groin,2022,2,1,4,True,7.0,False,False,-5.538461538461538
WR,hand,2022,1,0,4,True,7.0,False,False,-5.538461538461538
WR,knee,2022,2,0,4,True,7.0,True,False,-5.538461538461538
WR,shoulder,2022,1,0,4,True,7.0,False,False,-5.538461538461538
WR,hamstring,2022,9,5,7,True,4.0,False,False,5.82769230769231
RB,foot,2022,1,0,4,True,2.0,False,False,-6.796410256410255
WR,hamstring,2022,1,0,8,True,0.0,False,False,-3.7712418300653567
WR,knee,2022,2,1,8,True,0.0,False,False,-3.7712418300653567
RB,knee,2022,1,0,4,True,5.0,False,False,-9.28653846153846
WR,calf,2022,4,3,4,True,1.0,False,False,-0.396634615384615
WR,hand,2022,3,0,4,True,1.0,False,False,-0.396634615384615
QB,foot,2022,5,5,6,False,10.0,False,False,
RB,shoulder,2022,1,0,0,True,5.0,False,False,-4.60529411764706
WR,core,2022,1,0,0,True,0.0,False,False,-4.564705882352943
WR,illness,2022,1,0,0,True,0.0,True,False,-4.564705882352943
WR,ankle,2022,7,4,8,False,17.0,False,False,
WR,calf,2022,1,0,2,True,0.0,False,False,1.1223529411764712
WR,ankle,2022,1,0,7,True,2.0,False,False,-4.3566666666666665
WR,other,2022,1,0,0,True,2.0,True,True,1.154901960784315
WR,concussion,2022,3,3,5,True,4.0,True,True,-3.130769230769231
WR,knee,2022,3,1,5,True,4.0,True,False,-3.130769230769231
TE,hamstring,2022,3,1,9,True,5.0,True,True,-1.166666666666666
RB,knee,2022,2,0,1,True,2.0,True,False,7.352916666666662
WR,illness,2022,1,0,0,True,0.0,False,False,-6.152941176470589
RB,neck,2022,1,0,7,False,13.0,False,False,
WR,hamstring,2022,2,0,1,True,0.0,True,False,-3.331617647058824
WR,hand,2022,2,1,1,True,0.0,False,False,-3.331617647058824
WR,shin,2022,1,0,1,True,0.0,False,False,-3.331617647058824
WR,foot,2022,1,0,2,True,2.0,False,False,-3.219999999999997
WR,hip,2022,2,1,2,True,2.0,False,False,-3.219999999999997
WR,illness,2022,1,0,0,True,0.0,False,False,-1.105882352941177
RB,neck,2022,3,3,9,False,17.0,False,False,
RB,hip,2022,1,0,1,True,0.0,False,False,-5.707205882352939
WR,groin,2022,1,0,1,True,9.0,False,False,4.343750000000001
WR,hip,2022,1,0,1,True,9.0,False,False,4.343750000000001
QB,hand,2022,1,1,9,False,16.0,False,False,
WR,hand,2022,1,0,1,True,0.0,False,False,-2.0266176470588224
WR,quad,2022,1,0,0,True,1.0,False,False,3.993014705882352
RB,knee,2022,3,0,2,True,0.0,False,False,-2.1219607843137265
QB,hand,2022,5,4,5,True,0.0,False,False,4.087647058823528
TE,knee,2022,1,0,1,True,4.0,True,True,2.7293269230769237
TE,ankle,2022,1,0,1,True,2.0,False,False,-2.2666666666666666
TE,knee,2022,1,0,1,True,2.0,False,False,-2.2666666666666666
TE,other,2022,1,0,1,True,2.0,False,False,-2.2666666666666666
QB,ankle,2022,2,1,11,False,12.0,False,False,
RB,quad,2022,1,0,0,True,1.0,False,False,3.9240441176470604
TE,groin,2022,2,0,2,True,1.0,True,False,-0.48541666666666927
TE,back,2022,1,0,1,True,1.0,False,False,-0.33000000000000007
TE,ribs,2022,1,0,1,True,1.0,True,False,-0.33000000000000007
WR,concussion,2022,1,0,2,True,4.0,False,False,-6.402051282051282
WR,ankle,2022,5,4,4,False,14.0,False,False,
RB,ankle,2022,1,0,4,True,4.0,False,False,0.792307692307693
RB,knee,2022,1,1,4,True,4.0,True,False,0.792307692307693
RB,ribs,2022,4,2,4,True,4.0,False,False,0.792307692307693
WR,foot,2022,2,0,0,True,5.0,False,False,-5.564803921568627
WR,foot,2022,1,0,1,True,7.0,False,False,3.303750000000001
RB,foot,2022,1,0,1,False,15.0,False,False,
RB,hamstring,2022,2,0,1,False,15.0,False,False,
RB,hip,2022,2,0,1,False,15.0,False,False,
WR,concussion,2022,1,1,1,True,6.0,True,True,-6.223295454545455
WR,quad,2022,1,0,1,True,6.0,False,False,-6.223295454545455
WR,concussion,2022,1,1,4,False,17.0,False,False,
WR,knee,2022,4,3,4,False,17.0,False,False,
TE,ankle,2022,3,2,3,True,1.0,False,False,2.619642857142857
TE,knee,2022,1,1,3,True,1.0,False,False,2.619642857142857
WR,ankle,2022,3,0,1,True,8.0,False,False,-3.8909722222222225
WR,ribs,2022,2,0,1,True,8.0,False,False,-3.8909722222222225
TE,groin,2022,1,0,2,True,2.0,False,False,-1.8933333333333335
RB,concussion,2022,2,1,3,True,0.0,False,False,-1.4390756302521002
RB,illness,2022,1,0,2,True,4.0,True,False,3.4097435897435915
RB,ribs,2022,4,0,2,True,4.0,False,False,3.4097435897435915
WR,foot,2022,1,0,8,True,5.0,False,False,-9.011111111111113
WR,hamstring,2022,3,2,2,True,0.0,False,False,-2.5709803921568657
WR,knee,2022,1,0,2,True,0.0,True,False,-2.5709803921568657
RB,knee,2022,1,0,1,True,8.0,False,False,1.0083333333333329
WR,ankle,2022,2,0,5,True,1.0,False,False,-0.6083333333333325
WR,back,2022,4,1,5,True,1.0,True,False,-0.6083333333333325
WR,knee,2022,1,0,5,True,1.0,False,False,-0.6083333333333325
RB,hip,2022,2,0,1,True,8.0,False,False,-5.6923611111111105
RB,hamstring,2022,3,0,8,True,0.0,False,False,4.4111111111111105
RB,knee,2022,1,0,8,True,0.0,False,False,4.4111111111111105
RB,hamstring,2022,1,1,5,False,17.0,False,False,
RB,neck,2022,1,1,5,False,17.0,False,False,
WR,core,2022,1,0,0,True,1.0,False,False,-3.756985294117648
WR,concussion,2022,1,0,1,True,8.0,False,False,-6.278472222222222
WR,knee,2022,2,0,1,True,8.0,True,True,-6.278472222222222
WR,hamstring,2022,3,2,2,True,1.0,False,False,1.160833333333331
WR,illness,2022,1,0,2,True,1.0,False,False,1.160833333333331
TE,knee,2022,3,0,2,True,2.0,False,False,0.620000000000001
WR,back,2022,1,0,4,False,17.0,False,False,
WR,hamstring,2022,9,4,4,False,17.0,False,False,
WR,ankle,2022,2,0,2,True,3.0,False,False,-7.460476190476191
WR,shoulder,2022,2,1,2,True,3.0,False,False,-7.460476190476191
TE,knee,2022,4,0,2,True,7.0,False,False,0.5399999999999991
WR,illness,2022,1,0,3,True,1.0,False,False,-2.0410714285714295
WR,knee,2022,3,2,3,True,1.0,False,False,-2.0410714285714295
WR,ankle,2022,3,2,6,True,3.0,False,False,-0.8136363636363644
QB,illness,2022,1,0,5,True,1.0,False,False,0.7154166666666661
QB,knee,2022,5,4,5,True,1.0,False,False,0.7154166666666661
WR,ankle,2022,1,0,0,True,0.0,True,False,5.6999999999999975
TE,calf,2022,3,2,4,True,8.0,False,False,-3.396581196581195
TE,groin,2022,3,0,4,True,8.0,False,False,-3.396581196581195
RB,neck,2022,1,0,1,True,3.0,False,False,-2.3428571428571416
QB,ankle,2022,2,0,5,True,0.0,False,False,6.002843137254901
QB,elbow,2022,1,0,1,True,0.0,False,False,-2.623529411764707
WR,concussion,2022,2,1,3,True,1.0,True,True,0.5326785714285709
WR,knee,2022,5,0,3,True,1.0,False,False,0.5326785714285709
WR,shoulder,2022,3,0,3,True,1.0,False,False,0.5326785714285709
TE,knee,2022,2,1,3,True,4.0,False,False,-2.667032967032967
WR,concussion,2022,2,2,7,True,3.0,False,False,-4.435714285714286
WR,hip,2022,1,0,7,True,3.0,False,False,-4.435714285714286
WR,core,2022,1,1,9,False,10.0,False,False,
WR,other,2022,1,0,9,False,10.0,False,False,
WR,hip,2022,1,0,0,True,4.0,False,False,1.1167420814479616
WR,toe,2022,1,0,0,True,4.0,False,False,1.1167420814479616
QB,hamstring,2022,2,0,6,True,9.0,False,False,-0.206818181818182
TE,hip,2022,1,0,0,True,2.0,False,False,1.7352941176470598
RB,illness,2022,1,0,1,True,0.0,False,False,-2.935661764705884
RB,quad,2022,1,0,1,True,0.0,False,False,-2.935661764705884
WR,groin,2022,1,0,1,True,1.0,False,False,-3.2562499999999996
WR,hand,2022,1,0,1,True,1.0,False,False,-3.2562499999999996
WR,illness,2022,1,0,4,True,0.0,False,False,-0.9063348416289578
WR,hip,2022,1,0,0,True,1.0,False,False,0.851102941176471
WR,knee,2022,1,0,0,True,1.0,False,False,0.851102941176471
TE,knee,2022,1,0,0,True,2.0,True,False,-2.3184313725490187
RB,hamstring,2022,1,0,6,False,11.0,False,False,
RB,illness,2022,1,0,6,False,11.0,False,False,
RB,quad,2022,4,1,6,False,11.0,False,False,
WR,foot,2022,2,1,5,True,4.0,True,True,-2.763461538461538
WR,groin,2022,1,0,5,True,4.0,False,False,-2.763461538461538
WR,illness,2022,1,0,5,True,4.0,True,False,-2.763461538461538
RB,illness,2022,1,0,7,False,13.0,False,False,
RB,ankle,2022,2,1,1,True,3.0,False,False,4.1491071428571455
TE,back,2022,1,0,2,True,7.0,False,False,-3.5866666666666642
TE,foot,2022,2,1,2,True,7.0,False,False,-3.5866666666666642
RB,calf,2022,2,0,0,True,4.0,False,False,-6.272398190045248
RB,hip,2022,1,0,0,True,4.0,False,False,-6.272398190045248
RB,illness,2022,1,0,0,True,4.0,False,False,-6.272398190045248
RB,quad,2022,2,0,0,True,4.0,True,True,-6.272398190045248
WR,ankle,2022,3,3,4,True,2.0,False,False,3.4774358974358996
WR,hamstring,2022,2,1,4,True,2.0,False,False,3.4774358974358996
WR,quad,2022,1,0,4,True,2.0,False,False,3.4774358974358996
RB,knee,2022,1,0,6,False,16.0,False,False,
TE,ankle,2022,2,1,1,True,4.0,False,False,-0.9019230769230777
TE,hamstring,2022,1,0,1,True,4.0,False,False,-0.9019230769230777
TE,quad,2022,1,0,1,True,4.0,True,False,-0.9019230769230777
RB,knee,2022,4,1,9,False,16.0,False,False,
WR,ankle,2022,3,0,2,True,1.0,False,False,-1.1712499999999988
QB,back,2022,1,0,4,True,0.0,False,False,-2.004343891402712
QB,concussion,2022,4,4,4,True,0.0,False,False,-2.004343891402712
RB,ankle,2022,3,2,6,True,7.0,True,False,2.085454545454544
WR,quad,2022,1,0,1,True,1.0,False,False,2.3249999999999993
RB,ankle,2022,3,0,3,True,1.0,False,False,-1.033035714285715
RB,shoulder,2022,3,2,3,True,1.0,False,False,-1.033035714285715
WR,knee,2022,2,1,2,True,6.0,True,True,-5.029939393939395
RB,foot,2022,1,0,2,True,1.0,False,False,-3.0975
RB,knee,2022,1,1,2,True,1.0,False,False,-3.0975
WR,hamstring,2022,1,0,3,True,4.0,True,False,-7.731318681318681
QB,ribs,2022,1,0,0,True,4.0,False,False,2.0829864253393673
WR,groin,2022,1,0,0,True,0.0,False,False,6.623529411764707
WR,hip,2022,1,0,0,True,0.0,False,False,6.623529411764707
QB,shoulder,2022,3,1,2,True,0.0,False,False,-4.413254901960787
WR,ankle,2022,4,2,2,True,1.0,False,False,-5.050833333333333
WR,ribs,2022,1,0,2,True,1.0,False,False,-5.050833333333333
WR,ankle,2022,2,0,3,True,5.0,False,False,-4.4904761904761905
WR,concussion,2022,1,0,3,True,5.0,False,False,-4.4904761904761905
WR,hamstring,2022,1,0,3,True,5.0,True,True,-4.4904761904761905
RB,other,2022,2,2,2,False,10.0,False,False,
WR,knee,2022,4,3,7,True,3.0,False,False,-4.94
RB,knee,2022,1,1,5,False,15.0,False,False,
WR,foot,2022,5,3,11,True,2.0,False,False,-4.066666666666666
WR,foot,2022,3,3,7,True,2.0,False,False,8.149999999999999
WR,groin,2022,3,1,7,True,2.0,False,False,8.149999999999999
RB,ankle,2022,3,2,3,True,0.0,False,False,4.29033613445378
WR,groin,2022,2,0,0,True,3.0,False,False,-1.2693277310924351
WR,shoulder,2022,1,0,0,True,3.0,False,False,-1.2693277310924351
WR,calf,2022,3,3,3,True,4.0,False,False,-4.367582417582419
RB,ankle,2022,3,0,0,True,5.0,True,True,-2.864215686274509
TE,concussion,2022,1,1,2,True,6.0,False,False,-2.7618181818181826
WR,hip,2022,5,3,5,True,1.0,False,False,-3.8112499999999976
WR,hamstring,2022,10,6,8,True,4.0,False,False,-2.511965811965813
RB,ankle,2022,1,0,1,True,2.0,False,False,-3.955
WR,groin,2022,2,2,9,True,0.0,False,False,-4.811029411764706
WR,hamstring,2022,4,3,9,True,0.0,False,False,-4.811029411764706
WR,knee,2022,1,0,9,True,0.0,False,False,-4.811029411764706
QB,hip,2022,1,1,2,True,4.0,False,False,-2.3950769230769247
QB,shoulder,2022,1,0,2,True,4.0,False,False,-2.3950769230769247
WR,shoulder,2022,1,0,4,True,9.0,False,False,-2.2721153846153843
WR,ankle,2022,2,1,1,True,1.0,False,False,4.424999999999997
WR,concussion,2022,1,0,1,True,1.0,False,False,4.424999999999997
TE,hamstring,2022,2,1,7,True,0.0,False,False,0.516470588235296
QB,toe,2022,5,0,0,True,1.0,False,False,-0.9806617647058822
QB,ankle,2022,4,1,3,True,6.0,False,False,-2.475844155844154
RB,foot,2022,1,0,0,True,0.0,False,False,4.017647058823529
WR,other,2022,1,1,3,True,1.0,False,False,1.963392857142857
WR,ankle,2022,1,0,1,True,7.0,False,False,0.20124999999999993
WR,concussion,2022,1,1,1,True,7.0,True,True,0.20124999999999993
QB,knee,2022,4,3,8,True,5.0,False,False,-0.9961111111111123
RB,ankle,2022,1,0,10,False,15.0,False,False,
WR,knee,2022,1,0,0,True,1.0,False,False,0.4921323529411765
WR,concussion,2022,1,0,2,True,1.0,True,False,1.411666666666667
WR,hamstring,2022,2,1,2,True,1.0,False,False,1.411666666666667
TE,hamstring,2022,1,1,7,False,15.0,True,True,
RB,ankle,2022,1,1,4,True,3.0,True,True,-7.354395604395605
WR,concussion,2022,1,1,1,True,0.0,False,False,-1.3187500000000005
WR,hamstring,2022,5,4,5,True,0.0,False,False,-3.5789215686274503
WR,concussion,2022,3,2,6,True,8.0,True,True,-3.712121212121213
WR,groin,2022,1,0,6,True,8.0,False,False,-3.712121212121213
WR,toe,2022,1,1,6,True,8.0,False,False,-3.712121212121213
RB,knee,2022,1,1,5,True,2.0,False,False,3.665000000000001
TE,shoulder,2022,3,2,5,False,17.0,False,False,
WR,ankle,2022,4,3,4,True,0.0,False,False,2.4434389140271504
QB,core,2022,1,0,8,True,1.0,False,False,6.6683333333333366
TE,ankle,2022,1,0,3,True,3.0,False,False,0.5928571428571425
TE,groin,2022,1,0,3,True,3.0,False,False,0.5928571428571425
QB,concussion,2022,1,0,4,True,5.0,False,False,-2.3443589743589737
TE,other,2022,5,4,6,True,3.0,False,False,-3.211038961038961
TE,ribs,2022,1,0,6,True,3.0,False,False,-3.211038961038961
WR,hamstring,2022,1,0,11,True,2.0,False,False,0.02999999999999936
WR,knee,2022,5,4,11,True,2.0,True,False,0.02999999999999936
WR,concussion,2022,1,0,3,True,8.0,False,False,-0.7873015873015881
WR,hamstring,2022,4,2,3,True,8.0,True,True,-0.7873015873015881
WR,hip,2022,1,0,3,True,8.0,False,False,-0.7873015873015881
RB,ankle,2022,3,0,2,True,2.0,False,False,-1.006666666666666
RB,other,2022,1,0,2,True,2.0,False,False,-1.006666666666666
RB,shoulder,2022,1,0,2,True,2.0,True,False,-1.006666666666666
QB,hand,2023,1,0,2,True,1.0,False,False,-2.795416666666666
QB,other,2023,1,0,2,True,1.0,True,False,-2.795416666666666
QB,ribs,2023,1,1,7,False,15.0,False,False,
QB,ankle,2023,3,2,8,False,17.0,False,False,
WR,ankle,2023,1,0,0,True,7.0,False,False,0.39705882352941124
TE,knee,2023,1,0,10,True,0.0,False,False,3.0495798319327747
WR,foot,2023,4,4,4,True,2.0,True,True,-10.134358974358975
WR,quad,2023,1,0,4,True,2.0,False,False,-10.134358974358975
WR,shoulder,2023,1,0,4,True,2.0,False,False,-10.134358974358975
WR,foot,2023,3,2,3,True,3.0,True,True,-3.642857142857143
WR,hip,2023,1,0,3,True,3.0,False,False,-3.642857142857143
WR,ribs,2023,1,0,3,True,3.0,False,False,-3.642857142857143
TE,ankle,2023,1,0,2,True,1.0,False,False,-2.520416666666666
TE,knee,2023,2,0,2,True,1.0,False,False,-2.520416666666666
WR,ankle,2023,2,0,0,True,1.0,False,False,-4.23014705882353
WR,toe,2023,1,0,0,True,1.0,False,False,-4.23014705882353
QB,elbow,2023,1,0,2,True,0.0,False,False,0.4963921568627452
QB,groin,2023,2,0,2,True,0.0,False,False,0.4963921568627452
WR,ankle,2023,3,2,3,True,9.0,False,False,-5.9732142857142865
WR,other,2023,1,1,3,True,9.0,False,False,-5.9732142857142865
WR,shoulder,2023,1,0,3,True,9.0,False,False,-5.9732142857142865
WR,knee,2023,1,0,1,True,7.0,True,True,-3.95875
WR,other,2023,1,0,1,True,7.0,False,False,-3.95875
TE,concussion,2023,1,1,1,False,17.0,False,False,
QB,concussion,2023,1,0,0,True,7.0,False,False,0.9064705882352939
QB,shoulder,2023,2,0,0,True,7.0,False,False,0.9064705882352939
QB,back,2023,1,1,10,False,16.0,False,False,
QB,concussion,2023,1,0,10,False,16.0,False,False,
RB,groin,2023,3,2,5,False,17.0,False,False,
WR,illness,2023,1,0,0,True,3.0,False,False,1.6806722689075606
WR,shoulder,2023,1,0,0,True,3.0,False,False,1.6806722689075606
WR,concussion,2023,1,0,2,True,4.0,False,False,-6.628205128205126
WR,groin,2023,1,0,2,True,4.0,False,False,-6.628205128205126
WR,other,2023,2,1,2,True,4.0,False,False,-6.628205128205126
TE,groin,2023,1,0,5,False,17.0,False,False,
TE,hamstring,2023,4,1,5,False,17.0,False,False,
RB,ankle,2023,1,0,2,True,4.0,False,False,-12.792820512820509
RB,knee,2023,2,0,2,True,4.0,False,False,-12.792820512820509
WR,hamstring,2023,2,0,0,True,0.0,False,False,-4.788235294117648
WR,illness,2023,1,0,7,False,17.0,False,False,
WR,ankle,2023,1,0,0,True,2.0,False,False,-3.385882352941178
WR,ankle,2023,2,0,1,True,0.0,False,False,-11.581249999999999
RB,quad,2023,1,0,0,True,2.0,False,False,-6.431372549019608
TE,ankle,2023,1,0,4,True,1.0,False,False,-0.041826923076923705
TE,knee,2023,3,1,4,True,1.0,False,False,-0.041826923076923705
TE,achilles,2023,1,0,2,False,14.0,False,False,
TE,neck,2023,1,0,2,False,14.0,False,False,
TE,shoulder,2023,1,0,2,False,14.0,False,False,
RB,calf,2023,1,1,1,False,13.0,True,True,
RB,core,2023,1,0,1,False,13.0,False,False,
WR,foot,2023,1,0,1,True,3.0,False,False,-5.3687499999999995
WR,illness,2023,1,0,1,True,3.0,False,False,-5.3687499999999995
WR,toe,2023,2,1,1,True,3.0,False,False,-5.3687499999999995
TE,groin,2023,1,0,1,True,2.0,False,False,3.1920833333333363
RB,hamstring,2023,5,0,6,True,0.0,False,False,1.4828877005347625
RB,knee,2023,4,2,6,True,0.0,False,False,1.4828877005347625
TE,foot,2023,1,0,1,True,9.0,False,False,4.1975
TE,ribs,2023,1,0,1,True,9.0,True,True,4.1975
RB,knee,2023,1,0,0,True,0.0,False,False,-2.3470588235294105
QB,shoulder,2023,4,2,11,False,10.0,False,False,
RB,knee,2023,1,0,4,True,1.0,True,False,0.5644230769230774
WR,back,2023,1,1,7,True,6.0,False,False,-2.6145454545454543
WR,knee,2023,5,1,7,True,6.0,False,False,-2.6145454545454543
RB,ankle,2023,3,1,3,True,5.0,False,False,-2.432142857142855
QB,ankle,2023,1,0,1,True,1.0,True,False,-0.32500000000000284
TE,hand,2023,1,0,1,True,6.0,False,False,0.7375000000000007
TE,other,2023,1,0,1,True,6.0,False,False,0.7375000000000007
WR,knee,2023,12,6,8,False,11.0,False,False,
TE,hip,2023,1,0,2,True,7.0,False,False,-6.246666666666667
TE,ribs,2023,2,1,2,True,7.0,False,False,-6.246666666666667
RB,ribs,2023,1,0,0,True,3.0,False,False,2.7962184873949543
RB,ankle,2023,1,0,4,True,3.0,False,False,1.6697802197802218
RB,illness,2023,1,0,4,True,3.0,False,False,1.6697802197802218
WR,hamstring,2023,1,0,5,True,5.0,False,False,0.7583333333333346
WR,other,2023,1,0,5,True,5.0,True,False,0.7583333333333346
WR,knee,2023,1,0,0,False,10.0,False,False,
WR,neck,2023,2,0,0,False,10.0,False,False,
RB,quad,2023,1,0,2,True,4.0,False,False,4.515384615384615
RB,ankle,2023,2,0,8,True,7.0,False,False,-6.873333333333333
RB,other,2023,1,0,8,True,7.0,False,False,-6.873333333333333
WR,back,2023,1,0,1,True,9.0,False,False,-3.250000000000001
WR,groin,2023,2,0,1,True,9.0,False,False,-3.250000000000001
WR,concussion,2023,1,1,1,True,1.0,False,False,3.4125000000000014
TE,other,2023,3,2,3,True,7.0,False,False,0.6671428571428564
TE,hamstring,2023,2,2,2,True,0.0,False,False,-3.1803921568627445
TE,ankle,2023,1,1,7,True,0.0,False,False,-2.4341176470588213
TE,quad,2023,2,0,7,True,0.0,False,False,-2.4341176470588213
WR,groin,2023,1,0,5,True,9.0,False,False,-3.9091666666666676
WR,elbow,2023,2,0,3,False,13.0,False,False,
WR,hamstring,2023,2,1,3,False,13.0,False,False,
QB,other,2023,1,1,1,True,0.0,False,False,4.604191176470586
WR,ankle,2023,1,0,0,True,0.0,False,False,-3.4941176470588218
RB,ankle,2023,4,1,3,True,1.0,False,False,8.424107142857142
QB,knee,2023,1,0,0,True,0.0,False,False,5.396470588235296
QB,ribs,2023,1,0,0,True,0.0,False,False,5.396470588235296
WR,concussion,2023,1,1,1,True,2.0,False,False,1.1720833333333331
RB,ankle,2023,2,1,1,True,3.0,True,False,1.4892857142857157
RB,concussion,2023,1,0,1,True,3.0,False,False,1.4892857142857157
RB,foot,2023,3,1,1,True,2.0,False,False,1.6420833333333338
WR,hamstring,2023,1,1,4,True,6.0,False,False,-3.509790209790207
QB,illness,2023,1,0,9,True,0.0,False,False,-0.8102941176470608
QB,knee,2023,3,1,9,True,0.0,False,False,-0.8102941176470608
TE,ribs,2023,1,0,2,True,7.0,False,False,-5.899999999999999
WR,neck,2023,1,0,0,True,1.0,False,False,-1.9080882352941178
WR,back,2023,1,0,1,True,2.0,False,False,-1.322083333333337
WR,ribs,2023,2,0,1,True,2.0,False,False,-1.322083333333337
WR,foot,2023,5,2,4,False,15.0,False,False,
WR,hamstring,2023,1,0,4,False,15.0,False,False,
WR,hand,2023,1,0,4,False,15.0,False,False,
WR,illness,2023,1,0,4,False,15.0,False,False,
RB,quad,2023,2,0,3,True,3.0,False,False,0.608571428571425
RB,ribs,2023,2,2,3,True,3.0,False,False,0.608571428571425
RB,quad,2023,4,1,4,True,0.0,False,False,3.3782805429864275
QB,neck,2023,3,2,11,True,7.0,False,False,4.036666666666665
WR,ribs,2023,1,0,2,True,2.0,True,True,-5.973333333333333
WR,shoulder,2023,2,2,2,True,2.0,False,False,-5.973333333333333
RB,groin,2023,2,0,10,False,17.0,False,False,
TE,calf,2023,4,3,4,True,2.0,False,False,0.6635897435897444
TE,quad,2023,1,0,4,True,2.0,False,False,0.6635897435897444
TE,ribs,2023,1,0,4,True,2.0,False,False,0.6635897435897444
WR,illness,2023,1,0,4,True,3.0,False,False,3.2615384615384624
RB,ankle,2023,1,0,7,True,3.0,True,True,3.610000000000001
RB,hand,2023,3,3,7,True,3.0,False,False,3.610000000000001
RB,elbow,2023,1,0,3,True,9.0,False,False,-2.3053571428571438
RB,other,2023,4,1,3,True,9.0,False,False,-2.3053571428571438
WR,concussion,2023,1,0,1,True,1.0,False,False,-5.493749999999999
WR,shoulder,2023,1,0,1,True,1.0,False,False,-5.493749999999999
WR,shoulder,2023,1,0,1,False,10.0,False,False,
RB,groin,2023,1,0,2,False,17.0,False,False,
RB,hand,2023,3,1,2,False,17.0,False,False,
RB,illness,2023,1,0,1,True,0.0,False,False,-0.03713235294117645
TE,knee,2023,2,0,1,True,1.0,False,False,-3.8874999999999993
TE,quad,2023,1,0,1,True,1.0,False,False,-3.8874999999999993
WR,hamstring,2023,3,0,7,True,0.0,False,False,-1.8535294117647076
WR,ribs,2023,1,0,7,True,0.0,False,False,-1.8535294117647076
RB,toe,2023,2,0,1,True,0.0,False,False,-1.8801470588235292
WR,concussion,2023,1,0,2,False,10.0,False,False,
WR,hamstring,2023,1,0,1,True,0.0,False,False,5.955147058823529
WR,illness,2023,1,0,1,True,0.0,False,False,5.955147058823529
WR,hamstring,2023,4,3,5,True,5.0,True,False,7.041666666666668
WR,ribs,2023,2,0,5,True,5.0,False,False,7.041666666666668
QB,calf,2023,1,0,7,True,0.0,False,False,8.155764705882353
QB,hand,2023,1,1,7,True,0.0,False,False,8.155764705882353
WR,calf,2023,3,1,2,True,5.0,False,False,0.19000000000000128
WR,ankle,2023,2,1,3,True,2.0,False,False,-4.3338095238095224
WR,concussion,2023,1,0,3,True,2.0,False,False,-4.3338095238095224
WR,concussion,2023,1,0,3,True,2.0,False,False,-1.5423809523809524
RB,ankle,2023,3,3,5,True,2.0,False,False,-0.21499999999999986
RB,illness,2023,1,0,5,True,2.0,False,False,-0.21499999999999986
RB,quad,2023,1,0,5,True,2.0,False,False,-0.21499999999999986
RB,knee,2023,1,0,0,True,0.0,False,False,0.7117647058823504
TE,hamstring,2023,3,2,6,True,0.0,False,False,2.899465240641711
WR,back,2023,1,0,1,True,0.0,False,False,7.640661764705882
WR,shoulder,2023,2,1,1,True,0.0,False,False,7.640661764705882
RB,ankle,2023,2,1,5,True,6.0,False,False,-7.261363636363636
RB,back,2023,1,0,5,True,6.0,False,False,-7.261363636363636
WR,ankle,2023,1,1,1,True,4.0,False,False,1.1567307692307676
RB,ribs,2023,1,1,1,True,0.0,False,False,-2.403897058823529
QB,hand,2023,4,2,4,True,7.0,False,False,-6.022923076923076
WR,core,2023,1,0,1,True,0.0,False,False,-2.573235294117641
WR,illness,2023,1,0,1,True,0.0,False,False,-2.573235294117641
WR,toe,2023,1,0,1,True,0.0,False,False,-2.573235294117641
QB,ankle,2023,2,0,1,True,7.0,False,False,-1.8887500000000017
QB,knee,2023,2,0,1,True,7.0,False,False,-1.8887500000000017
QB,shoulder,2023,2,1,1,True,7.0,True,True,-1.8887500000000017
RB,ribs,2023,2,0,0,True,2.0,False,False,-8.284705882352942
WR,concussion,2023,1,0,1,True,0.0,False,False,-1.0562499999999995
WR,concussion,2023,1,1,7,True,2.0,False,False,-3.8100000000000005
WR,knee,2023,3,2,7,True,2.0,True,False,-3.8100000000000005
RB,quad,2023,1,0,1,True,0.0,False,False,-1.9117647058823515
QB,concussion,2023,3,3,5,False,17.0,False,False,
RB,concussion,2023,1,0,3,False,10.0,False,False,
RB,hamstring,2023,1,0,3,False,10.0,False,False,
RB,quad,2023,1,0,3,False,10.0,False,False,
RB,shoulder,2023,2,2,3,False,10.0,False,False,
WR,groin,2023,1,1,1,True,0.0,False,False,5.69610294117647
WR,ankle,2023,1,0,1,True,9.0,False,False,-5.15
WR,concussion,2023,1,0,1,True,9.0,True,True,-5.15
WR,illness,2023,1,0,1,True,9.0,False,False,-5.15
WR,ankle,2023,1,1,5,True,2.0,True,False,7.755000000000001
WR,other,2023,1,0,5,True,2.0,False,False,7.755000000000001
RB,knee,2023,1,0,0,True,2.0,False,False,-2.8050980392156823
RB,ankle,2023,1,0,0,True,3.0,True,True,-3.2050420168067255
WR,hamstring,2023,1,0,7,False,16.0,False,False,
WR,quad,2023,2,1,2,False,11.0,False,False,
WR,elbow,2023,1,0,0,True,0.0,False,False,2.452941176470592
TE,groin,2023,1,0,0,True,1.0,False,False,4.665808823529412
RB,hamstring,2023,2,2,2,True,3.0,True,True,-1.249523809523808
TE,illness,2023,1,0,0,True,1.0,False,False,0.4294117647058826
WR,hamstring,2023,1,0,0,True,4.0,False,False,-0.09728506787330637
QB,concussion,2023,1,0,1,True,2.0,False,False,-0.6843333333333348
RB,ankle,2023,1,1,5,True,1.0,False,False,-4.993749999999999
RB,other,2023,1,0,5,True,1.0,True,False,-4.993749999999999
QB,ankle,2023,4,3,5,False,12.0,False,False,
WR,knee,2023,3,0,2,True,0.0,False,False,1.8670588235294137
WR,quad,2023,1,0,2,True,0.0,False,False,1.8670588235294137
RB,ankle,2023,1,0,0,True,1.0,False,False,-2.2801470588235286
RB,hamstring,2023,1,0,0,True,1.0,False,False,-2.2801470588235286
RB,knee,2023,2,0,0,True,1.0,True,False,-2.2801470588235286
WR,hamstring,2023,9,2,8,True,3.0,False,False,-3.5198412698412707
RB,core,2023,3,0,2,True,6.0,True,False,3.252121212121212
RB,shoulder,2023,2,0,2,True,6.0,False,False,3.252121212121212
WR,ankle,2023,2,0,2,True,0.0,False,False,-1.484
WR,concussion,2023,1,0,2,True,0.0,False,False,-1.484
WR,knee,2023,1,0,2,True,0.0,False,False,-1.484
WR,ribs,2023,2,0,2,True,0.0,False,False,-1.484
RB,hamstring,2023,2,0,10,False,13.0,False,False,
RB,shoulder,2023,2,0,10,False,13.0,False,False,
RB,ankle,2023,8,5,10,False,11.0,False,False,
RB,hamstring,2023,2,0,10,False,11.0,True,True,
RB,illness,2023,1,0,10,False,11.0,False,False,
WR,neck,2023,1,0,4,True,1.0,False,False,-1.0264423076923084
WR,shoulder,2023,5,2,4,True,1.0,False,False,-1.0264423076923084
WR,illness,2023,1,0,9,False,17.0,True,False,
WR,ankle,2023,1,0,3,True,1.0,True,False,1.5741071428571418
WR,concussion,2023,4,3,3,True,1.0,False,False,1.5741071428571418
RB,toe,2023,4,3,6,True,4.0,False,False,-2.4559440559440553
TE,concussion,2023,1,0,1,True,4.0,False,False,-1.6399038461538469
WR,calf,2023,1,0,7,True,3.0,False,False,-6.842857142857142
WR,concussion,2023,1,0,7,True,3.0,False,False,-6.842857142857142
WR,ankle,2023,1,0,0,True,2.0,True,True,1.1725490196078425
WR,knee,2023,2,0,0,True,3.0,False,False,3.884873949579834
RB,concussion,2023,2,2,2,True,4.0,True,True,-0.8528205128205126
RB,knee,2023,2,0,6,True,0.0,False,False,-0.8877005347593574
RB,toe,2023,1,0,6,True,0.0,False,False,-0.8877005347593574
WR,calf,2023,2,0,1,True,0.0,False,False,-0.22904411764705834
WR,foot,2023,1,0,1,True,0.0,False,False,-0.22904411764705834
WR,hip,2023,1,0,1,True,0.0,False,False,-0.22904411764705834
TE,calf,2023,1,0,0,True,1.0,False,False,-3.1584558823529427
WR,hamstring,2023,1,1,1,False,13.0,False,False,
WR,core,2023,2,0,0,True,6.0,False,False,1.2871657754010712
WR,hip,2023,1,0,0,True,6.0,False,False,1.2871657754010712
WR,knee,2023,1,0,0,True,6.0,True,False,1.2871657754010712
RB,hamstring,2023,2,1,2,True,0.0,False,False,5.689411764705881
TE,ankle,2023,1,0,6,False,10.0,True,True,
TE,other,2023,3,1,6,False,10.0,False,False,
WR,ribs,2023,2,0,1,True,0.0,False,False,-1.8158088235294105
WR,toe,2023,1,0,1,True,0.0,False,False,-1.8158088235294105
QB,ankle,2023,1,1,1,True,3.0,False,False,4.15625
QB,ankle,2023,1,0,8,True,5.0,False,False,-1.3405555555555573
QB,foot,2023,1,0,8,True,5.0,False,False,-1.3405555555555573
QB,concussion,2023,2,1,2,True,0.0,False,False,-5.9711372549019615
QB,shoulder,2023,1,0,2,True,0.0,False,False,-5.9711372549019615
RB,hamstring,2023,1,0,1,True,0.0,False,False,4.539338235294121
RB,knee,2023,1,0,1,True,0.0,False,False,4.539338235294121
QB,other,2024,1,0,1,True,0.0,False,False,7.669926470588239
QB,hand,2024,1,0,11,False,13.0,True,False,
QB,calf,2024,5,0,6,False,11.0,False,False,
WR,hamstring,2024,4,2,7,True,3.0,False,False,-11.42142857142857
TE,concussion,2024,1,0,0,True,4.0,False,False,-0.59683257918552
WR,ankle,2024,1,0,2,True,0.0,False,False,-1.5580392156862768
WR,foot,2024,4,1,2,True,0.0,False,False,-1.5580392156862768
TE,other,2024,1,0,1,True,0.0,False,False,-0.9415441176470587
WR,knee,2024,1,0,1,True,0.0,False,False,-5.2463235294117645
WR,knee,2024,2,1,7,True,4.0,False,False,-2.852307692307691
QB,core,2024,3,1,7,False,17.0,False,False,
QB,hand,2024,4,3,7,False,17.0,False,False,
QB,other,2024,1,0,7,False,17.0,False,False,
WR,hamstring,2024,3,3,3,True,3.0,True,False,-1.5285714285714285
WR,hand,2024,1,0,3,True,3.0,False,False,-1.5285714285714285
WR,hip,2024,1,0,3,True,3.0,False,False,-1.5285714285714285
WR,hamstring,2024,4,3,3,True,9.0,True,True,-6.5982142857142865
QB,shoulder,2024,3,0,6,False,14.0,False,False,
WR,hand,2024,3,0,4,False,17.0,False,False,
RB,back,2024,1,0,2,True,4.0,False,False,-5.631282051282049
RB,foot,2024,1,1,2,True,4.0,False,False,-5.631282051282049
WR,quad,2024,1,0,0,True,0.0,False,False,-3.170588235294117
WR,foot,2024,1,0,4,True,4.0,False,False,0.13076923076923208
WR,hamstring,2024,3,1,4,True,4.0,False,False,0.13076923076923208
WR,shoulder,2024,1,0,0,True,3.0,False,False,-3.1075630252100837
WR,foot,2024,1,0,0,False,13.0,False,False,
WR,hand,2024,4,0,0,False,13.0,False,False,
QB,hamstring,2024,2,2,9,True,0.0,False,False,3.8926470588235293
TE,foot,2024,1,0,1,True,0.0,False,False,1.4246323529411775
TE,ankle,2024,1,0,2,True,6.0,True,False,-1.3551515151515172
TE,foot,2024,1,0,2,True,6.0,False,False,-1.3551515151515172
TE,hamstring,2024,2,0,2,True,6.0,False,False,-1.3551515151515172
TE,ribs,2024,1,0,2,True,6.0,False,False,-1.3551515151515172
TE,knee,2024,1,1,9,True,4.0,True,False,-9.953653846153847
TE,ribs,2024,4,2,9,True,4.0,False,False,-9.953653846153847
RB,knee,2024,1,0,1,False,14.0,False,False,
WR,groin,2024,1,1,6,False,13.0,True,True,
WR,other,2024,1,1,6,False,13.0,False,False,
RB,concussion,2024,3,2,5,False,15.0,False,False,
QB,ankle,2024,1,0,1,True,3.0,False,False,2.7169642857142904
TE,hamstring,2024,4,2,8,True,1.0,False,False,-3.686111111111111
TE,ankle,2024,4,3,6,True,6.0,False,False,-5.654545454545455
TE,hamstring,2024,2,0,6,True,6.0,False,False,-5.654545454545455
TE,knee,2024,2,2,6,True,6.0,True,True,-5.654545454545455
RB,ankle,2024,4,1,3,False,17.0,False,False,
RB,groin,2024,3,2,3,True,6.0,False,False,-10.43831168831169
RB,hip,2024,1,0,3,True,6.0,False,False,-10.43831168831169
WR,ankle,2024,4,3,5,True,1.0,False,False,-7.689583333333334
WR,other,2024,1,0,5,True,1.0,False,False,-7.689583333333334
RB,other,2024,1,0,4,True,0.0,False,False,-3.6859728506787324
TE,shoulder,2024,4,2,2,True,9.0,False,False,-4.7524999999999995
TE,ankle,2024,1,0,1,False,11.0,False,False,
TE,calf,2024,1,0,1,False,11.0,False,False,
TE,hip,2024,2,0,1,False,11.0,False,False,
TE,other,2024,1,1,1,False,11.0,False,False,
WR,ribs,2024,2,0,4,True,8.0,False,False,-3.059829059829059
TE,hamstring,2024,3,3,7,True,2.0,False,False,1.9299999999999997
TE,knee,2024,1,1,7,True,2.0,True,True,1.9299999999999997
WR,ribs,2024,2,1,5,True,8.0,False,False,-8.069444444444445
WR,collarbone,2024,1,1,9,True,6.0,False,False,-3.598863636363637
RB,knee,2024,3,2,9,True,2.0,False,False,-2.025833333333332
WR,quad,2024,1,0,0,True,0.0,False,False,-4.054117647058824
RB,other,2024,1,0,1,True,1.0,False,False,-9.5
WR,ankle,2024,3,0,2,True,1.0,False,False,-3.845833333333333
WR,core,2024,1,0,2,True,1.0,False,False,-3.845833333333333
RB,ankle,2024,3,0,3,False,17.0,False,False,
RB,concussion,2024,2,2,2,True,7.0,False,False,-1.953333333333334
WR,ankle,2024,1,0,6,False,17.0,False,False,
WR,groin,2024,1,0,6,False,17.0,False,False,
WR,other,2024,1,1,6,False,17.0,False,False,
WR,ribs,2024,2,1,6,False,17.0,False,False,
TE,knee,2024,3,1,7,True,2.0,False,False,-1.2800000000000011
RB,ankle,2024,2,1,6,False,13.0,False,False,
RB,groin,2024,2,0,2,True,0.0,False,False,-0.040000000000000036
RB,ankle,2024,4,0,1,True,0.0,False,False,-1.6474264705882344
RB,foot,2024,1,0,1,True,0.0,False,False,-1.6474264705882344
WR,concussion,2024,1,1,1,True,3.0,False,False,-0.005357142857142172
WR,hand,2024,1,0,1,True,3.0,False,False,-0.005357142857142172
WR,knee,2024,2,1,2,True,2.0,False,False,-0.3666666666666636
TE,groin,2024,3,2,3,True,4.0,False,False,-1.674725274725275
WR,hamstring,2024,3,1,4,True,2.0,True,True,-2.074871794871793
WR,knee,2024,1,0,4,True,2.0,False,False,-2.074871794871793
RB,knee,2024,3,3,3,True,0.0,False,False,-6.05613445378151
RB,shoulder,2024,1,0,3,True,0.0,False,False,-6.05613445378151
RB,ankle,2024,1,0,0,True,2.0,False,False,-1.9639215686274518
QB,foot,2024,1,0,10,False,14.0,False,False,
WR,calf,2024,2,1,2,True,1.0,False,False,1.1891666666666652
WR,hand,2024,1,0,2,True,1.0,False,False,1.1891666666666652
WR,ribs,2024,2,1,2,True,1.0,False,False,1.1891666666666652
TE,knee,2024,1,0,2,True,0.0,False,False,2.395686274509803
RB,knee,2024,2,1,4,True,7.0,False,False,-3.025384615384617
QB,concussion,2024,1,0,6,True,3.0,False,False,-5.0287012987012965
QB,hip,2024,2,0,6,True,3.0,False,False,-5.0287012987012965
RB,ankle,2024,3,3,3,True,0.0,False,False,2.9382352941176464
RB,neck,2024,1,0,9,False,17.0,False,False,
WR,back,2024,4,1,1,True,0.0,False,False,1.4441176470588228
WR,hip,2024,2,2,2,True,2.0,False,False,-2.5799999999999965
QB,groin,2024,1,0,2,True,2.0,False,False,0.08533333333333104
QB,knee,2024,3,0,2,True,2.0,False,False,0.08533333333333104
RB,groin,2024,2,0,0,True,1.0,True,True,2.0558823529411754
RB,quad,2024,1,0,0,True,1.0,True,False,2.0558823529411754
WR,shoulder,2024,1,0,1,True,2.0,True,False,-6.775833333333333
RB,hip,2024,1,0,0,False,12.0,False,False,
QB,ankle,2024,2,0,0,True,1.0,False,False,1.6417647058823555
WR,back,2024,1,0,2,True,4.0,False,False,-1.7138461538461556
WR,shoulder,2024,1,1,2,True,4.0,False,False,-1.7138461538461556
QB,concussion,2024,2,2,2,True,1.0,False,False,-2.191749999999999
WR,ankle,2024,2,0,5,True,2.0,False,False,-4.551666666666668
WR,hamstring,2024,2,0,5,True,2.0,False,False,-4.551666666666668
WR,quad,2024,3,0,5,True,2.0,False,False,-4.551666666666668
WR,foot,2024,1,0,1,True,4.0,False,False,-6.744711538461537
WR,hamstring,2024,1,0,5,True,2.0,False,False,-2.67
RB,knee,2024,1,0,2,True,2.0,False,False,-8.546666666666669
WR,knee,2024,3,0,2,True,1.0,False,False,2.0529166666666665
RB,foot,2024,2,1,2,True,3.0,False,False,1.0590476190476181
WR,other,2024,1,0,0,True,1.0,False,False,-4.273161764705883
WR,concussion,2024,1,1,4,True,0.0,False,False,-3.5221719457013556
WR,hamstring,2024,2,1,4,True,0.0,False,False,-3.5221719457013556
WR,hand,2024,1,0,4,True,0.0,False,False,-3.5221719457013556
QB,core,2024,2,1,7,True,8.0,False,False,3.937111111111113
QB,hamstring,2024,1,0,7,True,8.0,False,False,3.937111111111113
WR,knee,2024,1,0,0,True,0.0,True,False,0.5482352941176423
QB,shoulder,2024,3,1,7,True,0.0,False,False,5.37294117647059
RB,hamstring,2024,3,0,2,True,0.0,False,False,6.60823529411765
WR,elbow,2024,1,0,2,True,5.0,False,False,-2.8016666666666667
WR,foot,2024,1,1,2,True,5.0,False,False,-2.8016666666666667
WR,knee,2024,1,0,2,True,5.0,True,True,-2.8016666666666667
RB,ankle,2024,2,2,10,True,4.0,False,False,-1.4131868131868135
RB,ribs,2024,1,1,10,True,4.0,False,False,-1.4131868131868135
RB,back,2024,1,0,2,True,1.0,False,False,5.670416666666666
RB,knee,2024,3,2,2,True,1.0,False,False,5.670416666666666
WR,hip,2024,1,0,0,True,5.0,True,False,0.6676470588235297
WR,concussion,2024,2,2,9,True,1.0,False,False,7.25625
WR,hamstring,2024,1,0,9,True,1.0,False,False,7.25625
WR,other,2024,3,1,9,True,1.0,False,False,7.25625
WR,ankle,2024,1,0,2,True,0.0,False,False,-1.1584313725490194
WR,hamstring,2024,3,2,3,True,0.0,False,False,5.654621848739495
RB,toe,2024,1,0,1,True,0.0,False,False,2.24007352941177
RB,foot,2024,2,0,2,True,0.0,False,False,-4.894901960784315
RB,illness,2024,1,0,2,True,0.0,False,False,-4.894901960784315
WR,ankle,2024,2,1,2,True,1.0,False,False,-1.8729166666666668
RB,ankle,2024,1,1,3,True,4.0,False,False,-6.217582417582417
RB,hamstring,2024,2,2,3,True,4.0,True,False,-6.217582417582417
RB,ankle,2024,1,1,5,True,1.0,True,True,-2.0895833333333336
WR,knee,2024,1,1,11,True,-1.0,False,False,-4.850000000000003
WR,concussion,2024,1,1,1,True,2.0,True,True,2.0512499999999996
WR,foot,2024,1,0,1,True,2.0,False,False,2.0512499999999996
WR,shoulder,2024,1,0,1,True,2.0,False,False,2.0512499999999996
WR,hand,2024,1,0,0,True,5.0,False,False,-5.082843137254903
TE,concussion,2024,1,1,1,True,0.0,False,False,3.328308823529408
TE,ribs,2024,1,0,1,True,0.0,False,False,3.328308823529408
RB,hamstring,2024,2,1,3,True,0.0,False,False,-8.380672268907567
RB,knee,2024,3,0,3,True,0.0,False,False,-8.380672268907567
TE,core,2024,1,0,1,True,0.0,False,False,0.19411764705882284
WR,concussion,2024,2,2,4,True,1.0,False,False,0.17596153846154117
WR,illness,2024,1,0,4,True,1.0,False,False,0.17596153846154117
WR,other,2024,1,0,4,True,1.0,False,False,0.17596153846154117
QB,elbow,2024,1,1,2,True,8.0,False,False,1.918222222222223
QB,shoulder,2024,2,1,2,True,8.0,True,True,1.918222222222223
TE,hamstring,2024,1,1,2,True,5.0,False,False,-3.205000000000001
RB,other,2024,1,0,1,True,0.0,False,False,-2.091544117647059
TE,concussion,2024,2,2,3,True,0.0,False,False,3.607563025210082
TE,knee,2024,1,0,3,True,0.0,False,False,3.607563025210082
RB,knee,2024,3,0,1,True,1.0,True,True,-1.6087500000000006
WR,ankle,2024,2,0,3,True,7.0,False,False,5.654285714285715
WR,knee,2024,2,0,3,True,7.0,True,True,5.654285714285715
TE,knee,2024,3,1,3,True,2.0,True,False,-2.003333333333334
RB,ankle,2024,2,1,6,True,0.0,False,False,-5.1042780748663095
RB,calf,2024,1,0,6,True,0.0,False,False,-5.1042780748663095
RB,core,2024,2,0,6,True,0.0,False,False,-5.1042780748663095
RB,illness,2024,1,0,6,True,0.0,False,False,-5.1042780748663095
WR,shoulder,2024,1,0,0,True,4.0,False,False,-0.6692307692307686
WR,ankle,2024,2,0,2,True,4.0,False,False,1.437948717948716
RB,ankle,2024,2,1,1,True,2.0,False,False,-4.650833333333334
RB,shoulder,2024,1,0,1,True,2.0,False,False,-4.650833333333334
WR,hamstring,2024,1,0,1,True,0.0,False,False,5.459926470588234
QB,knee,2024,1,0,8,False,16.0,False,False,
RB,ankle,2024,1,0,1,True,0.0,False,False,1.0279411764705912
RB,quad,2024,1,0,1,True,0.0,False,False,1.0279411764705912
WR,ankle,2024,1,0,1,True,1.0,False,False,-3.1499999999999995
RB,quad,2024,1,1,1,True,9.0,False,False,-2.1500000000000004
TE,knee,2024,4,2,4,True,5.0,True,False,3.004487179487179
WR,back,2024,1,0,3,False,17.0,False,False,
WR,ribs,2024,1,1,3,False,17.0,False,False,
WR,concussion,2024,5,4,8,True,5.0,True,False,-3.9333333333333336
WR,ankle,2024,2,2,2,True,3.0,False,False,-4.502380952380953
TE,back,2024,1,0,0,True,9.0,False,False,5.4191176470588225
WR,ankle,2024,2,1,3,True,1.0,False,False,-4.564285714285713
WR,shoulder,2024,2,1,3,True,1.0,False,False,-4.564285714285713
WR,toe,2024,2,0,3,True,1.0,False,False,-4.564285714285713
RB,ankle,2024,1,0,5,True,4.0,True,False,-0.8743589743589766
RB,concussion,2024,3,2,5,True,4.0,False,False,-0.8743589743589766
RB,hamstring,2024,3,2,5,True,4.0,False,False,-0.8743589743589766
RB,ankle,2024,1,0,0,True,1.0,False,False,2.930882352941179
WR,ankle,2024,1,0,0,True,0.0,False,False,1.8117647058823536
WR,shoulder,2024,1,0,0,True,0.0,True,False,1.8117647058823536
TE,shoulder,2024,1,1,1,True,8.0,False,False,0.8715277777777786
WR,knee,2024,2,0,6,True,1.0,False,False,4.942613636363635
WR,other,2024,1,0,6,True,1.0,False,False,4.942613636363635
WR,calf,2024,1,0,0,False,12.0,False,False,
QB,shoulder,2024,4,0,5,False,17.0,False,False,
QB,back,2024,2,1,6,False,15.0,False,False,
QB,core,2024,2,0,6,False,15.0,False,False,
WR,concussion,2024,2,2,2,False,13.0,False,False,
WR,groin,2024,1,0,2,False,13.0,False,False,
WR,hip,2024,1,0,2,False,13.0,False,False,
WR,toe,2024,1,0,2,False,13.0,False,False,
WR,hip,2024,3,1,2,True,2.0,False,False,-2.386666666666666
WR,toe,2024,1,0,2,True,2.0,False,False,-2.386666666666666
RB,back,2024,1,0,0,True,7.0,False,False,-0.9058823529411768
RB,hamstring,2024,1,0,0,True,7.0,False,False,-0.9058823529411768
RB,hip,2024,1,0,0,True,7.0,False,False,-0.9058823529411768
RB,toe,2024,2,0,0,True,7.0,False,False,-0.9058823529411768
RB,foot,2024,2,1,1,False,10.0,False,False,
RB,ankle,2024,1,0,0,True,2.0,False,False,-0.3329411764705892
WR,ribs,2024,1,1,4,True,8.0,False,False,-0.8256410256410254
WR,foot,2024,1,0,6,True,6.0,False,False,-0.3327272727272721
WR,quad,2024,4,1,6,True,6.0,True,False,-0.3327272727272721
QB,concussion,2024,1,0,4,True,0.0,False,False,7.077375565610861
QB,hand,2024,1,0,4,True,0.0,False,False,7.077375565610861
WR,hamstring,2024,5,1,4,False,13.0,False,False,
RB,calf,2024,1,0,0,True,0.0,False,False,-2.88235294117647
WR,ribs,2024,2,0,0,True,3.0,False,False,-7.144537815126048
WR,hand,2024,4,2,4,True,5.0,False,False,-0.03397435897435841
QB,ribs,2024,1,0,0,False,10.0,False,False,
WR,hip,2024,2,0,1,True,1.0,False,False,-3.84375
WR,knee,2024,2,0,1,True,1.0,False,False,-3.84375
WR,shoulder,2024,1,0,1,True,1.0,False,False,-3.84375
WR,ribs,2024,1,0,6,True,8.0,False,False,1.541414141414144
WR,knee,2024,1,0,0,True,5.0,False,False,3.7249999999999996
