player_id,name,pos,ppg,g,pts,g_next,age,missed_prior,missed_next,season,age_band,prior_band,era
00-0025394,Adrian Peterson,RB,24.212500000000002,16,387.40000000000003,14.0,28.473648186173854,0,2.0,2013,27-28,0,2013-18
00-0029613,Doug Martin,RB,20.725,16,331.6,6.0,24.657084188911703,0,10.0,2013,<27,0,2013-18
00-0026796,Arian Foster,RB,20.19375,16,323.1,8.0,27.04722792607803,0,8.0,2013,27-28,0,2013-18
00-0025399,Marshawn Lynch,RB,18.725,16,299.6,16.0,27.38672142368241,0,0.0,2013,27-28,0,2013-18
00-0026195,Ray Rice,RB,18.44375,16,295.1,15.0,26.633812457221083,0,1.0,2013,<27,0,2013-18
00-0029141,Alfred Morris,RB,17.375,16,278.0,16.0,24.744695414099933,0,0.0,2013,<27,0,2013-18
00-0026213,Jamaal Charles,RB,16.90625,16,270.5,15.0,26.704996577686515,0,1.0,2013,<27,0,2013-18
00-0027861,C.J. Spiller,RB,16.89375,16,270.3,15.0,26.099931553730322,0,1.0,2013,<27,0,2013-18
00-0029675,Trent Richardson,RB,17.58,15,263.7,16.0,23.170431211498972,1,0.0,2013,<27,1-3,2013-18
00-0023500,Frank Gore,RB,14.6125,16,233.8,16.0,30.327173169062284,0,0.0,2013,29+,0,2013-18
00-0026184,Matt Forte,RB,15.360000000000001,15,230.4,16.0,27.750855578370977,1,0.0,2013,27-28,1-3,2013-18
00-0026164,Chris Johnson,RB,14.156250000000002,16,226.50000000000003,16.0,27.964407939767284,0,0.0,2013,27-28,0,2013-18
00-0023564,Darren Sproles,RB,16.853846153846153,13,219.1,15.0,30.2258726899384,3,1.0,2013,29+,1-3,2013-18
00-0028011,Stevan Ridley,RB,13.5875,16,217.4,14.0,24.618754277891856,0,2.0,2013,<27,0,2013-18
00-0024217,Reggie Bush,RB,13.3,16,212.8,14.0,28.525667351129364,0,2.0,2013,27-28,0,2013-18
00-0027029,LeSean McCoy,RB,17.358333333333334,12,208.3,16.0,25.163586584531142,4,0.0,2013,<27,4+,2013-18
00-0022736,Steven Jackson,RB,12.9125,16,206.6,12.0,30.138261464750173,0,4.0,2013,29+,0,2013-18
00-0025637,Ahmad Bradshaw,RB,14.0,14,196.0,3.0,27.479808350444902,2,13.0,2013,27-28,1-3,2013-18
00-0026899,Shonn Greene,RB,12.025,16,192.4,11.0,28.05475701574264,0,5.0,2013,27-28,0,2013-18
00-0027995,Mikel Leshoure,RB,13.299999999999999,14,186.2,1.0,23.449691991786448,2,15.0,2013,<27,1-3,2013-18
00-0025860,BenJarvus Green-Ellis,RB,12.386666666666667,15,185.8,16.0,28.191649555099247,1,0.0,2013,27-28,1-3,2013-18
00-0022821,Michael Turner,RB,11.3625,16,181.8,0.0,31.572895277207394,0,16.0,2013,29+,0,2013-18
00-0026144,Darren McFadden,RB,13.458333333333334,12,161.5,10.0,26.039698836413415,4,6.0,2013,<27,4+,2013-18
00-0027218,Joique Bell,RB,9.86875,16,157.9,16.0,27.10198494182067,0,0.0,2013,27-28,0,2013-18
00-0026019,Danny Woodhead,RB,10.446666666666667,15,156.70000000000002,16.0,28.62422997946612,1,0.0,2013,27-28,1-3,2013-18
00-0024242,DeAngelo Williams,RB,9.4625,16,151.4,15.0,30.379192334017795,0,1.0,2013,29+,0,2013-18
00-0028009,DeMarco Murray,RB,14.940000000000001,10,149.4,14.0,25.57700205338809,6,2.0,2013,<27,4+,2013-18
00-0022178,Willis McGahee,RB,14.820000000000002,10,148.20000000000002,11.0,31.887748117727583,6,5.0,2013,29+,4+,2013-18
00-0028083,Jacquizz Rodgers,RB,8.8375,16,141.4,15.0,23.592060232717316,0,1.0,2013,<27,0,2013-18
00-0027864,Ryan Mathews,RB,11.408333333333333,12,136.9,16.0,25.919233401779604,4,0.0,2013,<27,4+,2013-18
00-0024813,Pierre Thomas,RB,9.113333333333333,15,136.7,16.0,28.72826830937714,1,0.0,2013,27-28,1-3,2013-18
00-0029547,Vick Ballard,RB,8.4125,16,134.6,1.0,23.15400410677618,0,15.0,2013,<27,0,2013-18
00-0026162,Felix Jones,RB,7.4625,16,119.4,15.0,26.34360027378508,0,1.0,2013,<27,0,2013-18
00-0024204,Fred Jackson,RB,11.84,10,118.4,16.0,32.55304585900068,6,0.0,2013,29+,4+,2013-18
00-0026988,Knowshon Moreno,RB,14.775,8,118.2,16.0,26.154688569472963,8,0.0,2013,<27,4+,2013-18
00-0027094,Andre Brown,RB,11.209999999999999,10,112.1,8.0,26.7378507871321,6,8.0,2013,<27,4+,2013-18
00-0023437,Ronnie Brown,RB,7.721428571428571,14,108.1,14.0,31.745379876796715,2,2.0,2013,29+,1-3,2013-18
00-0027786,Jonathan Dwyer,RB,8.069230769230769,13,104.9,15.0,24.125941136208077,3,1.0,2013,<27,1-3,2013-18
00-0027966,Mark Ingram,RB,6.1937500000000005,16,99.10000000000001,11.0,23.720739219712527,0,5.0,2013,<27,0,2013-18
00-0029429,Bryce Brown,RB,6.1875,16,99.0,15.0,22.327173169062284,0,1.0,2013,<27,0,2013-18
00-0028064,Bilal Powell,RB,7.05,14,98.7,16.0,24.870636550308006,2,0.0,2013,<27,1-3,2013-18
00-0026566,Isaac Redman,RB,6.778571428571429,14,94.9,2.0,28.83230663928816,2,14.0,2013,27-28,1-3,2013-18
00-0026956,LaRod Stephens-Howling,RB,6.6571428571428575,14,93.2,1.0,26.376454483230663,2,15.0,2013,<27,1-3,2013-18
00-0025487,Michael Bush,RB,6.6461538461538465,13,86.4,14.0,29.234770704996578,3,2.0,2013,29+,1-3,2013-18
00-0029612,Daryl Richardson,RB,5.3625,16,85.8,7.0,23.41409993155373,0,9.0,2013,<27,0,2013-18
00-0028000,Daniel Thomas,RB,6.925000000000001,12,83.10000000000001,15.0,25.867214236824093,4,1.0,2013,<27,4+,2013-18
00-0025701,Jackie Battle,RB,5.3933333333333335,15,80.9,11.0,29.94387405886379,1,5.0,2013,29+,1-3,2013-18
00-0029251,David Wilson,RB,5.0125,16,80.2,5.0,22.239561943874058,0,11.0,2013,<27,0,2013-18
00-0024275,Maurice Jones-Drew,RB,13.166666666666666,6,79.0,15.0,28.468172484599588,10,1.0,2013,27-28,4+,2013-18
00-0026153,Jonathan Stewart,RB,8.7,9,78.3,6.0,26.47501711156742,7,10.0,2013,<27,4+,2013-18
00-0028034,Alex Green,RB,6.990909090909091,11,76.9,7.0,25.215605749486652,5,9.0,2013,<27,4+,2013-18
00-0029273,Robert Turbin,RB,5.033333333333333,15,75.5,16.0,23.772758384668034,1,0.0,2013,<27,1-3,2013-18
00-0029264,Bernard Pierce,RB,4.926666666666667,15,73.9,16.0,22.338124572210816,1,0.0,2013,<27,1-3,2013-18
00-0028202,Shaun Draughn,RB,4.5687500000000005,16,73.10000000000001,1.0,25.760438056125942,0,15.0,2013,<27,0,2013-18
00-0027155,Rashad Jennings,RB,7.2299999999999995,10,72.3,15.0,28.459958932238195,6,1.0,2013,27-28,4+,2013-18
00-0027994,Shane Vereen,RB,5.833333333333333,12,70.0,8.0,24.525667351129364,4,8.0,2013,<27,4+,2013-18
00-0027003,Donald Brown,RB,6.8,10,68.0,16.0,26.417522245037645,6,0.0,2013,<27,4+,2013-18
00-0028053,Kendall Hunter,RB,5.827272727272728,11,64.10000000000001,16.0,24.982888432580424,5,0.0,2013,<27,4+,2013-18
00-0027080,Mike Goodson,RB,5.300000000000001,12,63.60000000000001,2.0,26.302532511978097,4,14.0,2013,<27,4+,2013-18
00-0027007,Chris Wells,RB,6.85,8,54.8,0.0,25.09240246406571,8,16.0,2013,<27,4+,2013-18
00-0027888,Toby Gerhart,RB,3.6266666666666665,15,54.4,13.0,26.455852156057496,1,3.0,2013,<27,1-3,2013-18
00-0028736,William Powell,RB,4.491666666666666,12,53.9,0.0,25.505817932922657,4,16.0,2013,<27,4+,2013-18
00-0027890,Ben Tate,RB,4.8909090909090915,11,53.800000000000004,14.0,25.05407255304586,5,2.0,2013,<27,4+,2013-18
00-0029683,Ronnie Hillman,RB,3.8000000000000003,14,53.2,9.0,21.99041752224504,2,7.0,2013,<27,1-3,2013-18
00-0026367,Peyton Hillis,RB,4.007692307692308,13,52.1,7.0,27.63586584531143,3,9.0,2013,27-28,1-3,2013-18
00-0026373,Justin Forsett,RB,3.585714285714286,14,50.2,8.0,27.906913073237508,2,8.0,2013,27-28,1-3,2013-18
00-0026932,Cedric Peerman,RB,4.481818181818182,11,49.300000000000004,12.0,26.91854893908282,5,4.0,2013,<27,4+,2013-18
00-0024103,Montell Owens,RB,5.355555555555556,9,48.2,0.0,29.352498288843258,7,16.0,2013,29+,4+,2013-18
00-0028115,Evan Royster,RB,3.1133333333333337,15,46.7,4.0,25.790554414784395,1,12.0,2013,<27,1-3,2013-18
00-0029239,Brandon Bolden,RB,5.055555555555556,9,45.50000000000001,11.0,23.62217659137577,7,5.0,2013,<27,4+,2013-18
00-0025389,Calvin Johnson,WR,23.243750000000002,16,371.90000000000003,14.0,27.94798083504449,0,2.0,2013,<30,0,2013-18
00-0024334,Brandon Marshall,WR,21.56875,16,345.1,16.0,29.467488021902806,0,0.0,2013,<30,0,2013-18
00-0027902,Dez Bryant,WR,19.5375,16,312.6,16.0,24.84873374401095,0,0.0,2013,<30,0,2013-18
00-0022044,Andre Johnson,WR,19.45625,16,311.3,16.0,32.167008898015055,0,0.0,2013,30+,0,2013-18
00-0027942,A.J. Green,WR,19.20625,16,307.3,16.0,25.111567419575632,0,0.0,2013,<30,0,2013-18
00-0027874,Demaryius Thomas,WR,18.993750000000002,16,303.90000000000003,16.0,25.711156741957563,0,0.0,2013,<30,0,2013-18
00-0022427,Wes Welker,WR,18.55625,16,296.9,13.0,32.36139630390144,0,3.0,2013,30+,0,2013-18
00-0020498,Reggie Wayne,WR,17.5,16,280.0,7.0,34.8145106091718,0,9.0,2013,30+,0,2013-18
00-0023462,Roddy White,WR,17.475,16,279.6,13.0,31.854893908281998,0,3.0,2013,30+,0,2013-18
00-0023496,Vincent Jackson,WR,17.15,16,274.4,16.0,30.65571526351814,0,0.0,2013,30+,0,2013-18
00-0027690,Eric Decker,WR,17.025,16,272.4,16.0,26.491444216290212,0,0.0,2013,<30,0,2013-18
00-0027944,Julio Jones,WR,16.7375,16,267.8,5.0,24.58590006844627,0,11.0,2013,<30,0,2013-18
00-0027265,Victor Cruz,WR,16.41875,16,262.7,14.0,26.830937713894592,0,2.0,2013,<30,0,2013-18
00-0024466,Marques Colston,WR,16.181250000000002,16,258.90000000000003,15.0,30.26694045174538,0,1.0,2013,30+,0,2013-18
00-0026986,Michael Crabtree,WR,16.01875,16,256.3,5.0,25.99041752224504,0,11.0,2013,<30,0,2013-18
00-0028002,Randall Cobb,WR,16.473333333333336,15,247.10000000000002,6.0,23.052703627652292,1,10.0,2013,<30,1-3,2013-18
00-0025465,James Jones,WR,15.193333333333333,15,227.9,14.0,29.44558521560575,1,2.0,2013,<30,1-3,2013-18
00-0020337,Steve Smith,WR,13.9125,16,222.6,15.0,34.332648870636554,0,1.0,2013,30+,0,2013-18
00-0027702,Mike Williams,WR,13.88875,16,222.22,6.0,26.316221765913756,0,10.0,2013,<30,0,2013-18
00-0026364,Steve Johnson,WR,13.881250000000001,16,222.10000000000002,12.0,27.137577002053387,0,4.0,2013,<30,0,2013-18
00-0023310,Lance Moore,WR,14.073333333333334,15,211.10000000000002,13.0,30.028747433264886,1,3.0,2013,30+,1-3,2013-18
00-0026995,Jeremy Maclin,WR,13.280000000000001,15,199.20000000000002,0.0,25.333333333333332,1,16.0,2013,<30,1-3,2013-18
00-0028052,Cecil Shorts,WR,14.178571428571429,14,198.5,13.0,25.71937029431896,2,3.0,2013,<30,1-3,2013-18
00-0027077,Brian Hartline,WR,13.153333333333334,15,197.3,16.0,26.80082135523614,1,0.0,2013,<30,1-3,2013-18
00-0026901,Mike Wallace,WR,13.153333333333334,15,197.3,16.0,27.110198494182068,1,0.0,2013,<30,1-3,2013-18
00-0023921,Miles Austin,WR,12.33125,16,197.3,11.0,29.196440793976727,0,5.0,2013,<30,0,2013-18
00-0029608,T.Y. Hilton,WR,12.966666666666667,15,194.5,16.0,23.822039698836413,1,0.0,2013,<30,1-3,2013-18
00-0029707,Justin Blackmon,WR,12.05,16,192.8,4.0,23.668720054757017,0,12.0,2013,<30,0,2013-18
00-0022097,Brandon Lloyd,WR,12.00625,16,192.1,0.0,32.18343600273785,0,16.0,2013,30+,0,2013-18
00-0027996,Torrey Smith,WR,11.65,16,186.4,16.0,24.621492128678987,0,0.0,2013,<30,0,2013-18
00-0022084,Anquan Boldin,WR,12.326666666666666,15,184.9,16.0,32.936344969199176,1,0.0,2013,30+,1-3,2013-18
00-0022921,Larry Fitzgerald,WR,11.1125,16,177.8,16.0,30.028747433264886,0,0.0,2013,30+,0,2013-18
00-0027691,Andre Roberts,WR,11.72,15,175.8,16.0,25.67008898015058,1,0.0,2013,<30,1-3,2013-18
00-0027793,Antonio Brown,WR,13.315384615384618,13,173.10000000000002,16.0,25.169062286105408,3,0.0,2013,<30,1-3,2013-18
00-0026998,Percy Harvin,WR,19.08888888888889,9,171.8,1.0,25.286789869952088,7,15.0,2013,<30,4+,2013-18
00-0026176,Jordy Nelson,WR,14.208333333333334,12,170.5,16.0,28.279260780287473,4,0.0,2013,<30,4+,2013-18
00-0022414,Malcom Floyd,WR,12.171428571428573,14,170.4,2.0,32.00547570157426,2,14.0,2013,30+,1-3,2013-18
00-0025431,Sidney Rice,WR,10.525,16,168.4,8.0,27.025325119780973,0,8.0,2013,<30,0,2013-18
00-0028086,Denarius Moore,WR,11.206666666666667,15,168.1,13.0,24.752908966461327,1,3.0,2013,<30,1-3,2013-18
00-0027891,Golden Tate,WR,10.948,15,164.22,16.0,25.10609171800137,1,0.0,2013,<30,1-3,2013-18
00-0029664,Josh Gordon,WR,10.0,16,160.0,14.0,22.412046543463383,0,2.0,2013,<30,0,2013-18
00-0026173,Donnie Avery,WR,10.0,16,160.0,15.0,29.245722108145106,0,1.0,2013,<30,0,2013-18
00-0028091,Jeremy Kerley,WR,9.9175,16,158.68,12.0,24.83778234086242,0,4.0,2013,<30,0,2013-18
00-0025410,Dwayne Bowe,WR,12.161538461538461,13,158.1,15.0,28.969199178644764,3,1.0,2013,<30,1-3,2013-18
00-0026937,Brandon Gibson,WR,10.106666666666667,15,151.60000000000002,7.0,26.078028747433265,1,9.0,2013,<30,1-3,2013-18
00-0026035,Danny Amendola,WR,13.581818181818182,11,149.4,12.0,27.854893908281998,5,4.0,2013,<30,4+,2013-18
00-0029708,Kendall Wright,WR,9.933333333333334,15,149.0,16.0,23.82751540041068,1,0.0,2013,<30,1-3,2013-18
00-0027912,Danario Alexander,WR,14.780000000000001,10,147.8,0.0,25.09240246406571,6,16.0,2013,<30,4+,2013-18
00-0026000,Davone Bess,WR,11.36923076923077,13,147.8,14.0,27.991786447638603,3,2.0,2013,<30,1-3,2013-18
00-0023367,Nate Washington,WR,9.13125,16,146.1,16.0,30.036960985626283,0,0.0,2013,30+,0,2013-18
00-0020494,Santana Moss,WR,9.10625,16,145.7,16.0,34.27789185489391,0,0.0,2013,30+,0,2013-18
00-0027997,Greg Little,WR,8.95,16,143.2,16.0,24.281998631074607,0,0.0,2013,<30,0,2013-18
00-0027005,Hakeem Nicks,WR,11.808333333333335,12,141.70000000000002,15.0,25.65639972621492,4,1.0,2013,<30,4+,2013-18
00-0027681,Brandon LaFell,WR,10.707692307692309,13,139.20000000000002,15.0,26.850102669404517,3,1.0,2013,<30,1-3,2013-18
00-0026345,Pierre Garcon,WR,13.520000000000001,10,135.20000000000002,16.0,27.091033538672143,6,0.0,2013,<30,4+,2013-18
00-0029614,Chris Givens,WR,8.966666666666667,15,134.5,16.0,23.761806981519506,1,0.0,2013,<30,1-3,2013-18
00-0026983,Darrius Heyward-Bey,WR,8.88,15,133.20000000000002,15.0,26.537987679671456,1,1.0,2013,<30,1-3,2013-18
00-0027918,Andrew Hawkins,WR,9.37857142857143,14,131.3,8.0,27.50444900752909,2,8.0,2013,<30,1-3,2013-18
00-0027006,Kenny Britt,WR,9.242857142857144,14,129.4,10.0,24.974674880219027,2,6.0,2013,<30,1-3,2013-18
00-0015754,Brandon Stokley,WR,9.242857142857144,14,129.4,6.0,37.215605749486656,2,10.0,2013,30+,1-3,2013-18
00-0026189,DeSean Jackson,WR,11.754545454545456,11,129.3,16.0,26.77618069815195,5,0.0,2013,<30,4+,2013-18
00-0024324,Jason Avant,WR,8.521428571428572,14,119.30000000000001,15.0,30.392881587953458,2,1.0,2013,30+,1-3,2013-18
00-0029129,Rod Streater,WR,7.793333333333334,15,116.9,16.0,25.585215605749486,1,0.0,2013,<30,1-3,2013-18
00-0026314,Josh Morgan,WR,7.09375,16,113.5,14.0,28.22450376454483,0,2.0,2013,<30,0,2013-18
00-0029638,Michael Floyd,WR,7.513333333333334,15,112.7,16.0,23.786447638603697,1,0.0,2013,<30,1-3,2013-18
00-0027685,Emmanuel Sanders,WR,6.9375,16,111.0,16.0,26.48596851471595,0,0.0,2013,<30,0,2013-18
00-0028017,Leonard Hankerson,WR,7.386666666666668,15,110.80000000000001,10.0,24.61054072553046,1,6.0,2013,<30,1-3,2013-18
00-0027518,Donald Jones,WR,9.108333333333333,12,109.3,0.0,25.73305954825462,4,16.0,2013,<30,4+,2013-18
00-0024345,Domenik Hixon,WR,8.4,13,109.2,7.0,28.922655715263517,3,9.0,2013,<30,1-3,2013-18
00-0027651,Dexter McCluster,WR,6.7625,16,108.2,15.0,25.04312114989733,0,1.0,2013,<30,0,2013-18
00-0027696,Jimmy Graham,TE,16.013333333333335,15,240.20000000000002,16.0,26.795345653661876,1,0.0,2013,all,1-3,2013-18
00-0006101,Tony Gonzalez,TE,14.8125,16,237.0,16.0,37.53593429158111,0,0.0,2013,all,0,2013-18
00-0022127,Jason Witten,TE,14.775,16,236.4,16.0,31.34839151266256,0,0.0,2013,all,0,2013-18
00-0023465,Heath Miller,TE,13.506666666666668,15,202.60000000000002,14.0,30.885694729637233,1,2.0,2013,all,1-3,2013-18
00-0027656,Rob Gronkowski,TE,18.40909090909091,11,202.5,7.0,24.32580424366872,5,9.0,2013,all,4+,2013-18
00-0027135,Brandon Myers,TE,11.56875,16,185.1,15.0,28.016427104722794,0,1.0,2013,all,0,2013-18
00-0025418,Greg Olsen,TE,11.55,16,184.8,16.0,28.501026694045173,0,0.0,2013,all,0,2013-18
00-0027714,Dennis Pitta,TE,10.7125,16,171.4,4.0,28.199863107460644,0,12.0,2013,all,0,2013-18
00-0024313,Owen Daniels,TE,11.306666666666667,15,169.6,5.0,30.836413415468858,1,11.0,2013,all,1-3,2013-18
00-0027873,Jermaine Gresham,TE,10.45,16,167.2,14.0,25.234770704996578,0,2.0,2013,all,0,2013-18
00-0027981,Kyle Rudolph,TE,9.89375,16,158.3,8.0,23.835728952772072,0,8.0,2013,all,0,2013-18
00-0026201,Martellus Bennett,TE,9.225,16,147.6,16.0,26.50513347022587,0,0.0,2013,all,0,2013-18
00-0021547,Antonio Gates,TE,9.653333333333334,15,144.8,16.0,33.229295003422315,1,0.0,2013,all,1-3,2013-18
00-0026231,Jermichael Finley,TE,8.60625,16,137.7,6.0,26.46132785763176,0,10.0,2013,all,0,2013-18
00-0025516,Scott Chandler,TE,8.94,15,134.1,16.0,28.134154688569474,1,0.0,2013,all,1-3,2013-18
00-0024243,Marcedes Lewis,TE,8.766666666666667,15,131.5,10.0,29.311430527036276,1,6.0,2013,all,1-3,2013-18
00-0025549,Brent Celek,TE,8.726666666666667,15,130.9,16.0,28.62422997946612,1,0.0,2013,all,1-3,2013-18
00-0027713,Aaron Hernandez,TE,12.98,10,129.8,0.0,23.84394250513347,6,16.0,2013,all,4+,2013-18
00-0026996,Brandon Pettigrew,TE,9.976923076923075,13,129.7,14.0,28.54483230663929,3,2.0,2013,all,1-3,2013-18
00-0024221,Vernon Davis,TE,7.956250000000001,16,127.30000000000001,15.0,29.609856262833677,0,1.0,2013,all,0,2013-18
00-0027985,Lance Kendricks,TE,7.5875,16,121.4,14.0,25.61259411362081,0,2.0,2013,all,0,2013-18
00-0026267,Jacob Tamme,TE,7.966666666666667,15,119.5,12.0,28.490075290896645,1,4.0,2013,all,1-3,2013-18
00-0027061,Jared Cook,TE,9.1,13,118.3,16.0,26.428473648186174,3,0.0,2013,all,1-3,2013-18
00-0022943,Benjamin Watson,TE,7.31875,16,117.1,14.0,32.72826830937714,0,2.0,2013,all,0,2013-18
00-0020531,Drew Brees,QB,22.59875,16,361.58,16.0,34.652977412731005,0,0.0,2013,all,0,2013-18
00-0019596,Tom Brady,QB,21.7675,16,348.28,16.0,36.10403832991102,0,0.0,2013,all,0,2013-18
00-0023459,Aaron Rodgers,QB,21.5375,16,344.6,9.0,29.7741273100616,0,7.0,2013,all,0,2013-18
00-0027939,Cam Newton,QB,20.52875,16,328.46,16.0,24.334017796030118,0,0.0,2013,all,0,2013-18
00-0029665,Robert Griffin III,QB,21.366666666666667,15,320.5,13.0,23.575633127994525,1,3.0,2013,all,1-3,2013-18
00-0026143,Matt Ryan,QB,19.55375,16,312.86,16.0,28.317590691307323,0,0.0,2013,all,0,2013-18
00-0010346,Peyton Manning,QB,19.435000000000002,16,310.96000000000004,16.0,37.464750171115675,0,0.0,2013,all,0,2013-18
00-0021678,Tony Romo,QB,18.995,16,303.92,15.0,33.38809034907597,0,1.0,2013,all,0,2013-18
00-0026498,Matthew Stafford,QB,18.286250000000003,16,292.58000000000004,16.0,25.590691307323752,0,0.0,2013,all,0,2013-18
00-0029668,Andrew Luck,QB,17.778750000000002,16,284.46000000000004,16.0,23.994524298425734,0,0.0,2013,all,0,2013-18
00-0029263,Russell Wilson,QB,17.22625,16,275.62,16.0,24.78028747433265,0,0.0,2013,all,0,2013-18
00-0026993,Josh Freeman,QB,16.03125,16,256.5,4.0,25.659137577002053,0,12.0,2013,all,0,2013-18
00-0027973,Andy Dalton,QB,15.6725,16,250.76,16.0,25.867214236824093,0,0.0,2013,all,0,2013-18
00-0022803,Eli Manning,QB,15.0575,16,240.92,16.0,32.68446269678302,0,0.0,2013,all,0,2013-18
00-0026158,Joe Flacco,QB,14.68,16,234.88,16.0,28.648870636550306,0,0.0,2013,all,0,2013-18
00-0021429,Carson Palmer,QB,15.488,15,232.32,16.0,33.7056810403833,1,0.0,2013,all,1-3,2013-18
00-0022787,Matt Schaub,QB,14.48875,16,231.82,10.0,32.21081451060917,0,6.0,2013,all,0,2013-18
00-0027854,Sam Bradford,QB,14.405,16,230.48,7.0,25.83983572895277,0,9.0,2013,all,0,2013-18
00-0022924,Ben Roethlisberger,QB,17.215384615384615,13,223.8,16.0,31.526351813826146,3,0.0,2013,all,1-3,2013-18
00-0023682,Ryan Fitzpatrick,QB,13.35625,16,213.7,11.0,30.795345653661876,0,5.0,2013,all,0,2013-18
00-0022942,Philip Rivers,QB,13.015,16,208.24,16.0,31.756331279945243,0,0.0,2013,all,0,2013-18
00-0027950,Christian Ponder,QB,12.137500000000001,16,194.20000000000002,9.0,25.541409993155373,0,7.0,2013,all,0,2013-18
00-0029701,Ryan Tannehill,QB,11.92875,16,190.86,16.0,25.12251882272416,0,0.0,2013,all,0,2013-18
00-0024226,Jay Cutler,QB,12.308,15,184.62,11.0,30.368240930869266,1,5.0,2013,all,1-3,2013-18
00-0026213,Jamaal Charles,RB,26.1,15,391.5,15.0,27.704312114989733,1,1.0,2014,27-28,1-3,2013-18
00-0027029,LeSean McCoy,RB,22.38125,16,358.1,16.0,26.16290212183436,0,0.0,2014,<27,0,2013-18
00-0026184,Matt Forte,RB,22.01875,16,352.3,16.0,28.750171115674195,0,0.0,2014,27-28,0,2013-18
00-0026988,Knowshon Moreno,RB,19.0375,16,304.6,3.0,27.15400410677618,0,13.0,2014,27-28,0,2013-18
00-0025399,Marshawn Lynch,RB,17.76875,16,284.3,16.0,28.386036960985628,0,0.0,2014,27-28,0,2013-18
00-0028009,DeMarco Murray,RB,19.07857142857143,14,267.1,16.0,26.576317590691307,2,0.0,2014,<27,1-3,2013-18
00-0030485,Eddie Lacy,RB,16.966666666666665,15,254.5,16.0,24.27378507871321,1,0.0,2014,<27,1-3,2013-18
00-0025394,Adrian Peterson,RB,18.05,14,252.7,1.0,29.472963723477072,2,15.0,2014,29+,1-3,2013-18
00-0024217,Reggie Bush,RB,17.835714285714285,14,249.7,11.0,29.52498288843258,2,5.0,2014,29+,1-3,2013-18
00-0026164,Chris Johnson,RB,15.387500000000001,16,246.20000000000002,16.0,28.9637234770705,0,0.0,2014,27-28,0,2013-18
00-0024204,Fred Jackson,RB,14.85625,16,237.7,14.0,33.5523613963039,0,2.0,2014,29+,0,2013-18
00-0027864,Ryan Mathews,RB,14.275,16,228.4,6.0,26.91854893908282,0,10.0,2014,<27,0,2013-18
00-0026019,Danny Woodhead,RB,13.9625,16,223.4,3.0,29.623545516769337,0,13.0,2014,29+,0,2013-18
00-0030456,Giovani Bernard,RB,13.93125,16,222.9,13.0,22.80082135523614,0,3.0,2014,<27,0,2013-18
00-0030496,Le'Veon Bell,RB,16.915384615384617,13,219.9,16.0,22.559890485968516,3,0.0,2014,<27,1-3,2013-18
00-0027218,Joique Bell,RB,13.54375,16,216.7,15.0,28.10130047912389,0,1.0,2014,27-28,0,2013-18
00-0024813,Pierre Thomas,RB,13.325000000000001,16,213.20000000000002,11.0,29.727583846680357,0,5.0,2014,29+,0,2013-18
00-0023500,Frank Gore,RB,12.49375,16,199.9,16.0,31.326488706365502,0,0.0,2014,29+,0,2013-18
00-0030536,Zac Stacy,RB,15.03076923076923,13,195.4,9.0,23.422313483915126,3,7.0,2014,<27,1-3,2013-18
00-0024275,Maurice Jones-Drew,RB,12.668000000000001,15,190.02,11.0,29.467488021902806,1,5.0,2014,29+,1-3,2013-18
00-0029141,Alfred Morris,RB,11.70625,16,187.3,16.0,25.744010951403148,0,0.0,2014,<27,0,2013-18
00-0026195,Ray Rice,RB,12.073333333333332,15,181.1,0.0,27.633127994524298,1,16.0,2014,27-28,1-3,2013-18
00-0027155,Rashad Jennings,RB,12.033333333333333,15,180.5,11.0,29.45927446954141,1,5.0,2014,29+,1-3,2013-18
00-0023564,Darren Sproles,RB,11.793333333333333,15,176.9,15.0,31.225188227241617,1,1.0,2014,29+,1-3,2013-18
00-0030287,Andre Ellington,RB,11.22,15,168.3,12.0,25.598904859685145,1,4.0,2014,<27,1-3,2013-18
00-0027861,C.J. Spiller,RB,11.120000000000001,15,166.8,9.0,27.09924709103354,1,7.0,2014,27-28,1-3,2013-18
00-0024242,DeAngelo Williams,RB,11.106666666666667,15,166.60000000000002,6.0,31.378507871321013,1,10.0,2014,29+,1-3,2013-18
00-0030578,Cordarrelle Patterson,RB,10.2,16,163.2,16.0,23.485284052019164,0,0.0,2014,<27,0,2013-18
00-0027003,Donald Brown,RB,9.38125,16,150.1,13.0,27.416837782340863,0,3.0,2014,27-28,0,2013-18
00-0022736,Steven Jackson,RB,12.366666666666667,12,148.4,15.0,31.137577002053387,4,1.0,2014,29+,4+,2013-18
00-0027890,Ben Tate,RB,10.578571428571427,14,148.1,11.0,26.053388090349078,2,5.0,2014,<27,1-3,2013-18
00-0029675,Trent Richardson,RB,9.05625,16,144.9,15.0,24.16974674880219,0,1.0,2014,<27,0,2013-18
00-0026163,Rashard Mendenhall,RB,9.606666666666666,15,144.1,0.0,27.227926078028748,1,16.0,2014,27-28,1-3,2013-18
00-0028064,Bilal Powell,RB,8.94375,16,143.1,15.0,25.869952087611225,0,1.0,2014,<27,0,2013-18
00-0028083,Jacquizz Rodgers,RB,9.42,15,141.3,16.0,24.591375770020534,1,0.0,2014,<27,1-3,2013-18
00-0027994,Shane Vereen,RB,17.375,8,139.0,16.0,25.52498288843258,8,0.0,2014,<27,4+,2013-18
00-0028011,Stevan Ridley,RB,9.321428571428571,14,130.5,6.0,25.61806981519507,2,10.0,2014,<27,1-3,2013-18
00-0029615,Lamar Miller,RB,7.93125,16,126.9,16.0,23.378507871321013,0,0.0,2014,<27,0,2013-18
00-0027325,LeGarrette Blount,RB,7.75,16,124.0,15.0,27.76454483230664,0,1.0,2014,27-28,0,2013-18
00-0025860,BenJarvus Green-Ellis,RB,7.487500000000001,16,119.80000000000001,0.0,29.190965092402465,0,16.0,2014,29+,0,2013-18
00-0029384,Bobby Rainey,RB,8.3,14,116.2,15.0,26.902121834360027,2,1.0,2014,<27,1-3,2013-18
00-0026796,Arian Foster,RB,14.3125,8,114.5,13.0,28.046543463381244,8,3.0,2014,27-28,4+,2013-18
00-0027140,Chris Ogbonnaya,RB,7.143750000000001,16,114.30000000000001,3.0,28.309377138945926,0,13.0,2014,27-28,0,2013-18
00-0027531,Chris Ivory,RB,7.553333333333333,15,113.3,16.0,26.469541409993155,1,0.0,2014,<27,1-3,2013-18
00-0030522,Montee Ball,RB,6.9625,16,111.4,5.0,23.76454483230664,0,11.0,2014,<27,0,2013-18
00-0028043,Roy Helu,RB,6.71875,16,107.5,13.0,25.75770020533881,0,3.0,2014,<27,0,2013-18
00-0026144,Darren McFadden,RB,10.134,10,101.34,16.0,27.039014373716633,6,0.0,2014,27-28,4+,2013-18
00-0028000,Daniel Thomas,RB,6.726666666666666,15,100.89999999999999,12.0,26.86652977412731,1,4.0,2014,<27,1-3,2013-18
00-0027094,Andre Brown,RB,12.4375,8,99.5,0.0,27.737166324435318,8,16.0,2014,27-28,4+,2013-18
00-0027791,James Starks,RB,7.323076923076924,13,95.2,14.0,28.539356605065024,3,2.0,2014,27-28,1-3,2013-18
00-0029264,Bernard Pierce,RB,5.375,16,86.0,13.0,23.33744010951403,0,3.0,2014,<27,0,2013-18
00-0029239,Brandon Bolden,RB,7.390909090909091,11,81.3,12.0,24.621492128678987,5,4.0,2014,<27,4+,2013-18
00-0029613,Doug Martin,RB,12.200000000000001,6,73.2,11.0,25.65639972621492,10,5.0,2014,<27,4+,2013-18
00-0028121,Jordan Todman,RB,4.5125,16,72.2,16.0,24.542094455852155,0,0.0,2014,<27,0,2013-18
00-0030280,Knile Davis,RB,4.41875,16,70.7,16.0,22.93223819301848,0,0.0,2014,<27,0,2013-18
00-0025439,Brian Leonard,RB,4.06875,16,65.1,1.0,30.600958247775495,0,15.0,2014,29+,0,2013-18
00-0029429,Bryce Brown,RB,4.319999999999999,15,64.8,7.0,23.326488706365502,1,9.0,2014,<27,1-3,2013-18
00-0026899,Shonn Greene,RB,5.763636363636365,11,63.400000000000006,13.0,29.05407255304586,5,3.0,2014,29+,4+,2013-18
00-0027966,Mark Ingram,RB,5.581818181818182,11,61.4,13.0,24.720054757015742,5,3.0,2014,<27,4+,2013-18
00-0027888,Toby Gerhart,RB,4.6230769230769235,13,60.1,14.0,27.45516769336071,3,2.0,2014,27-28,1-3,2013-18
00-0022178,Willis McGahee,RB,5.245454545454546,11,57.7,0.0,32.8870636550308,5,16.0,2014,29+,4+,2013-18
00-0026367,Peyton Hillis,RB,8.185714285714287,7,57.300000000000004,8.0,28.635181382614647,9,8.0,2014,27-28,4+,2013-18
00-0029731,Fozzy Whittaker,RB,4.338461538461539,13,56.400000000000006,8.0,25.60164271047228,3,8.0,2014,<27,1-3,2013-18
00-0028053,Kendall Hunter,RB,3.44375,16,55.1,0.0,25.982203969883642,0,16.0,2014,<27,0,2013-18
00-0025487,Michael Bush,RB,3.75,14,52.5,0.0,30.234086242299796,2,16.0,2014,29+,1-3,2013-18
00-0023545,Brandon Jacobs,RB,7.442857142857143,7,52.1,0.0,32.18069815195072,9,16.0,2014,29+,4+,2013-18
00-0030391,Mike James,RB,7.268571428571429,7,50.88,5.0,23.411362080766597,9,11.0,2014,<27,4+,2013-18
00-0029683,Ronnie Hillman,RB,5.522222222222222,9,49.7,8.0,22.989733059548254,7,8.0,2014,<27,4+,2013-18
00-0029612,Daryl Richardson,RB,6.8,7,47.6,0.0,24.413415468856947,9,16.0,2014,<27,4+,2013-18
00-0029795,Benny Cunningham,RB,3.357142857142857,14,47.0,16.0,24.177960301163587,2,0.0,2014,<27,1-3,2013-18
00-0029664,Josh Gordon,WR,24.13571428571429,14,337.90000000000003,5.0,23.411362080766597,2,11.0,2014,<30,1-3,2013-18
00-0027874,Demaryius Thomas,WR,20.5,16,328.0,16.0,26.71047227926078,0,0.0,2014,<30,0,2013-18
00-0027793,Antonio Brown,WR,20.150000000000002,16,322.40000000000003,16.0,26.168377823408623,0,0.0,2014,<30,0,2013-18
00-0025389,Calvin Johnson,WR,22.87142857142857,14,320.2,13.0,28.947296372347708,2,3.0,2014,<30,1-3,2013-18
00-0027942,A.J. Green,WR,19.725,16,315.6,12.0,26.11088295687885,0,4.0,2014,<30,0,2013-18
00-0024334,Brandon Marshall,WR,19.65625,16,314.5,13.0,30.466803559206024,0,3.0,2014,30+,0,2013-18
00-0029137,Alshon Jeffery,WR,19.00625,16,304.1,16.0,24.569472963723477,0,0.0,2014,<30,0,2013-18
00-0027902,Dez Bryant,WR,18.65,16,298.4,16.0,25.848049281314168,0,0.0,2014,<30,0,2013-18
00-0022044,Andre Johnson,WR,18.45,16,295.2,15.0,33.16632443531827,0,1.0,2014,30+,0,2013-18
00-0027690,Eric Decker,WR,17.95625,16,287.3,15.0,27.49075975359343,0,1.0,2014,<30,0,2013-18
00-0026345,Pierre Garcon,WR,17.8125,16,285.0,16.0,28.09034907597536,0,0.0,2014,<30,0,2013-18
00-0026189,DeSean Jackson,WR,17.30625,16,276.9,15.0,27.77549623545517,0,1.0,2014,<30,0,2013-18
00-0026176,Jordy Nelson,WR,16.993750000000002,16,271.90000000000003,16.0,29.27857631759069,0,0.0,2014,<30,0,2013-18
00-0027150,Julian Edelman,WR,16.10625,16,257.7,14.0,28.303901437371664,0,2.0,2014,<30,0,2013-18
00-0022084,Anquan Boldin,WR,15.96875,16,255.5,16.0,33.935660506502394,0,0.0,2014,30+,0,2013-18
00-0023496,Vincent Jackson,WR,15.524999999999999,16,248.39999999999998,16.0,31.655030800821354,0,0.0,2014,30+,0,2013-18
00-0022921,Larry Fitzgerald,WR,14.950000000000001,16,239.20000000000002,14.0,31.028062970568104,0,2.0,2014,30+,0,2013-18
00-0030279,Keenan Allen,WR,15.273333333333333,15,229.1,14.0,22.3709787816564,1,2.0,2014,<30,1-3,2013-18
00-0029608,T.Y. Hilton,WR,14.275,16,228.4,15.0,24.82135523613963,0,1.0,2014,<30,0,2013-18
00-0029708,Kendall Wright,WR,13.55625,16,216.9,14.0,24.826830937713893,0,2.0,2014,<30,0,2013-18
00-0022427,Wes Welker,WR,16.215384615384615,13,210.8,14.0,33.360711841204655,3,2.0,2014,30+,1-3,2013-18
00-0027996,Torrey Smith,WR,12.925,16,206.8,15.0,25.620807665982205,0,1.0,2014,<30,0,2013-18
00-0026224,Harry Douglas,WR,12.8875,16,206.2,12.0,29.982203969883642,0,4.0,2014,<30,0,2013-18
00-0026901,Mike Wallace,WR,12.83125,16,205.3,16.0,28.109514031485283,0,0.0,2014,<30,0,2013-18
00-0027077,Brian Hartline,WR,12.787500000000001,16,204.60000000000002,16.0,27.800136892539356,0,0.0,2014,<30,0,2013-18
00-0024466,Marques Colston,WR,13.486666666666668,15,202.3,15.0,31.266255989048595,1,1.0,2014,30+,1-3,2013-18
00-0029638,Michael Floyd,WR,12.63125,16,202.1,16.0,24.78576317590691,0,0.0,2014,<30,0,2013-18
00-0027265,Victor Cruz,WR,14.342857142857143,14,200.8,6.0,27.83025325119781,2,10.0,2014,<30,1-3,2013-18
00-0029293,Marvin Jones,WR,11.8875,16,190.2,0.0,24.49828884325804,0,16.0,2014,<30,0,2013-18
00-0027891,Golden Tate,WR,11.86875,16,189.9,16.0,26.105407255304584,0,0.0,2014,<30,0,2013-18
00-0027758,Riley Cooper,WR,11.8,16,188.8,16.0,27.003422313483917,0,0.0,2014,<30,0,2013-18
00-0027685,Emmanuel Sanders,WR,11.34375,16,181.5,16.0,27.485284052019164,0,0.0,2014,<30,0,2013-18
00-0029129,Rod Streater,WR,11.0,16,176.0,3.0,26.584531143052704,0,13.0,2014,<30,0,2013-18
00-0024267,Greg Jennings,WR,11.593333333333334,15,173.9,16.0,30.97056810403833,1,0.0,2014,30+,1-3,2013-18
00-0023367,Nate Washington,WR,10.775,16,172.4,16.0,31.0362765229295,0,0.0,2014,30+,0,2013-18
00-0022811,Jerricho Cotchery,WR,11.146666666666668,15,167.20000000000002,15.0,32.23545516769336,1,1.0,2014,30+,1-3,2013-18
00-0028052,Cecil Shorts,WR,12.553846153846154,13,163.2,13.0,26.718685831622178,3,3.0,2014,<30,1-3,2013-18
00-0020337,Steve Smith,WR,10.833333333333334,15,162.5,16.0,35.331964407939765,1,0.0,2014,30+,1-3,2013-18
00-0026182,Eddie Royal,WR,10.68,15,160.2,16.0,28.306639288158795,1,0.0,2014,<30,1-3,2013-18
00-0025465,James Jones,WR,11.407142857142858,14,159.70000000000002,16.0,30.444900752908968,2,0.0,2014,30+,1-3,2013-18
00-0028434,Doug Baldwin,WR,9.9,16,158.4,16.0,25.968514715947983,0,0.0,2014,<30,0,2013-18
00-0025410,Dwayne Bowe,WR,10.286666666666667,15,154.3,15.0,29.968514715947983,1,1.0,2014,<30,1-3,2013-18
00-0023462,Roddy White,WR,11.77692307692308,13,153.10000000000002,14.0,32.85420944558521,3,2.0,2014,30+,1-3,2013-18
00-0027005,Hakeem Nicks,WR,10.006666666666666,15,150.1,15.0,26.65571526351814,1,1.0,2014,<30,1-3,2013-18
00-0028825,Terrelle Pryor,WR,13.592727272727274,11,149.52,0.0,25.22381930184805,5,16.0,2014,<30,4+,2013-18
00-0030542,Terrance Williams,WR,9.966666666666667,15,149.5,15.0,24.97741273100616,1,1.0,2014,<30,1-3,2013-18
00-0028086,Denarius Moore,WR,11.307692307692308,13,147.0,10.0,25.752224503764545,3,6.0,2014,<30,1-3,2013-18
00-0030400,Marlon Brown,WR,10.371428571428572,14,145.20000000000002,13.0,23.38672142368241,2,3.0,2014,<30,1-3,2013-18
00-0027681,Brandon LaFell,WR,9.646666666666668,15,144.70000000000002,16.0,27.849418206707735,1,0.0,2014,<30,1-3,2013-18
00-0030564,DeAndre Hopkins,WR,8.981250000000001,16,143.70000000000002,16.0,22.261464750171115,0,0.0,2014,<30,0,2013-18
00-0029262,Rueben Randle,WR,8.725,16,139.6,16.0,23.345653661875428,0,0.0,2014,<30,0,2013-18
00-0029051,Jarrett Boykin,WR,9.206666666666667,15,138.1,8.0,24.84873374401095,1,8.0,2014,<30,1-3,2013-18
00-0026035,Danny Amendola,WR,11.158333333333333,12,133.9,15.0,28.854209445585216,4,1.0,2014,<30,4+,2013-18
00-0030525,Tavon Austin,WR,10.184615384615386,13,132.4,15.0,24.490075290896645,3,1.0,2014,<30,1-3,2013-18
00-0026364,Steve Johnson,WR,11.016666666666666,12,132.2,13.0,28.136892539356605,4,3.0,2014,<30,4+,2013-18
00-0026186,Jerome Simpson,WR,8.1,16,129.6,0.0,28.5968514715948,0,16.0,2014,<30,0,2013-18
00-0027651,Dexter McCluster,WR,8.573333333333332,15,128.6,13.0,26.04243668720055,1,3.0,2014,<30,1-3,2013-18
00-0030085,Kenny Stills,WR,8.0375,16,128.6,15.0,22.38466803559206,0,1.0,2014,<30,0,2013-18
00-0025396,Ted Ginn,WR,7.78125,16,124.5,16.0,29.412731006160165,0,0.0,2014,<30,0,2013-18
00-0030431,Robert Woods,WR,8.592857142857143,14,120.30000000000001,16.0,22.417522245037645,2,0.0,2014,<30,1-3,2013-18
00-0030540,Aaron Dobson,WR,10.4,11,114.4,4.0,23.134839151266256,5,12.0,2014,<30,4+,2013-18
00-0028091,Jeremy Kerley,WR,9.533333333333333,12,114.4,16.0,25.83709787816564,4,0.0,2014,<30,4+,2013-18
00-0026173,Donnie Avery,WR,7.446666666666667,15,111.7,5.0,30.245037645448324,1,11.0,2014,30+,1-3,2013-18
00-0030550,Ace Sanders,WR,7.376,15,110.64,12.0,22.830937713894592,1,4.0,2014,<30,1-3,2013-18
00-0028002,Randall Cobb,WR,18.183333333333334,6,109.1,16.0,24.05201916495551,10,0.0,2014,<30,4+,2013-18
00-0029632,Mohamed Sanu,WR,6.5687500000000005,16,105.10000000000001,16.0,25.05133470225873,0,0.0,2014,<30,0,2013-18
00-0020498,Reggie Wayne,WR,14.900000000000002,7,104.30000000000001,15.0,35.813826146475016,9,1.0,2014,30+,4+,2013-18
00-0030000,Kenbrell Thompkins,WR,9.463636363636365,11,104.10000000000001,13.0,26.116358658453116,5,3.0,2014,<30,4+,2013-18
00-0027691,Andre Roberts,WR,6.38125,16,102.1,16.0,26.6694045174538,0,0.0,2014,<30,0,2013-18
00-0025460,Jacoby Jones,WR,8.5,12,102.0,16.0,30.16563997262149,4,0.0,2014,30+,4+,2013-18
00-0027696,Jimmy Graham,TE,19.53125,16,312.5,15.0,27.794661190965094,0,1.0,2014,all,0,2013-18
00-0006101,Tony Gonzalez,TE,13.775,16,220.4,0.0,38.535249828884325,0,16.0,2014,all,0,2013-18
00-0028067,Julius Thomas,TE,15.62857142857143,14,218.8,12.0,26.203969883641342,2,4.0,2014,all,1-3,2013-18
00-0028040,Jordan Cameron,TE,14.446666666666667,15,216.70000000000002,10.0,26.091718001368925,1,6.0,2014,all,1-3,2013-18
00-0024221,Vernon Davis,TE,14.3,15,214.5,13.0,30.60917180013689,1,3.0,2014,all,1-3,2013-18
00-0022127,Jason Witten,TE,13.1625,16,210.6,16.0,32.34770704996578,0,0.0,2014,all,0,2013-18
00-0025418,Greg Olsen,TE,11.9125,16,190.6,16.0,29.50034223134839,0,0.0,2014,all,0,2013-18
00-0028112,Charles Clay,TE,11.86875,16,189.9,14.0,25.571526351813826,0,2.0,2014,all,0,2013-18
00-0021547,Antonio Gates,TE,11.7,16,187.2,16.0,34.22861054072553,0,0.0,2014,all,0,2013-18
00-0026201,Martellus Bennett,TE,10.55625,16,168.9,16.0,27.50444900752909,0,0.0,2014,all,0,2013-18
00-0024389,Delanie Walker,TE,10.206666666666667,15,153.1,15.0,30.078028747433265,1,1.0,2014,all,1-3,2013-18
00-0027061,Jared Cook,TE,9.225,16,147.6,16.0,27.42778918548939,0,0.0,2014,all,0,2013-18
00-0029697,Coby Fleener,TE,8.89375,16,142.3,16.0,25.971252566735114,0,0.0,2014,all,0,2013-18
00-0029910,Timothy Wright,TE,10.092857142857143,14,141.3,13.0,24.427104722792606,2,3.0,2014,all,1-3,2013-18
00-0027718,Garrett Graham,TE,11.083333333333334,12,133.0,10.0,28.10130047912389,4,6.0,2014,all,4+,2013-18
00-0025516,Scott Chandler,TE,8.03125,16,128.5,16.0,29.13347022587269,0,0.0,2014,all,0,2013-18
00-0027656,Rob Gronkowski,TE,18.1,7,126.7,15.0,25.32511978097194,9,1.0,2014,all,4+,2013-18
00-0027135,Brandon Myers,TE,8.213333333333333,15,123.2,11.0,29.01574264202601,1,5.0,2014,all,1-3,2013-18
00-0023465,Heath Miller,TE,8.664285714285715,14,121.30000000000001,16.0,31.88501026694045,2,0.0,2014,all,1-3,2013-18
00-0025549,Brent Celek,TE,7.2625,16,116.2,16.0,29.623545516769337,0,0.0,2014,all,0,2013-18
00-0030472,Jordan Reed,TE,12.911111111111111,9,116.2,11.0,24.188911704312115,7,5.0,2014,all,4+,2013-18
00-0027873,Jermaine Gresham,TE,7.842857142857143,14,109.80000000000001,15.0,26.234086242299796,2,1.0,2014,all,1-3,2013-18
00-0030061,Zach Ertz,TE,7.126666666666667,15,106.9,16.0,23.83299110198494,1,0.0,2014,all,1-3,2013-18
00-0030514,Mychal Rivera,TE,6.41875,16,102.7,16.0,24.005475701574266,0,0.0,2014,all,0,2013-18
00-0010346,Peyton Manning,QB,27.62375,16,441.98,16.0,38.46406570841889,0,0.0,2014,all,0,2013-18
00-0020531,Drew Brees,QB,22.855,16,365.68,16.0,35.65229295003422,0,0.0,2014,all,0,2013-18
00-0022942,Philip Rivers,QB,19.46375,16,311.42,16.0,32.75564681724846,0,0.0,2014,all,0,2013-18
00-0027939,Cam Newton,QB,18.60375,16,297.66,14.0,25.333333333333332,0,2.0,2014,all,0,2013-18
00-0029668,Andrew Luck,QB,18.286250000000003,16,292.58000000000004,16.0,24.993839835728952,0,0.0,2014,all,0,2013-18
00-0027973,Andy Dalton,QB,18.00125,16,288.02,16.0,26.86652977412731,0,0.0,2014,all,0,2013-18
00-0026498,Matthew Stafford,QB,17.93125,16,286.9,16.0,26.590006844626966,0,0.0,2014,all,0,2013-18
00-0029567,Nick Foles,QB,21.21076923076923,13,275.74,8.0,25.637234770704996,3,8.0,2014,all,1-3,2013-18
00-0022924,Ben Roethlisberger,QB,17.1775,16,274.84,16.0,32.525667351129364,0,0.0,2014,all,0,2013-18
00-0029263,Russell Wilson,QB,17.07375,16,273.18,16.0,25.779603011635867,0,0.0,2014,all,0,2013-18
00-0027974,Colin Kaepernick,QB,17.017500000000002,16,272.28000000000003,16.0,26.85284052019165,0,0.0,2014,all,0,2013-18
00-0021678,Tony Romo,QB,17.928,15,268.92,15.0,34.38740588637919,1,1.0,2014,all,1-3,2013-18
00-0019596,Tom Brady,QB,16.72,16,267.52,16.0,37.10335386721424,0,0.0,2014,all,0,2013-18
00-0026143,Matt Ryan,QB,16.00625,16,256.1,16.0,29.31690622861054,0,0.0,2014,all,0,2013-18
00-0023436,Alex Smith,QB,16.948,15,254.22,15.0,30.34360027378508,1,1.0,2014,all,1-3,2013-18
00-0029701,Ryan Tannehill,QB,14.895,16,238.32,16.0,26.12183436002738,0,0.0,2014,all,0,2013-18
00-0021429,Carson Palmer,QB,14.57875,16,233.26,6.0,34.704996577686515,0,10.0,2014,all,0,2013-18
00-0029665,Robert Griffin III,QB,16.386153846153846,13,213.02,9.0,24.57494866529774,3,7.0,2014,all,1-3,2013-18
00-0026158,Joe Flacco,QB,12.97375,16,207.58,16.0,29.648186173853524,0,0.0,2014,all,0,2013-18
00-0030565,Geno Smith,QB,12.17125,16,194.74,14.0,23.917864476386036,0,2.0,2014,all,0,2013-18
00-0022803,Eli Manning,QB,11.145,16,178.32,16.0,33.68377823408624,0,0.0,2014,all,0,2013-18
00-0023459,Aaron Rodgers,QB,19.715555555555554,9,177.44,16.0,30.77344284736482,7,0.0,2014,all,4+,2013-18
00-0023682,Ryan Fitzpatrick,QB,15.969090909090909,11,175.66,12.0,31.794661190965094,5,4.0,2014,all,4+,2013-18
00-0024226,Jay Cutler,QB,15.33090909090909,11,168.64,15.0,31.367556468172484,5,1.0,2014,all,4+,2013-18
00-0030496,Le'Veon Bell,RB,24.3125,16,389.0,6.0,23.55920602327173,0,10.0,2015,<27,0,2013-18
00-0028009,DeMarco Murray,RB,24.19375,16,387.1,15.0,27.575633127994525,0,1.0,2015,27-28,0,2013-18
00-0026184,Matt Forte,RB,22.31875,16,357.1,13.0,29.749486652977414,0,3.0,2015,29+,0,2013-18
00-0025399,Marshawn Lynch,RB,19.83125,16,317.3,7.0,29.385352498288842,0,9.0,2015,29+,0,2013-18
00-0026796,Arian Foster,RB,22.653846153846153,13,294.5,4.0,29.045859000684462,3,12.0,2015,29+,1-3,2013-18
00-0030485,Eddie Lacy,RB,17.69375,16,283.1,15.0,25.27310061601643,0,1.0,2015,<27,0,2013-18
00-0026373,Justin Forsett,RB,16.368750000000002,16,261.90000000000003,10.0,29.905544147843944,0,6.0,2015,29+,0,2013-18
00-0026213,Jamaal Charles,RB,16.893333333333334,15,253.4,5.0,28.70362765229295,1,11.0,2015,27-28,1-3,2013-18
00-0029615,Lamar Miller,RB,14.4625,16,231.4,16.0,24.37782340862423,0,0.0,2015,<27,0,2013-18
00-0031301,Jeremy Hill,RB,14.11875,16,225.9,16.0,22.888432580424368,0,0.0,2015,<27,0,2013-18
00-0029854,C.J. Anderson,RB,15.521428571428572,14,217.3,15.0,24.580424366872005,2,1.0,2015,<27,1-3,2013-18
00-0027029,LeSean McCoy,RB,13.2125,16,211.4,12.0,27.16221765913758,0,4.0,2015,27-28,0,2013-18
00-0027966,Mark Ingram,RB,15.684615384615386,13,203.9,12.0,25.71937029431896,3,4.0,2015,<27,1-3,2013-18
00-0027218,Joique Bell,RB,13.213333333333335,15,198.20000000000002,13.0,29.100616016427104,1,3.0,2015,29+,1-3,2013-18
00-0028198,Matt Asiata,RB,12.946666666666665,15,194.2,15.0,28.13141683778234,1,1.0,2015,27-28,1-3,2013-18
00-0030456,Giovani Bernard,RB,14.684615384615386,13,190.9,16.0,23.800136892539356,3,0.0,2015,<27,1-3,2013-18
00-0029141,Alfred Morris,RB,11.93125,16,190.9,16.0,26.743326488706366,0,0.0,2015,<27,0,2013-18
00-0024204,Fred Jackson,RB,13.471428571428573,14,188.60000000000002,15.0,34.55167693360712,2,1.0,2015,29+,1-3,2013-18
00-0030287,Andre Ellington,RB,14.916666666666666,12,179.0,10.0,26.598220396988363,4,6.0,2015,<27,4+,2013-18
00-0023500,Frank Gore,RB,10.66875,16,170.7,16.0,32.32580424366872,0,0.0,2015,29+,0,2013-18
00-0027994,Shane Vereen,RB,10.3625,16,165.8,16.0,26.524298425735797,0,0.0,2015,<27,0,2013-18
00-0023564,Darren Sproles,RB,10.606666666666666,15,159.1,16.0,32.224503764544835,1,0.0,2015,29+,1-3,2013-18
00-0027531,Chris Ivory,RB,9.9,16,158.4,15.0,27.468856947296374,0,1.0,2015,27-28,0,2013-18
00-0025637,Ahmad Bradshaw,RB,15.45,10,154.5,6.0,29.478439425051334,6,10.0,2015,29+,4+,2013-18
00-0026153,Jonathan Stewart,RB,11.692307692307692,13,152.0,13.0,28.473648186173854,3,3.0,2015,27-28,1-3,2013-18
00-0031277,Branden Oliver,RB,10.807142857142859,14,151.3,8.0,24.344969199178646,2,8.0,2015,<27,1-3,2013-18
00-0031055,Andre Williams,RB,9.443750000000001,16,151.10000000000002,16.0,23.033538672142367,0,0.0,2015,<27,0,2013-18
00-0022736,Steven Jackson,RB,9.633333333333333,15,144.5,2.0,32.1368925393566,1,14.0,2015,29+,1-3,2013-18
00-0027155,Rashad Jennings,RB,12.863636363636363,11,141.5,16.0,30.458590006844627,5,0.0,2015,29+,4+,2013-18
00-0031391,Tre Mason,RB,11.775,12,141.3,13.0,22.094455852156056,4,3.0,2015,<27,4+,2013-18
00-0028043,Roy Helu,RB,9.792307692307693,13,127.30000000000001,8.0,26.757015742642025,3,8.0,2015,<27,1-3,2013-18
00-0030280,Knile Davis,RB,7.937500000000001,16,127.00000000000001,13.0,23.9315537303217,0,3.0,2015,<27,0,2013-18
00-0029795,Benny Cunningham,RB,7.925,16,126.8,16.0,25.177275838466805,0,0.0,2015,<27,0,2013-18
00-0024813,Pierre Thomas,RB,11.181818181818182,11,123.0,4.0,30.72689938398357,5,12.0,2015,29+,4+,2013-18
00-0030656,Isaiah Crowell,RB,8.16,15,122.4,16.0,22.6694045174538,1,0.0,2015,<27,1-3,2013-18
00-0026144,Darren McFadden,RB,7.5375,16,120.6,16.0,28.03832991101985,0,0.0,2015,27-28,0,2013-18
00-0030547,Denard Robinson,RB,9.200000000000001,13,119.60000000000001,12.0,24.966461327857633,3,4.0,2015,<27,1-3,2013-18
00-0026164,Chris Johnson,RB,7.4,16,118.4,11.0,29.963039014373717,0,5.0,2015,29+,0,2013-18
00-0029675,Trent Richardson,RB,7.8533333333333335,15,117.8,0.0,25.169062286105408,1,16.0,2015,<27,1-3,2013-18
00-0031375,Terrance West,RB,8.264285714285714,14,115.7,8.0,24.61601642710472,2,8.0,2015,<27,1-3,2013-18
00-0029384,Bobby Rainey,RB,7.606666666666667,15,114.10000000000001,15.0,27.901437371663246,1,1.0,2015,27-28,1-3,2013-18
00-0029683,Ronnie Hillman,RB,13.5375,8,108.3,16.0,23.98904859685147,8,0.0,2015,<27,4+,2013-18
00-0024217,Reggie Bush,RB,9.727272727272727,11,107.0,5.0,30.524298425735797,5,11.0,2015,29+,4+,2013-18
00-0031075,Alfred Blue,RB,6.6312500000000005,16,106.10000000000001,14.0,24.372347707049965,0,2.0,2015,<27,0,2013-18
00-0027325,LeGarrette Blount,RB,6.739999999999999,15,101.1,12.0,28.763860369609855,1,4.0,2015,27-28,1-3,2013-18
00-0031376,Jerick McKinnon,RB,9.118181818181819,11,100.30000000000001,16.0,23.353867214236825,5,0.0,2015,<27,4+,2013-18
00-0030578,Cordarrelle Patterson,RB,6.1312500000000005,16,98.10000000000001,14.0,24.484599589322382,0,2.0,2015,<27,0,2013-18
00-0031413,Bishop Sankey,RB,6.0125,16,96.2,12.0,22.98425735797399,0,4.0,2015,<27,0,2013-18
00-0030107,Theo Riddick,RB,7.2846153846153845,13,94.7,16.0,24.35318275154004,3,0.0,2015,<27,1-3,2013-18
00-0030513,Latavius Murray,RB,6.823076923076924,13,88.7,16.0,25.642710472279262,3,0.0,2015,<27,1-3,2013-18
00-0031285,Devonta Freeman,RB,5.45625,16,87.3,15.0,23.488021902806295,0,1.0,2015,<27,0,2013-18
00-0029613,Doug Martin,RB,7.618181818181819,11,83.80000000000001,16.0,26.65571526351814,5,0.0,2015,<27,4+,2013-18
00-0027888,Toby Gerhart,RB,5.8,14,81.2,5.0,28.45448323066393,2,11.0,2015,27-28,1-3,2013-18
00-0029104,Jonas Gray,RB,10.1125,8,80.9,7.0,25.204654346338124,8,9.0,2015,<27,4+,2013-18
00-0028083,Jacquizz Rodgers,RB,5.0,16,80.0,5.0,25.590691307323752,0,11.0,2015,<27,0,2013-18
00-0027890,Ben Tate,RB,7.190909090909091,11,79.10000000000001,0.0,27.052703627652292,5,16.0,2015,27-28,4+,2013-18
00-0026855,Antone Smith,RB,7.76,10,77.6,1.0,29.97946611909651,6,15.0,2015,29+,4+,2013-18
00-0027791,James Starks,RB,5.521428571428571,14,77.3,16.0,29.53867214236824,2,0.0,2015,29+,1-3,2013-18
00-0029273,Robert Turbin,RB,4.7250000000000005,16,75.60000000000001,10.0,25.77138945927447,0,6.0,2015,<27,0,2013-18
00-0028121,Jordan Todman,RB,4.7125,16,75.4,6.0,25.541409993155373,0,10.0,2015,<27,0,2013-18
00-0029588,Dan Herron,RB,5.385714285714286,14,75.4,9.0,26.472279260780287,2,7.0,2015,<27,1-3,2013-18
00-0031045,Carlos Hyde,RB,5.292857142857144,14,74.10000000000001,7.0,24.971937029431896,2,9.0,2015,<27,1-3,2013-18
00-0029205,Travaris Cadet,RB,5.2,14,72.8,6.0,26.60369609856263,2,10.0,2015,<27,1-3,2013-18
00-0027003,Donald Brown,RB,5.56923076923077,13,72.4,6.0,28.416153319644078,3,10.0,2015,27-28,1-3,2013-18
00-0027861,C.J. Spiller,RB,7.944444444444445,9,71.5,13.0,28.098562628336754,7,3.0,2015,27-28,4+,2013-18
00-0031066,Lorenzo Taliaferro,RB,5.883333333333333,12,70.6,3.0,23.71526351813826,4,13.0,2015,<27,4+,2013-18
00-0027864,Ryan Mathews,RB,11.65,6,69.9,13.0,27.917864476386036,10,3.0,2015,27-28,4+,2013-18
00-0027772,Anthony Dixon,RB,4.864285714285715,14,68.10000000000001,15.0,27.96167008898015,2,1.0,2015,27-28,1-3,2013-18
00-0030348,Khiry Robinson,RB,7.388888888888889,9,66.5,8.0,25.700205338809035,7,8.0,2015,<27,4+,2013-18
00-0030282,Stepfan Taylor,RB,5.4750000000000005,12,65.7,9.0,24.254620123203285,4,7.0,2015,<27,4+,2013-18
00-0027793,Antonio Brown,WR,25.05625,16,400.9,16.0,27.16769336071184,0,0.0,2015,<30,0,2013-18
00-0027874,Demaryius Thomas,WR,22.650000000000002,16,362.40000000000003,16.0,27.709787816564,0,0.0,2015,<30,0,2013-18
00-0026176,Jordy Nelson,WR,21.556250000000002,16,344.90000000000003,0.0,30.27789185489391,0,16.0,2015,30+,0,2013-18
00-0027902,Dez Bryant,WR,20.125,16,322.0,9.0,26.847364818617386,0,7.0,2015,<30,0,2013-18
00-0027944,Julio Jones,WR,20.96,15,314.40000000000003,16.0,26.584531143052704,1,0.0,2015,<30,1-3,2013-18
00-0027685,Emmanuel Sanders,WR,19.51875,16,312.3,15.0,28.484599589322382,0,1.0,2015,<30,0,2013-18
00-0031235,Odell Beckham Jr.,WR,25.625,12,307.5,15.0,22.844626967830255,4,1.0,2015,<30,4+,2013-18
00-0028002,Randall Cobb,WR,18.93125,16,302.9,16.0,25.05133470225873,0,0.0,2015,<30,0,2013-18
00-0026995,Jeremy Maclin,WR,17.675,16,282.8,15.0,27.33196440793977,0,1.0,2015,<30,0,2013-18
00-0029608,T.Y. Hilton,WR,18.266666666666666,15,274.0,16.0,25.82067077344285,1,0.0,2015,<30,1-3,2013-18
00-0027891,Golden Tate,WR,16.6625,16,266.6,16.0,27.104722792607802,0,0.0,2015,<30,0,2013-18
00-0029137,Alshon Jeffery,WR,16.63125,16,266.1,9.0,25.568788501026695,0,7.0,2015,<30,0,2013-18
00-0031408,Mike Evans,WR,17.073333333333334,15,256.1,15.0,22.053388090349078,1,1.0,2015,<30,1-3,2013-18
00-0030564,DeAndre Hopkins,WR,15.21875,16,243.5,16.0,23.260780287474333,0,0.0,2015,<30,0,2013-18
00-0025389,Calvin Johnson,WR,18.015384615384615,13,234.20000000000002,16.0,29.946611909650922,3,0.0,2015,<30,1-3,2013-18
00-0031359,Kelvin Benjamin,WR,14.39375,16,230.3,0.0,24.594113620807665,0,16.0,2015,<30,0,2013-18
00-0027150,Julian Edelman,WR,16.435714285714287,14,230.1,9.0,29.30321697467488,2,7.0,2015,<30,1-3,2013-18
00-0020337,Steve Smith,WR,14.09375,16,225.5,7.0,36.33127994524298,0,9.0,2015,30+,0,2013-18
00-0022084,Anquan Boldin,WR,13.81875,16,221.1,14.0,34.93497604380561,0,2.0,2015,30+,0,2013-18
00-0027942,A.J. Green,WR,18.275000000000002,12,219.3,16.0,27.110198494182068,4,0.0,2015,<30,4+,2013-18
00-0026189,DeSean Jackson,WR,14.573333333333334,15,218.60000000000002,9.0,28.774811772758383,1,7.0,2015,<30,1-3,2013-18
00-0023462,Roddy White,WR,15.364285714285714,14,215.1,15.0,33.85352498288843,2,1.0,2015,30+,1-3,2013-18
00-0026901,Mike Wallace,WR,13.39375,16,214.3,15.0,29.1088295687885,0,1.0,2015,<30,0,2013-18
00-0027681,Brandon LaFell,WR,13.35,16,213.6,11.0,28.84873374401095,0,5.0,2015,<30,0,2013-18
00-0027690,Eric Decker,WR,13.979999999999999,15,209.7,15.0,28.490075290896645,1,1.0,2015,<30,1-3,2013-18
00-0031325,Sammy Watkins,WR,12.750000000000002,16,204.00000000000003,13.0,22.239561943874058,0,3.0,2015,<30,0,2013-18
00-0022044,Andre Johnson,WR,12.806666666666667,15,192.1,16.0,34.16563997262149,1,0.0,2015,30+,1-3,2013-18
00-0027996,Torrey Smith,WR,12.780000000000001,15,191.70000000000002,16.0,26.62012320328542,1,0.0,2015,<30,1-3,2013-18
00-0031382,Jarvis Landry,WR,11.8375,16,189.4,16.0,22.781656399726216,0,0.0,2015,<30,0,2013-18
00-0029262,Rueben Randle,WR,11.70625,16,187.3,16.0,24.344969199178646,0,0.0,2015,<30,0,2013-18
00-0023496,Vincent Jackson,WR,11.54375,16,184.7,10.0,32.65434633812457,0,6.0,2015,30+,0,2013-18
00-0026182,Eddie Royal,WR,11.41875,16,182.7,9.0,29.305954825462013,0,7.0,2015,<30,0,2013-18
00-0029632,Mohamed Sanu,WR,11.39125,16,182.26,16.0,26.050650239561943,0,0.0,2015,<30,0,2013-18
00-0024334,Brandon Marshall,WR,14.007692307692308,13,182.1,16.0,31.46611909650924,3,0.0,2015,30+,1-3,2013-18
00-0030279,Keenan Allen,WR,12.985714285714286,14,181.8,8.0,23.370294318959616,2,8.0,2015,<30,1-3,2013-18
00-0024466,Marques Colston,WR,12.013333333333332,15,180.2,13.0,32.26557152635181,1,3.0,2015,30+,1-3,2013-18
00-0030085,Kenny Stills,WR,11.793333333333333,15,176.9,15.0,23.38398357289528,1,1.0,2015,<30,1-3,2013-18
00-0022414,Malcom Floyd,WR,10.94375,16,175.1,15.0,34.0041067761807,0,1.0,2015,30+,0,2013-18
00-0025465,James Jones,WR,10.94375,16,175.1,16.0,31.444216290212182,0,0.0,2015,30+,0,2013-18
00-0028434,Doug Baldwin,WR,10.64375,16,170.3,16.0,26.967830253251197,0,0.0,2015,<30,0,2013-18
00-0029638,Michael Floyd,WR,10.612499999999999,16,169.79999999999998,15.0,25.78507871321013,0,1.0,2015,<30,0,2013-18
00-0029708,Kendall Wright,WR,12.1,14,169.4,10.0,25.82614647501711,2,6.0,2015,<30,1-3,2013-18
00-0024267,Greg Jennings,WR,10.575000000000001,16,169.20000000000002,12.0,31.969883641341546,0,4.0,2015,30+,0,2013-18
00-0030431,Robert Woods,WR,10.4,16,166.4,14.0,23.416837782340863,0,2.0,2015,<30,0,2013-18
00-0026345,Pierre Garcon,WR,10.16875,16,162.7,16.0,29.089664613278575,0,0.0,2015,<30,0,2013-18
00-0026986,Michael Crabtree,WR,10.137500000000001,16,162.20000000000002,16.0,27.98904859685147,0,0.0,2015,<30,0,2013-18
00-0027918,Andrew Hawkins,WR,10.693333333333333,15,160.4,8.0,29.503080082135522,1,8.0,2015,<30,1-3,2013-18
00-0030821,Allen Hurns,WR,9.85625,16,157.7,15.0,23.82751540041068,0,1.0,2015,<30,0,2013-18
00-0022921,Larry Fitzgerald,WR,11.028571428571428,14,154.4,16.0,32.02737850787132,2,0.0,2015,30+,1-3,2013-18
00-0020498,Reggie Wayne,WR,10.226666666666667,15,153.4,0.0,36.813141683778234,1,16.0,2015,30+,1-3,2013-18
00-0031051,John Brown,WR,9.28125,16,148.5,15.0,25.437371663244353,0,1.0,2015,<30,0,2013-18
00-0030542,Terrance Williams,WR,9.806666666666667,15,147.1,16.0,25.976728268309376,1,0.0,2015,<30,1-3,2013-18
00-0027006,Kenny Britt,WR,9.075,16,145.2,16.0,26.973305954825463,0,0.0,2015,<30,0,2013-18
00-0028263,Andre Holmes,WR,8.8625,16,141.8,15.0,27.23340177960301,0,1.0,2015,<30,0,2013-18
00-0031236,Brandin Cooks,WR,13.930000000000001,10,139.3,16.0,21.95756331279945,6,0.0,2015,<30,4+,2013-18
00-0025410,Dwayne Bowe,WR,9.026666666666667,15,135.4,7.0,30.967830253251197,1,9.0,2015,30+,1-3,2013-18
00-0026998,Percy Harvin,WR,10.346153846153847,13,134.5,5.0,27.28542094455852,3,11.0,2015,<30,1-3,2013-18
00-0031373,Martavis Bryant,WR,13.309999999999999,10,133.1,11.0,23.72347707049966,6,5.0,2015,<30,4+,2013-18
00-0030460,Markus Wheaton,WR,8.20625,16,131.3,16.0,24.588637919233403,0,0.0,2015,<30,0,2013-18
00-0027758,Riley Cooper,WR,8.043750000000001,16,128.70000000000002,12.0,28.00273785078713,0,4.0,2015,<30,0,2013-18
00-0026224,Harry Douglas,WR,10.3,12,123.60000000000001,14.0,30.981519507186857,4,2.0,2015,30+,4+,2013-18
00-0029572,Jarius Wright,WR,8.193333333333333,15,122.9,15.0,25.790554414784395,1,1.0,2015,<30,1-3,2013-18
00-0028052,Cecil Shorts,WR,9.306153846153846,13,120.98,11.0,27.718001368925393,3,5.0,2015,<30,1-3,2013-18
00-0023367,Nate Washington,WR,7.3875,16,118.2,13.0,32.035592060232716,0,3.0,2015,30+,0,2013-18
00-0031428,Allen Robinson,WR,11.680000000000001,10,116.80000000000001,16.0,22.04517453798768,6,0.0,2015,<30,4+,2013-18
00-0023921,Miles Austin,WR,9.65,12,115.8,11.0,31.195071868583163,4,5.0,2015,30+,4+,2013-18
00-0024272,Devin Hester,WR,7.125,16,114.0,5.0,32.84873374401095,0,11.0,2015,30+,0,2013-18
00-0022811,Jerricho Cotchery,WR,7.6,15,114.0,14.0,33.23477070499658,1,2.0,2015,30+,1-3,2013-18
00-0022427,Wes Welker,WR,7.671428571428572,14,107.4,7.0,34.36002737850787,2,9.0,2015,30+,1-3,2013-18
00-0028237,Chris Hogan,WR,8.123076923076923,13,105.6,15.0,27.87953456536619,3,1.0,2015,<30,1-3,2013-18
00-0027656,Rob Gronkowski,TE,18.06,15,270.9,15.0,26.324435318275153,1,1.0,2015,all,1-3,2013-18
00-0027696,Jimmy Graham,TE,15.426666666666668,15,231.4,11.0,28.79397672826831,1,5.0,2015,all,1-3,2013-18
00-0025418,Greg Olsen,TE,14.08125,16,225.3,16.0,30.49965776865161,0,0.0,2015,all,0,2013-18
00-0026201,Martellus Bennett,TE,14.0375,16,224.6,11.0,28.503764544832308,0,5.0,2015,all,0,2013-18
00-0021547,Antonio Gates,TE,13.94375,16,223.1,11.0,35.227926078028744,0,5.0,2015,all,0,2013-18
00-0031299,Jordan Matthews,TE,12.91875,16,206.7,16.0,23.15126625598905,0,0.0,2015,all,0,2013-18
00-0029697,Coby Fleener,TE,11.2125,16,179.4,15.0,26.97056810403833,0,1.0,2015,all,0,2013-18
00-0024389,Delanie Walker,TE,11.933333333333334,15,179.0,15.0,31.077344284736483,1,1.0,2015,all,1-3,2013-18
00-0030506,Travis Kelce,TE,11.16875,16,178.7,16.0,25.930184804928132,0,0.0,2015,all,0,2013-18
00-0028067,Julius Thomas,TE,13.783333333333333,12,165.4,12.0,27.20328542094456,4,4.0,2015,all,4+,2013-18
00-0022127,Jason Witten,TE,10.26875,16,164.3,16.0,33.347022587268995,0,0.0,2015,all,0,2013-18
00-0023465,Heath Miller,TE,10.100000000000001,16,161.60000000000002,15.0,32.884325804243666,0,1.0,2015,all,0,2013-18
00-0028838,Larry Donnell,TE,9.58125,16,153.3,8.0,26.855578370978783,0,8.0,2015,all,0,2013-18
00-0030061,Zach Ertz,TE,9.10625,16,145.7,15.0,24.83230663928816,0,1.0,2015,all,0,2013-18
00-0028112,Charles Clay,TE,9.857142857142858,14,138.0,13.0,26.570841889117045,2,3.0,2015,all,1-3,2013-18
00-0027873,Jermaine Gresham,TE,9.2,15,138.0,14.0,27.23340177960301,1,2.0,2015,all,1-3,2013-18
00-0030514,Mychal Rivera,TE,8.43125,16,134.9,15.0,25.00479123887748,0,1.0,2015,all,0,2013-18
00-0027061,Jared Cook,TE,8.3375,16,133.4,16.0,28.427104722792606,0,0.0,2015,all,0,2013-18
00-0024313,Owen Daniels,TE,8.313333333333334,15,124.7,16.0,32.83504449007529,1,0.0,2015,all,1-3,2013-18
00-0029689,Dwayne Allen,TE,9.708333333333334,12,116.5,13.0,25.541409993155373,4,3.0,2015,all,4+,2013-18
00-0025516,Scott Chandler,TE,7.2625,16,116.2,12.0,30.132785763175907,0,4.0,2015,all,0,2013-18
00-0030472,Jordan Reed,TE,8.727272727272727,11,96.0,14.0,25.188227241615333,5,2.0,2015,all,4+,2013-18
00-0028093,Niles Paul,TE,5.85625,16,93.7,0.0,26.086242299794662,0,16.0,2015,all,0,2013-18
00-0029910,Timothy Wright,TE,6.746153846153846,13,87.7,8.0,25.426420260095824,3,8.0,2015,all,1-3,2013-18
00-0023459,Aaron Rodgers,QB,22.63375,16,362.14,16.0,31.772758384668034,0,0.0,2015,all,0,2013-18
00-0029668,Andrew Luck,QB,22.48375,16,359.74,7.0,25.99315537303217,0,9.0,2015,all,0,2013-18
00-0029263,Russell Wilson,QB,21.1,16,337.6,16.0,26.77891854893908,0,0.0,2015,all,0,2013-18
00-0010346,Peyton Manning,QB,20.5425,16,328.68,10.0,39.46338124572211,0,6.0,2015,all,0,2013-18
00-0022924,Ben Roethlisberger,QB,20.13625,16,322.18,12.0,33.52498288843258,0,4.0,2015,all,0,2013-18
00-0020531,Drew Brees,QB,19.49875,16,311.98,15.0,36.65160848733744,0,1.0,2015,all,0,2013-18
00-0026143,Matt Ryan,QB,18.26625,16,292.26,16.0,30.316221765913756,0,0.0,2015,all,0,2013-18
00-0029701,Ryan Tannehill,QB,17.46875,16,279.5,16.0,27.121149897330596,0,0.0,2015,all,0,2013-18
00-0019596,Tom Brady,QB,17.37875,16,278.06,16.0,38.10266940451746,0,0.0,2015,all,0,2013-18
00-0022803,Eli Manning,QB,17.34375,16,277.5,16.0,34.68309377138946,0,0.0,2015,all,0,2013-18
00-0021678,Tony Romo,QB,17.753333333333334,15,266.3,4.0,35.38672142368241,1,12.0,2015,all,1-3,2013-18
00-0022942,Philip Rivers,QB,16.6025,16,265.64,16.0,33.75496235455168,0,0.0,2015,all,0,2013-18
00-0026158,Joe Flacco,QB,16.4025,16,262.44,10.0,30.647501711156742,0,6.0,2015,all,0,2013-18
00-0024226,Jay Cutler,QB,17.038666666666668,15,255.58,15.0,32.3668720054757,1,1.0,2015,all,1-3,2013-18
00-0027974,Colin Kaepernick,QB,15.853750000000002,16,253.66000000000003,9.0,27.852156057494867,0,7.0,2015,all,0,2013-18
00-0027939,Cam Newton,QB,17.99857142857143,14,251.98000000000002,16.0,26.33264887063655,2,0.0,2015,all,1-3,2013-18
00-0026498,Matthew Stafford,QB,15.72375,16,251.58,16.0,27.589322381930184,0,0.0,2015,all,0,2013-18
00-0027973,Andy Dalton,QB,14.10125,16,225.62,13.0,27.865845311430526,0,3.0,2015,all,0,2013-18
00-0023436,Alex Smith,QB,14.666666666666666,15,220.0,16.0,31.342915811088297,1,0.0,2015,all,1-3,2013-18
00-0031280,Derek Carr,QB,12.0,16,192.0,16.0,24.45448323066393,0,0.0,2015,all,0,2013-18
00-0023682,Ryan Fitzpatrick,QB,14.976666666666667,12,179.72,16.0,32.79397672826831,4,0.0,2015,all,4+,2013-18
00-0031237,Teddy Bridgewater,QB,13.82,13,179.66,16.0,22.830937713894592,3,0.0,2015,all,1-3,2013-18
00-0031407,Blake Bortles,QB,12.015714285714287,14,168.22000000000003,16.0,23.367556468172484,2,0.0,2015,all,1-3,2013-18
00-0031285,Devonta Freeman,RB,21.893333333333334,15,328.40000000000003,16.0,24.490075290896645,1,0.0,2016,<27,1-3,2013-18
00-0025394,Adrian Peterson,RB,17.91875,16,286.7,3.0,31.474332648870636,0,13.0,2016,29+,0,2013-18
00-0029613,Doug Martin,RB,15.58125,16,249.3,8.0,27.65776865160849,0,8.0,2016,27-28,0,2013-18
00-0024242,DeAngelo Williams,RB,15.3375,16,245.4,8.0,33.379876796714576,0,8.0,2016,29+,0,2013-18
00-0026019,Danny Woodhead,RB,15.19375,16,243.1,2.0,31.6249144421629,0,14.0,2016,29+,0,2013-18
00-0029615,Lamar Miller,RB,15.05625,16,240.9,14.0,25.37987679671458,0,2.0,2016,<27,0,2013-18
00-0032241,Todd Gurley,RB,17.184615384615384,13,223.4,16.0,22.105407255304584,3,0.0,2016,<27,1-3,2013-18
00-0032187,David Johnson,RB,13.8,16,220.8,16.0,24.736481861738536,0,0.0,2016,<27,0,2013-18
00-0026184,Matt Forte,RB,16.746153846153845,13,217.7,14.0,30.751540041067763,3,2.0,2016,29+,1-3,2013-18
00-0027531,Chris Ivory,RB,14.113333333333335,15,211.70000000000002,11.0,28.470910335386723,1,5.0,2016,27-28,1-3,2013-18
00-0030513,Latavius Murray,RB,13.175,16,210.8,14.0,26.64476386036961,0,2.0,2016,<27,0,2013-18
00-0026144,Darren McFadden,RB,13.168750000000001,16,210.70000000000002,3.0,29.0403832991102,0,13.0,2016,29+,0,2013-18
00-0027966,Mark Ingram,RB,17.2,12,206.4,16.0,26.72142368240931,4,0.0,2016,<27,4+,2013-18
00-0023500,Frank Gore,RB,12.0875,16,193.4,16.0,33.327857631759066,0,0.0,2016,29+,0,2013-18
00-0027029,LeSean McCoy,RB,15.641666666666667,12,187.70000000000002,15.0,28.164271047227928,4,1.0,2016,27-28,4+,2013-18
00-0028009,DeMarco Murray,RB,12.493333333333334,15,187.4,16.0,28.577686516084874,1,0.0,2016,27-28,1-3,2013-18
00-0030456,Giovani Bernard,RB,11.606250000000001,16,185.70000000000002,10.0,24.802190280629706,0,6.0,2016,<27,0,2013-18
00-0031390,Charles Sims,RB,11.25,16,180.0,7.0,25.976728268309376,0,9.0,2016,<27,0,2013-18
00-0030107,Theo Riddick,RB,11.1875,16,179.0,10.0,25.35523613963039,0,6.0,2016,<27,0,2013-18
00-0029683,Ronnie Hillman,RB,10.8375,16,173.4,8.0,24.99110198494182,0,8.0,2016,<27,0,2013-18
00-0027155,Rashad Jennings,RB,10.68125,16,170.9,13.0,31.460643394934976,0,3.0,2016,29+,0,2013-18
00-0031301,Jeremy Hill,RB,10.64375,16,170.3,15.0,23.890485968514717,0,1.0,2016,<27,0,2013-18
00-0027791,James Starks,RB,10.58125,16,169.3,9.0,30.54072553045859,0,7.0,2016,29+,0,2013-18
00-0026153,Jonathan Stewart,RB,12.984615384615385,13,168.8,13.0,29.475701574264203,3,3.0,2016,29+,1-3,2013-18
00-0032257,Duke Johnson,RB,10.26875,16,164.3,16.0,22.965092402464066,0,0.0,2016,<27,0,2013-18
00-0032209,T.J. Yeldon,RB,13.491666666666667,12,161.9,15.0,22.940451745379878,4,1.0,2016,<27,4+,2013-18
00-0023564,Darren Sproles,RB,10.09375,16,161.5,15.0,33.22655715263518,0,1.0,2016,29+,0,2013-18
00-0027994,Shane Vereen,RB,9.9,16,158.4,5.0,27.526351813826146,0,11.0,2016,27-28,0,2013-18
00-0030485,Eddie Lacy,RB,9.973333333333333,15,149.6,5.0,26.275154004106778,1,11.0,2016,<27,1-3,2013-18
00-0031569,Jeremy Langford,RB,9.94,15,149.1,12.0,24.763860369609855,1,4.0,2016,<27,1-3,2013-18
00-0029854,C.J. Anderson,RB,9.82,15,147.3,7.0,25.582477754962355,1,9.0,2016,<27,1-3,2013-18
00-0031577,Javorius Allen,RB,9.2,16,147.2,4.0,25.0403832991102,0,12.0,2016,<27,0,2013-18
00-0031897,Thomas Rawls,RB,12.049999999999999,12,144.6,9.0,23.104722792607802,4,7.0,2016,<27,4+,2013-18
00-0030656,Isaiah Crowell,RB,8.8,16,140.8,16.0,23.67145790554415,0,0.0,2016,<27,0,2013-18
00-0030668,Charcandrick West,RB,9.053333333333335,15,135.8,15.0,25.27583846680356,1,1.0,2016,<27,1-3,2013-18
00-0028064,Bilal Powell,RB,12.281818181818181,11,135.1,16.0,27.871321013004792,5,0.0,2016,27-28,4+,2013-18
00-0032152,Karlos Williams,RB,11.845454545454546,11,130.3,0.0,23.353867214236825,5,16.0,2016,<27,4+,2013-18
00-0026373,Justin Forsett,RB,12.84,10,128.4,9.0,30.90759753593429,6,7.0,2016,29+,4+,2013-18
00-0027864,Ryan Mathews,RB,9.807692307692308,13,127.5,13.0,28.919917864476385,3,3.0,2016,27-28,1-3,2013-18
00-0027325,LeGarrette Blount,RB,10.466666666666667,12,125.6,16.0,29.765913757700204,4,0.0,2016,29+,4+,2013-18
00-0031062,James White,RB,10.341666666666667,12,124.10000000000001,16.0,24.602327173169062,4,0.0,2016,<27,4+,2013-18
00-0031075,Alfred Blue,RB,8.621428571428572,14,120.7,14.0,25.374401095140314,2,2.0,2016,<27,1-3,2013-18
00-0028087,Dion Lewis,RB,17.17142857142857,7,120.2,7.0,25.95482546201232,9,9.0,2016,<27,4+,2013-18
00-0030496,Le'Veon Bell,RB,20.033333333333335,6,120.2,12.0,24.56125941136208,10,4.0,2016,<27,4+,2013-18
00-0026164,Chris Johnson,RB,10.836363636363636,11,119.2,4.0,30.965092402464066,5,12.0,2016,29+,4+,2013-18
00-0031939,Matt Jones,RB,9.146153846153847,13,118.9,7.0,23.512662559890487,3,9.0,2016,<27,1-3,2013-18
00-0032104,Ameer Abdullah,RB,7.3125,16,117.0,2.0,23.24435318275154,0,14.0,2016,<27,0,2013-18
00-0030789,Antonio Andrews,RB,8.002857142857144,14,112.04,8.0,24.06570841889117,2,8.0,2016,<27,1-3,2013-18
00-0032144,Melvin Gordon,RB,7.735714285714286,14,108.3,13.0,23.411362080766597,2,3.0,2016,<27,1-3,2013-18
00-0027218,Joique Bell,RB,8.13076923076923,13,105.7,3.0,30.102669404517453,3,13.0,2016,29+,1-3,2013-18
00-0029141,Alfred Morris,RB,6.4125000000000005,16,102.60000000000001,14.0,27.745379876796715,0,2.0,2016,27-28,0,2013-18
00-0030404,Chris Thompson,RB,7.1230769230769235,13,92.60000000000001,16.0,25.89185489390828,3,0.0,2016,<27,1-3,2013-18
00-0026289,Tim Hightower,RB,14.9,6,89.4,16.0,30.302532511978097,10,0.0,2016,29+,4+,2013-18
00-0030414,Spencer Ware,RB,9.533333333333333,9,85.8,14.0,24.799452429842574,7,2.0,2016,<27,4+,2013-18
00-0025399,Marshawn Lynch,RB,12.242857142857144,7,85.7,0.0,30.38740588637919,9,16.0,2016,29+,4+,2013-18
00-0029510,Jonathan Grimes,RB,6.576923076923077,13,85.5,10.0,26.72142368240931,3,6.0,2016,<27,1-3,2013-18
00-0031045,Carlos Hyde,RB,12.042857142857144,7,84.30000000000001,13.0,25.973990417522245,9,3.0,2016,<27,4+,2013-18
00-0031376,Jerick McKinnon,RB,5.2125,16,83.4,15.0,24.355920602327174,0,1.0,2016,<27,0,2013-18
00-0027861,C.J. Spiller,RB,6.238461538461538,13,81.1,6.0,29.100616016427104,3,10.0,2016,29+,1-3,2013-18
00-0028202,Shaun Draughn,RB,7.081818181818182,11,77.9,15.0,28.761122518822724,5,1.0,2016,27-28,4+,2013-18
00-0024204,Fred Jackson,RB,5.180000000000001,15,77.7,0.0,35.553730321697465,1,16.0,2016,29+,1-3,2013-18
00-0030287,Andre Ellington,RB,7.470000000000001,10,74.7,14.0,27.600273785078713,6,2.0,2016,27-28,4+,2013-18
00-0030388,Joseph Randle,RB,12.35,6,74.1,0.0,24.700889801505816,10,16.0,2016,<27,4+,2013-18
00-0029438,Chris Polk,RB,4.819999999999999,15,72.3,0.0,26.73511293634497,1,16.0,2016,<27,1-3,2013-18
00-0030348,Khiry Robinson,RB,8.8125,8,70.5,1.0,26.702258726899384,8,15.0,2016,<27,4+,2013-18
00-0029239,Brandon Bolden,RB,5.808333333333334,12,69.7,6.0,26.622861054072555,4,10.0,2016,<27,4+,2013-18
00-0030547,Denard Robinson,RB,5.666666666666667,12,68.0,10.0,25.968514715947983,4,6.0,2016,<27,4+,2013-18
00-0029795,Benny Cunningham,RB,4.0625,16,65.0,11.0,26.17932922655715,0,5.0,2016,<27,0,2013-18
00-0031413,Bishop Sankey,RB,4.933333333333334,12,59.2,0.0,23.98631074606434,4,16.0,2016,<27,4+,2013-18
00-0031391,Tre Mason,RB,3.9615384615384617,13,51.5,0.0,23.096509240246405,3,16.0,2016,<27,1-3,2013-18
00-0027793,Antonio Brown,WR,25.6375,16,410.2,15.0,28.16974674880219,0,1.0,2016,<30,0,2013-18
00-0027944,Julio Jones,WR,23.9125,16,382.6,14.0,27.586584531143053,0,2.0,2016,<30,0,2013-18
00-0024334,Brandon Marshall,WR,22.1375,16,354.2,15.0,32.46817248459959,0,1.0,2016,30+,0,2013-18
00-0030564,DeAndre Hopkins,WR,21.25625,16,340.1,16.0,24.262833675564682,0,0.0,2016,<30,0,2013-18
00-0031235,Odell Beckham Jr.,WR,22.086666666666666,15,331.3,16.0,23.8466803559206,1,0.0,2016,<30,1-3,2013-18
00-0031428,Allen Robinson,WR,19.5625,16,313.0,16.0,23.04722792607803,0,0.0,2016,<30,0,2013-18
00-0027942,A.J. Green,WR,17.8875,16,286.2,10.0,28.112251882272417,0,6.0,2016,<30,0,2013-18
00-0022921,Larry Fitzgerald,WR,17.8125,16,285.0,16.0,33.02943189596167,0,0.0,2016,30+,0,2013-18
00-0031382,Jarvis Landry,WR,17.49125,16,279.86,16.0,23.783709787816566,0,0.0,2016,<30,0,2013-18
00-0027874,Demaryius Thomas,WR,17.087500000000002,16,273.40000000000003,16.0,28.711841204654345,0,0.0,2016,<30,0,2013-18
00-0028434,Doug Baldwin,WR,17.087500000000002,16,273.40000000000003,16.0,27.969883641341546,0,0.0,2016,<30,0,2013-18
00-0025389,Calvin Johnson,WR,16.525,16,264.4,0.0,30.94866529774127,0,16.0,2016,30+,0,2013-18
00-0031236,Brandin Cooks,WR,16.225,16,259.6,15.0,22.9596167008898,0,1.0,2016,<30,0,2013-18
00-0027690,Eric Decker,WR,16.946666666666665,15,254.2,3.0,29.492128678986994,1,13.0,2016,<30,1-3,2013-18
00-0026995,Jeremy Maclin,WR,16.513333333333332,15,247.7,12.0,28.334017796030118,1,4.0,2016,<30,1-3,2013-18
00-0026986,Michael Crabtree,WR,14.731250000000001,16,235.70000000000002,16.0,28.99110198494182,0,0.0,2016,<30,0,2013-18
00-0030821,Allen Hurns,WR,15.506666666666666,15,232.6,11.0,24.829568788501028,1,5.0,2016,<30,1-3,2013-18
00-0027685,Emmanuel Sanders,WR,15.493333333333334,15,232.4,15.0,29.48665297741273,1,1.0,2016,<30,1-3,2013-18
00-0031325,Sammy Watkins,WR,17.407692307692308,13,226.3,8.0,23.241615331964407,3,8.0,2016,<30,1-3,2013-18
00-0031544,Amari Cooper,WR,13.7625,16,220.2,16.0,22.234086242299796,0,0.0,2016,<30,0,2013-18
00-0031408,Mike Evans,WR,14.673333333333336,15,220.10000000000002,16.0,23.055441478439427,1,0.0,2016,<30,1-3,2013-18
00-0029608,T.Y. Hilton,WR,13.4,16,214.4,16.0,26.822724161533195,0,0.0,2016,<30,0,2013-18
00-0031051,John Brown,WR,14.033333333333333,15,210.5,15.0,26.439425051334702,1,1.0,2016,<30,1-3,2013-18
00-0027891,Golden Tate,WR,13.0875,16,209.4,16.0,28.10677618069815,0,0.0,2016,<30,0,2013-18
00-0028002,Randall Cobb,WR,12.775,16,204.4,13.0,26.053388090349078,0,3.0,2016,<30,0,2013-18
00-0029269,Travis Benjamin,WR,12.76875,16,204.3,14.0,26.699520876112253,0,2.0,2016,<30,0,2013-18
00-0030525,Tavon Austin,WR,12.54375,16,200.7,15.0,26.491444216290212,0,1.0,2016,<30,0,2013-18
00-0028497,Kamar Aiken,WR,12.43125,16,198.9,16.0,27.28268309377139,0,0.0,2016,<30,0,2013-18
00-0025465,James Jones,WR,12.21875,16,195.5,0.0,32.446269678302535,0,16.0,2016,30+,0,2013-18
00-0030663,Willie Snead,WR,12.426666666666668,15,186.4,15.0,23.89869952087611,1,1.0,2016,<30,1-3,2013-18
00-0029262,Rueben Randle,WR,11.6375,16,186.2,0.0,25.347022587268995,0,16.0,2016,<30,0,2013-18
00-0026345,Pierre Garcon,WR,11.606250000000001,16,185.70000000000002,16.0,30.091718001368925,0,0.0,2016,30+,0,2013-18
00-0025396,Ted Ginn,WR,12.360000000000001,15,185.4,16.0,31.41409993155373,1,0.0,2016,30+,1-3,2013-18
00-0029638,Michael Floyd,WR,12.026666666666667,15,180.4,14.0,26.78713210130048,1,2.0,2016,<30,1-3,2013-18
00-0031339,Donte Moncrief,WR,11.01875,16,176.3,9.0,23.096509240246405,0,7.0,2016,<30,0,2013-18
00-0031373,Martavis Bryant,WR,15.881818181818181,11,174.7,0.0,24.725530458590008,5,16.0,2016,<30,4+,2013-18
00-0027150,Julian Edelman,WR,19.333333333333332,9,174.0,16.0,30.305270362765228,7,0.0,2016,30+,4+,2013-18
00-0029293,Marvin Jones,WR,10.86875,16,173.9,15.0,26.49965776865161,0,1.0,2016,<30,0,2013-18
00-0022084,Anquan Boldin,WR,12.35,14,172.9,16.0,35.937029431895965,2,0.0,2016,30+,1-3,2013-18
00-0032211,Tyler Lockett,WR,10.55625,16,168.9,15.0,23.95071868583162,0,1.0,2016,<30,0,2013-18
00-0030279,Keenan Allen,WR,21.0,8,168.0,1.0,24.372347707049965,8,15.0,2016,<30,4+,2013-18
00-0029137,Alshon Jeffery,WR,18.3,9,164.70000000000002,12.0,26.570841889117045,7,4.0,2016,<30,4+,2013-18
00-0030460,Markus Wheaton,WR,9.93125,16,158.9,3.0,25.590691307323752,0,13.0,2016,<30,0,2013-18
00-0030542,Terrance Williams,WR,9.71875,16,155.5,15.0,26.978781656399725,0,1.0,2016,<30,0,2013-18
00-0026035,Danny Amendola,WR,10.952857142857143,14,153.34,12.0,30.855578370978783,2,4.0,2016,30+,1-3,2013-18
00-0031588,Stefon Diggs,WR,11.715384615384616,13,152.3,13.0,22.781656399726216,3,3.0,2016,<30,1-3,2013-18
00-0029159,Jermaine Kearse,WR,9.3125,16,149.0,16.0,26.5927446954141,0,0.0,2016,<30,0,2013-18
00-0023367,Nate Washington,WR,10.753846153846155,13,139.8,0.0,33.03764544832307,3,16.0,2016,30+,1-3,2013-18
00-0031941,Jamison Crowder,WR,8.56875,16,137.1,16.0,23.23340177960301,0,0.0,2016,<30,0,2013-18
00-0029580,Rishard Matthews,WR,12.418181818181818,11,136.6,16.0,26.913073237508556,5,0.0,2016,<30,4+,2013-18
00-0020337,Steve Smith,WR,19.357142857142858,7,135.5,14.0,37.333333333333336,9,2.0,2016,30+,4+,2013-18
00-0029000,Cole Beasley,WR,8.44375,16,135.1,16.0,27.37577002053388,0,0.0,2016,<30,0,2013-18
00-0027996,Torrey Smith,WR,7.925000000000001,16,126.80000000000001,12.0,27.62217659137577,0,4.0,2016,<30,0,2013-18
00-0027006,Kenny Britt,WR,7.7250000000000005,16,123.60000000000001,15.0,27.975359342915812,0,1.0,2016,<30,0,2013-18
00-0024466,Marques Colston,WR,9.423076923076923,13,122.5,0.0,33.267624914442166,3,16.0,2016,30+,1-3,2013-18
00-0030431,Robert Woods,WR,8.55,14,119.7,13.0,24.418891170431213,2,3.0,2016,<30,1-3,2013-18
00-0032218,Dorial Green-Beckham,WR,8.278571428571428,14,115.89999999999999,14.0,23.41409993155373,2,2.0,2016,<30,1-3,2013-18
00-0022044,Andre Johnson,WR,7.206250000000001,16,115.30000000000001,6.0,35.167693360711844,0,10.0,2016,30+,0,2013-18
00-0031166,Seth Roberts,WR,7.09375,16,113.5,16.0,25.54962354551677,0,0.0,2016,<30,0,2013-18
00-0028114,Dwayne Harris,WR,7.5200000000000005,15,112.80000000000001,16.0,28.985626283367555,1,0.0,2016,<30,1-3,2013-18
00-0026364,Steve Johnson,WR,12.522222222222224,9,112.70000000000002,0.0,30.138261464750173,7,16.0,2016,30+,4+,2013-18
00-0027077,Brian Hartline,WR,9.316666666666668,12,111.80000000000001,0.0,29.801505817932924,4,16.0,2016,<30,4+,2013-18
00-0028052,Cecil Shorts,WR,9.994545454545454,11,109.94,7.0,28.720054757015742,5,9.0,2016,<30,4+,2013-18
00-0023496,Vincent Jackson,WR,10.88,10,108.80000000000001,5.0,33.65639972621492,6,11.0,2016,30+,4+,2013-18
00-0026189,DeSean Jackson,WR,12.033333333333335,9,108.30000000000001,15.0,29.776865160848732,7,1.0,2016,<30,4+,2013-18
00-0032055,Devin Funchess,WR,6.737500000000001,16,107.80000000000001,14.0,22.308008213552363,0,2.0,2016,<30,0,2013-18
00-0022811,Jerricho Cotchery,WR,7.6499999999999995,14,107.1,0.0,34.23682409308692,2,16.0,2016,30+,1-3,2013-18
00-0031381,Davante Adams,WR,8.176923076923076,13,106.3,16.0,23.71252566735113,3,0.0,2016,<30,1-3,2013-18
00-0031118,Corey Brown,WR,7.392857142857143,14,103.5,16.0,24.736481861738536,2,0.0,2016,<30,1-3,2013-18
00-0022414,Malcom Floyd,WR,6.8066666666666675,15,102.10000000000001,0.0,35.006160164271044,1,16.0,2016,30+,1-3,2013-18
00-0027656,Rob Gronkowski,TE,17.540000000000003,15,263.1,8.0,27.326488706365502,1,8.0,2016,all,1-3,2013-18
00-0030472,Jordan Reed,TE,17.657142857142855,14,247.2,12.0,26.190280629705683,2,4.0,2016,all,1-3,2013-18
00-0024389,Delanie Walker,TE,16.393333333333334,15,245.9,15.0,32.07939767282683,1,1.0,2016,all,1-3,2013-18
00-0026281,Gary Barnidge,TE,15.1125,16,241.8,16.0,30.967830253251197,0,0.0,2016,all,0,2013-18
00-0031299,Jordan Matthews,TE,14.79375,16,236.7,14.0,24.1533196440794,0,2.0,2016,all,0,2013-18
00-0025418,Greg Olsen,TE,14.49375,16,231.9,16.0,31.50171115674196,0,0.0,2016,all,0,2013-18
00-0022943,Benjamin Watson,TE,12.09375,16,193.5,0.0,35.728952772073924,0,16.0,2016,all,0,2013-18
00-0030549,Tyler Eifert,TE,14.846153846153847,13,193.0,8.0,26.00684462696783,3,8.0,2016,all,1-3,2013-18
00-0030506,Travis Kelce,TE,11.9375,16,191.0,16.0,26.93223819301848,0,0.0,2016,all,0,2013-18
00-0030061,Zach Ertz,TE,11.553333333333335,15,173.3,14.0,25.83436002737851,1,2.0,2016,all,1-3,2013-18
00-0022127,Jason Witten,TE,10.26875,16,164.3,15.0,34.34907597535934,0,1.0,2016,all,0,2013-18
00-0031384,Richard Rodgers,TE,10.1,16,161.6,15.0,24.635181382614647,0,1.0,2016,all,0,2013-18
00-0021547,Antonio Gates,TE,13.545454545454545,11,149.0,13.0,36.2299794661191,5,3.0,2016,all,4+,2013-18
00-0026267,Jacob Tamme,TE,8.813333333333333,15,132.2,8.0,31.49075975359343,1,8.0,2016,all,1-3,2013-18
00-0031387,Eric Ebron,TE,9.335714285714287,14,130.70000000000002,13.0,23.419575633127995,2,3.0,2016,all,1-3,2013-18
00-0027981,Kyle Rudolph,TE,8.125,16,130.0,16.0,26.836413415468858,0,0.0,2016,all,0,2013-18
00-0023465,Heath Miller,TE,8.613333333333333,15,129.2,0.0,33.88637919233402,1,16.0,2016,all,1-3,2013-18
00-0028112,Charles Clay,TE,9.484615384615385,13,123.30000000000001,15.0,27.572895277207394,3,1.0,2016,all,1-3,2013-18
00-0029697,Coby Fleener,TE,8.206666666666667,15,123.10000000000001,16.0,27.972621492128678,1,0.0,2016,all,1-3,2013-18
00-0028067,Julius Thomas,TE,10.25,12,123.0,9.0,28.205338809034906,4,7.0,2016,all,4+,2013-18
00-0027696,Jimmy Graham,TE,11.090909090909092,11,122.0,16.0,29.796030116358658,5,0.0,2016,all,4+,2013-18
00-0024313,Owen Daniels,TE,7.325,16,117.2,0.0,33.83709787816564,0,16.0,2016,all,0,2013-18
00-0026201,Martellus Bennett,TE,10.445454545454545,11,114.9,16.0,29.505817932922657,5,0.0,2016,all,4+,2013-18
00-0027125,Zach Miller,TE,8.415384615384616,13,109.4,10.0,31.93429158110883,3,6.0,2016,all,1-3,2013-18
00-0027939,Cam Newton,QB,24.505,16,392.08,15.0,27.3347022587269,0,1.0,2016,all,0,2013-18
00-0019596,Tom Brady,QB,22.04375,16,352.7,12.0,39.1047227926078,0,4.0,2016,all,0,2013-18
00-0029263,Russell Wilson,QB,21.01625,16,336.26,16.0,27.78097193702943,0,0.0,2016,all,0,2013-18
00-0020531,Drew Brees,QB,21.346666666666668,15,320.2,16.0,37.65366187542779,1,0.0,2016,all,1-3,2013-18
00-0021429,Carson Palmer,QB,19.8275,16,317.24,15.0,36.70636550308008,0,1.0,2016,all,0,2013-18
00-0031407,Blake Bortles,QB,19.7575,16,316.12,16.0,24.369609856262834,0,0.0,2016,all,0,2013-18
00-0023459,Aaron Rodgers,QB,18.8275,16,301.24,16.0,32.77481177275838,0,0.0,2016,all,0,2013-18
00-0022942,Philip Rivers,QB,18.78,16,300.48,16.0,34.757015742642025,0,0.0,2016,all,0,2013-18
00-0026498,Matthew Stafford,QB,18.673750000000002,16,298.78000000000003,16.0,28.591375770020534,0,0.0,2016,all,0,2013-18
00-0022803,Eli Manning,QB,18.46125,16,295.38,16.0,35.68514715947981,0,0.0,2016,all,0,2013-18
00-0029604,Kirk Cousins,QB,18.34,16,293.44,16.0,28.060232717316907,0,0.0,2016,all,0,2013-18
00-0023682,Ryan Fitzpatrick,QB,17.825,16,285.2,14.0,33.79603011635866,0,2.0,2016,all,0,2013-18
00-0031503,Jameis Winston,QB,17.18625,16,274.98,16.0,22.677618069815196,0,0.0,2016,all,0,2013-18
00-0028118,Tyrod Taylor,QB,19.400000000000002,14,271.6,15.0,27.104722792607802,2,1.0,2016,all,1-3,2013-18
00-0031280,Derek Carr,QB,16.955000000000002,16,271.28000000000003,15.0,25.456536618754278,0,1.0,2016,all,0,2013-18
00-0023436,Alex Smith,QB,16.9525,16,271.24,15.0,32.34496919917864,0,1.0,2016,all,0,2013-18
00-0029701,Ryan Tannehill,QB,16.145,16,258.32,13.0,28.123203285420946,0,3.0,2016,all,0,2013-18
00-0027973,Andy Dalton,QB,18.784615384615385,13,244.2,16.0,28.867898699520875,3,0.0,2016,all,1-3,2013-18
00-0022924,Ben Roethlisberger,QB,19.676666666666666,12,236.12,14.0,34.52703627652293,4,2.0,2016,all,4+,2013-18
00-0026143,Matt Ryan,QB,14.62125,16,233.94,16.0,31.318275154004105,0,0.0,2016,all,0,2013-18
00-0024226,Jay Cutler,QB,15.097333333333333,15,226.46,5.0,33.36892539356605,1,11.0,2016,all,1-3,2013-18
00-0032268,Marcus Mariota,QB,17.835,12,214.02,15.0,22.863791923340177,4,1.0,2016,all,4+,2013-18
00-0027854,Sam Bradford,QB,13.921428571428573,14,194.9,15.0,28.840520191649556,2,1.0,2016,all,1-3,2013-18
00-0032187,David Johnson,RB,26.33125,16,421.3,1.0,25.73579739904175,0,15.0,2017,<27,0,2013-18
00-0033045,Ezekiel Elliott,RB,23.093333333333337,15,346.40000000000003,10.0,22.138261464750173,1,6.0,2017,<27,1-3,2013-18
00-0030496,Le'Veon Bell,RB,28.36666666666667,12,340.40000000000003,15.0,25.560574948665298,4,1.0,2017,<27,4+,2013-18
00-0027029,LeSean McCoy,RB,21.28666666666667,15,319.3,16.0,29.163586584531142,1,0.0,2017,29+,1-3,2013-18
00-0028009,DeMarco Murray,RB,19.3,16,308.8,15.0,29.57700205338809,0,1.0,2017,29+,0,2013-18
00-0031285,Devonta Freeman,RB,18.13125,16,290.1,14.0,25.489390828199863,0,2.0,2017,<27,0,2013-18
00-0032144,Melvin Gordon,RB,19.96923076923077,13,259.6,16.0,24.410677618069816,3,0.0,2017,<27,1-3,2013-18
00-0027966,Mark Ingram,RB,15.700000000000001,16,251.20000000000002,16.0,27.720739219712527,0,0.0,2017,27-28,0,2013-18
00-0032780,Jordan Howard,RB,16.740000000000002,15,251.10000000000002,16.0,22.855578370978783,1,0.0,2017,<27,1-3,2013-18
00-0027325,LeGarrette Blount,RB,15.30625,16,244.9,16.0,30.765229295003422,0,0.0,2017,29+,0,2013-18
00-0031590,Jay Ajayi,RB,16.153333333333332,15,242.3,14.0,24.238193018480494,1,2.0,2017,<27,1-3,2013-18
00-0023500,Frank Gore,RB,13.762500000000001,16,220.20000000000002,16.0,34.327173169062284,0,0.0,2017,29+,0,2013-18
00-0030656,Isaiah Crowell,RB,13.56875,16,217.1,16.0,24.670773442847366,0,0.0,2017,<27,0,2013-18
00-0030513,Latavius Murray,RB,15.3,14,214.20000000000002,16.0,27.644079397672826,2,0.0,2017,27-28,1-3,2013-18
00-0029615,Lamar Miller,RB,14.507142857142858,14,203.10000000000002,16.0,26.379192334017795,2,0.0,2017,<27,1-3,2013-18
00-0028064,Bilal Powell,RB,12.6875,16,203.0,15.0,28.870636550308006,0,1.0,2017,27-28,0,2013-18
00-0030414,Spencer Ware,RB,14.164285714285715,14,198.3,0.0,25.79876796714579,2,16.0,2017,<27,1-3,2013-18
00-0032241,Todd Gurley,RB,12.387500000000001,16,198.20000000000002,15.0,23.104722792607802,0,1.0,2017,<27,0,2013-18
00-0031045,Carlos Hyde,RB,15.23846153846154,13,198.10000000000002,16.0,26.973305954825463,3,0.0,2017,<27,1-3,2013-18
00-0032058,Tevin Coleman,RB,14.815384615384614,13,192.6,15.0,24.40246406570842,3,1.0,2017,<27,1-3,2013-18
00-0026184,Matt Forte,RB,13.542857142857143,14,189.6,12.0,31.750855578370977,2,4.0,2017,29+,1-3,2013-18
00-0031301,Jeremy Hill,RB,12.153333333333334,15,182.3,7.0,24.889801505817932,1,9.0,2017,<27,1-3,2013-18
00-0031375,Terrance West,RB,10.875,16,174.0,5.0,26.61738535249829,0,11.0,2017,<27,0,2013-18
00-0023564,Darren Sproles,RB,10.933333333333334,15,164.0,3.0,34.2258726899384,1,13.0,2017,29+,1-3,2013-18
00-0030107,Theo Riddick,RB,16.18,10,161.8,16.0,26.354551676933607,6,0.0,2017,<27,4+,2013-18
00-0031062,James White,RB,10.10625,16,161.7,14.0,25.60164271047228,0,2.0,2017,<27,0,2013-18
00-0027864,Ryan Mathews,RB,11.584615384615384,13,150.6,0.0,29.919233401779604,3,16.0,2017,29+,1-3,2013-18
00-0026153,Jonathan Stewart,RB,11.492307692307692,13,149.4,15.0,30.47501711156742,3,1.0,2017,29+,1-3,2013-18
00-0031376,Jerick McKinnon,RB,9.893333333333334,15,148.4,16.0,25.35523613963039,1,0.0,2017,<27,1-3,2013-18
00-0030404,Chris Thompson,RB,9.21875,16,147.5,10.0,26.8911704312115,0,6.0,2017,<27,0,2013-18
00-0032257,Duke Johnson,RB,9.012500000000001,16,144.20000000000002,16.0,23.964407939767284,0,0.0,2017,<27,0,2013-18
00-0032972,Devontae Booker,RB,8.91875,16,142.7,13.0,25.28952772073922,0,3.0,2017,<27,0,2013-18
00-0030432,Christine Michael,RB,9.333333333333334,15,140.0,0.0,26.836413415468858,1,16.0,2017,<27,1-3,2013-18
00-0027155,Rashad Jennings,RB,10.646153846153847,13,138.4,0.0,32.459958932238195,3,16.0,2017,29+,1-3,2013-18
00-0032209,T.J. Yeldon,RB,9.180000000000001,15,137.70000000000002,10.0,23.939767282683093,1,6.0,2017,<27,1-3,2013-18
00-0032371,Rob Kelley,RB,9.685714285714285,14,135.6,7.0,24.93634496919918,2,9.0,2017,<27,1-3,2013-18
00-0028198,Matt Asiata,RB,8.28125,16,132.5,0.0,30.132785763175907,0,16.0,2017,29+,0,2013-18
00-0026289,Tim Hightower,RB,8.1125,16,129.8,0.0,31.301848049281315,0,16.0,2017,29+,0,2013-18
00-0030433,Mike Gillislee,RB,8.38,15,125.7,9.0,26.858316221765914,1,7.0,2017,<27,1-3,2013-18
00-0030456,Giovani Bernard,RB,12.379999999999999,10,123.8,16.0,25.801505817932924,6,0.0,2017,<27,4+,2013-18
00-0030578,Cordarrelle Patterson,RB,7.4750000000000005,16,119.60000000000001,16.0,26.48596851471595,0,0.0,2017,<27,0,2013-18
00-0033025,Jalen Richard,RB,7.21875,16,115.5,16.0,23.904175222450377,0,0.0,2017,<27,0,2013-18
00-0028202,Shaun Draughn,RB,7.260000000000001,15,108.9,0.0,29.760438056125942,1,16.0,2017,29+,1-3,2013-18
00-0029273,Robert Turbin,RB,7.22,15,108.3,6.0,27.772758384668034,1,10.0,2017,27-28,1-3,2013-18
00-0032764,Derrick Henry,RB,7.55,14,105.7,16.0,23.682409308692677,2,0.0,2017,<27,1-3,2013-18
00-0029854,C.J. Anderson,RB,15.071428571428571,7,105.5,16.0,26.581793292265573,9,0.0,2017,<27,4+,2013-18
00-0024242,DeAngelo Williams,RB,12.8875,8,103.1,0.0,34.379192334017795,8,16.0,2017,29+,4+,2013-18
00-0032411,Kenneth Dixon,RB,8.533333333333333,12,102.4,0.0,23.63586584531143,4,16.0,2017,<27,4+,2013-18
00-0027531,Chris Ivory,RB,8.863636363636363,11,97.5,14.0,29.470225872689937,5,2.0,2017,29+,4+,2013-18
00-0028083,Jacquizz Rodgers,RB,9.68,10,96.8,16.0,27.592060232717316,6,0.0,2017,27-28,4+,2013-18
00-0030668,Charcandrick West,RB,6.2733333333333325,15,94.1,12.0,26.275154004106778,1,4.0,2017,<27,1-3,2013-18
00-0029205,Travaris Cadet,RB,6.266666666666667,15,94.0,7.0,28.605065023956193,1,9.0,2017,27-28,1-3,2013-18
00-0030874,Damien Williams,RB,6.2266666666666675,15,93.4,10.0,25.437371663244353,1,6.0,2017,<27,1-3,2013-18
00-0031665,Zach Zenner,RB,8.454545454545455,11,93.0,7.0,25.99315537303217,5,9.0,2017,<27,4+,2013-18
00-0029613,Doug Martin,RB,10.6875,8,85.5,11.0,28.657084188911703,8,5.0,2017,27-28,4+,2013-18
00-0032940,DeAndre Washington,RB,6.553846153846154,13,85.2,15.0,24.54757015742642,3,1.0,2017,<27,1-3,2013-18
00-0031939,Matt Jones,RB,11.614285714285716,7,81.30000000000001,2.0,24.511978097193705,9,14.0,2017,<27,4+,2013-18
00-0032417,Paul Perkins,RB,5.7,14,79.8,8.0,22.817248459958932,2,8.0,2017,<27,1-3,2013-18
00-0030288,Rex Burkhead,RB,5.635714285714286,14,78.9,10.0,27.19233401779603,2,6.0,2017,27-28,1-3,2013-18
00-0031897,Thomas Rawls,RB,8.722222222222221,9,78.5,9.0,24.10403832991102,7,7.0,2017,<27,4+,2013-18
00-0029731,Fozzy Whittaker,RB,4.6937500000000005,16,75.10000000000001,10.0,28.602327173169062,0,6.0,2017,27-28,0,2013-18
00-0031569,Jeremy Langford,RB,6.1000000000000005,12,73.2,0.0,25.763175906913073,4,16.0,2017,<27,4+,2013-18
00-0031390,Charles Sims,RB,9.7,7,67.89999999999999,15.0,26.976043805612594,9,1.0,2017,<27,4+,2013-18
00-0031075,Alfred Blue,RB,4.428571428571429,14,62.00000000000001,9.0,26.373716632443532,2,7.0,2017,<27,1-3,2013-18
00-0026373,Justin Forsett,RB,6.844444444444445,9,61.6,0.0,31.906913073237508,7,16.0,2017,29+,4+,2013-18
00-0032393,C.J. Prosise,RB,10.166666666666668,6,61.00000000000001,4.0,23.310061601642712,10,12.0,2017,<27,4+,2013-18
00-0027791,James Starks,RB,6.544444444444445,9,58.900000000000006,0.0,31.540041067761805,7,16.0,2017,29+,4+,2013-18
00-0029492,Jamize Olawale,RB,4.415384615384616,13,57.4,7.0,28.399726214921287,3,9.0,2017,27-28,1-3,2013-18
00-0028087,Dion Lewis,RB,7.814285714285715,7,54.7,16.0,26.954140999315538,9,0.0,2017,<27,4+,2013-18
00-0032782,Wendell Smallwood,RB,4.391666666666667,12,52.7,8.0,23.638603696098563,4,8.0,2017,<27,4+,2013-18
00-0027793,Antonio Brown,WR,20.886666666666667,15,313.3,14.0,29.169062286105408,1,2.0,2017,<30,1-3,2013-18
00-0026176,Jordy Nelson,WR,19.5125,16,312.2,14.0,32.27926078028747,0,2.0,2017,30+,0,2013-18
00-0031408,Mike Evans,WR,19.38125,16,310.1,15.0,24.05475701574264,0,1.0,2017,<30,0,2013-18
00-0031235,Odell Beckham Jr.,WR,19.31875,16,309.1,4.0,24.84599589322382,0,12.0,2017,<30,0,2013-18
00-0029608,T.Y. Hilton,WR,17.675,16,282.8,16.0,27.822039698836413,0,0.0,2017,<30,0,2013-18
00-0027944,Julio Jones,WR,19.778571428571432,14,276.90000000000003,16.0,28.58590006844627,2,0.0,2017,<30,1-3,2013-18
00-0032765,Michael Thomas,WR,17.346666666666668,15,260.2,16.0,24.522929500342233,1,0.0,2017,<30,1-3,2013-18
00-0028434,Doug Baldwin,WR,16.13125,16,258.1,16.0,28.969199178644764,0,0.0,2017,<30,0,2013-18
00-0031381,Davante Adams,WR,15.79375,16,252.7,14.0,24.711841204654345,0,2.0,2017,<30,0,2013-18
00-0031236,Brandin Cooks,WR,16.720000000000002,15,250.8,16.0,23.958932238193018,1,0.0,2017,<30,1-3,2013-18
00-0022921,Larry Fitzgerald,WR,15.33125,16,245.3,16.0,34.02874743326489,0,0.0,2017,30+,0,2013-18
00-0026986,Michael Crabtree,WR,15.2375,16,243.8,13.0,29.99041752224504,0,3.0,2017,<30,0,2013-18
00-0031382,Jarvis Landry,WR,14.95625,16,239.3,16.0,24.78302532511978,0,0.0,2017,<30,0,2013-18
00-0031544,Amari Cooper,WR,14.89375,16,238.3,14.0,23.23340177960301,0,2.0,2017,<30,0,2013-18
00-0027150,Julian Edelman,WR,14.70625,16,235.3,0.0,31.304585900068446,0,16.0,2017,30+,0,2013-18
00-0027874,Demaryius Thomas,WR,14.33125,16,229.3,16.0,29.711156741957563,0,0.0,2017,<30,0,2013-18
00-0027891,Golden Tate,WR,14.225,16,227.6,16.0,29.10609171800137,0,0.0,2017,<30,0,2013-18
00-0032160,Tyrell Williams,WR,13.8375,16,221.4,16.0,25.57700205338809,0,0.0,2017,<30,0,2013-18
00-0033040,Tyreek Hill,WR,13.6875,16,219.0,15.0,23.529089664613277,0,1.0,2017,<30,0,2013-18
00-0028825,Terrelle Pryor,WR,13.62125,16,217.94,8.0,28.22450376454483,0,8.0,2017,<30,0,2013-18
00-0027685,Emmanuel Sanders,WR,14.473333333333333,15,217.1,12.0,30.48596851471595,1,4.0,2017,30+,1-3,2013-18
00-0029580,Rishard Matthews,WR,13.5,16,216.0,14.0,27.912388774811774,0,2.0,2017,<30,0,2013-18
00-0030035,Adam Thielen,WR,13.012500000000001,16,208.20000000000002,16.0,27.052703627652292,0,0.0,2017,<30,0,2013-18
00-0026901,Mike Wallace,WR,12.8625,16,205.8,15.0,31.110198494182068,0,1.0,2017,30+,0,2013-18
00-0026345,Pierre Garcon,WR,12.6625,16,202.6,8.0,31.091033538672143,0,8.0,2017,30+,0,2013-18
00-0031428,Allen Robinson,WR,12.64375,16,202.3,1.0,24.046543463381244,0,15.0,2017,<30,0,2013-18
00-0031941,Jamison Crowder,WR,12.625,16,202.0,15.0,24.23271731690623,0,1.0,2017,<30,0,2013-18
00-0030564,DeAndre Hopkins,WR,12.525,16,200.4,15.0,25.2621492128679,0,1.0,2017,<30,0,2013-18
00-0027006,Kenny Britt,WR,13.28,15,199.2,12.0,28.974674880219027,1,4.0,2017,<30,1-3,2013-18
00-0031359,Kelvin Benjamin,WR,12.412500000000001,16,198.60000000000002,14.0,26.595482546201232,0,2.0,2017,<30,0,2013-18
00-0031588,Stefon Diggs,WR,15.215384615384616,13,197.8,14.0,23.78097193702943,3,2.0,2017,<30,1-3,2013-18
00-0030663,Willie Snead,WR,12.866666666666667,15,193.0,8.0,24.89801505817933,1,8.0,2017,<30,1-3,2013-18
00-0027942,A.J. Green,WR,19.240000000000002,10,192.4,16.0,29.111567419575632,6,0.0,2017,<30,4+,2013-18
00-0029000,Cole Beasley,WR,11.8125,16,189.0,15.0,28.3750855578371,0,1.0,2017,<30,0,2013-18
00-0026189,DeSean Jackson,WR,12.533333333333333,15,188.0,14.0,30.77618069815195,1,2.0,2017,30+,1-3,2013-18
00-0027681,Brandon LaFell,WR,11.71875,16,187.5,16.0,30.850102669404517,0,0.0,2017,30+,0,2013-18
00-0032385,Sterling Shepard,WR,11.61875,16,185.9,11.0,24.580424366872005,0,5.0,2017,<30,0,2013-18
00-0031912,Cameron Meredith,WR,13.248571428571429,14,185.48000000000002,0.0,24.969199178644764,2,16.0,2017,<30,1-3,2013-18
00-0020337,Steve Smith,WR,13.242857142857144,14,185.4,0.0,38.332648870636554,2,16.0,2017,30+,1-3,2013-18
00-0027902,Dez Bryant,WR,14.192307692307692,13,184.5,16.0,28.84873374401095,3,0.0,2017,<30,1-3,2013-18
00-0031431,Marqise Lee,WR,11.4625,16,183.4,13.0,25.793292265571527,0,3.0,2017,<30,0,2013-18
00-0029293,Marvin Jones,WR,12.120000000000001,15,181.8,16.0,27.498973305954827,1,0.0,2017,<30,1-3,2013-18
00-0022084,Anquan Boldin,WR,10.8375,16,173.4,0.0,36.936344969199176,0,16.0,2017,30+,0,2013-18
00-0031023,Quincy Enunwa,WR,10.65,16,170.4,0.0,25.27857631759069,0,16.0,2017,<30,0,2013-18
00-0030085,Kenny Stills,WR,10.63125,16,170.1,16.0,25.385352498288842,0,0.0,2017,<30,0,2013-18
00-0028411,Dontrelle Inman,WR,10.375,16,166.0,10.0,28.607802874743328,0,6.0,2017,<30,0,2013-18
00-0025396,Ted Ginn,WR,10.28125,16,164.5,15.0,32.41341546885695,0,1.0,2017,30+,0,2013-18
00-0024334,Brandon Marshall,WR,10.586666666666668,15,158.8,5.0,33.46748802190281,1,11.0,2017,30+,1-3,2013-18
00-0031547,DeVante Parker,WR,10.493333333333334,15,157.4,13.0,24.637919233401778,1,3.0,2017,<30,1-3,2013-18
00-0028091,Jeremy Kerley,WR,9.387500000000001,16,150.20000000000002,8.0,28.83778234086242,0,8.0,2017,<30,0,2013-18
00-0028002,Randall Cobb,WR,11.523076923076925,13,149.8,14.0,27.052703627652292,3,2.0,2017,<30,1-3,2013-18
00-0029632,Mohamed Sanu,WR,9.92,15,148.8,15.0,28.05201916495551,1,1.0,2017,<30,1-3,2013-18
00-0029137,Alshon Jeffery,WR,12.299999999999999,12,147.6,16.0,27.57015742642026,4,0.0,2017,<30,4+,2013-18
00-0030525,Tavon Austin,WR,9.786666666666667,15,146.8,14.0,27.49075975359343,1,2.0,2017,<30,1-3,2013-18
00-0032200,Ty Montgomery,WR,9.566666666666666,15,143.5,8.0,24.632443531827516,1,8.0,2017,<30,1-3,2013-18
00-0032112,J.J. Nelson,WR,10.042857142857143,14,140.6,16.0,25.37987679671458,2,0.0,2017,<30,1-3,2013-18
00-0031228,Taylor Gabriel,WR,11.666666666666666,12,140.0,16.0,26.562628336755647,4,0.0,2017,<30,4+,2013-18
00-0029269,Travis Benjamin,WR,9.814285714285715,14,137.4,16.0,27.698836413415467,2,0.0,2017,<30,1-3,2013-18
00-0032009,Adam Humphries,WR,8.966666666666667,15,134.5,16.0,24.213552361396303,1,0.0,2017,<30,1-3,2013-18
00-0028237,Chris Hogan,WR,8.793333333333333,15,131.9,9.0,29.880903490759753,1,7.0,2017,<30,1-3,2013-18
00-0033127,Will Fuller,WR,9.371428571428572,14,131.20000000000002,10.0,23.4031485284052,2,6.0,2017,<30,1-3,2013-18
00-0031782,Eli Rogers,WR,9.807692307692308,13,127.5,12.0,24.71457905544148,3,4.0,2017,<30,1-3,2013-18
00-0032211,Tyler Lockett,WR,8.373333333333333,15,125.6,16.0,24.95003422313484,1,0.0,2017,<30,1-3,2013-18
00-0030542,Terrance Williams,WR,8.360000000000001,15,125.4,16.0,27.978097193702943,1,0.0,2017,<30,1-3,2013-18
00-0033009,Tyler Boyd,WR,7.7562500000000005,16,124.10000000000001,10.0,22.819986310746064,0,6.0,2017,<30,0,2013-18
00-0030431,Robert Woods,WR,9.261538461538462,13,120.4,12.0,25.418206707734427,3,4.0,2017,<30,1-3,2013-18
00-0029638,Michael Floyd,WR,8.37857142857143,14,117.30000000000001,10.0,27.786447638603697,2,6.0,2017,<30,1-3,2013-18
00-0029640,Brian Quick,WR,7.2125,16,115.4,6.0,28.265571526351813,0,10.0,2017,<30,0,2013-18
00-0032688,Robbie Chosen,WR,8.207142857142857,14,114.9,16.0,24.33949349760438,2,0.0,2017,<30,1-3,2013-18
00-0031166,Seth Roberts,WR,6.98125,16,111.7,15.0,26.548939082819988,0,1.0,2017,<30,0,2013-18
00-0030506,Travis Kelce,TE,14.5,16,232.0,15.0,27.9315537303217,0,1.0,2017,all,0,2013-18
00-0027981,Kyle Rudolph,TE,13.15625,16,210.5,16.0,27.835728952772072,0,0.0,2017,all,0,2013-18
00-0025418,Greg Olsen,TE,13.14375,16,210.3,7.0,32.50102669404517,0,9.0,2017,all,0,2013-18
00-0027696,Jimmy Graham,TE,12.1125,16,193.8,16.0,30.795345653661876,0,0.0,2017,all,0,2013-18
00-0024389,Delanie Walker,TE,12.639999999999999,15,189.6,16.0,33.07871321013005,1,0.0,2017,all,1-3,2013-18
00-0030061,Zach Ertz,TE,13.328571428571431,14,186.60000000000002,14.0,26.833675564681723,2,2.0,2017,all,1-3,2013-18
00-0031299,Jordan Matthews,TE,12.35,14,172.9,10.0,25.152635181382614,2,6.0,2017,all,1-3,2013-18
00-0026201,Martellus Bennett,TE,10.7875,16,172.6,9.0,30.50513347022587,0,7.0,2017,all,0,2013-18
00-0031273,Cameron Brate,TE,11.4,15,171.0,16.0,26.190280629705683,1,0.0,2017,all,1-3,2013-18
00-0027714,Dennis Pitta,TE,10.65,16,170.4,0.0,32.199863107460644,0,16.0,2017,all,0,2013-18
00-0030472,Jordan Reed,TE,14.049999999999999,12,168.6,6.0,27.189596167008897,4,10.0,2017,all,4+,2013-18
00-0022127,Jason Witten,TE,10.253333333333334,15,153.8,16.0,35.34839151266256,1,0.0,2017,all,1-3,2013-18
00-0021547,Antonio Gates,TE,11.36923076923077,13,147.8,16.0,37.229295003422315,3,0.0,2017,all,1-3,2013-18
00-0030181,Jack Doyle,TE,9.0875,16,145.4,15.0,27.351129363449694,0,1.0,2017,all,0,2013-18
00-0031387,Eric Ebron,TE,11.092307692307694,13,144.20000000000002,16.0,24.418891170431213,3,0.0,2017,all,1-3,2013-18
00-0029697,Coby Fleener,TE,8.675,16,138.8,11.0,28.971937029431896,0,5.0,2017,all,0,2013-18
00-0028112,Charles Clay,TE,9.08,15,136.2,13.0,28.57221081451061,1,3.0,2017,all,1-3,2013-18
00-0031302,C.J. Fiedorowicz,TE,8.926666666666668,15,133.9,5.0,25.88637919233402,1,11.0,2017,all,1-3,2013-18
00-0026281,Gary Barnidge,TE,8.137500000000001,16,130.20000000000002,0.0,31.967145790554415,0,16.0,2017,all,0,2013-18
00-0033090,Hunter Henry,TE,9.984615384615385,13,129.8,12.0,22.759753593429156,3,4.0,2017,all,1-3,2013-18
00-0027125,Zach Miller,TE,11.96,10,119.60000000000001,8.0,32.93360711841205,6,8.0,2017,all,4+,2013-18
00-0024221,Vernon Davis,TE,7.620000000000001,15,114.30000000000001,16.0,33.609856262833674,1,0.0,2017,all,1-3,2013-18
00-0029689,Dwayne Allen,TE,8.114285714285714,14,113.6,12.0,27.54277891854894,2,4.0,2017,all,1-3,2013-18
00-0027985,Lance Kendricks,TE,6.86875,16,109.9,14.0,29.61259411362081,0,2.0,2017,all,0,2013-18
00-0023459,Aaron Rodgers,QB,23.75125,16,380.02,7.0,33.7741273100616,0,9.0,2017,all,0,2013-18
00-0026143,Matt Ryan,QB,22.21625,16,355.46,16.0,32.31759069130732,0,0.0,2017,all,0,2013-18
00-0020531,Drew Brees,QB,21.77,16,348.32,16.0,38.652977412731005,0,0.0,2017,all,0,2013-18
00-0029604,Kirk Cousins,QB,19.7675,16,316.28,16.0,29.059548254620122,0,0.0,2017,all,0,2013-18
00-0033077,Dak Prescott,QB,17.93,16,286.88,16.0,24.11772758384668,0,0.0,2017,all,0,2013-18
00-0026498,Matthew Stafford,QB,17.486250000000002,16,279.78000000000003,16.0,29.590691307323752,0,0.0,2017,all,0,2013-18
00-0031280,Derek Carr,QB,18.432000000000002,15,276.48,15.0,26.455852156057496,1,1.0,2017,all,1-3,2013-18
00-0019596,Tom Brady,QB,22.88,12,274.56,16.0,40.10403832991102,4,0.0,2017,all,4+,2013-18
00-0031407,Blake Bortles,QB,16.94375,16,271.1,16.0,25.36892539356605,0,0.0,2017,all,0,2013-18
00-0028118,Tyrod Taylor,QB,18.061333333333334,15,270.92,15.0,28.10403832991102,1,1.0,2017,all,1-3,2013-18
00-0029263,Russell Wilson,QB,16.87875,16,270.06,16.0,28.78028747433265,0,0.0,2017,all,0,2013-18
00-0031503,Jameis Winston,QB,16.50625,16,264.1,13.0,23.67693360711841,0,3.0,2017,all,0,2013-18
00-0027973,Andy Dalton,QB,16.29,16,260.64,16.0,29.867214236824093,0,0.0,2017,all,0,2013-18
00-0022924,Ben Roethlisberger,QB,18.582857142857144,14,260.16,15.0,35.526351813826146,2,1.0,2017,all,1-3,2013-18
00-0032268,Marcus Mariota,QB,17.329333333333334,15,259.94,15.0,23.863107460643395,1,1.0,2017,all,1-3,2013-18
00-0022942,Philip Rivers,QB,16.18375,16,258.94,16.0,35.75633127994524,0,0.0,2017,all,0,2013-18
00-0027939,Cam Newton,QB,16.950666666666667,15,254.26,16.0,28.334017796030118,1,0.0,2017,all,1-3,2013-18
00-0021429,Carson Palmer,QB,16.208000000000002,15,243.12,7.0,37.7056810403833,1,9.0,2017,all,1-3,2013-18
00-0026158,Joe Flacco,QB,15.155000000000001,16,242.48000000000002,16.0,32.648870636550306,0,0.0,2017,all,0,2013-18
00-0022803,Eli Manning,QB,14.51125,16,232.18,15.0,36.68446269678302,0,1.0,2017,all,0,2013-18
00-0023436,Alex Smith,QB,14.985333333333333,15,224.78,15.0,33.34428473648186,1,1.0,2017,all,1-3,2013-18
00-0027854,Sam Bradford,QB,14.792,15,221.88,2.0,29.83983572895277,1,14.0,2017,all,1-3,2013-18
00-0032950,Carson Wentz,QB,13.373750000000001,16,213.98000000000002,13.0,24.695414099931554,0,3.0,2017,all,0,2013-18
00-0032241,Todd Gurley,RB,26.853333333333335,15,402.8,14.0,24.10403832991102,1,2.0,2018,<27,1-3,2013-18
00-0030496,Le'Veon Bell,RB,23.793333333333337,15,356.90000000000003,0.0,26.559890485968516,1,16.0,2018,<27,1-3,2013-18
00-0033906,Alvin Kamara,RB,20.30625,16,324.9,15.0,23.129363449691994,0,1.0,2018,<27,0,2013-18
00-0033923,Kareem Hunt,RB,19.575000000000003,16,313.20000000000005,11.0,23.096509240246405,0,5.0,2018,<27,0,2013-18
00-0032144,Melvin Gordon,RB,18.38125,16,294.1,12.0,25.409993155373034,0,4.0,2018,<27,0,2013-18
00-0027966,Mark Ingram,RB,18.125,16,290.0,12.0,28.720054757015742,0,4.0,2018,27-28,0,2013-18
00-0027029,LeSean McCoy,RB,17.225,16,275.6,14.0,30.16290212183436,0,2.0,2018,29+,0,2013-18
00-0033856,Leonard Fournette,RB,18.861538461538462,13,245.20000000000002,8.0,23.644079397672826,3,8.0,2018,<27,1-3,2013-18
00-0031045,Carlos Hyde,RB,14.8,16,236.8,14.0,27.972621492128678,0,2.0,2018,27-28,0,2013-18
00-0033280,Christian McCaffrey,RB,14.38125,16,230.1,16.0,22.258726899383984,0,0.0,2018,<27,0,2013-18
00-0033045,Ezekiel Elliott,RB,21.82,10,218.20000000000002,15.0,23.137577002053387,6,1.0,2018,<27,4+,2013-18
00-0032257,Duke Johnson,RB,13.50625,16,216.1,16.0,24.9637234770705,0,0.0,2018,<27,0,2013-18
00-0032780,Jordan Howard,RB,13.41875,16,214.7,16.0,23.854893908281998,0,0.0,2018,<27,0,2013-18
00-0028087,Dion Lewis,RB,13.0625,16,209.0,16.0,27.953456536618756,0,0.0,2018,27-28,0,2013-18
00-0031285,Devonta Freeman,RB,14.72857142857143,14,206.20000000000002,2.0,26.48870636550308,2,14.0,2018,<27,1-3,2013-18
00-0029615,Lamar Miller,RB,12.09375,16,193.5,14.0,27.378507871321013,0,2.0,2018,27-28,0,2013-18
00-0029854,C.J. Anderson,RB,11.31875,16,181.1,9.0,27.581108829568787,0,7.0,2018,27-28,0,2013-18
00-0023500,Frank Gore,RB,11.225000000000001,16,179.60000000000002,14.0,35.3264887063655,0,2.0,2018,29+,0,2013-18
00-0031376,Jerick McKinnon,RB,11.225,16,179.6,0.0,26.354551676933607,0,16.0,2018,<27,0,2013-18
00-0032426,Alex Collins,RB,11.8,15,177.0,10.0,24.041067761806982,1,6.0,2018,<27,1-3,2013-18
00-0028009,DeMarco Murray,RB,11.633333333333333,15,174.5,0.0,30.576317590691307,1,16.0,2018,29+,1-3,2013-18
00-0025399,Marshawn Lynch,RB,11.346666666666668,15,170.20000000000002,6.0,32.38603696098563,1,10.0,2018,29+,1-3,2013-18
00-0032058,Tevin Coleman,RB,11.180000000000001,15,167.70000000000002,16.0,25.401779603011637,1,0.0,2018,<27,1-3,2013-18
00-0031577,Javorius Allen,RB,10.38125,16,166.1,13.0,27.039014373716633,0,3.0,2018,27-28,0,2013-18
00-0030513,Latavius Murray,RB,10.21875,16,163.5,16.0,28.643394934976044,0,0.0,2018,27-28,0,2013-18
00-0030404,Chris Thompson,RB,15.84,10,158.4,10.0,27.890485968514717,6,6.0,2018,27-28,4+,2013-18
00-0030456,Giovani Bernard,RB,9.66875,16,154.7,12.0,26.80082135523614,0,4.0,2018,<27,0,2013-18
00-0030107,Theo Riddick,RB,9.625,16,154.0,14.0,27.353867214236825,0,2.0,2018,27-28,0,2013-18
00-0033556,Tarik Cohen,RB,9.508750000000001,16,152.14000000000001,16.0,23.12662559890486,0,0.0,2018,<27,0,2013-18
00-0028064,Bilal Powell,RB,10.08,15,151.2,7.0,29.869952087611225,1,9.0,2018,29+,1-3,2013-18
00-0033118,Kenyan Drake,RB,9.26875,16,148.3,16.0,24.621492128678987,0,0.0,2018,<27,0,2013-18
00-0030656,Isaiah Crowell,RB,9.15625,16,146.5,13.0,25.67008898015058,0,3.0,2018,<27,0,2013-18
00-0033948,Jamaal Williams,RB,9.72,15,145.8,16.0,23.43874058863792,1,0.0,2018,<27,1-3,2013-18
00-0033897,Joe Mixon,RB,10.307142857142859,14,144.3,14.0,22.130047912388775,2,2.0,2018,<27,1-3,2013-18
00-0030860,Orleans Darkwa,RB,9.580000000000002,15,143.70000000000002,0.0,26.532511978097194,1,16.0,2018,<27,1-3,2013-18
00-0031590,Jay Ajayi,RB,10.078571428571427,14,141.1,4.0,25.23750855578371,2,12.0,2018,<27,1-3,2013-18
00-0032764,Derrick Henry,RB,8.8125,16,141.0,16.0,24.681724845995895,0,0.0,2018,<27,0,2013-18
00-0031062,James White,RB,9.571428571428571,14,134.0,16.0,26.600958247775495,2,0.0,2018,<27,1-3,2013-18
00-0030288,Rex Burkhead,RB,12.98,10,129.8,8.0,28.191649555099247,6,8.0,2018,27-28,4+,2013-18
00-0032104,Ameer Abdullah,RB,8.885714285714286,14,124.4,9.0,25.242984257357975,2,7.0,2018,<27,1-3,2013-18
00-0026153,Jonathan Stewart,RB,8.213333333333333,15,123.2,3.0,31.474332648870636,1,13.0,2018,29+,1-3,2013-18
00-0026184,Matt Forte,RB,10.033333333333333,12,120.4,0.0,32.7501711156742,4,16.0,2018,29+,4+,2013-18
00-0033526,Samaje Perine,RB,8.807692307692308,13,114.5,4.0,22.98425735797399,3,12.0,2018,<27,1-3,2013-18
00-0027325,LeGarrette Blount,RB,6.9125000000000005,16,110.60000000000001,16.0,31.76454483230664,0,0.0,2018,29+,0,2013-18
00-0033699,Austin Ekeler,RB,7.635714285714286,14,106.9,14.0,23.318275154004105,2,2.0,2018,<27,1-3,2013-18
00-0033950,Wayne Gallman,RB,8.069230769230769,13,104.9,13.0,23.942505133470227,3,3.0,2018,<27,1-3,2013-18
00-0033308,Matt Breida,RB,6.46875,16,103.5,14.0,23.531827515400412,0,2.0,2018,<27,0,2013-18
00-0033951,Marlon Mack,RB,7.378571428571429,14,103.30000000000001,12.0,22.510609171800137,2,4.0,2018,<27,1-3,2013-18
00-0032602,J.D. McKissic,RB,8.108333333333334,12,97.30000000000001,3.0,25.07049965776865,4,13.0,2018,<27,4+,2013-18
00-0031900,Rod Smith,RB,7.223076923076923,13,93.9,14.0,26.666666666666668,3,2.0,2018,<27,1-3,2013-18
00-0033725,Corey Clement,RB,6.16,15,92.4,11.0,23.854893908281998,1,5.0,2018,<27,1-3,2013-18
00-0032972,Devontae Booker,RB,7.0307692307692315,13,91.4,16.0,26.288843258042437,3,0.0,2018,<27,1-3,2013-18
00-0032209,T.J. Yeldon,RB,9.07,10,90.7,14.0,24.93908281998631,6,2.0,2018,<27,4+,2013-18
00-0033025,Jalen Richard,RB,5.6312500000000005,16,90.10000000000001,16.0,24.903490759753595,0,0.0,2018,<27,0,2013-18
00-0032741,Peyton Barber,RB,6.335714285714286,14,88.7,16.0,24.53388090349076,2,0.0,2018,<27,1-3,2013-18
00-0030287,Andre Ellington,RB,7.945454545454546,11,87.4,0.0,29.598904859685145,5,16.0,2018,29+,4+,2013-18
00-0030578,Cordarrelle Patterson,RB,5.375,16,86.0,15.0,27.485284052019164,0,1.0,2018,27-28,0,2013-18
00-0033293,Aaron Jones,RB,8.6,10,86.0,12.0,23.772758384668034,6,4.0,2018,<27,4+,2013-18
00-0032940,DeAndre Washington,RB,5.666666666666667,15,85.0,8.0,25.54688569472964,1,8.0,2018,<27,1-3,2013-18
00-0025394,Adrian Peterson,RB,8.49,10,84.9,16.0,33.47296372347707,6,0.0,2018,29+,4+,2013-18
00-0027531,Chris Ivory,RB,6.05,14,84.7,13.0,30.469541409993155,2,3.0,2018,29+,1-3,2013-18
00-0027994,Shane Vereen,RB,5.23125,16,83.7,0.0,29.52498288843258,0,16.0,2018,29+,0,2013-18
00-0033295,Elijah McGuire,RB,5.213333333333334,15,78.2,8.0,24.27652292950034,1,8.0,2018,<27,1-3,2013-18
00-0029613,Doug Martin,RB,6.909090909090909,11,76.0,16.0,29.65639972621492,5,0.0,2018,29+,4+,2013-18
00-0029141,Alfred Morris,RB,5.7846153846153845,13,75.2,11.0,29.744010951403148,3,5.0,2018,29+,1-3,2013-18
00-0031390,Charles Sims,RB,4.8933333333333335,15,73.4,0.0,27.975359342915812,1,16.0,2018,27-28,1-3,2013-18
00-0030668,Charcandrick West,RB,6.1000000000000005,12,73.2,2.0,27.274469541409992,4,14.0,2018,27-28,4+,2013-18
00-0030433,Mike Gillislee,RB,7.644444444444444,9,68.8,4.0,27.857631759069132,7,12.0,2018,27-28,4+,2013-18
00-0030117,Kerwynn Williams,RB,4.24375,16,67.9,0.0,27.255304585900067,0,16.0,2018,27-28,0,2013-18
00-0026213,Jamaal Charles,RB,5.1923076923076925,13,67.5,2.0,31.704312114989733,3,14.0,2018,29+,1-3,2013-18
00-0027793,Antonio Brown,WR,23.485714285714288,14,328.8,15.0,30.168377823408623,2,1.0,2018,30+,1-3,2013-18
00-0030564,DeAndre Hopkins,WR,21.586666666666666,15,323.8,16.0,26.261464750171115,1,0.0,2018,<30,1-3,2013-18
00-0030279,Keenan Allen,WR,18.04375,16,288.7,15.0,26.3709787816564,0,1.0,2018,<30,0,2013-18
00-0022921,Larry Fitzgerald,WR,16.715,16,267.44,16.0,35.0280629705681,0,0.0,2018,30+,0,2013-18
00-0027944,Julio Jones,WR,16.525,16,264.4,16.0,29.585215605749486,0,0.0,2018,<30,0,2013-18
00-0032765,Michael Thomas,WR,16.34375,16,261.5,16.0,25.522245037645447,0,0.0,2018,<30,0,2013-18
00-0031382,Jarvis Landry,WR,16.25,16,260.0,16.0,25.782340862423,0,0.0,2018,<30,0,2013-18
00-0033040,Tyreek Hill,WR,16.746666666666666,15,251.2,16.0,24.528405201916495,1,0.0,2018,<30,1-3,2013-18
00-0030035,Adam Thielen,WR,15.356250000000001,16,245.70000000000002,16.0,28.05201916495551,0,0.0,2018,<30,0,2013-18
00-0027942,A.J. Green,WR,14.45625,16,231.3,9.0,30.11088295687885,0,7.0,2018,30+,0,2013-18
00-0029293,Marvin Jones,WR,14.35,16,229.6,9.0,28.49828884325804,0,7.0,2018,<30,0,2013-18
00-0027891,Golden Tate,WR,14.3125,16,229.0,15.0,30.105407255304584,0,1.0,2018,30+,0,2013-18
00-0028434,Doug Baldwin,WR,14.14375,16,226.3,13.0,29.968514715947983,0,3.0,2018,<30,0,2013-18
00-0031236,Brandin Cooks,WR,14.0125,16,224.2,15.0,24.958247775496236,0,1.0,2018,<30,0,2013-18
00-0031381,Davante Adams,WR,16.0,14,224.0,15.0,25.711156741957563,2,1.0,2018,<30,1-3,2013-18
00-0027874,Demaryius Thomas,WR,12.9625,16,207.4,15.0,30.71047227926078,0,1.0,2018,30+,0,2013-18
00-0031408,Mike Evans,WR,13.639999999999999,15,204.6,16.0,25.05407255304586,1,0.0,2018,<30,1-3,2013-18
00-0032688,Robbie Chosen,WR,12.78125,16,204.5,14.0,25.338809034907598,0,2.0,2018,<30,0,2013-18
00-0033857,JuJu Smith-Schuster,WR,14.442857142857141,14,202.2,16.0,21.79876796714579,2,0.0,2018,<30,1-3,2013-18
00-0031588,Stefon Diggs,WR,14.264285714285714,14,199.7,15.0,24.78028747433265,2,1.0,2018,<30,1-3,2013-18
00-0032055,Devin Funchess,WR,12.28125,16,196.5,14.0,24.306639288158795,0,2.0,2018,<30,0,2013-18
00-0029137,Alshon Jeffery,WR,12.24375,16,195.9,13.0,28.569472963723477,0,3.0,2018,<30,0,2013-18
00-0031549,Nelson Agholor,WR,11.8125,16,189.0,16.0,25.297741273100616,0,0.0,2018,<30,0,2013-18
00-0027902,Dez Bryant,WR,11.65,16,186.4,0.0,29.848049281314168,0,16.0,2018,<30,0,2013-18
00-0029608,T.Y. Hilton,WR,11.35,16,181.6,14.0,28.82135523613963,0,2.0,2018,<30,0,2013-18
00-0033908,Cooper Kupp,WR,11.993333333333334,15,179.9,8.0,25.23750855578371,1,8.0,2018,<30,1-3,2013-18
00-0029159,Jermaine Kearse,WR,11.1875,16,179.0,13.0,28.591375770020534,0,3.0,2018,<30,0,2013-18
00-0030085,Kenny Stills,WR,11.0125,16,176.2,15.0,26.38466803559206,0,1.0,2018,<30,0,2013-18
00-0029632,Mohamed Sanu,WR,11.622666666666667,15,174.34,16.0,29.05133470225873,1,0.0,2018,<30,1-3,2013-18
00-0030068,Marquise Goodwin,WR,10.81875,16,173.1,11.0,27.808350444900753,0,5.0,2018,<30,0,2013-18
00-0026986,Michael Crabtree,WR,13.215384615384616,13,171.8,16.0,30.989733059548254,3,0.0,2018,30+,1-3,2013-18
00-0031941,Jamison Crowder,WR,11.286666666666667,15,169.3,9.0,25.232032854209447,1,7.0,2018,<30,1-3,2013-18
00-0031544,Amari Cooper,WR,11.992857142857144,14,167.9,15.0,24.23271731690623,2,1.0,2018,<30,1-3,2013-18
00-0030431,Robert Woods,WR,13.858333333333334,12,166.3,16.0,26.417522245037645,4,0.0,2018,<30,4+,2013-18
00-0025396,Ted Ginn,WR,10.74,15,161.1,5.0,33.412731006160165,1,11.0,2018,30+,1-3,2013-18
00-0028002,Randall Cobb,WR,11.385714285714286,14,159.4,9.0,28.05201916495551,2,7.0,2018,<30,1-3,2013-18
00-0029580,Rishard Matthews,WR,11.264285714285716,14,157.70000000000002,6.0,28.91170431211499,2,10.0,2018,<30,1-3,2013-18
00-0026901,Mike Wallace,WR,10.280000000000001,15,154.20000000000002,1.0,32.10951403148528,1,15.0,2018,30+,1-3,2013-18
00-0031257,Paul Richardson,WR,9.4875,16,151.8,7.0,26.409308692676248,0,9.0,2018,<30,0,2013-18
00-0032385,Sterling Shepard,WR,13.545454545454545,11,149.0,16.0,25.579739904175224,5,0.0,2018,<30,4+,2013-18
00-0031431,Marqise Lee,WR,11.376923076923077,13,147.9,0.0,26.792607802874745,3,16.0,2018,<30,1-3,2013-18
00-0031325,Sammy Watkins,WR,9.853333333333333,15,147.8,10.0,25.240246406570844,1,6.0,2018,<30,1-3,2013-18
00-0032160,Tyrell Williams,WR,8.8,16,140.8,15.0,26.576317590691307,0,1.0,2018,<30,0,2013-18
00-0026035,Danny Amendola,WR,9.360000000000001,15,140.4,15.0,32.85420944558521,1,1.0,2018,30+,1-3,2013-18
00-0026189,DeSean Jackson,WR,10.007142857142856,14,140.1,12.0,31.77549623545517,2,4.0,2018,30+,1-3,2013-18
00-0026176,Jordy Nelson,WR,9.799999999999999,14,137.2,15.0,33.27857631759069,2,1.0,2018,30+,1-3,2013-18
00-0033681,Keelan Cole,WR,8.4875,16,135.8,14.0,25.39082819986311,0,2.0,2018,<30,0,2013-18
00-0031359,Kelvin Benjamin,WR,9.542857142857143,14,133.6,15.0,27.59479808350445,2,1.0,2018,<30,1-3,2013-18
00-0031373,Martavis Bryant,WR,8.833333333333334,15,132.5,7.0,26.72416153319644,1,9.0,2018,<30,1-3,2013-18
00-0029269,Travis Benjamin,WR,8.2375,16,131.8,12.0,28.698151950718685,0,4.0,2018,<30,0,2013-18
00-0032009,Adam Humphries,WR,8.137500000000001,16,130.20000000000002,16.0,25.21286789869952,0,0.0,2018,<30,0,2013-18
00-0031547,DeVante Parker,WR,10.0,13,130.0,11.0,25.637234770704996,3,5.0,2018,<30,1-3,2013-18
00-0029708,Kendall Wright,WR,8.526666666666667,15,127.9,0.0,28.826830937713893,1,16.0,2018,<30,1-3,2013-18
00-0031068,Ryan Grant,WR,7.893750000000001,16,126.30000000000001,14.0,27.72621492128679,0,2.0,2018,<30,0,2013-18
00-0032211,Tyler Lockett,WR,7.862500000000001,16,125.80000000000001,16.0,25.949349760438057,0,0.0,2018,<30,0,2013-18
00-0027681,Brandon LaFell,WR,7.800000000000001,16,124.80000000000001,4.0,31.849418206707735,0,12.0,2018,30+,0,2013-18
00-0032760,Josh Doctson,WR,7.986666666666666,15,119.8,15.0,25.76865160848734,1,1.0,2018,<30,1-3,2013-18
00-0030669,Albert Wilson,WR,9.038461538461538,13,117.5,7.0,26.16290212183436,3,9.0,2018,<30,1-3,2013-18
00-0027690,Eric Decker,WR,7.268750000000001,16,116.30000000000001,0.0,31.49075975359343,0,16.0,2018,30+,0,2013-18
00-0027685,Emmanuel Sanders,WR,9.666666666666666,12,116.0,12.0,31.485284052019164,4,4.0,2018,30+,4+,2013-18
00-0033127,Will Fuller,WR,11.47,10,114.7,7.0,24.40246406570842,6,9.0,2018,<30,4+,2013-18
00-0030542,Terrance Williams,WR,7.05,16,112.8,2.0,28.97741273100616,0,14.0,2018,<30,0,2013-18
00-0028237,Chris Hogan,WR,12.177777777777779,9,109.60000000000001,15.0,30.88021902806297,7,1.0,2018,30+,4+,2013-18
00-0029388,Deonte Thompson,WR,6.65625,16,106.5,13.0,29.568788501026695,0,3.0,2018,<30,0,2013-18
00-0030300,Jaron Brown,WR,6.5125,16,104.2,12.0,28.670773442847366,0,4.0,2018,<30,0,2013-18
00-0026995,Jeremy Maclin,WR,8.5,12,102.0,0.0,30.33264887063655,4,16.0,2018,30+,4+,2013-18
00-0030821,Allen Hurns,WR,10.09,10,100.9,14.0,26.82819986310746,6,2.0,2018,<30,4+,2013-18
00-0033292,Trent Taylor,WR,6.533333333333333,15,98.0,13.0,24.36413415468857,1,3.0,2018,<30,1-3,2013-18
00-0032112,J.J. Nelson,WR,5.9375,16,95.0,9.0,26.379192334017795,0,7.0,2018,<30,0,2013-18
00-0033932,Kenny Golladay,WR,8.6,11,94.6,15.0,24.851471594798085,5,1.0,2018,<30,4+,2013-18
00-0030506,Travis Kelce,TE,15.966666666666667,15,239.5,16.0,28.930869267624914,1,0.0,2018,all,1-3,2013-18
00-0027656,Rob Gronkowski,TE,17.838461538461537,13,231.9,13.0,29.32511978097194,3,3.0,2018,all,1-3,2013-18
00-0030061,Zach Ertz,TE,14.564285714285715,14,203.9,16.0,27.83299110198494,2,0.0,2018,all,1-3,2013-18
00-0024389,Delanie Walker,TE,10.90625,16,174.5,1.0,34.078028747433265,0,15.0,2018,all,0,2013-18
00-0033881,Evan Engram,TE,11.573333333333332,15,173.6,11.0,24.021902806297057,1,5.0,2018,all,1-3,2013-18
00-0027696,Jimmy Graham,TE,10.6875,16,171.0,16.0,31.794661190965094,0,0.0,2018,all,0,2013-18
00-0030181,Jack Doyle,TE,11.366666666666667,15,170.5,6.0,28.35044490075291,1,10.0,2018,all,1-3,2013-18
00-0027981,Kyle Rudolph,TE,9.8875,16,158.2,16.0,28.83504449007529,0,0.0,2018,all,0,2013-18
00-0022127,Jason Witten,TE,9.3125,16,149.0,0.0,36.34770704996578,0,16.0,2018,all,0,2013-18
00-0031273,Cameron Brate,TE,8.94375,16,143.1,15.0,27.189596167008897,0,1.0,2018,all,0,2013-18
00-0022943,Benjamin Watson,TE,8.575,16,137.2,13.0,37.72758384668035,0,3.0,2018,all,0,2013-18
00-0027061,Jared Cook,TE,8.4875,16,135.8,16.0,31.42778918548939,0,0.0,2018,all,0,2013-18
00-0031387,Eric Ebron,TE,8.275,16,132.4,16.0,25.418206707734427,0,0.0,2018,all,0,2013-18
00-0033090,Hunter Henry,TE,10.575000000000001,12,126.9,0.0,23.759069130732374,4,16.0,2018,all,4+,2013-18
00-0032214,Tyler Kroft,TE,7.775,16,124.4,5.0,25.90280629705681,0,11.0,2018,all,0,2013-18
00-0024221,Vernon Davis,TE,7.6125,16,121.8,13.0,34.60917180013689,0,3.0,2018,all,0,2013-18
00-0032392,Austin Hooper,TE,7.56875,16,121.1,16.0,23.865845311430526,0,0.0,2018,all,0,2013-18
00-0028112,Charles Clay,TE,9.100000000000001,13,118.30000000000001,11.0,29.571526351813826,3,5.0,2018,all,1-3,2013-18
00-0033288,George Kittle,TE,7.2,15,108.0,16.0,24.919917864476385,1,0.0,2018,all,1-3,2013-18
00-0031418,Austin Seferian-Jenkins,TE,7.823076923076924,13,101.7,5.0,25.946611909650922,3,11.0,2018,all,1-3,2013-18
00-0033879,O.J. Howard,TE,7.7846153846153845,13,101.2,10.0,23.811088295687885,3,6.0,2018,all,1-3,2013-18
00-0032135,Jesse James,TE,7.014285714285714,14,98.2,15.0,24.268309377138944,2,1.0,2018,all,1-3,2013-18
00-0028067,Julius Thomas,TE,6.985714285714286,14,97.8,0.0,30.203969883641342,2,16.0,2018,all,1-3,2013-18
00-0033885,David Njoku,TE,5.91875,16,94.7,15.0,22.168377823408623,0,1.0,2018,all,0,2013-18
00-0029263,Russell Wilson,QB,22.245,16,355.92,16.0,29.779603011635867,0,0.0,2018,all,0,2013-18
00-0019596,Tom Brady,QB,18.9925,16,303.88,16.0,41.10335386721424,0,0.0,2018,all,0,2013-18
00-0027939,Cam Newton,QB,18.7175,16,299.48,14.0,29.333333333333332,0,2.0,2018,all,0,2013-18
00-0023436,Alex Smith,QB,19.67866666666667,15,295.18,10.0,34.34360027378508,1,6.0,2018,all,1-3,2013-18
00-0032950,Carson Wentz,QB,21.672307692307694,13,281.74,11.0,25.694729637234772,3,5.0,2018,all,1-3,2013-18
00-0026498,Matthew Stafford,QB,17.6025,16,281.64,16.0,30.590006844626966,0,0.0,2018,all,0,2013-18
00-0022942,Philip Rivers,QB,17.4,16,278.4,16.0,36.75564681724846,0,0.0,2018,all,0,2013-18
00-0029604,Kirk Cousins,QB,17.35125,16,277.62,16.0,30.05886379192334,0,0.0,2018,all,0,2013-18
00-0022924,Ben Roethlisberger,QB,17.937333333333335,15,269.06,16.0,36.525667351129364,1,0.0,2018,all,1-3,2013-18
00-0020531,Drew Brees,QB,16.41,16,262.56,15.0,39.65229295003422,0,1.0,2018,all,0,2013-18
00-0033077,Dak Prescott,QB,16.29125,16,260.66,16.0,25.117043121149898,0,0.0,2018,all,0,2013-18
00-0033106,Jared Goff,QB,17.017333333333333,15,255.26,16.0,23.906913073237508,1,0.0,2018,all,1-3,2013-18
00-0031407,Blake Bortles,QB,15.605,16,249.68,13.0,26.368240930869266,0,3.0,2018,all,0,2013-18
00-0028986,Case Keenum,QB,15.858666666666666,15,237.88,16.0,30.562628336755647,1,0.0,2018,all,1-3,2013-18
00-0026143,Matt Ryan,QB,14.25625,16,228.1,16.0,33.31690622861054,0,0.0,2018,all,0,2013-18
00-0028118,Tyrod Taylor,QB,14.844,15,222.66,4.0,29.10335386721424,1,12.0,2018,all,1-3,2013-18
00-0031280,Derek Carr,QB,14.296,15,214.44,16.0,27.45516769336071,1,0.0,2018,all,1-3,2013-18
00-0027973,Andy Dalton,QB,13.16875,16,210.7,11.0,30.86652977412731,0,5.0,2018,all,0,2013-18
00-0032268,Marcus Mariota,QB,14.032,15,210.48,14.0,24.862422997946613,1,2.0,2018,all,1-3,2013-18
00-0033119,Jacoby Brissett,QB,12.870000000000001,16,205.92000000000002,4.0,25.746748802190282,0,12.0,2018,all,0,2013-18
00-0021206,Josh McCown,QB,15.803076923076922,13,205.44,4.0,39.186858316221766,3,12.0,2018,all,1-3,2013-18
00-0031503,Jameis Winston,QB,15.512307692307692,13,201.66,11.0,24.67624914442163,3,5.0,2018,all,1-3,2013-18
00-0022803,Eli Manning,QB,13.021333333333333,15,195.32,16.0,37.68377823408624,1,0.0,2018,all,1-3,2013-18
00-0026158,Joe Flacco,QB,11.565000000000001,16,185.04000000000002,9.0,33.648186173853524,0,7.0,2018,all,0,2013-18
00-0034844,Saquon Barkley,RB,25.425,16,406.8,13.0,22.581793292265573,0,3.0,2019,<27,0,2019-25
00-0033280,Christian McCaffrey,RB,25.03125,16,400.5,16.0,23.2580424366872,0,0.0,2019,<27,0,2019-25
00-0032241,Todd Gurley,RB,28.22142857142857,14,395.1,15.0,25.10335386721424,2,1.0,2019,<27,1-3,2019-25
00-0033906,Alvin Kamara,RB,24.013333333333332,15,360.2,14.0,24.128678986995208,1,2.0,2019,<27,1-3,2019-25
00-0033045,Ezekiel Elliott,RB,23.34,15,350.1,16.0,24.136892539356605,1,0.0,2019,<27,1-3,2019-25
00-0033553,James Conner,RB,22.692307692307693,13,295.0,10.0,24.35044490075291,3,6.0,2019,<27,1-3,2019-25
00-0032144,Melvin Gordon,RB,23.833333333333332,12,286.0,12.0,26.409308692676248,4,4.0,2019,<27,4+,2019-25
00-0031062,James White,RB,17.2875,16,276.6,15.0,27.600273785078713,0,1.0,2019,27-28,0,2019-25
00-0033897,Joe Mixon,RB,18.242857142857144,14,255.4,16.0,23.129363449691994,2,0.0,2019,<27,1-3,2019-25
00-0032187,David Johnson,RB,15.600000000000001,16,249.60000000000002,12.0,27.734428473648187,0,4.0,2019,27-28,0,2019-25
00-0033556,Tarik Cohen,RB,14.80875,16,236.94,16.0,24.125941136208077,0,0.0,2019,<27,0,2019-25
00-0033923,Kareem Hunt,RB,21.336363636363636,11,234.7,8.0,24.095824777549623,5,8.0,2019,<27,4+,2019-25
00-0034109,Phillip Lindsay,RB,15.453333333333335,15,231.8,16.0,25.130732375085557,1,0.0,2019,<27,1-3,2019-25
00-0033594,Chris Carson,RB,15.671428571428573,14,219.4,15.0,24.982888432580424,2,1.0,2019,<27,1-3,2019-25
00-0032764,Derrick Henry,RB,13.272499999999999,16,212.35999999999999,15.0,25.68104038329911,0,1.0,2019,<27,0,2019-25
00-0034791,Nick Chubb,RB,12.90625,16,206.5,16.0,23.704312114989733,0,0.0,2019,<27,0,2019-25
00-0033118,Kenyan Drake,RB,12.887500000000001,16,206.20000000000002,14.0,25.620807665982205,0,2.0,2019,<27,0,2019-25
00-0032058,Tevin Coleman,RB,12.475,16,199.6,14.0,26.401095140314855,0,2.0,2019,<27,0,2019-25
00-0025394,Adrian Peterson,RB,12.375,16,198.0,15.0,34.47227926078029,0,1.0,2019,29+,0,2019-25
00-0033951,Marlon Mack,RB,15.841666666666669,12,190.10000000000002,14.0,23.509924709103355,4,2.0,2019,<27,4+,2019-25
00-0032780,Jordan Howard,RB,11.625,16,186.0,9.0,24.854209445585216,0,7.0,2019,<27,0,2019-25
00-0029615,Lamar Miller,RB,13.185714285714285,14,184.6,0.0,28.37782340862423,2,16.0,2019,27-28,1-3,2019-25
00-0033293,Aaron Jones,RB,14.533333333333333,12,174.4,16.0,24.772073921971252,4,0.0,2019,<27,4+,2019-25
00-0032209,T.J. Yeldon,RB,12.364285714285716,14,173.10000000000002,4.0,25.93839835728953,2,12.0,2019,<27,1-3,2019-25
00-0033308,Matt Breida,RB,12.25,14,171.5,12.0,24.531143052703626,2,4.0,2019,<27,1-3,2019-25
00-0033699,Austin Ekeler,RB,12.057142857142859,14,168.8,16.0,24.317590691307323,2,0.0,2019,<27,1-3,2019-25
00-0034367,Nyheim Hines,RB,10.05625,16,160.9,16.0,22.82546201232033,0,0.0,2019,<27,0,2019-25
00-0028087,Dion Lewis,RB,10.04375,16,160.7,15.0,28.95277207392197,0,1.0,2019,27-28,0,2019-25
00-0033025,Jalen Richard,RB,9.7875,16,156.6,16.0,25.90280629705681,0,0.0,2019,<27,0,2019-25
00-0033893,Dalvin Cook,RB,14.090909090909092,11,155.0,14.0,24.084873374401095,5,2.0,2019,<27,4+,2019-25
00-0032741,Peyton Barber,RB,9.58125,16,153.3,16.0,25.533196440793976,0,0.0,2019,<27,0,2019-25
00-0030656,Isaiah Crowell,RB,11.66923076923077,13,151.70000000000002,0.0,26.6694045174538,3,16.0,2019,<27,1-3,2019-25
00-0034845,Sony Michel,RB,11.623076923076924,13,151.10000000000002,16.0,24.56125941136208,3,0.0,2019,<27,1-3,2019-25
00-0027966,Mark Ingram,RB,12.375,12,148.5,15.0,29.71937029431896,4,1.0,2019,29+,4+,2019-25
00-0034349,Kerryon Johnson,RB,14.540000000000001,10,145.4,8.0,22.195756331279945,6,8.0,2019,<27,4+,2019-25
00-0032063,Mike Davis,RB,9.32,15,139.8,6.0,26.55441478439425,1,10.0,2019,<27,1-3,2019-25
00-0030513,Latavius Murray,RB,8.43125,16,134.9,16.0,29.642710472279262,0,0.0,2019,29+,0,2019-25
00-0032257,Duke Johnson,RB,8.25,16,132.0,16.0,25.963039014373717,0,0.0,2019,<27,0,2019-25
00-0027029,LeSean McCoy,RB,9.299999999999999,14,130.2,13.0,31.16221765913758,2,3.0,2019,29+,1-3,2019-25
00-0029613,Doug Martin,RB,7.86875,16,125.9,0.0,30.65571526351814,0,16.0,2019,29+,0,2019-25
00-0033856,Leonard Fournette,RB,15.05,8,120.4,15.0,24.643394934976044,8,1.0,2019,<27,4+,2019-25
00-0032782,Wendell Smallwood,RB,7.96,15,119.4,12.0,25.637234770704996,1,4.0,2019,<27,1-3,2019-25
00-0030107,Theo Riddick,RB,8.321428571428571,14,116.5,0.0,28.35318275154004,2,16.0,2019,27-28,1-3,2019-25
00-0033948,Jamaal Williams,RB,7.15,16,114.4,14.0,24.438056125941138,0,2.0,2019,<27,0,2019-25
00-0032426,Alex Collins,RB,10.860000000000001,10,108.60000000000001,0.0,25.0403832991102,6,16.0,2019,<27,4+,2019-25
00-0023500,Frank Gore,RB,7.542857142857144,14,105.60000000000001,15.0,36.32580424366872,2,1.0,2019,29+,1-3,2019-25
00-0030874,Damien Williams,RB,7.815384615384615,13,101.6,11.0,27.43600273785079,3,5.0,2019,27-28,1-3,2019-25
00-0034838,Royce Freeman,RB,7.235714285714286,14,101.3,16.0,23.54277891854894,2,0.0,2019,<27,1-3,2019-25
00-0034184,Gus Edwards,RB,8.981818181818182,11,98.80000000000001,16.0,24.410677618069816,5,0.0,2019,<27,4+,2019-25
00-0030578,Cordarrelle Patterson,RB,6.566666666666666,15,98.5,16.0,28.484599589322382,1,0.0,2019,27-28,1-3,2019-25
00-0031045,Carlos Hyde,RB,7.028571428571429,14,98.4,16.0,28.971937029431896,2,0.0,2019,27-28,1-3,2019-25
00-0034378,Ito Smith,RB,7.515384615384615,13,97.7,7.0,23.99726214921287,3,9.0,2019,<27,1-3,2019-25
00-0031075,Alfred Blue,RB,6.081250000000001,16,97.30000000000001,0.0,28.372347707049965,0,16.0,2019,27-28,0,2019-25
00-0030456,Giovani Bernard,RB,7.991666666666667,12,95.9,16.0,27.800136892539356,4,0.0,2019,27-28,4+,2019-25
00-0031577,Javorius Allen,RB,7.200000000000001,13,93.60000000000001,4.0,28.03832991101985,3,12.0,2019,27-28,1-3,2019-25
00-0034331,Jaylen Samuels,RB,10.277777777777779,9,92.5,13.0,23.140314852840522,7,3.0,2019,<27,4+,2019-25
00-0030404,Chris Thompson,RB,9.16,10,91.6,11.0,28.889801505817932,6,5.0,2019,27-28,4+,2019-25
00-0032972,Devontae Booker,RB,5.4875,16,87.8,9.0,27.288158795345655,0,7.0,2019,27-28,0,2019-25
00-0027325,LeGarrette Blount,RB,5.40625,16,86.5,0.0,32.76386036960986,0,16.0,2019,29+,0,2019-25
00-0033295,Elijah McGuire,RB,10.7375,8,85.9,0.0,25.27583846680356,8,16.0,2019,<27,4+,2019-25
00-0028083,Jacquizz Rodgers,RB,5.633333333333334,15,84.5,0.0,29.590691307323752,1,16.0,2019,29+,1-3,2019-25
00-0025399,Marshawn Lynch,RB,13.666666666666666,6,82.0,1.0,33.385352498288846,10,15.0,2019,29+,4+,2019-25
00-0034457,Josh Adams,RB,6.300000000000001,13,81.9,2.0,22.863791923340177,3,14.0,2019,<27,1-3,2019-25
00-0033725,Corey Clement,RB,7.372727272727274,11,81.10000000000001,2.0,24.854209445585216,5,14.0,2019,<27,4+,2019-25
00-0030414,Spencer Ware,RB,6.583333333333333,12,79.0,3.0,27.797399041752225,4,13.0,2019,27-28,4+,2019-25
00-0027531,Chris Ivory,RB,5.6923076923076925,13,74.0,0.0,31.468856947296374,3,16.0,2019,29+,1-3,2019-25
00-0034750,Rashaad Penny,RB,5.6461538461538465,13,73.4,9.0,23.603011635865844,3,7.0,2019,<27,1-3,2019-25
00-0029854,C.J. Anderson,RB,8.155555555555557,9,73.4,2.0,28.580424366872005,7,14.0,2019,27-28,4+,2019-25
00-0029141,Alfred Morris,RB,6.463636363636363,11,71.1,1.0,30.743326488706366,5,15.0,2019,29+,4+,2019-25
00-0034681,Chase Edmonds,RB,3.94375,16,63.1,12.0,23.408624229979466,0,4.0,2019,<27,0,2019-25
00-0033040,Tyreek Hill,WR,21.84375,16,349.5,12.0,25.527720739219713,0,4.0,2019,<30,0,2019-25
00-0030564,DeAndre Hopkins,WR,21.5,16,344.0,15.0,27.260780287474333,0,1.0,2019,<30,0,2019-25
00-0027944,Julio Jones,WR,21.306250000000002,16,340.90000000000003,15.0,30.584531143052704,0,1.0,2019,30+,0,2019-25
00-0031381,Davante Adams,WR,22.473333333333336,15,337.1,12.0,26.71047227926078,1,4.0,2019,<30,1-3,2019-25
00-0027793,Antonio Brown,WR,22.08,15,331.2,1.0,31.16769336071184,1,15.0,2019,30+,1-3,2019-25
00-0032765,Michael Thomas,WR,20.5,16,328.0,16.0,26.521560574948666,0,0.0,2019,<30,0,2019-25
00-0030035,Adam Thielen,WR,20.05,16,320.8,10.0,29.05133470225873,0,6.0,2019,<30,0,2019-25
00-0033857,JuJu Smith-Schuster,WR,19.306250000000002,16,308.90000000000003,12.0,22.798083504449007,0,4.0,2019,<30,0,2019-25
00-0031408,Mike Evans,WR,18.525000000000002,16,296.40000000000003,13.0,26.053388090349078,0,3.0,2019,<30,0,2019-25
00-0031588,Stefon Diggs,WR,18.153333333333332,15,272.3,15.0,25.779603011635867,1,1.0,2019,<30,1-3,2019-25
00-0030431,Robert Woods,WR,16.88125,16,270.1,15.0,27.416837782340863,0,1.0,2019,<30,0,2019-25
00-0030279,Keenan Allen,WR,17.64,15,264.6,16.0,27.370294318959616,1,0.0,2019,<30,1-3,2019-25
00-0031236,Brandin Cooks,WR,16.71333333333333,15,250.7,14.0,25.95756331279945,1,2.0,2019,<30,1-3,2019-25
00-0029608,T.Y. Hilton,WR,17.607142857142858,14,246.5,10.0,29.82067077344285,2,6.0,2019,<30,1-3,2019-25
00-0031235,Odell Beckham Jr.,WR,19.986666666666668,12,239.84,16.0,26.844626967830255,4,0.0,2019,<30,4+,2019-25
00-0031544,Amari Cooper,WR,15.2,15,228.0,16.0,25.232032854209447,1,0.0,2019,<30,1-3,2019-25
00-0033009,Tyler Boyd,WR,16.114285714285717,14,225.60000000000002,16.0,24.8186173853525,2,0.0,2019,<30,1-3,2019-25
00-0032211,Tyler Lockett,WR,13.99375,16,223.9,16.0,26.94866529774127,0,0.0,2019,<30,0,2019-25
00-0031382,Jarvis Landry,WR,13.945,16,223.12,16.0,26.781656399726216,0,0.0,2019,<30,0,2019-25
00-0033932,Kenny Golladay,WR,14.106666666666666,15,211.6,16.0,25.8507871321013,1,0.0,2019,<30,1-3,2019-25
00-0027150,Julian Edelman,WR,17.535,12,210.42000000000002,16.0,33.30321697467488,4,0.0,2019,30+,4+,2019-25
00-0034837,Calvin Ridley,WR,13.01875,16,208.3,13.0,24.722792607802873,0,3.0,2019,<30,0,2019-25
00-0027685,Emmanuel Sanders,WR,16.893333333333334,12,202.72,17.0,32.48459958932238,4,-1.0,2019,30+,4+,2019-25
00-0033921,Chris Godwin Jr.,WR,11.85625,16,189.7,14.0,23.534565366187543,0,2.0,2019,<30,0,2019-25
00-0032009,Adam Humphries,WR,11.79375,16,188.7,12.0,26.21218343600274,0,4.0,2019,<30,0,2019-25
00-0029137,Alshon Jeffery,WR,14.484615384615385,13,188.3,9.0,29.568788501026695,3,7.0,2019,<30,1-3,2019-25
00-0022921,Larry Fitzgerald,WR,11.69875,16,187.18,16.0,36.02737850787132,0,0.0,2019,30+,0,2019-25
00-0033871,Corey Davis,WR,11.6625,16,186.6,15.0,24.66255989048597,0,1.0,2019,<30,0,2019-25
00-0027891,Golden Tate,WR,12.393333333333334,15,185.9,11.0,31.104722792607802,1,5.0,2019,30+,1-3,2019-25
00-0032385,Sterling Shepard,WR,11.59375,16,185.5,10.0,26.579055441478438,0,6.0,2019,<30,0,2019-25
00-0029632,Mohamed Sanu,WR,11.49375,16,183.9,15.0,30.050650239561943,0,1.0,2019,30+,0,2019-25
00-0033839,Dede Westbrook,WR,11.4375,16,183.0,15.0,25.801505817932924,0,1.0,2019,<30,0,2019-25
00-0033536,Mike Williams,WR,11.2625,16,180.2,15.0,24.933607118412045,0,1.0,2019,<30,0,2019-25
00-0031549,Nelson Agholor,WR,10.43125,16,166.9,11.0,26.297056810403834,0,5.0,2019,<30,0,2019-25
00-0033891,Zay Jones,WR,10.325,16,165.2,14.0,24.449007529089666,0,2.0,2019,<30,0,2019-25
00-0034827,DJ Moore,WR,10.03125,16,160.5,15.0,22.406570841889117,0,1.0,2019,<30,0,2019-25
00-0032688,Robbie Chosen,WR,11.385714285714286,14,159.4,16.0,26.338124572210816,2,0.0,2019,<30,1-3,2019-25
00-0027874,Demaryius Thomas,WR,10.546666666666669,15,158.20000000000002,11.0,31.709787816564,1,5.0,2019,30+,1-3,2019-25
00-0026176,Jordy Nelson,WR,10.546666666666669,15,158.20000000000002,0.0,34.27789185489391,1,16.0,2019,30+,1-3,2019-25
00-0026189,DeSean Jackson,WR,12.983333333333334,12,155.8,2.0,32.77481177275838,4,14.0,2019,30+,4+,2019-25
00-0031228,Taylor Gabriel,WR,9.68125,16,154.9,9.0,28.56125941136208,0,7.0,2019,<30,0,2019-25
00-0031428,Allen Robinson,WR,11.907692307692308,13,154.8,16.0,26.04517453798768,3,0.0,2019,<30,1-3,2019-25
00-0027942,A.J. Green,WR,16.933333333333334,9,152.4,0.0,31.110198494182068,7,16.0,2019,30+,4+,2019-25
00-0029000,Cole Beasley,WR,9.481250000000001,16,151.70000000000002,15.0,30.373716632443532,0,1.0,2019,30+,0,2019-25
00-0031051,John Brown,WR,9.18125,16,146.9,15.0,29.437371663244353,0,1.0,2019,<30,0,2019-25
00-0028434,Doug Baldwin,WR,11.023076923076925,13,143.3,0.0,30.967830253251197,3,16.0,2019,30+,1-3,2019-25
00-0029664,Josh Gordon,WR,11.808333333333332,12,141.7,11.0,28.410677618069816,4,5.0,2019,<30,4+,2019-25
00-0032160,Tyrell Williams,WR,9.386666666666667,15,140.8,13.0,27.575633127994525,1,3.0,2019,<30,1-3,2019-25
00-0033282,Curtis Samuel,WR,10.676923076923078,13,138.8,16.0,23.080082135523615,3,0.0,2019,<30,1-3,2019-25
00-0030085,Kenny Stills,WR,9.161333333333335,15,137.42000000000002,13.0,27.38398357289528,1,3.0,2019,<30,1-3,2019-25
00-0033908,Cooper Kupp,WR,17.075,8,136.6,16.0,26.236824093086927,8,0.0,2019,<30,4+,2019-25
00-0034348,Courtland Sutton,WR,8.51875,16,136.3,16.0,23.917864476386036,0,0.0,2019,<30,0,2019-25
00-0030663,Willie Snead,WR,8.96,15,134.4,16.0,26.89664613278576,1,0.0,2019,<30,1-3,2019-25
00-0031339,Donte Moncrief,WR,8.39375,16,134.3,4.0,26.094455852156056,0,12.0,2019,<30,0,2019-25
00-0026986,Michael Crabtree,WR,8.293750000000001,16,132.70000000000002,2.0,31.98904859685147,0,14.0,2019,30+,0,2019-25
00-0034772,Antonio Callaway,WR,8.26875,16,132.3,4.0,22.666666666666668,0,12.0,2019,<30,0,2019-25
00-0026035,Danny Amendola,WR,8.494666666666667,15,127.42,15.0,33.85352498288843,1,1.0,2019,30+,1-3,2019-25
00-0034775,Christian Kirk,WR,10.291666666666666,12,123.5,13.0,22.809034907597535,4,3.0,2019,<30,4+,2019-25
00-0032055,Devin Funchess,WR,8.778571428571428,14,122.9,1.0,25.305954825462013,2,15.0,2019,<30,1-3,2019-25
00-0034353,Anthony Miller,WR,8.114666666666666,15,121.72,16.0,24.919917864476385,1,0.0,2019,<30,1-3,2019-25
00-0032977,Rashard Higgins,WR,9.092307692307692,13,118.2,7.0,24.92539356605065,3,9.0,2019,<30,1-3,2019-25
00-0031325,Sammy Watkins,WR,11.81,10,118.10000000000001,13.0,26.239561943874058,6,3.0,2019,<30,4+,2019-25
00-0029293,Marvin Jones,WR,13.033333333333335,9,117.30000000000001,13.0,29.49760438056126,7,3.0,2019,<30,4+,2019-25
00-0032355,Chester Rogers,WR,7.31875,16,117.1,10.0,25.659137577002053,0,6.0,2019,<30,0,2019-25
00-0033307,Kendrick Bourne,WR,7.16875,16,114.7,16.0,24.10130047912389,0,0.0,2019,<30,0,2019-25
00-0034272,Marquez Valdes-Scantling,WR,7.125,16,114.0,15.0,24.917180013689254,0,1.0,2019,<30,0,2019-25
00-0033127,Will Fuller,WR,15.828571428571431,7,110.80000000000001,11.0,25.401779603011637,9,5.0,2019,<30,4+,2019-25
00-0032760,Josh Doctson,WR,7.28,15,109.2,0.0,26.767967145790553,1,16.0,2019,<30,1-3,2019-25
00-0031166,Seth Roberts,WR,7.126666666666667,15,106.9,14.0,28.54757015742642,1,2.0,2019,<30,1-3,2019-25
00-0028237,Chris Hogan,WR,7.08,15,106.2,7.0,31.87953456536619,1,9.0,2019,30+,1-3,2019-25
00-0030506,Travis Kelce,TE,18.88125,16,302.1,16.0,29.930184804928132,0,0.0,2019,all,0,2019-25
00-0030061,Zach Ertz,TE,17.9875,16,287.8,15.0,28.83230663928816,0,1.0,2019,all,0,2019-25
00-0033288,George Kittle,TE,16.95,16,271.2,14.0,25.919233401779604,0,2.0,2019,all,0,2019-25
00-0031387,Eric Ebron,TE,13.98125,16,223.7,11.0,26.417522245037645,0,5.0,2019,all,0,2019-25
00-0027061,Jared Cook,TE,12.475,16,199.6,14.0,32.427104722792606,0,2.0,2019,all,0,2019-25
00-0032392,Austin Hooper,TE,10.1875,16,163.0,13.0,24.865160848733744,0,3.0,2019,all,0,2019-25
00-0027981,Kyle Rudolph,TE,9.55625,16,152.9,15.0,29.83436002737851,0,1.0,2019,all,0,2019-25
00-0030710,Trey Burton,TE,9.2875,16,148.6,8.0,27.865845311430526,0,8.0,2019,all,0,2019-25
00-0033885,David Njoku,TE,9.593333333333334,15,143.9,3.0,23.16769336071184,1,13.0,2019,all,1-3,2019-25
00-0030470,Vance McDonald,TE,8.966666666666667,15,134.5,14.0,29.242984257357975,1,2.0,2019,all,1-3,2019-25
00-0027656,Rob Gronkowski,TE,10.323076923076924,13,134.20000000000002,0.0,30.324435318275153,3,16.0,2019,all,1-3,2019-25
00-0027696,Jimmy Graham,TE,8.25625,16,132.1,16.0,32.79397672826831,0,0.0,2019,all,0,2019-25
00-0033881,Evan Engram,TE,11.481818181818182,11,126.30000000000001,8.0,25.021218343600275,5,8.0,2019,all,4+,2019-25
00-0033879,O.J. Howard,TE,12.05,10,120.5,14.0,24.810403832991103,6,2.0,2019,all,4+,2019-25
00-0030472,Jordan Reed,TE,9.215384615384615,13,119.8,0.0,29.188227241615333,3,16.0,2019,all,1-3,2019-25
00-0034766,Chris Herndon,TE,8.085714285714285,14,113.2,1.0,23.54551676933607,2,15.0,2019,all,1-3,2019-25
00-0034753,Mark Andrews,TE,6.7,16,107.2,15.0,24.01095140314853,0,1.0,2019,all,0,2019-25
00-0032134,C.J. Uzomah,TE,6.55625,16,104.9,14.0,26.652977412731005,0,2.0,2019,all,0,2019-25
00-0031273,Cameron Brate,TE,6.193333333333333,15,92.9,14.0,28.188911704312115,1,2.0,2019,all,1-3,2019-25
00-0034351,Dallas Goedert,TE,6.026666666666667,15,90.4,15.0,24.684462696783026,1,1.0,2019,all,1-3,2019-25
00-0022943,Benjamin Watson,TE,6.6923076923076925,13,87.0,9.0,38.72689938398357,3,7.0,2019,all,1-3,2019-25
00-0033895,Gerald Everett,TE,5.773333333333334,15,86.60000000000001,12.0,25.21013004791239,1,4.0,2019,all,1-3,2019-25
00-0032135,Jesse James,TE,5.72,15,85.8,13.0,25.267624914442163,1,3.0,2019,all,1-3,2019-25
00-0034365,Ian Thomas,TE,8.13,10,81.30000000000001,10.0,23.260780287474333,6,6.0,2019,all,4+,2019-25
00-0033873,Patrick Mahomes,QB,26.567500000000003,16,425.08000000000004,14.0,23.980835044490075,0,2.0,2019,all,0,2019-25
00-0026143,Matt Ryan,QB,22.685,16,362.96,15.0,34.31622176591376,0,1.0,2019,all,0,2019-25
00-0022924,Ben Roethlisberger,QB,22.36625,16,357.86,2.0,37.52498288843258,0,14.0,2019,all,0,2019-25
00-0023459,Aaron Rodgers,QB,21.03625,16,336.58,16.0,35.77275838466804,0,0.0,2019,all,0,2019-25
00-0033537,Deshaun Watson,QB,20.73125,16,331.7,15.0,23.98904859685147,0,1.0,2019,all,0,2019-25
00-0033106,Jared Goff,QB,20.395,16,326.32,16.0,24.906228610540726,0,0.0,2019,all,0,2019-25
00-0020531,Drew Brees,QB,20.865333333333336,15,312.98,11.0,40.65160848733744,1,5.0,2019,all,1-3,2019-25
00-0022942,Philip Rivers,QB,18.81375,16,301.02,16.0,37.75496235455168,0,0.0,2019,all,0,2019-25
00-0029263,Russell Wilson,QB,18.71375,16,299.42,16.0,30.77891854893908,0,0.0,2019,all,0,2019-25
00-0029604,Kirk Cousins,QB,18.695,16,299.12,15.0,31.058179329226558,0,1.0,2019,all,0,2019-25
00-0033077,Dak Prescott,QB,18.368750000000002,16,293.90000000000003,16.0,26.116358658453116,0,0.0,2019,all,0,2019-25
00-0027939,Cam Newton,QB,20.185714285714287,14,282.6,2.0,30.33264887063655,2,14.0,2019,all,1-3,2019-25
00-0019596,Tom Brady,QB,17.58125,16,281.3,16.0,42.10266940451746,0,0.0,2019,all,0,2019-25
00-0033869,Mitchell Trubisky,QB,18.787142857142857,14,263.02,15.0,25.05681040383299,2,1.0,2019,all,1-3,2019-25
00-0034855,Baker Mayfield,QB,17.150000000000002,14,240.10000000000002,16.0,24.407939767282684,2,0.0,2019,all,1-3,2019-25
00-0022803,Eli Manning,QB,14.9975,16,239.96,4.0,38.68309377138946,0,12.0,2019,all,0,2019-25
00-0031280,Derek Carr,QB,14.0475,16,224.76,16.0,28.45448323066393,0,0.0,2019,all,0,2019-25
00-0028986,Case Keenum,QB,13.43125,16,214.9,10.0,31.561943874058862,0,6.0,2019,all,0,2019-25
00-0034857,Josh Allen,QB,17.738333333333333,12,212.86,16.0,23.304585900068446,4,0.0,2019,all,4+,2019-25
00-0026498,Matthew Stafford,QB,13.26125,16,212.18,8.0,31.589322381930184,0,8.0,2019,all,0,2019-25
00-0023682,Ryan Fitzpatrick,QB,24.73,8,197.84,15.0,36.79397672826831,8,1.0,2019,all,4+,2019-25
00-0031503,Jameis Winston,QB,17.798181818181817,11,195.78,16.0,25.675564681724847,5,0.0,2019,all,4+,2019-25
00-0032950,Carson Wentz,QB,17.60545454545455,11,193.66000000000003,16.0,26.694045174537987,5,0.0,2019,all,4+,2019-25
00-0033280,Christian McCaffrey,RB,30.7625,16,492.2,3.0,24.26009582477755,0,13.0,2020,<27,0,2019-25
00-0033045,Ezekiel Elliott,RB,20.79375,16,332.7,15.0,25.138945927446954,0,1.0,2020,<27,0,2019-25
00-0033293,Aaron Jones,RB,20.70625,16,331.3,14.0,25.7741273100616,0,2.0,2020,<27,0,2019-25
00-0032764,Derrick Henry,RB,21.173333333333336,15,317.6,16.0,26.68309377138946,1,0.0,2020,<27,1-3,2019-25
00-0033699,Austin Ekeler,RB,19.78125,16,316.5,10.0,25.319644079397673,0,6.0,2020,<27,0,2019-25
00-0033893,Dalvin Cook,RB,21.95714285714286,14,307.40000000000003,14.0,25.086926762491444,2,2.0,2020,<27,1-3,2019-25
00-0034791,Nick Chubb,RB,17.2625,16,276.2,12.0,24.706365503080082,0,4.0,2020,<27,0,2019-25
00-0033856,Leonard Fournette,RB,18.22666666666667,15,273.40000000000003,12.0,25.645448323066393,1,4.0,2020,<27,1-3,2019-25
00-0034844,Saquon Barkley,RB,19.700000000000003,13,256.1,2.0,23.583846680355922,3,14.0,2020,<27,1-3,2019-25
00-0027966,Mark Ingram,RB,16.966666666666665,15,254.5,10.0,30.72142368240931,1,6.0,2020,29+,1-3,2019-25
00-0033594,Chris Carson,RB,16.706666666666667,15,250.6,12.0,25.984941820670773,1,4.0,2020,<27,1-3,2019-25
00-0033906,Alvin Kamara,RB,17.751428571428573,14,248.52,15.0,25.130732375085557,2,1.0,2020,<27,1-3,2019-25
00-0033897,Joe Mixon,RB,14.8375,16,237.4,6.0,24.13141683778234,0,10.0,2020,<27,0,2019-25
00-0033118,Kenyan Drake,RB,15.942857142857141,14,223.2,15.0,26.622861054072555,2,1.0,2020,<27,1-3,2019-25
00-0035243,Miles Sanders,RB,13.856250000000001,16,221.70000000000002,12.0,23.362080766598222,0,4.0,2020,<27,0,2019-25
00-0032241,Todd Gurley,RB,14.626666666666667,15,219.4,15.0,26.105407255304584,1,1.0,2020,<27,1-3,2019-25
00-0030496,Le'Veon Bell,RB,14.333333333333334,15,215.0,11.0,28.56125941136208,1,5.0,2020,27-28,1-3,2019-25
00-0035700,Josh Jacobs,RB,15.892307692307693,13,206.6,15.0,22.579055441478438,3,1.0,2020,<27,1-3,2019-25
00-0034109,Phillip Lindsay,RB,12.731250000000001,16,203.70000000000002,11.0,26.132785763175907,0,5.0,2020,<27,0,2019-25
00-0031062,James White,RB,13.48,15,202.20000000000002,14.0,28.602327173169062,1,2.0,2020,27-28,1-3,2019-25
00-0031285,Devonta Freeman,RB,14.114285714285716,14,197.60000000000002,5.0,28.490075290896645,2,11.0,2020,27-28,1-3,2019-25
00-0033951,Marlon Mack,RB,13.592857142857143,14,190.3,1.0,24.511978097193705,2,15.0,2020,<27,1-3,2019-25
00-0032144,Melvin Gordon,RB,15.316666666666668,12,183.8,15.0,27.411362080766597,4,1.0,2020,27-28,4+,2019-25
00-0035685,David Montgomery,RB,11.025,16,176.4,15.0,23.260780287474333,0,1.0,2020,<27,0,2019-25
00-0031687,Raheem Mostert,RB,10.6375,16,170.2,8.0,28.421629021218344,0,8.0,2020,27-28,0,2019-25
00-0034816,Ronald Jones,RB,10.58125,16,169.3,14.0,23.104722792607802,0,2.0,2020,<27,0,2019-25
00-0033556,Tarik Cohen,RB,10.24375,16,163.9,3.0,25.127994524298426,0,13.0,2020,<27,0,2019-25
00-0030513,Latavius Murray,RB,10.2,16,163.2,15.0,30.64476386036961,0,1.0,2020,29+,0,2019-25
00-0031045,Carlos Hyde,RB,10.1375,16,162.2,10.0,29.973990417522245,0,6.0,2020,29+,0,2019-25
00-0032257,Duke Johnson,RB,9.625,16,154.0,11.0,26.965092402464066,0,5.0,2020,<27,0,2019-25
00-0025394,Adrian Peterson,RB,10.2,15,153.0,16.0,35.474332648870636,1,0.0,2020,29+,1-3,2019-25
00-0034845,Sony Michel,RB,9.5375,16,152.6,8.0,25.56331279945243,0,8.0,2020,<27,0,2019-25
00-0035250,Devin Singletary,RB,12.575000000000001,12,150.9,16.0,23.019849418206707,4,0.0,2020,<27,4+,2019-25
00-0033948,Jamaal Williams,RB,10.664285714285715,14,149.3,14.0,25.440109514031484,2,2.0,2020,<27,1-3,2019-25
00-0033553,James Conner,RB,14.85,10,148.5,13.0,25.352498288843258,6,3.0,2020,<27,4+,2019-25
00-0030874,Damien Williams,RB,13.372727272727273,11,147.1,0.0,28.438056125941138,5,16.0,2020,27-28,4+,2019-25
00-0034838,Royce Freeman,RB,8.887500000000001,16,142.20000000000002,11.0,24.54483230663929,0,5.0,2020,<27,0,2019-25
00-0032187,David Johnson,RB,11.791666666666666,12,141.5,12.0,28.736481861738536,4,4.0,2020,27-28,4+,2019-25
00-0032058,Tevin Coleman,RB,9.885714285714286,14,138.4,6.0,27.4031485284052,2,10.0,2020,27-28,1-3,2019-25
00-0032940,DeAndre Washington,RB,7.61875,16,121.9,4.0,27.548254620123203,0,12.0,2020,27-28,0,2019-25
00-0027029,LeSean McCoy,RB,9.123076923076924,13,118.60000000000001,8.0,32.16427104722793,3,8.0,2020,29+,1-3,2019-25
00-0034367,Nyheim Hines,RB,7.36875,16,117.9,16.0,23.82751540041068,0,0.0,2020,<27,0,2019-25
00-0032741,Peyton Barber,RB,7.28125,16,116.5,14.0,26.535249828884325,0,2.0,2020,<27,0,2019-25
00-0032780,Jordan Howard,RB,12.377777777777778,9,111.4,7.0,25.856262833675565,7,9.0,2020,<27,4+,2019-25
00-0033308,Matt Breida,RB,9.108333333333333,12,109.3,10.0,25.533196440793976,4,6.0,2020,<27,4+,2019-25
00-0034331,Jaylen Samuels,RB,8.03076923076923,13,104.4,9.0,24.142368240930868,3,7.0,2020,<27,1-3,2019-25
00-0033923,Kareem Hunt,RB,12.675,8,101.4,16.0,25.097878165639973,8,0.0,2020,<27,4+,2019-25
00-0030288,Rex Burkhead,RB,7.776923076923077,13,101.1,10.0,30.193018480492814,3,6.0,2020,29+,1-3,2019-25
00-0034414,Boston Scott,RB,10.988888888888887,9,98.89999999999999,16.0,25.374401095140314,7,0.0,2020,<27,4+,2019-25
00-0034184,Gus Edwards,RB,6.1625000000000005,16,98.60000000000001,16.0,25.412731006160165,0,0.0,2020,<27,0,2019-25
00-0023500,Frank Gore,RB,6.526666666666667,15,97.9,15.0,37.327857631759066,1,1.0,2020,29+,1-3,2019-25
00-0035261,Tony Pollard,RB,6.8,14,95.2,16.0,23.364818617385353,2,0.0,2020,<27,1-3,2019-25
00-0030404,Chris Thompson,RB,8.50909090909091,11,93.60000000000001,6.0,29.89185489390828,5,10.0,2020,29+,4+,2019-25
00-0034349,Kerryon Johnson,RB,11.0,8,88.0,14.0,23.197809719370294,8,2.0,2020,<27,4+,2019-25
00-0034681,Chase Edmonds,RB,7.1499999999999995,12,85.8,16.0,24.410677618069816,4,0.0,2020,<27,4+,2019-25
00-0032602,J.D. McKissic,RB,5.586666666666667,15,83.8,16.0,27.071868583162217,1,0.0,2020,27-28,1-3,2019-25
00-0033025,Jalen Richard,RB,5.175,16,82.8,13.0,26.90485968514716,0,3.0,2020,<27,0,2019-25
00-0034750,Rashaad Penny,RB,8.7,9,78.3,3.0,24.605065023956193,7,13.0,2020,<27,4+,2019-25
00-0033854,Dare Ogunbowale,RB,4.70625,16,75.3,10.0,26.354551676933607,0,6.0,2020,<27,0,2019-25
00-0030456,Giovani Bernard,RB,4.275,16,68.4,16.0,28.802190280629706,0,0.0,2020,27-28,0,2019-25
00-0034972,Alexander Mattison,RB,5.261538461538462,13,68.4,13.0,22.22861054072553,3,3.0,2020,<27,1-3,2019-25
00-0035342,Patrick Laird,RB,8.525,8,68.2,9.0,25.06776180698152,8,7.0,2020,<27,4+,2019-25
00-0034301,Darrel Williams,RB,7.533333333333333,9,67.8,13.0,25.4072553045859,7,3.0,2020,<27,4+,2019-25
00-0033567,Brian Hill,RB,6.720000000000001,10,67.2,16.0,24.83778234086242,6,0.0,2020,<27,4+,2019-25
00-0028087,Dion Lewis,RB,4.42,15,66.3,16.0,29.95482546201232,1,0.0,2020,29+,1-3,2019-25
00-0035537,Ty Johnson,RB,3.7625,16,60.2,11.0,22.981519507186857,0,5.0,2020,<27,0,2019-25
00-0031806,Malcolm Brown,RB,4.2214285714285715,14,59.1,16.0,27.32375085557837,2,0.0,2020,27-28,1-3,2019-25
00-0035217,Benny Snell,RB,5.263636363636365,11,57.900000000000006,15.0,22.535249828884325,5,1.0,2020,<27,4+,2019-25
00-0034400,Jordan Wilkins,RB,4.153846153846154,13,54.0,13.0,26.1492128678987,3,3.0,2020,<27,1-3,2019-25
00-0034208,Mike Boone,RB,6.625,8,53.0,10.0,25.117043121149898,8,6.0,2020,<27,4+,2019-25
00-0032765,Michael Thomas,WR,24.35,16,389.6,7.0,27.523613963039015,0,9.0,2020,<30,0,2019-25
00-0033921,Chris Godwin Jr.,WR,20.364285714285717,14,285.1,12.0,24.536618754277892,2,4.0,2020,<30,1-3,2019-25
00-0033908,Cooper Kupp,WR,17.78125,16,284.5,15.0,27.238877481177276,0,1.0,2020,<30,0,2019-25
00-0027944,Julio Jones,WR,18.873333333333335,15,283.1,9.0,31.586584531143053,1,7.0,2020,30+,1-3,2019-25
00-0030564,DeAndre Hopkins,WR,18.40266666666667,15,276.04,16.0,28.262833675564682,1,0.0,2020,<30,1-3,2019-25
00-0030279,Keenan Allen,WR,16.53125,16,264.5,14.0,28.372347707049965,0,2.0,2020,<30,0,2019-25
00-0027150,Julian Edelman,WR,16.298750000000002,16,260.78000000000003,6.0,34.30527036276523,0,10.0,2020,30+,0,2019-25
00-0031428,Allen Robinson,WR,16.212500000000002,16,259.40000000000003,16.0,27.04722792607803,0,0.0,2020,<30,0,2019-25
00-0031544,Amari Cooper,WR,16.1875,16,259.0,16.0,26.234086242299796,0,0.0,2020,<30,0,2019-25
00-0033932,Kenny Golladay,WR,15.96875,16,255.5,5.0,26.85284052019165,0,11.0,2020,<30,0,2019-25
00-0031547,DeVante Parker,WR,15.7625,16,252.2,14.0,27.638603696098563,0,2.0,2020,<30,0,2019-25
00-0032211,Tyler Lockett,WR,15.075000000000001,16,241.20000000000002,16.0,27.95071868583162,0,0.0,2020,<30,0,2019-25
00-0031382,Jarvis Landry,WR,15.025,16,240.4,15.0,27.783709787816566,0,1.0,2020,<30,0,2019-25
00-0030431,Robert Woods,WR,15.826666666666666,15,237.4,16.0,28.418891170431213,1,0.0,2020,<30,1-3,2019-25
00-0031408,Mike Evans,WR,18.24615384615385,13,237.20000000000002,16.0,27.055441478439427,3,0.0,2020,<30,1-3,2019-25
00-0034827,DJ Moore,WR,15.766666666666667,15,236.5,15.0,23.408624229979466,1,1.0,2020,<30,1-3,2019-25
00-0034777,DJ Chark,WR,15.353333333333333,15,230.3,13.0,23.964407939767284,1,3.0,2020,<30,1-3,2019-25
00-0033009,Tyler Boyd,WR,14.30625,16,228.9,15.0,25.82067077344285,0,1.0,2020,<30,0,2019-25
00-0034348,Courtland Sutton,WR,14.088750000000001,16,225.42000000000002,1.0,24.919917864476385,0,15.0,2020,<30,0,2019-25
00-0035676,A.J. Brown,WR,14.0375,16,224.6,14.0,23.197809719370294,0,2.0,2020,<30,0,2019-25
00-0031051,John Brown,WR,14.854666666666667,15,222.82,9.0,30.439425051334702,1,7.0,2020,30+,1-3,2019-25
00-0031588,Stefon Diggs,WR,14.773333333333333,15,221.6,16.0,26.781656399726216,1,0.0,2020,<30,1-3,2019-25
00-0031381,Davante Adams,WR,18.35,12,220.20000000000002,14.0,27.71252566735113,4,2.0,2020,<30,4+,2019-25
00-0034764,Michael Gallup,WR,15.62142857142857,14,218.7,16.0,24.520191649555098,2,0.0,2020,<30,1-3,2019-25
00-0031235,Odell Beckham Jr.,WR,12.89375,16,206.3,7.0,27.8466803559206,0,9.0,2020,<30,0,2019-25
00-0034837,Calvin Ridley,WR,15.384615384615385,13,200.0,15.0,25.724845995893222,3,1.0,2020,<30,1-3,2019-25
00-0031941,Jamison Crowder,WR,12.356250000000001,16,197.70000000000002,12.0,27.23340177960301,0,4.0,2020,<30,0,2019-25
00-0029293,Marvin Jones,WR,15.146153846153847,13,196.9,16.0,30.49965776865161,3,0.0,2020,30+,1-3,2019-25
00-0035659,Terry McLaurin,WR,14.028571428571428,14,196.4,15.0,24.98836413415469,2,1.0,2020,<30,1-3,2019-25
00-0027685,Emmanuel Sanders,WR,11.458823529411765,17,194.8,14.0,33.48665297741273,-1,2.0,2020,30+,,2019-25
00-0035719,Deebo Samuel Sr.,WR,12.906666666666668,15,193.60000000000002,7.0,24.654346338124572,1,9.0,2020,<30,1-3,2019-25
00-0033040,Tyreek Hill,WR,15.941666666666668,12,191.3,15.0,26.529774127310063,4,1.0,2020,<30,4+,2019-25
00-0035640,DK Metcalf,WR,11.7875,16,188.6,16.0,22.740588637919235,0,0.0,2020,<30,0,2019-25
00-0029000,Cole Beasley,WR,12.520000000000001,15,187.8,15.0,31.37577002053388,1,1.0,2020,30+,1-3,2019-25
00-0022921,Larry Fitzgerald,WR,11.275,16,180.4,13.0,37.02943189596167,0,3.0,2020,30+,0,2019-25
00-0035535,Darius Slayton,WR,12.357142857142858,14,173.0,16.0,23.66050650239562,2,0.0,2020,<30,1-3,2019-25
00-0033282,Curtis Samuel,WR,10.73125,16,171.7,15.0,24.082135523613964,0,1.0,2020,<30,0,2019-25
00-0034775,Christian Kirk,WR,13.169230769230769,13,171.2,14.0,23.811088295687885,3,2.0,2020,<30,1-3,2019-25
00-0032688,Robbie Chosen,WR,10.425,16,166.8,16.0,27.340177960301162,0,0.0,2020,<30,0,2019-25
00-0035216,Diontae Johnson,WR,10.31875,16,165.1,15.0,24.18343600273785,0,1.0,2020,<30,0,2019-25
00-0033536,Mike Williams,WR,10.953333333333335,15,164.3,14.0,25.935660506502394,1,2.0,2020,<30,1-3,2019-25
00-0033839,Dede Westbrook,WR,10.546666666666669,15,158.20000000000002,2.0,26.803559206023273,1,14.0,2020,<30,1-3,2019-25
00-0032128,Chris Conley,WR,9.875,16,158.0,14.0,27.876796714579054,0,2.0,2020,<30,0,2019-25
00-0028002,Randall Cobb,WR,10.526666666666667,15,157.9,10.0,30.053388090349078,1,6.0,2020,30+,1-3,2019-25
00-0027891,Golden Tate,WR,14.154545454545456,11,155.70000000000002,12.0,32.106776180698155,5,4.0,2020,30+,4+,2019-25
00-0035662,Marquise Brown,WR,10.564285714285715,14,147.9,16.0,23.26899383983573,2,0.0,2020,<30,1-3,2019-25
00-0026035,Danny Amendola,WR,9.670666666666667,15,145.06,14.0,34.85557837097878,1,2.0,2020,30+,1-3,2019-25
00-0032385,Sterling Shepard,WR,14.48,10,144.8,12.0,27.581108829568787,6,4.0,2020,<30,4+,2019-25
00-0032160,Tyrell Williams,WR,11.123076923076923,13,144.6,0.0,28.577686516084874,3,16.0,2020,<30,1-3,2019-25
00-0033127,Will Fuller,WR,13.045454545454545,11,143.5,11.0,26.403832991101986,5,5.0,2020,<30,4+,2019-25
00-0032054,Breshad Perriman,WR,10.185714285714285,14,142.6,12.0,27.000684462696782,2,4.0,2020,<30,1-3,2019-25
00-0031325,Sammy Watkins,WR,10.76923076923077,13,140.0,10.0,27.241615331964407,3,6.0,2020,<30,1-3,2019-25
00-0033251,Zach Pascal,WR,8.64375,16,138.3,16.0,25.730321697467488,0,0.0,2020,<30,0,2019-25
00-0034983,Hunter Renfrow,WR,10.5,13,136.5,16.0,24.722792607802873,3,0.0,2020,<30,1-3,2019-25
00-0034676,James Washington,WR,9.0,15,135.0,16.0,24.44079397672827,1,0.0,2020,<30,1-3,2019-25
00-0034353,Anthony Miller,WR,8.15625,16,130.5,16.0,25.921971252566735,0,0.0,2020,<30,0,2019-25
00-0029608,T.Y. Hilton,WR,12.51,10,125.1,15.0,30.822724161533195,6,1.0,2020,30+,4+,2019-25
00-0029632,Mohamed Sanu,WR,8.273333333333333,15,124.10000000000001,7.0,31.052703627652292,1,9.0,2020,30+,1-3,2019-25
00-0029137,Alshon Jeffery,WR,13.744444444444445,9,123.7,7.0,30.570841889117045,7,9.0,2020,30+,4+,2019-25
00-0035140,Mecole Hardman,WR,7.71875,16,123.5,16.0,22.49965776865161,0,0.0,2020,<30,0,2019-25
00-0030085,Kenny Stills,WR,9.353846153846153,13,121.6,7.0,28.386036960985628,3,9.0,2020,<30,1-3,2019-25
00-0031236,Brandin Cooks,WR,8.5,14,119.0,15.0,26.9596167008898,2,1.0,2020,<30,1-3,2019-25
00-0030035,Adam Thielen,WR,11.59,10,115.9,15.0,30.053388090349078,6,1.0,2020,30+,4+,2019-25
00-0033871,Corey Davis,WR,7.673333333333334,15,115.10000000000001,14.0,25.66461327857632,1,2.0,2020,<30,1-3,2019-25
00-0033857,JuJu Smith-Schuster,WR,9.558333333333334,12,114.7,16.0,23.800136892539356,4,0.0,2020,<30,4+,2019-25
00-0034928,Steven Sims,WR,6.84375,16,109.5,12.0,23.446954140999317,0,4.0,2020,<30,0,2019-25
00-0034521,Allen Lazard,WR,8.691666666666666,12,104.3,10.0,24.750171115674195,4,6.0,2020,<30,4+,2019-25
00-0032775,Demarcus Robinson,WR,6.826666666666667,15,102.4,15.0,25.971252566735114,1,1.0,2020,<30,1-3,2019-25
00-0032543,Alex Erickson,WR,6.35875,16,101.74,16.0,27.84394250513347,0,0.0,2020,<30,0,2019-25
00-0034686,Auden Tate,WR,8.458333333333334,12,101.5,8.0,23.600273785078713,4,8.0,2020,<30,4+,2019-25
00-0030506,Travis Kelce,TE,16.08125,16,257.3,15.0,30.93223819301848,0,1.0,2020,all,0,2019-25
00-0031610,Darren Waller,TE,14.28125,16,228.5,16.0,27.991786447638603,0,0.0,2020,all,0,2019-25
00-0033288,George Kittle,TE,16.214285714285715,14,227.0,8.0,26.921286789869953,2,8.0,2020,all,1-3,2019-25
00-0030061,Zach Ertz,TE,14.473333333333333,15,217.1,11.0,29.83436002737851,1,5.0,2020,all,1-3,2019-25
00-0034753,Mark Andrews,TE,14.013333333333332,15,210.2,14.0,25.013004791238878,1,2.0,2020,all,1-3,2019-25
00-0032392,Austin Hooper,TE,14.976923076923079,13,194.70000000000002,13.0,25.867214236824093,3,3.0,2020,all,1-3,2019-25
00-0027061,Jared Cook,TE,11.964285714285714,14,167.5,15.0,33.42915811088296,2,1.0,2020,all,1-3,2019-25
00-0033110,Tyler Higbee,TE,11.885714285714286,14,166.4,15.0,27.690622861054074,2,1.0,2020,all,1-3,2019-25
00-0033090,Hunter Henry,TE,12.641666666666666,12,151.7,14.0,25.760438056125942,4,2.0,2020,all,4+,2019-25
00-0034351,Dallas Goedert,TE,9.646666666666667,15,144.7,11.0,25.686516084873375,1,5.0,2020,all,1-3,2019-25
00-0022127,Jason Witten,TE,8.74375,16,139.9,10.0,38.34907597535934,0,6.0,2020,all,0,2019-25
00-0034829,Mike Gesicki,TE,9.066666666666666,15,136.0,15.0,24.93908281998631,1,1.0,2020,all,1-3,2019-25
00-0025418,Greg Olsen,TE,8.942857142857143,14,125.2,11.0,35.501711156741955,2,5.0,2020,all,1-3,2019-25
00-0035644,Noah Fant,TE,7.125,16,114.0,14.0,22.806297056810404,0,2.0,2020,all,0,2019-25
00-0027981,Kyle Rudolph,TE,7.58,15,113.7,12.0,30.836413415468858,1,4.0,2020,all,1-3,2019-25
00-0033881,Evan Engram,TE,14.05,8,112.4,16.0,26.023271731690624,8,0.0,2020,all,4+,2019-25
00-0030181,Jack Doyle,TE,6.9875,16,111.8,13.0,30.351813826146476,0,3.0,2020,all,0,2019-25
00-0029738,Darren Fells,TE,7.340000000000001,15,110.10000000000001,12.0,34.38740588637919,1,4.0,2020,all,1-3,2019-25
00-0030549,Tyler Eifert,TE,6.6625,16,106.6,15.0,30.00684462696783,0,1.0,2020,all,0,2019-25
00-0033858,Jonnu Smith,TE,6.98,15,104.7,14.0,25.05407255304586,1,2.0,2020,all,1-3,2019-25
00-0033357,Taysom Hill,TE,6.3875,16,102.2,16.0,30.050650239561943,0,0.0,2020,all,0,2019-25
00-0027696,Jimmy Graham,TE,6.29375,16,100.7,16.0,33.79603011635866,0,0.0,2020,all,0,2019-25
00-0030108,Ryan Griffin,TE,7.653846153846154,13,99.5,10.0,30.663928815879533,3,6.0,2020,all,1-3,2019-25
00-0033387,Jacob Hollister,TE,9.39,10,93.9,13.0,26.811772758384667,6,3.0,2020,all,4+,2019-25
00-0034796,Lamar Jackson,QB,28.712,15,430.68,15.0,23.67419575633128,1,1.0,2020,all,1-3,2019-25
00-0033077,Dak Prescott,QB,22.611250000000002,16,361.78000000000003,5.0,27.11841204654346,0,11.0,2020,all,0,2019-25
00-0029263,Russell Wilson,QB,21.0375,16,336.6,16.0,31.78097193702943,0,0.0,2020,all,0,2019-25
00-0031503,Jameis Winston,QB,20.585,16,329.36,3.0,26.677618069815196,0,13.0,2020,all,0,2019-25
00-0033537,Deshaun Watson,QB,21.932000000000002,15,328.98,16.0,24.99110198494182,1,0.0,2020,all,1-3,2019-25
00-0033873,Patrick Mahomes,QB,21.645714285714288,14,303.04,15.0,24.982888432580424,2,1.0,2020,all,1-3,2019-25
00-0023459,Aaron Rodgers,QB,18.39875,16,294.38,16.0,36.77481177275838,0,0.0,2020,all,0,2019-25
00-0034857,Josh Allen,QB,18.035,16,288.56,16.0,24.306639288158795,0,0.0,2020,all,0,2019-25
00-0035228,Kyler Murray,QB,17.83,16,285.28,16.0,23.093771389459274,0,0.0,2020,all,0,2019-25
00-0032950,Carson Wentz,QB,17.24125,16,275.86,12.0,27.696098562628336,0,4.0,2020,all,0,2019-25
00-0026143,Matt Ryan,QB,17.822666666666667,15,267.34,16.0,35.318275154004105,1,0.0,2020,all,1-3,2019-25
00-0019596,Tom Brady,QB,16.48,16,263.68,16.0,43.1047227926078,0,0.0,2020,all,0,2019-25
00-0033106,Jared Goff,QB,16.47,16,263.52,15.0,25.908281998631075,0,1.0,2020,all,0,2019-25
00-0031345,Jimmy Garoppolo,QB,15.9575,16,255.32,6.0,28.856947296372347,0,10.0,2020,all,0,2019-25
00-0023682,Ryan Fitzpatrick,QB,16.630666666666666,15,249.46,9.0,37.79603011635866,1,7.0,2020,all,1-3,2019-25
00-0029604,Kirk Cousins,QB,16.294666666666664,15,244.42,16.0,32.06023271731691,1,0.0,2020,all,1-3,2019-25
00-0031280,Derek Carr,QB,15.2725,16,244.36,16.0,29.456536618754278,0,0.0,2020,all,0,2019-25
00-0022942,Philip Rivers,QB,14.71875,16,235.5,16.0,38.757015742642025,0,0.0,2020,all,0,2019-25
00-0035289,Gardner Minshew,QB,16.374285714285715,14,229.24,9.0,24.320328542094455,2,7.0,2020,all,1-3,2019-25
00-0034855,Baker Mayfield,QB,14.32375,16,229.18,16.0,25.409993155373034,0,0.0,2020,all,0,2019-25
00-0020531,Drew Brees,QB,20.432727272727274,11,224.76000000000002,12.0,41.65366187542779,5,4.0,2020,all,4+,2019-25
00-0029701,Ryan Tannehill,QB,18.68166666666667,12,224.18,16.0,32.12320328542094,4,0.0,2020,all,4+,2019-25
00-0033119,Jacoby Brissett,QB,14.512,15,217.68,11.0,27.748117727583846,1,5.0,2020,all,1-3,2019-25
00-0035710,Daniel Jones,QB,16.536923076923078,13,214.98,14.0,23.290896646132786,3,2.0,2020,all,1-3,2019-25
00-0033906,Alvin Kamara,RB,25.486666666666668,15,382.3,13.0,26.130047912388775,1,4.0,2021,<27,1-3,2019-25
00-0032764,Derrick Henry,RB,23.63125,16,378.1,8.0,27.682409308692677,0,9.0,2021,27-28,0,2019-25
00-0033893,Dalvin Cook,RB,26.2,14,366.8,13.0,26.086242299794662,2,4.0,2021,<27,1-3,2019-25
00-0035685,David Montgomery,RB,18.253333333333334,15,273.8,13.0,24.26009582477755,1,4.0,2021,<27,1-3,2019-25
00-0033293,Aaron Jones,RB,19.135714285714283,14,267.9,15.0,26.77344284736482,2,2.0,2021,<27,1-3,2019-25
00-0036223,Jonathan Taylor,RB,17.78666666666667,15,266.8,17.0,22.642026009582477,1,0.0,2021,<27,1-3,2019-25
00-0035831,James Robinson,RB,18.742857142857144,14,262.40000000000003,14.0,23.08829568788501,2,3.0,2021,<27,1-3,2019-25
00-0035700,Josh Jacobs,RB,15.82,15,237.3,15.0,23.578370978781656,1,2.0,2021,<27,1-3,2019-25
00-0033045,Ezekiel Elliott,RB,15.313333333333333,15,229.7,17.0,26.138261464750173,1,0.0,2021,<27,1-3,2019-25
00-0034791,Nick Chubb,RB,18.808333333333334,12,225.70000000000002,14.0,25.7056810403833,4,3.0,2021,<27,4+,2019-25
00-0033923,Kareem Hunt,RB,13.84375,16,221.5,8.0,26.09719370294319,0,9.0,2021,<27,0,2019-25
00-0036328,Antonio Gibson,RB,14.871428571428572,14,208.20000000000002,16.0,23.21697467488022,2,1.0,2021,<27,1-3,2019-25
00-0032063,Mike Davis,RB,13.766666666666667,15,206.5,17.0,28.555783709787818,1,0.0,2021,27-28,1-3,2019-25
00-0032144,Melvin Gordon,RB,13.626666666666667,15,204.4,16.0,28.410677618069816,1,1.0,2021,27-28,1-3,2019-25
00-0034816,Ronald Jones,RB,14.164285714285715,14,198.3,15.0,24.10403832991102,2,2.0,2021,<27,1-3,2019-25
00-0033118,Kenyan Drake,RB,13.213333333333333,15,198.2,12.0,27.62217659137577,1,5.0,2021,27-28,1-3,2019-25
00-0034367,Nyheim Hines,RB,12.075,16,193.2,17.0,24.826830937713893,0,0.0,2021,<27,0,2019-25
00-0036275,D'Andre Swift,RB,14.830769230769231,13,192.8,13.0,22.65571526351814,3,4.0,2021,<27,1-3,2019-25
00-0032602,J.D. McKissic,RB,11.9625,16,191.4,11.0,28.071184120465436,0,6.0,2021,27-28,0,2019-25
00-0033594,Chris Carson,RB,15.65,12,187.8,4.0,26.98425735797399,4,13.0,2021,<27,4+,2019-25
00-0032187,David Johnson,RB,15.333333333333334,12,184.0,13.0,29.73579739904175,4,4.0,2021,29+,4+,2019-25
00-0036360,Clyde Edwards-Helaire,RB,14.0,13,182.0,10.0,22.417522245037645,3,7.0,2021,<27,1-3,2019-25
00-0035243,Miles Sanders,RB,14.700000000000001,12,176.4,12.0,24.361396303901437,4,5.0,2021,<27,4+,2019-25
00-0036158,J.K. Dobbins,RB,11.633333333333333,15,174.5,0.0,22.732375085557837,1,17.0,2021,<27,1-3,2019-25
00-0033553,James Conner,RB,13.353846153846153,13,173.6,15.0,26.351813826146476,3,2.0,2021,<27,1-3,2019-25
00-0034681,Chase Edmonds,RB,10.5,16,168.0,12.0,25.409993155373034,0,5.0,2021,<27,0,2019-25
00-0032241,Todd Gurley,RB,11.08,15,166.2,0.0,27.104722792607802,1,17.0,2021,27-28,1-3,2019-25
00-0033699,Austin Ekeler,RB,16.53,10,165.3,16.0,26.31895961670089,6,1.0,2021,<27,4+,2019-25
00-0035311,Myles Gaskin,RB,16.42,10,164.20000000000002,17.0,24.566735112936346,6,0.0,2021,<27,4+,2019-25
00-0030456,Giovani Bernard,RB,9.88125,16,158.1,10.0,29.801505817932924,0,7.0,2021,29+,0,2019-25
00-0034115,Jeff Wilson,RB,13.481818181818182,11,148.3,8.0,25.817932922655714,5,9.0,2021,<27,4+,2019-25
00-0035250,Devin Singletary,RB,8.975,16,143.6,17.0,24.019164955509925,0,0.0,2021,<27,0,2019-25
00-0033950,Wayne Gallman,RB,9.971428571428572,14,139.6,7.0,26.94318959616701,2,10.0,2021,<27,1-3,2019-25
00-0030513,Latavius Murray,RB,9.28,15,139.2,14.0,31.644079397672826,1,3.0,2021,29+,1-3,2019-25
00-0033856,Leonard Fournette,RB,11.25,12,135.0,14.0,26.64476386036961,4,3.0,2021,<27,4+,2019-25
00-0035664,Darrell Henderson,RB,8.886666666666667,15,133.3,12.0,24.060232717316907,1,5.0,2021,<27,1-3,2019-25
00-0034184,Gus Edwards,RB,8.2,16,131.2,0.0,26.412046543463383,0,17.0,2021,<27,0,2019-25
00-0033948,Jamaal Williams,RB,9.078571428571427,14,127.1,13.0,26.439425051334702,2,4.0,2021,<27,1-3,2019-25
00-0031376,Jerick McKinnon,RB,9.014285714285714,14,126.2,9.0,29.35523613963039,2,8.0,2021,29+,1-3,2019-25
00-0025394,Adrian Peterson,RB,7.78125,16,124.5,4.0,36.473648186173854,0,13.0,2021,29+,0,2019-25
00-0035261,Tony Pollard,RB,7.55,16,120.8,15.0,24.36413415468857,0,2.0,2021,<27,0,2019-25
00-0031062,James White,RB,8.32857142857143,14,116.60000000000001,3.0,29.60164271047228,2,14.0,2021,29+,1-3,2019-25
00-0031806,Malcolm Brown,RB,6.8187500000000005,16,109.10000000000001,6.0,28.32306639288159,0,11.0,2021,27-28,0,2019-25
00-0030288,Rex Burkhead,RB,10.760000000000002,10,107.60000000000001,15.0,31.19233401779603,6,2.0,2021,29+,4+,2019-25
00-0036414,Cam Akers,RB,9.52727272727273,11,104.80000000000001,1.0,22.220396988364133,5,16.0,2021,<27,4+,2019-25
00-0033897,Joe Mixon,RB,17.1,6,102.60000000000001,16.0,25.130732375085557,10,1.0,2021,<27,4+,2019-25
00-0036251,Zack Moss,RB,7.815384615384615,13,101.6,13.0,23.737166324435318,3,4.0,2021,<27,1-3,2019-25
00-0035657,Damien Harris,RB,10.030000000000001,10,100.30000000000001,15.0,24.577686516084874,6,2.0,2021,<27,4+,2019-25
00-0023500,Frank Gore,RB,6.680000000000001,15,100.2,0.0,38.327173169062284,1,17.0,2021,29+,1-3,2019-25
00-0031687,Raheem Mostert,RB,12.4625,8,99.7,1.0,29.420944558521562,8,16.0,2021,29+,4+,2019-25
00-0034414,Boston Scott,RB,5.9750000000000005,16,95.60000000000001,11.0,26.373716632443532,0,6.0,2021,<27,0,2019-25
00-0033567,Brian Hill,RB,5.9625,16,95.4,1.0,25.83709787816564,0,16.0,2021,<27,0,2019-25
00-0034799,Kalen Ballage,RB,8.536363636363637,11,93.9,8.0,25.71937029431896,5,9.0,2021,<27,4+,2019-25
00-0034972,Alexander Mattison,RB,6.915384615384616,13,89.9,16.0,23.227926078028748,3,1.0,2021,<27,1-3,2019-25
00-0032972,Devontae Booker,RB,5.713333333333334,15,85.7,16.0,29.28952772073922,1,1.0,2021,29+,1-3,2019-25
00-0031045,Carlos Hyde,RB,8.49,10,84.9,11.0,30.973305954825463,6,6.0,2021,29+,4+,2019-25
00-0032257,Duke Johnson,RB,7.672727272727273,11,84.4,5.0,27.964407939767284,5,12.0,2021,27-28,4+,2019-25
00-0036370,Joshua Kelley,RB,6.246153846153846,13,81.2,8.0,23.805612594113622,3,9.0,2021,<27,1-3,2019-25
00-0034845,Sony Michel,RB,9.787500000000001,8,78.30000000000001,17.0,26.562628336755647,8,0.0,2021,<27,4+,2019-25
00-0035217,Benny Snell,RB,5.193333333333333,15,77.9,16.0,23.534565366187543,1,1.0,2021,<27,1-3,2019-25
00-0030496,Le'Veon Bell,RB,6.781818181818182,11,74.60000000000001,8.0,29.560574948665298,5,9.0,2021,29+,4+,2019-25
00-0036020,Salvon Ahmed,RB,12.0,6,72.0,11.0,22.699520876112253,10,6.0,2021,<27,4+,2019-25
00-0034349,Kerryon Johnson,RB,5.128571428571428,14,71.8,0.0,24.197125256673512,2,17.0,2021,<27,1-3,2019-25
00-0030578,Cordarrelle Patterson,RB,4.3375,16,69.4,16.0,30.48596851471595,0,1.0,2021,29+,0,2019-25
00-0034109,Phillip Lindsay,RB,6.2727272727272725,11,69.0,14.0,27.132101300479125,5,3.0,2021,27-28,4+,2019-25
00-0035537,Ty Johnson,RB,6.027272727272727,11,66.3,15.0,23.980835044490075,5,2.0,2021,<27,4+,2019-25
00-0033526,Samaje Perine,RB,5.4750000000000005,12,65.7,15.0,25.984941820670773,4,2.0,2021,<27,4+,2019-25
00-0034440,Justin Jackson,RB,8.162500000000001,8,65.30000000000001,14.0,25.385352498288842,8,3.0,2021,<27,4+,2019-25
00-0034400,Jordan Wilkins,RB,4.7153846153846155,13,61.3,2.0,27.148528405201915,3,15.0,2021,27-28,1-3,2019-25
00-0028087,Dion Lewis,RB,3.6999999999999997,16,59.199999999999996,0.0,30.954140999315538,0,17.0,2021,29+,0,2019-25
00-0031381,Davante Adams,WR,26.35,14,368.90000000000003,16.0,28.711841204654345,2,1.0,2021,<30,1-3,2019-25
00-0033040,Tyreek Hill,WR,22.660000000000004,15,339.90000000000003,17.0,27.529089664613277,1,0.0,2021,<30,1-3,2019-25
00-0031588,Stefon Diggs,WR,21.19375,16,339.1,17.0,27.78097193702943,0,0.0,2021,<30,0,2019-25
00-0030564,DeAndre Hopkins,WR,18.64375,16,298.3,10.0,29.2621492128679,0,7.0,2021,<30,0,2019-25
00-0034837,Calvin Ridley,WR,19.566666666666666,15,293.5,5.0,26.72416153319644,1,12.0,2021,<30,1-3,2019-25
00-0036322,Justin Jefferson,WR,17.79375,16,284.7,17.0,22.236824093086927,0,0.0,2021,<30,0,2019-25
00-0035640,DK Metcalf,WR,17.425,16,278.8,17.0,23.73990417522245,0,0.0,2021,<30,0,2019-25
00-0032211,Tyler Lockett,WR,17.18125,16,274.9,16.0,28.95003422313484,0,1.0,2021,<30,0,2019-25
00-0031428,Allen Robinson,WR,16.806250000000002,16,268.90000000000003,12.0,28.046543463381244,0,5.0,2021,<30,0,2019-25
00-0030035,Adam Thielen,WR,17.233333333333334,15,258.5,13.0,31.052703627652292,1,4.0,2021,30+,1-3,2019-25
00-0031408,Mike Evans,WR,15.9125,16,254.6,16.0,28.05475701574264,0,1.0,2021,<30,0,2019-25
00-0035676,A.J. Brown,WR,18.107142857142858,14,253.5,13.0,24.197125256673512,2,4.0,2021,<30,1-3,2019-25
00-0030279,Keenan Allen,WR,17.935714285714287,14,251.1,16.0,29.371663244353183,2,1.0,2021,<30,1-3,2019-25
00-0030431,Robert Woods,WR,15.50625,16,248.1,9.0,29.418206707734427,0,8.0,2021,<30,0,2019-25
00-0031544,Amari Cooper,WR,15.175,16,242.8,15.0,27.23340177960301,0,2.0,2021,<30,0,2019-25
00-0031236,Brandin Cooks,WR,15.766666666666667,15,236.5,16.0,27.958932238193018,1,1.0,2021,<30,1-3,2019-25
00-0033857,JuJu Smith-Schuster,WR,14.63125,16,234.1,5.0,24.799452429842574,0,12.0,2021,<30,0,2019-25
00-0029293,Marvin Jones,WR,14.51875,16,232.3,17.0,31.498973305954827,0,0.0,2021,30+,0,2019-25
00-0032688,Robbie Chosen,WR,14.2875,16,228.6,17.0,28.33949349760438,0,0.0,2021,<30,0,2019-25
00-0035659,Terry McLaurin,WR,15.22,15,228.3,17.0,25.987679671457904,1,0.0,2021,<30,1-3,2019-25
00-0035216,Diontae Johnson,WR,15.120000000000001,15,226.8,16.0,25.182751540041068,1,1.0,2021,<30,1-3,2019-25
00-0036358,CeeDee Lamb,WR,13.79375,16,220.7,16.0,22.425735797399042,0,1.0,2021,<30,0,2019-25
00-0036326,Chase Claypool,WR,13.61875,16,217.9,15.0,23.17864476386037,0,2.0,2021,<30,0,2019-25
00-0034827,DJ Moore,WR,14.5,15,217.5,17.0,24.407939767282684,1,0.0,2021,<30,1-3,2019-25
00-0033282,Curtis Samuel,WR,14.44,15,216.6,5.0,25.08145106091718,1,12.0,2021,<30,1-3,2019-25
00-0033908,Cooper Kupp,WR,14.346666666666668,15,215.20000000000002,17.0,28.238193018480494,1,0.0,2021,<30,1-3,2019-25
00-0029000,Cole Beasley,WR,14.333333333333334,15,215.0,16.0,32.375085557837096,1,1.0,2021,30+,1-3,2019-25
00-0033871,Corey Davis,WR,14.207142857142857,14,198.9,9.0,26.663928815879533,2,8.0,2021,<30,1-3,2019-25
00-0036410,Tee Higgins,WR,13.173333333333334,15,197.6,14.0,22.64476386036961,1,3.0,2021,<30,1-3,2019-25
00-0033127,Will Fuller,WR,17.854545454545455,11,196.4,2.0,27.4031485284052,5,15.0,2021,<30,4+,2019-25
00-0033009,Tyler Boyd,WR,13.042666666666667,15,195.64000000000001,16.0,26.819986310746064,1,1.0,2021,<30,1-3,2019-25
00-0033921,Chris Godwin Jr.,WR,16.041666666666668,12,192.5,14.0,25.53593429158111,4,3.0,2021,<30,4+,2019-25
00-0031549,Nelson Agholor,WR,11.88125,16,190.1,14.0,28.298425735797398,0,3.0,2021,<30,0,2019-25
00-0031382,Jarvis Landry,WR,12.630666666666666,15,189.46,12.0,28.78302532511978,1,5.0,2021,<30,1-3,2019-25
00-0036261,Brandon Aiyuk,WR,15.625,12,187.5,17.0,23.485284052019164,4,0.0,2021,<30,4+,2019-25
00-0035662,Marquise Brown,WR,11.53125,16,184.5,16.0,24.268309377138944,0,1.0,2021,<30,0,2019-25
00-0034411,Russell Gage,WR,11.41,16,182.56,13.0,25.634496919917865,0,4.0,2021,<30,0,2019-25
00-0031941,Jamison Crowder,WR,14.71,12,176.52,12.0,28.23271731690623,4,5.0,2021,<30,4+,2019-25
00-0034764,Michael Gallup,WR,11.01875,16,176.3,9.0,25.519507186858316,0,8.0,2021,<30,0,2019-25
00-0031547,DeVante Parker,WR,12.200000000000001,14,170.8,9.0,28.637919233401778,2,8.0,2021,<30,1-3,2019-25
00-0027685,Emmanuel Sanders,WR,11.87857142857143,14,166.3,14.0,34.48596851471595,2,3.0,2021,30+,1-3,2019-25
00-0033375,Tim Patrick,WR,11.046666666666669,15,165.70000000000002,16.0,27.797399041752225,1,1.0,2021,<30,1-3,2019-25
00-0029608,T.Y. Hilton,WR,11.046666666666669,15,165.70000000000002,10.0,31.822039698836413,1,7.0,2021,30+,1-3,2019-25
00-0032385,Sterling Shepard,WR,13.666666666666666,12,164.0,7.0,28.580424366872005,4,10.0,2021,<30,4+,2019-25
00-0036407,Jerry Jeudy,WR,10.0375,16,160.6,10.0,22.38193018480493,0,7.0,2021,<30,0,2019-25
00-0036268,Laviska Shenault Jr.,WR,11.221428571428572,14,157.1,16.0,22.93223819301848,2,1.0,2021,<30,1-3,2019-25
00-0033681,Keelan Cole,WR,9.80625,16,156.9,14.0,28.39151266255989,0,3.0,2021,<30,0,2019-25
00-0033536,Mike Williams,WR,11.192857142857141,14,156.7,16.0,26.934976043805612,2,1.0,2021,<30,1-3,2019-25
00-0034777,DJ Chark,WR,11.930769230769231,13,155.1,3.0,24.9637234770705,3,14.0,2021,<30,1-3,2019-25
00-0036309,Darnell Mooney,WR,9.50625,16,152.1,17.0,23.865845311430526,0,0.0,2021,<30,0,2019-25
00-0027944,Julio Jones,WR,16.733333333333334,9,150.60000000000002,10.0,32.58590006844627,7,7.0,2021,30+,4+,2019-25
00-0034775,Christian Kirk,WR,10.564285714285715,14,147.9,17.0,24.810403832991103,2,0.0,2021,<30,1-3,2019-25
00-0034960,Jakobi Meyers,WR,12.126666666666667,12,145.52,16.0,24.83504449007529,4,1.0,2021,<30,4+,2019-25
00-0035535,Darius Slayton,WR,9.0,16,144.0,13.0,24.659822039698838,0,4.0,2021,<30,0,2019-25
00-0034272,Marquez Valdes-Scantling,WR,9.914285714285715,14,138.8,11.0,26.91854893908282,2,6.0,2021,<30,1-3,2019-25
00-0036196,Gabe Davis,WR,8.65,16,138.4,15.0,22.529774127310063,0,2.0,2021,<30,0,2019-25
00-0033251,Zach Pascal,WR,8.55625,16,136.9,16.0,26.729637234770706,0,1.0,2021,<30,0,2019-25
00-0033733,Greg Ward,WR,8.31875,16,133.1,10.0,26.16563997262149,0,7.0,2021,<30,0,2019-25
00-0034983,Hunter Renfrow,WR,8.225,16,131.6,17.0,25.72210814510609,0,0.0,2021,<30,0,2019-25
00-0035140,Mecole Hardman,WR,8.13125,16,130.1,17.0,23.498973305954827,0,0.0,2021,<30,0,2019-25
00-0033307,Kendrick Bourne,WR,8.646666666666668,15,129.70000000000002,17.0,26.102669404517453,1,0.0,2021,<30,1-3,2019-25
00-0033943,Josh Reynolds,WR,7.89375,16,126.3,11.0,26.56536618754278,0,6.0,2021,<30,0,2019-25
00-0032977,Rashard Higgins,WR,10.200000000000001,12,122.4,12.0,26.926762491444215,4,5.0,2021,<30,4+,2019-25
00-0033589,David Moore,WR,7.425000000000001,16,118.80000000000001,2.0,26.652977412731005,0,15.0,2021,<30,0,2019-25
00-0027793,Antonio Brown,WR,14.825,8,118.6,7.0,33.16906228610541,8,10.0,2021,30+,4+,2019-25
00-0035592,Travis Fulgham,WR,9.783333333333333,12,117.4,0.0,25.99315537303217,4,17.0,2021,<30,4+,2019-25
00-0031868,Damiere Byrd,WR,7.760000000000001,15,116.4,11.0,28.618754277891856,1,6.0,2021,<30,1-3,2019-25
00-0027942,A.J. Green,WR,6.956250000000001,16,111.30000000000001,16.0,33.111567419575636,0,1.0,2021,30+,0,2019-25
00-0034353,Anthony Miller,WR,6.79375,16,108.7,3.0,26.921286789869953,0,14.0,2021,<30,0,2019-25
00-0032775,Demarcus Robinson,WR,7.173333333333334,15,107.60000000000001,14.0,26.97056810403833,1,3.0,2021,<30,1-3,2019-25
00-0030506,Travis Kelce,TE,21.450666666666667,15,321.76,16.0,31.9315537303217,1,1.0,2021,all,1-3,2019-25
00-0031610,Darren Waller,TE,18.2875,16,292.6,11.0,28.99110198494182,0,6.0,2021,all,0,2019-25
00-0031260,Logan Thomas,TE,11.1325,16,178.12,5.0,30.195756331279945,0,12.0,2021,all,0,2019-25
00-0033757,Robert Tonyan,TE,11.773333333333333,15,176.6,8.0,27.364818617385353,1,9.0,2021,all,1-3,2019-25
00-0035229,T.J. Hockenson,TE,10.95625,16,175.3,12.0,24.188911704312115,0,5.0,2021,all,0,2019-25
00-0034753,Mark Andrews,TE,12.150000000000002,14,170.10000000000002,17.0,26.012320328542096,2,0.0,2021,all,1-3,2019-25
00-0034829,Mike Gesicki,TE,10.72,15,160.8,17.0,25.93839835728953,1,0.0,2021,all,1-3,2019-25
00-0033357,Taysom Hill,TE,9.78875,16,156.62,12.0,31.04996577686516,0,5.0,2021,all,0,2019-25
00-0027656,Rob Gronkowski,TE,9.425,16,150.8,12.0,32.32580424366872,0,5.0,2021,all,0,2019-25
00-0035644,Noah Fant,TE,10.664285714285715,14,149.3,16.0,23.805612594113622,2,1.0,2021,all,1-3,2019-25
00-0034830,Hayden Hurst,TE,9.31875,16,149.1,12.0,28.046543463381244,0,5.0,2021,all,0,2019-25
00-0034383,Dalton Schultz,TE,9.15625,16,146.5,17.0,25.166324435318277,0,0.0,2021,all,0,2019-25
00-0033090,Hunter Henry,TE,10.37857142857143,14,145.3,16.0,26.759753593429156,2,1.0,2021,all,1-3,2019-25
00-0027696,Jimmy Graham,TE,8.975,16,143.6,11.0,34.795345653661876,0,6.0,2021,all,0,2019-25
00-0033881,Evan Engram,TE,8.90625,16,142.5,15.0,27.02258726899384,0,2.0,2021,all,0,2019-25
00-0031387,Eric Ebron,TE,9.453333333333335,15,141.8,8.0,28.418891170431213,1,9.0,2021,all,1-3,2019-25
00-0033858,Jonnu Smith,TE,10.014285714285714,14,140.2,16.0,26.053388090349078,2,1.0,2021,all,1-3,2019-25
00-0033110,Tyler Higbee,TE,8.546666666666665,15,128.2,15.0,28.689938398357288,1,2.0,2021,all,1-3,2019-25
00-0033288,George Kittle,TE,16.0125,8,128.1,14.0,27.920602327173167,8,3.0,2021,all,4+,2019-25
00-0027061,Jared Cook,TE,8.493333333333334,15,127.4,16.0,34.42847364818618,1,1.0,2021,all,1-3,2019-25
00-0034351,Dallas Goedert,TE,10.718181818181819,11,117.9,15.0,26.68583162217659,5,2.0,2021,all,4+,2019-25
00-0032392,Austin Hooper,TE,8.73076923076923,13,113.5,15.0,26.86652977412731,3,2.0,2021,all,1-3,2019-25
00-0034970,Irv Smith,TE,7.576923076923077,13,98.5,0.0,23.08829568788501,3,17.0,2021,all,1-3,2019-25
00-0034011,Dan Arnold,TE,6.453333333333333,15,96.8,11.0,26.491444216290212,1,6.0,2021,all,1-3,2019-25
00-0034857,Josh Allen,QB,25.75375,16,412.06,17.0,25.305954825462013,0,0.0,2021,all,0,2019-25
00-0033873,Patrick Mahomes,QB,26.026666666666667,15,390.40000000000003,17.0,25.982203969883642,1,0.0,2021,all,1-3,2019-25
00-0035228,Kyler Murray,QB,24.35875,16,389.74,14.0,24.093086926762492,0,3.0,2021,all,0,2019-25
00-0023459,Aaron Rodgers,QB,23.95375,16,383.26,16.0,37.7741273100616,0,1.0,2021,all,0,2019-25
00-0029263,Russell Wilson,QB,22.48625,16,359.78,14.0,32.780287474332646,0,3.0,2021,all,0,2019-25
00-0029701,Ryan Tannehill,QB,21.5225,16,344.36,17.0,33.12251882272416,0,0.0,2021,all,0,2019-25
00-0034796,Lamar Jackson,QB,22.585333333333335,15,338.78000000000003,12.0,24.673511293634498,1,5.0,2021,all,1-3,2019-25
00-0019596,Tom Brady,QB,21.12,16,337.92,17.0,44.10403832991102,0,0.0,2021,all,0,2019-25
00-0036355,Justin Herbert,QB,22.189333333333334,15,332.84000000000003,17.0,23.50444900752909,1,0.0,2021,all,1-3,2019-25
00-0029604,Kirk Cousins,QB,19.6375,16,314.2,16.0,33.059548254620125,0,1.0,2021,all,0,2019-25
00-0026143,Matt Ryan,QB,18.1525,16,290.44,17.0,36.31759069130732,0,0.0,2021,all,0,2019-25
00-0031280,Derek Carr,QB,17.0075,16,272.12,17.0,30.455852156057496,0,0.0,2021,all,0,2019-25
00-0026498,Matthew Stafford,QB,16.785,16,268.56,17.0,33.59069130732375,0,0.0,2021,all,0,2019-25
00-0022924,Ben Roethlisberger,QB,17.814666666666668,15,267.22,16.0,39.526351813826146,1,1.0,2021,all,1-3,2019-25
00-0027939,Cam Newton,QB,17.398666666666667,15,260.98,7.0,32.33401779603012,1,10.0,2021,all,1-3,2019-25
00-0034855,Baker Mayfield,QB,15.53875,16,248.62,14.0,26.409308692676248,0,3.0,2021,all,0,2019-25
00-0031237,Teddy Bridgewater,QB,16.081333333333333,15,241.22,14.0,28.83230663928816,1,3.0,2021,all,1-3,2019-25
00-0033106,Jared Goff,QB,15.998666666666667,15,239.98,14.0,26.90759753593429,1,3.0,2021,all,1-3,2019-25
00-0032950,Carson Wentz,QB,16.533333333333335,12,198.4,17.0,28.695414099931554,4,0.0,2021,all,4+,2019-25
00-0036442,Joe Burrow,QB,18.172,10,181.72,16.0,24.750171115674195,6,1.0,2021,all,4+,2019-25
00-0035704,Drew Lock,QB,13.947692307692307,13,181.32,6.0,24.83230663928816,3,11.0,2021,all,1-3,2019-25
00-0036223,Jonathan Taylor,RB,23.8,17,404.6,11.0,23.641341546885695,0,6.0,2022,<27,0,2019-25
00-0033699,Austin Ekeler,RB,21.675,16,346.8,17.0,27.318275154004105,1,0.0,2022,27-28,1-3,2019-25
00-0036893,Najee Harris,RB,18.305882352941175,17,311.2,17.0,24.50650239561944,0,0.0,2022,<27,0,2019-25
00-0033897,Joe Mixon,RB,18.556250000000002,16,296.90000000000003,14.0,26.130047912388775,1,3.0,2022,<27,1-3,2019-25
00-0033856,Leonard Fournette,RB,18.685714285714287,14,261.6,16.0,27.644079397672826,3,1.0,2022,27-28,1-3,2019-25
00-0033045,Ezekiel Elliott,RB,15.18,17,258.06,15.0,27.137577002053387,0,2.0,2022,27-28,0,2019-25
00-0033553,James Conner,RB,17.18,15,257.7,13.0,27.351129363449694,2,4.0,2022,27-28,1-3,2019-25
00-0033906,Alvin Kamara,RB,18.861538461538462,13,245.20000000000002,15.0,27.129363449691994,4,2.0,2022,27-28,4+,2019-25
00-0030578,Cordarrelle Patterson,RB,14.94375,16,239.1,13.0,31.485284052019164,1,4.0,2022,29+,1-3,2019-25
00-0036328,Antonio Gibson,RB,14.69375,16,235.1,15.0,24.216290212183434,1,2.0,2022,<27,1-3,2019-25
00-0035700,Josh Jacobs,RB,15.466666666666667,15,232.0,17.0,24.577686516084874,2,0.0,2022,<27,1-3,2019-25
00-0033293,Aaron Jones,RB,15.466666666666667,15,232.0,17.0,27.772758384668034,2,0.0,2022,27-28,1-3,2019-25
00-0034791,Nick Chubb,RB,16.45,14,230.3,17.0,26.704996577686515,3,0.0,2022,<27,1-3,2019-25
00-0035657,Damien Harris,RB,15.006666666666666,15,225.1,11.0,25.57700205338809,2,6.0,2022,<27,1-3,2019-25
00-0033893,Dalvin Cook,RB,17.176923076923078,13,223.3,17.0,27.085557837097877,4,0.0,2022,27-28,4+,2019-25
00-0036275,D'Andre Swift,RB,16.53076923076923,13,214.9,14.0,23.655030800821354,4,3.0,2022,<27,4+,2019-25
00-0036997,Javonte Williams,RB,12.405882352941177,17,210.9,4.0,22.376454483230663,0,13.0,2022,<27,0,2019-25
00-0032764,Derrick Henry,RB,26.0375,8,208.3,16.0,28.681724845995895,9,1.0,2022,27-28,4+,2019-25
00-0032144,Melvin Gordon,RB,12.75625,16,204.1,10.0,29.409993155373034,1,7.0,2022,29+,1-3,2019-25
00-0035685,David Montgomery,RB,15.461538461538462,13,201.0,16.0,25.259411362080765,4,1.0,2022,<27,4+,2019-25
00-0035250,Devin Singletary,RB,11.811764705882354,17,200.8,16.0,25.018480492813143,0,1.0,2022,<27,0,2019-25
00-0034301,Darrel Williams,RB,11.617647058823529,17,197.5,5.0,27.405886379192335,0,12.0,2022,27-28,0,2019-25
00-0036265,AJ Dillon,RB,10.917647058823531,17,185.60000000000002,17.0,24.358658453114305,0,0.0,2022,<27,0,2019-25
00-0036567,Elijah Mitchell,RB,16.363636363636363,11,180.0,5.0,24.358658453114305,6,12.0,2022,<27,4+,2019-25
00-0035831,James Robinson,RB,12.635714285714286,14,176.9,11.0,24.087611225188226,3,6.0,2022,<27,1-3,2019-25
00-0035311,Myles Gaskin,RB,10.211764705882352,17,173.6,2.0,25.56605065023956,0,15.0,2022,<27,0,2019-25
00-0035261,Tony Pollard,RB,11.04,15,165.6,16.0,25.363449691991786,2,1.0,2022,<27,1-3,2019-25
00-0035664,Darrell Henderson,RB,13.616666666666667,12,163.4,10.0,25.059548254620122,5,7.0,2022,<27,4+,2019-25
00-0036924,Michael Carter,RB,11.242857142857144,14,157.4,16.0,23.345653661875428,3,1.0,2022,<27,1-3,2019-25
00-0034845,Sony Michel,RB,8.958823529411765,17,152.3,10.0,27.561943874058862,0,7.0,2022,27-28,0,2019-25
00-0034844,Saquon Barkley,RB,11.661538461538461,13,151.6,16.0,25.582477754962355,4,1.0,2022,<27,4+,2019-25
00-0031285,Devonta Freeman,RB,9.1625,16,146.6,0.0,30.48870636550308,1,17.0,2022,29+,1-3,2019-25
00-0034681,Chase Edmonds,RB,12.191666666666668,12,146.3,13.0,26.409308692676248,5,4.0,2022,<27,4+,2019-25
00-0032972,Devontae Booker,RB,9.00625,16,144.1,0.0,30.288843258042437,1,17.0,2022,29+,1-3,2019-25
00-0036555,Chuba Hubbard,RB,8.7875,16,140.6,14.0,23.249828884325805,1,3.0,2022,<27,1-3,2019-25
00-0032063,Mike Davis,RB,8.129411764705884,17,138.20000000000002,5.0,29.555099247091032,0,12.0,2022,29+,0,2019-25
00-0034750,Rashaad Penny,RB,13.37,10,133.7,5.0,26.60369609856263,7,12.0,2022,<27,4+,2019-25
00-0034972,Alexander Mattison,RB,8.24375,16,131.9,17.0,24.227241615331966,1,0.0,2022,<27,1-3,2019-25
00-0032602,J.D. McKissic,RB,11.627272727272727,11,127.9,8.0,29.07049965776865,6,9.0,2022,29+,4+,2019-25
00-0033280,Christian McCaffrey,RB,18.214285714285715,7,127.5,17.0,26.258726899383984,10,0.0,2022,<27,4+,2019-25
00-0029239,Brandon Bolden,RB,7.7562500000000005,16,124.10000000000001,13.0,32.62149212867899,1,4.0,2022,29+,1-3,2019-25
00-0036360,Clyde Edwards-Helaire,RB,12.360000000000001,10,123.60000000000001,10.0,23.416837782340863,7,7.0,2022,<27,4+,2019-25
00-0036919,Kenny Gainwell,RB,7.7124999999999995,16,123.39999999999999,17.0,23.49349760438056,1,0.0,2022,<27,1-3,2019-25
00-0035243,Miles Sanders,RB,10.266666666666667,12,123.2,17.0,25.360711841204655,5,0.0,2022,<27,4+,2019-25
00-0036875,Rhamondre Stevenson,RB,10.075000000000001,12,120.9,17.0,24.54483230663929,5,0.0,2022,<27,4+,2019-25
00-0033948,Jamaal Williams,RB,9.215384615384615,13,119.8,17.0,27.43874058863792,4,0.0,2022,27-28,4+,2019-25
00-0035537,Ty Johnson,RB,7.8,15,117.0,12.0,24.980150581793293,2,5.0,2022,<27,1-3,2019-25
00-0034367,Nyheim Hines,RB,6.858823529411764,17,116.6,16.0,25.82614647501711,0,1.0,2022,<27,0,2019-25
00-0035628,D'Ernest Johnson,RB,8.46923076923077,13,110.1,9.0,26.535249828884325,4,8.0,2022,<27,4+,2019-25
00-0033923,Kareem Hunt,RB,13.75,8,110.0,17.0,27.096509240246405,9,0.0,2022,27-28,4+,2019-25
00-0027966,Mark Ingram,RB,7.757142857142858,14,108.60000000000001,10.0,32.720054757015745,3,7.0,2022,29+,1-3,2019-25
00-0030288,Rex Burkhead,RB,7.153333333333333,15,107.3,15.0,32.19164955509925,2,2.0,2022,29+,1-3,2019-25
00-0030513,Latavius Murray,RB,7.614285714285715,14,106.60000000000001,13.0,32.643394934976044,3,4.0,2022,29+,1-3,2019-25
00-0036251,Zack Moss,RB,8.092307692307692,13,105.2,13.0,24.736481861738536,4,4.0,2022,<27,4+,2019-25
00-0033925,D'Onta Foreman,RB,11.433333333333334,9,102.9,16.0,26.379192334017795,8,1.0,2022,<27,4+,2019-25
00-0033118,Kenyan Drake,RB,8.541666666666666,12,102.5,12.0,28.621492128678987,5,5.0,2022,27-28,4+,2019-25
00-0034414,Boston Scott,RB,8.963636363636363,11,98.6,15.0,27.37303216974675,6,2.0,2022,27-28,4+,2019-25
00-0032104,Ameer Abdullah,RB,5.264705882352941,17,89.5,16.0,29.242984257357975,0,1.0,2022,29+,0,2019-25
00-0034440,Justin Jackson,RB,6.157142857142858,14,86.20000000000002,15.0,26.38466803559206,3,2.0,2022,<27,1-3,2019-25
00-0033526,Samaje Perine,RB,5.546666666666667,15,83.2,16.0,26.98425735797399,2,1.0,2022,<27,1-3,2019-25
00-0036906,Khalil Herbert,RB,5.11875,16,81.9,13.0,24.38877481177276,1,4.0,2022,<27,1-3,2019-25
00-0032187,David Johnson,RB,6.253846153846154,13,81.3,4.0,30.73511293634497,4,13.0,2022,29+,4+,2019-25
00-0034816,Ronald Jones,RB,5.28,15,79.2,5.0,25.10335386721424,2,12.0,2022,<27,1-3,2019-25
00-0034253,Dontrell Hilliard,RB,9.4625,8,75.7,12.0,27.537303216974674,9,5.0,2022,27-28,4+,2019-25
00-0033955,Jeremy McNichols,RB,5.661538461538462,13,73.60000000000001,0.0,26.70773442847365,4,17.0,2022,<27,4+,2019-25
00-0032426,Alex Collins,RB,6.527272727272727,11,71.8,0.0,28.041067761806982,6,17.0,2022,27-28,4+,2019-25
00-0032780,Jordan Howard,RB,8.928571428571429,7,62.5,1.0,27.854893908281998,10,16.0,2022,27-28,4+,2019-25
00-0035594,Travis Homer,RB,4.414285714285714,14,61.8,10.0,24.093086926762492,3,7.0,2022,<27,1-3,2019-25
00-0030874,Damien Williams,RB,5.058333333333333,12,60.699999999999996,1.0,30.43668720054757,5,16.0,2022,29+,4+,2019-25
00-0036425,DeeJay Dallas,RB,3.5352941176470587,17,60.1,15.0,23.983572895277206,0,2.0,2022,<27,0,2019-25
00-0033908,Cooper Kupp,WR,26.823529411764707,17,456.0,9.0,29.23750855578371,0,8.0,2022,<30,0,2019-25
00-0031381,Davante Adams,WR,22.675,16,362.8,17.0,29.711156741957563,1,0.0,2022,<30,1-3,2019-25
00-0035719,Deebo Samuel Sr.,WR,21.653750000000002,16,346.46000000000004,13.0,26.652977412731005,1,4.0,2022,<30,1-3,2019-25
00-0036322,Justin Jefferson,WR,20.052941176470586,17,340.9,17.0,23.236139630390145,0,0.0,2022,<30,0,2019-25
00-0036900,Ja'Marr Chase,WR,19.123529411764707,17,325.1,12.0,22.527036276522928,0,5.0,2022,<30,0,2019-25
00-0033040,Tyreek Hill,WR,17.705882352941178,17,301.0,17.0,28.528405201916495,0,0.0,2022,<30,0,2019-25
00-0031588,Stefon Diggs,WR,16.970588235294116,17,288.5,16.0,28.78028747433265,0,1.0,2022,<30,0,2019-25
00-0035216,Diontae Johnson,WR,17.431250000000002,16,278.90000000000003,17.0,26.182067077344286,1,0.0,2022,<30,1-3,2019-25
00-0031408,Mike Evans,WR,16.59375,16,265.5,15.0,29.05407255304586,1,2.0,2022,<30,1-3,2019-25
00-0030279,Keenan Allen,WR,16.4875,16,263.8,10.0,30.3709787816564,1,7.0,2022,30+,1-3,2019-25
00-0034983,Hunter Renfrow,WR,15.505882352941178,17,263.6,10.0,26.72142368240931,0,7.0,2022,<30,0,2019-25
00-0033536,Mike Williams,WR,15.787500000000001,16,252.60000000000002,13.0,27.93429158110883,1,4.0,2022,<30,1-3,2019-25
00-0033921,Chris Godwin Jr.,WR,17.85,14,249.9,15.0,26.535249828884325,3,2.0,2022,<30,1-3,2019-25
00-0036613,Jaylen Waddle,WR,15.58125,16,249.3,17.0,23.79192334017796,1,0.0,2022,<30,1-3,2019-25
00-0032211,Tyler Lockett,WR,15.55625,16,248.9,16.0,29.949349760438057,1,1.0,2022,<30,1-3,2019-25
00-0035640,DK Metcalf,WR,14.458823529411765,17,245.8,17.0,24.739219712525667,0,0.0,2022,<30,0,2019-25
00-0034827,DJ Moore,WR,14.235294117647058,17,242.0,17.0,25.4072553045859,0,0.0,2022,<30,0,2019-25
00-0036252,Michael Pittman,WR,14.211764705882352,17,241.6,16.0,24.930869267624914,0,1.0,2022,<30,0,2019-25
00-0031236,Brandin Cooks,WR,14.8625,16,237.8,13.0,28.958247775496236,1,4.0,2022,<30,1-3,2019-25
00-0036358,CeeDee Lamb,WR,14.83125,16,237.3,17.0,23.42505133470226,1,0.0,2022,<30,1-3,2019-25
00-0035662,Marquise Brown,WR,14.55,16,232.8,12.0,25.267624914442163,1,5.0,2022,<30,1-3,2019-25
00-0036963,Amon-Ra St. Brown,WR,14.39375,16,230.3,16.0,22.88021902806297,1,1.0,2022,<30,1-3,2019-25
00-0036309,Darnell Mooney,WR,13.276470588235295,17,225.70000000000002,11.0,24.865160848733744,0,6.0,2022,<30,0,2019-25
00-0036410,Tee Higgins,WR,16.07857142857143,14,225.1,14.0,23.644079397672826,3,3.0,2022,<30,1-3,2019-25
00-0035659,Terry McLaurin,WR,12.911764705882353,17,219.5,17.0,26.986995208761122,0,0.0,2022,<30,0,2019-25
00-0034775,Christian Kirk,WR,12.301176470588235,17,209.12,17.0,25.809719370294317,0,0.0,2022,<30,0,2019-25
00-0031544,Amari Cooper,WR,13.7,15,205.5,17.0,28.23271731690623,2,0.0,2022,<30,1-3,2019-25
00-0030035,Adam Thielen,WR,15.484615384615385,13,201.3,17.0,32.05201916495551,4,0.0,2022,30+,4+,2019-25
00-0036912,DeVonta Smith,WR,11.094117647058823,17,188.6,17.0,23.822039698836413,0,0.0,2022,<30,0,2019-25
00-0034960,Jakobi Meyers,WR,11.64375,16,186.3,14.0,25.83436002737851,1,3.0,2022,<30,1-3,2019-25
00-0035676,A.J. Brown,WR,14.261538461538462,13,185.4,17.0,25.196440793976727,4,0.0,2022,<30,4+,2019-25
00-0033009,Tyler Boyd,WR,11.58375,16,185.34,16.0,27.81930184804928,1,1.0,2022,<30,1-3,2019-25
00-0029293,Marvin Jones,WR,10.688235294117646,17,181.7,16.0,32.498288843258045,0,1.0,2022,30+,0,2019-25
00-0033307,Kendrick Bourne,WR,10.617647058823529,17,180.5,16.0,27.10198494182067,0,1.0,2022,<30,0,2019-25
00-0036261,Brandon Aiyuk,WR,10.105882352941178,17,171.8,17.0,24.484599589322382,0,0.0,2022,<30,0,2019-25
00-0036415,Van Jefferson,WR,9.894117647058824,17,168.20000000000002,10.0,26.12457221081451,0,7.0,2022,<30,0,2019-25
00-0036326,Chase Claypool,WR,11.206666666666667,15,168.1,15.0,24.177960301163587,2,2.0,2022,<30,1-3,2019-25
00-0034411,Russell Gage,WR,12.76923076923077,13,166.0,13.0,26.633812457221083,4,4.0,2022,<30,4+,2019-25
00-0029000,Cole Beasley,WR,10.05,16,160.8,4.0,33.374401095140314,1,13.0,2022,30+,1-3,2019-25
00-0027942,A.J. Green,WR,9.9875,16,159.8,13.0,34.110882956878854,1,4.0,2022,30+,1-3,2019-25
00-0036345,K.J. Osborn,WR,9.323529411764707,17,158.5,17.0,25.251197809719372,0,0.0,2022,<30,0,2019-25
00-0033375,Tim Patrick,WR,9.775,16,156.4,0.0,28.79671457905544,1,17.0,2022,<30,1-3,2019-25
00-0036219,Marquez Callaway,WR,9.01764705882353,17,153.3,10.0,24.45722108145106,0,7.0,2022,<30,0,2019-25
00-0034348,Courtland Sutton,WR,9.014117647058825,17,153.24,15.0,26.91854893908282,0,2.0,2022,<30,0,2019-25
00-0034418,Cedrick Wilson Jr.,WR,10.772857142857143,14,150.82,13.0,26.806297056810404,3,4.0,2022,<30,1-3,2019-25
00-0030564,DeAndre Hopkins,WR,14.720000000000002,10,147.20000000000002,9.0,30.261464750171115,7,8.0,2022,30+,4+,2019-25
00-0034521,Allen Lazard,WR,10.178571428571429,14,142.5,15.0,26.748802190280628,3,2.0,2022,<30,1-3,2019-25
00-0035140,Mecole Hardman,WR,8.376470588235295,17,142.4,8.0,24.49828884325804,0,9.0,2022,<30,0,2019-25
00-0036980,Elijah Moore,WR,12.700000000000001,11,139.70000000000002,14.0,22.455852156057496,6,3.0,2022,<30,4+,2019-25
00-0030431,Robert Woods,WR,15.41111111111111,9,138.7,17.0,30.417522245037645,8,0.0,2022,30+,4+,2019-25
00-0032688,Robbie Chosen,WR,8.147058823529411,17,138.5,12.0,29.338809034907598,0,5.0,2022,<30,0,2019-25
00-0032464,Kalif Raymond,WR,8.4625,16,135.4,17.0,28.09034907597536,1,0.0,2022,<30,1-3,2019-25
00-0031382,Jarvis Landry,WR,11.208333333333334,12,134.5,9.0,29.782340862423,5,8.0,2022,<30,4+,2019-25
00-0027685,Emmanuel Sanders,WR,9.407142857142857,14,131.7,0.0,35.48528405201917,3,17.0,2022,30+,1-3,2019-25
00-0031235,Odell Beckham Jr.,WR,9.221428571428572,14,129.1,0.0,29.845311430527037,3,17.0,2022,<30,1-3,2019-25
00-0034297,Byron Pringle,WR,8.05,16,128.8,10.0,28.813141683778234,1,7.0,2022,<30,1-3,2019-25
00-0036196,Gabe Davis,WR,8.493333333333334,15,127.4,15.0,23.529089664613277,2,2.0,2022,<30,1-3,2019-25
00-0036268,Laviska Shenault Jr.,WR,7.9375,16,127.0,13.0,23.9315537303217,1,4.0,2022,<30,1-3,2019-25
00-0027793,Antonio Brown,WR,17.942857142857143,7,125.60000000000001,0.0,34.168377823408626,10,17.0,2022,30+,4+,2019-25
00-0034419,Braxton Berrios,WR,7.56875,16,121.1,17.0,26.92950034223135,1,0.0,2022,<30,1-3,2019-25
00-0036271,Quez Watkins,WR,6.911764705882353,17,117.5,17.0,24.254620123203285,0,0.0,2022,<30,0,2019-25
00-0035215,Deonte Harty,WR,8.853846153846153,13,115.1,4.0,24.76659822039699,4,13.0,2022,<30,4+,2019-25
00-0036936,Rondale Moore,WR,8.042857142857143,14,112.6,8.0,22.253251197809718,3,9.0,2022,<30,1-3,2019-25
00-0036233,Donovan Peoples-Jones,WR,8.553846153846154,13,111.2,17.0,23.5564681724846,4,0.0,2022,<30,4+,2019-25
00-0031941,Jamison Crowder,WR,9.141666666666667,12,109.7,4.0,29.232032854209447,5,13.0,2022,<30,4+,2019-25
00-0036182,Nick Westbrook-Ikhine,WR,7.273333333333334,15,109.10000000000001,16.0,25.472963723477072,2,1.0,2022,<30,1-3,2019-25
00-0036365,Bryan Edwards,WR,6.81875,16,109.1,4.0,23.824777549623544,1,13.0,2022,<30,1-3,2019-25
00-0033891,Zay Jones,WR,7.16,15,107.4,16.0,27.449691991786448,2,1.0,2022,<30,1-3,2019-25
00-0033871,Corey Davis,WR,11.855555555555556,9,106.7,13.0,27.66324435318275,8,4.0,2022,<30,4+,2019-25
00-0036550,Rashod Bateman,WR,8.75,12,105.0,6.0,22.781656399726216,5,11.0,2022,<30,4+,2019-25
00-0034753,Mark Andrews,TE,18.15294117647059,17,308.6,15.0,27.01163586584531,0,2.0,2022,all,0,2019-25
00-0030506,Travis Kelce,TE,16.8,16,268.8,17.0,32.930869267624914,1,0.0,2022,all,1-3,2019-25
00-0034383,Dalton Schultz,TE,12.282352941176471,17,208.8,15.0,26.16563997262149,0,2.0,2022,all,0,2019-25
00-0033288,George Kittle,TE,14.464285714285714,14,202.5,15.0,28.919917864476385,3,2.0,2022,all,1-3,2019-25
00-0036970,Kyle Pitts,TE,10.652941176470588,17,181.1,10.0,21.927446954141,0,7.0,2022,all,0,2019-25
00-0030061,Zach Ertz,TE,10.629411764705884,17,180.70000000000002,10.0,31.83299110198494,0,7.0,2022,all,0,2019-25
00-0027656,Rob Gronkowski,TE,14.641666666666666,12,175.7,0.0,33.32511978097194,5,17.0,2022,all,4+,2019-25
00-0034351,Dallas Goedert,TE,11.2,15,168.0,12.0,27.685147159479808,2,5.0,2022,all,1-3,2019-25
00-0034829,Mike Gesicki,TE,9.794117647058824,17,166.5,17.0,26.937713894592743,0,0.0,2022,all,0,2019-25
00-0035689,Dawson Knox,TE,11.04,15,165.6,15.0,25.82067077344285,2,2.0,2022,all,1-3,2019-25
00-0033090,Hunter Henry,TE,10.26875,16,164.3,16.0,27.759069130732374,1,1.0,2022,all,1-3,2019-25
00-0035644,Noah Fant,TE,9.9375,16,159.0,17.0,24.804928131416837,1,0.0,2022,all,1-3,2019-25
00-0036894,Pat Freiermuth,TE,9.48125,16,151.7,15.0,23.876796714579054,1,2.0,2022,all,1-3,2019-25
00-0033110,Tyler Higbee,TE,9.8,15,147.0,16.0,29.689253935660506,2,1.0,2022,all,1-3,2019-25
00-0035229,T.J. Hockenson,TE,12.108333333333334,12,145.3,17.0,25.188227241615333,5,0.0,2022,all,4+,2019-25
00-0034270,Tyler Conklin,TE,8.13529411764706,17,138.3,17.0,27.11567419575633,0,0.0,2022,all,0,2019-25
00-0031610,Darren Waller,TE,12.409090909090908,11,136.5,8.0,29.99041752224504,6,9.0,2022,all,4+,2019-25
00-0027061,Jared Cook,TE,8.275,16,132.4,0.0,35.42778918548939,1,17.0,2022,all,1-3,2019-25
00-0032134,C.J. Uzomah,TE,8.01875,16,128.3,14.0,29.65366187542779,1,3.0,2022,all,1-3,2019-25
00-0033357,Taysom Hill,TE,10.393333333333334,12,124.72000000000001,16.0,32.049281314168375,5,1.0,2022,all,4+,2019-25
00-0036290,Cole Kmet,TE,7.129411764705883,17,121.2,17.0,23.50444900752909,0,0.0,2022,all,0,2019-25
00-0033895,Gerald Everett,TE,7.8533333333333335,15,117.8,15.0,28.210814510609172,2,2.0,2022,all,1-3,2019-25
00-0033885,David Njoku,TE,7.273333333333334,15,109.10000000000001,14.0,26.168377823408623,2,3.0,2022,all,1-3,2019-25
00-0033881,Evan Engram,TE,6.833333333333333,15,102.5,17.0,28.021902806297057,2,0.0,2022,all,1-3,2019-25
00-0034857,Josh Allen,QB,23.857647058823527,17,405.58,16.0,26.305270362765228,0,1.0,2022,all,0,2019-25
00-0019596,Tom Brady,QB,23.45529411764706,17,398.74,17.0,45.10335386721424,0,0.0,2022,all,0,2019-25
00-0036355,Justin Herbert,QB,22.39764705882353,17,380.76,17.0,24.503764544832308,0,0.0,2022,all,0,2019-25
00-0033873,Patrick Mahomes,QB,22.215294117647062,17,377.66,17.0,26.981519507186857,0,0.0,2022,all,0,2019-25
00-0036442,Joe Burrow,QB,21.14,16,338.24,16.0,25.749486652977414,1,1.0,2022,all,1-3,2019-25
00-0033077,Dak Prescott,QB,21.035,16,336.56,12.0,29.117043121149898,1,5.0,2022,all,1-3,2019-25
00-0023459,Aaron Rodgers,QB,20.83125,16,333.3,17.0,38.77344284736482,1,0.0,2022,all,1-3,2019-25
00-0026498,Matthew Stafford,QB,19.396470588235296,17,329.74,9.0,34.59000684462697,0,8.0,2022,all,0,2019-25
00-0036389,Jalen Hurts,QB,20.81066666666667,15,312.16,15.0,24.093086926762492,2,2.0,2022,all,1-3,2019-25
00-0035228,Kyler Murray,QB,22.034285714285716,14,308.48,11.0,25.09240246406571,3,6.0,2022,all,1-3,2019-25
00-0029604,Kirk Cousins,QB,18.77125,16,300.34,17.0,34.05886379192334,1,0.0,2022,all,1-3,2019-25
00-0029701,Ryan Tannehill,QB,15.785882352941178,17,268.36,12.0,34.12183436002738,0,5.0,2022,all,0,2019-25
00-0032950,Carson Wentz,QB,15.648235294117649,17,266.02000000000004,8.0,29.694729637234772,0,9.0,2022,all,0,2019-25
00-0031280,Derek Carr,QB,15.585882352941175,17,264.96,15.0,31.45516769336071,0,2.0,2022,all,0,2019-25
00-0034796,Lamar Jackson,QB,21.165000000000003,12,253.98000000000002,12.0,25.672826830937716,5,5.0,2022,all,4+,2019-25
00-0029263,Russell Wilson,QB,17.344285714285714,14,242.82,15.0,33.779603011635864,3,2.0,2022,all,1-3,2019-25
00-0031345,Jimmy Garoppolo,QB,15.166666666666666,15,227.5,11.0,30.855578370978783,2,6.0,2022,all,1-3,2019-25
00-0036972,Mac Jones,QB,13.231764705882354,17,224.94,14.0,24.01368925393566,0,3.0,2022,all,0,2019-25
00-0026143,Matt Ryan,QB,13.112941176470587,17,222.92,12.0,37.31690622861054,0,5.0,2022,all,0,2019-25
00-0031800,Taylor Heinicke,QB,13.92875,16,222.86,9.0,29.489390828199863,1,8.0,2022,all,1-3,2019-25
00-0031237,Teddy Bridgewater,QB,14.477142857142857,14,202.68,5.0,29.831622176591377,3,12.0,2022,all,1-3,2019-25
00-0036971,Trevor Lawrence,QB,11.708235294117648,17,199.04000000000002,17.0,22.92950034223135,0,0.0,2022,all,0,2019-25
00-0033106,Jared Goff,QB,13.892857142857142,14,194.5,17.0,27.906913073237508,3,0.0,2022,all,1-3,2019-25
00-0033699,Austin Ekeler,RB,22.276470588235295,17,378.7,14.0,28.317590691307323,0,3.0,2023,27-28,0,2019-25
00-0033280,Christian McCaffrey,RB,21.84470588235294,17,371.36,16.0,27.2580424366872,0,1.0,2023,27-28,0,2019-25
00-0035700,Josh Jacobs,RB,20.66470588235294,17,351.3,13.0,25.57700205338809,0,4.0,2023,<27,0,2019-25
00-0032764,Derrick Henry,RB,20.9225,16,334.76,17.0,29.68104038329911,1,0.0,2023,29+,1-3,2019-25
00-0034791,Nick Chubb,RB,17.788235294117648,17,302.40000000000003,2.0,27.704312114989733,0,15.0,2023,27-28,0,2019-25
00-0034844,Saquon Barkley,RB,18.5,16,296.0,14.0,26.581793292265573,1,3.0,2023,<27,1-3,2019-25
00-0033293,Aaron Jones,RB,15.505882352941178,17,263.6,11.0,28.772073921971252,0,6.0,2023,27-28,0,2019-25
00-0035261,Tony Pollard,RB,16.20625,16,259.3,17.0,26.362765229295004,1,0.0,2023,<27,1-3,2019-25
00-0036875,Rhamondre Stevenson,RB,15.005882352941176,17,255.1,12.0,25.544147843942504,0,5.0,2023,<27,0,2019-25
00-0033893,Dalvin Cook,RB,14.341176470588236,17,243.8,14.0,28.084873374401095,0,3.0,2023,27-28,0,2019-25
00-0033897,Joe Mixon,RB,17.321428571428573,14,242.5,17.0,27.129363449691994,3,0.0,2023,27-28,1-3,2019-25
00-0033948,Jamaal Williams,RB,13.641176470588235,17,231.9,13.0,28.438056125941138,0,4.0,2023,27-28,0,2019-25
00-0033856,Leonard Fournette,RB,14.31875,16,229.1,2.0,28.643394934976044,1,15.0,2023,27-28,1-3,2019-25
00-0036893,Najee Harris,RB,13.438823529411765,17,228.46,17.0,25.505817932922657,0,0.0,2023,<27,0,2019-25
00-0035243,Miles Sanders,RB,13.276470588235293,17,225.7,16.0,26.360027378507873,0,1.0,2023,<27,0,2019-25
00-0036973,Travis Etienne,RB,12.947058823529412,17,220.1,17.0,24.621492128678987,0,0.0,2023,<27,0,2019-25
00-0033906,Alvin Kamara,RB,14.513333333333332,15,217.7,13.0,28.128678986995208,2,4.0,2023,27-28,1-3,2019-25
00-0038134,Kenneth Walker III,RB,14.5,15,217.5,15.0,22.888432580424368,2,2.0,2023,<27,1-3,2019-25
00-0033553,James Conner,RB,15.63076923076923,13,203.2,13.0,28.35044490075291,4,4.0,2023,27-28,4+,2019-25
00-0031376,Jerick McKinnon,RB,11.63529411764706,17,197.8,12.0,31.353867214236825,0,5.0,2023,29+,0,2019-25
00-0036275,D'Andre Swift,RB,13.864285714285716,14,194.10000000000002,16.0,24.654346338124572,3,1.0,2023,<27,1-3,2019-25
00-0033045,Ezekiel Elliott,RB,12.386666666666667,15,185.8,17.0,28.136892539356605,2,0.0,2023,27-28,1-3,2019-25
00-0035250,Devin Singletary,RB,11.30625,16,180.9,17.0,26.017796030116358,1,0.0,2023,<27,1-3,2019-25
00-0035685,David Montgomery,RB,11.293750000000001,16,180.70000000000002,14.0,26.258726899383984,1,3.0,2023,<27,1-3,2019-25
00-0031687,Raheem Mostert,RB,10.89375,16,174.3,15.0,31.419575633127995,1,2.0,2023,29+,1-3,2019-25
00-0037258,Dameon Pierce,RB,13.261538461538462,13,172.4,14.0,23.5564681724846,4,3.0,2023,<27,4+,2019-25
00-0036265,AJ Dillon,RB,9.858823529411765,17,167.60000000000002,15.0,25.357973990417523,0,2.0,2023,<27,0,2019-25
00-0036328,Antonio Gibson,RB,11.06,15,165.9,16.0,25.215605749486652,2,1.0,2023,<27,1-3,2019-25
00-0037263,Tyler Allgeier,RB,10.3375,16,165.4,17.0,23.4031485284052,1,0.0,2023,<27,1-3,2019-25
00-0034115,Jeff Wilson,RB,10.28125,16,164.5,9.0,27.81656399726215,1,8.0,2023,27-28,1-3,2019-25
00-0030578,Cordarrelle Patterson,RB,12.36153846153846,13,160.7,12.0,32.48459958932238,4,5.0,2023,29+,4+,2019-25
00-0030513,Latavius Murray,RB,12.323076923076922,13,160.2,15.0,33.64271047227926,4,2.0,2023,29+,4+,2019-25
00-0036223,Jonathan Taylor,RB,13.854545454545455,11,152.4,10.0,24.640657084188913,6,7.0,2023,<27,4+,2019-25
00-0036414,Cam Akers,RB,10.020000000000001,15,150.3,7.0,24.21902806297057,2,10.0,2023,<27,1-3,2019-25
00-0033925,D'Onta Foreman,RB,9.125,16,146.0,9.0,27.378507871321013,1,8.0,2023,27-28,1-3,2019-25
00-0033526,Samaje Perine,RB,9.06875,16,145.1,17.0,27.983572895277206,1,0.0,2023,27-28,1-3,2019-25
00-0037256,Rachaad White,RB,8.476470588235294,17,144.1,17.0,24.659822039698838,0,0.0,2023,<27,0,2019-25
00-0037197,Isiah Pacheco,RB,8.117647058823529,17,138.0,14.0,24.525667351129364,0,3.0,2023,<27,0,2019-25
00-0033923,Kareem Hunt,RB,7.458823529411765,17,126.8,15.0,28.095824777549623,0,2.0,2023,27-28,0,2019-25
00-0036924,Michael Carter,RB,7.875,16,126.0,15.0,24.344969199178646,1,2.0,2023,<27,1-3,2019-25
00-0036906,Khalil Herbert,RB,9.292307692307693,13,120.80000000000001,12.0,25.388090349075977,4,5.0,2023,<27,4+,2019-25
00-0038120,Breece Hall,RB,17.085714285714285,7,119.60000000000001,17.0,22.27789185489391,10,0.0,2023,<27,4+,2019-25
00-0037746,Brian Robinson,RB,9.641666666666667,12,115.7,15.0,24.470910335386723,5,2.0,2023,<27,4+,2019-25
00-0033118,Kenyan Drake,RB,8.925,12,107.10000000000001,2.0,29.620807665982205,5,15.0,2023,29+,4+,2019-25
00-0037248,James Cook,RB,6.60625,16,105.7,17.0,23.958932238193018,1,0.0,2023,<27,1-3,2019-25
00-0036360,Clyde Edwards-Helaire,RB,9.83,10,98.3,15.0,24.416153319644078,7,2.0,2023,<27,4+,2019-25
00-0037228,Jaylen Warren,RB,5.83125,16,93.3,17.0,24.856947296372347,1,0.0,2023,<27,1-3,2019-25
00-0036555,Chuba Hubbard,RB,6.621428571428572,14,92.7,17.0,24.249144421629023,3,0.0,2023,<27,1-3,2019-25
00-0035831,James Robinson,RB,8.327272727272728,11,91.60000000000001,1.0,25.086926762491444,6,16.0,2023,<27,4+,2019-25
00-0035657,Damien Harris,RB,8.263636363636364,11,90.9,6.0,26.576317590691307,6,11.0,2023,<27,4+,2019-25
00-0036383,Eno Benjamin,RB,6.892307692307693,13,89.60000000000001,0.0,24.410677618069816,4,17.0,2023,<27,4+,2019-25
00-0034972,Alexander Mattison,RB,5.2,17,88.4,16.0,25.22655715263518,0,1.0,2023,<27,0,2019-25
00-0036919,Kenny Gainwell,RB,5.170588235294118,17,87.9,16.0,24.49281314168378,0,1.0,2023,<27,0,2019-25
00-0036158,J.K. Dobbins,RB,10.9,8,87.2,1.0,24.73100616016427,9,16.0,2023,<27,4+,2019-25
00-0032144,Melvin Gordon,RB,8.71,10,87.10000000000001,4.0,30.409308692676248,7,13.0,2023,29+,4+,2019-25
00-0036493,Deon Jackson,RB,7.041666666666667,12,84.5,2.0,24.55852156057495,5,15.0,2023,<27,4+,2019-25
00-0034367,Nyheim Hines,RB,5.0875,16,81.4,0.0,26.82546201232033,1,17.0,2023,<27,1-3,2019-25
00-0034253,Dontrell Hilliard,RB,6.433333333333334,12,77.2,0.0,28.536618754277892,5,17.0,2023,27-28,4+,2019-25
00-0034681,Chase Edmonds,RB,5.707692307692308,13,74.2,13.0,27.408624229979466,4,4.0,2023,27-28,4+,2019-25
00-0035664,Darrell Henderson,RB,7.35,10,73.5,4.0,26.05886379192334,7,13.0,2023,<27,4+,2019-25
00-0030288,Rex Burkhead,RB,4.760000000000001,15,71.4,0.0,33.190965092402465,2,17.0,2023,29+,1-3,2019-25
00-0035806,JaMycal Hasty,RB,5.0,14,70.0,1.0,26.99247091033539,3,16.0,2023,<27,1-3,2019-25
00-0036251,Zack Moss,RB,5.1923076923076925,13,67.5,14.0,25.73579739904175,4,3.0,2023,<27,4+,2019-25
00-0036370,Joshua Kelley,RB,5.3999999999999995,12,64.8,17.0,25.804243668720055,5,0.0,2023,<27,4+,2019-25
00-0033308,Matt Breida,RB,3.5176470588235293,17,59.8,15.0,28.531143052703626,0,2.0,2023,27-28,0,2019-25
00-0034184,Gus Edwards,RB,6.5888888888888895,9,59.300000000000004,17.0,28.410677618069816,8,0.0,2023,27-28,4+,2019-25
00-0037157,Bam Knight,RB,8.428571428571429,7,59.0,2.0,22.414784394250514,10,15.0,2023,<27,4+,2019-25
00-0032602,J.D. McKissic,RB,6.975,8,55.8,0.0,30.069815195071868,9,17.0,2023,29+,4+,2019-25
00-0032104,Ameer Abdullah,RB,3.38125,16,54.1,16.0,30.24229979466119,1,1.0,2023,29+,1-3,2019-25
00-0034440,Justin Jackson,RB,3.4066666666666667,15,51.1,0.0,27.38398357289528,2,17.0,2023,27-28,1-3,2019-25
00-0036322,Justin Jefferson,WR,22.95058823529412,17,390.16,10.0,24.23545516769336,0,7.0,2023,<30,0,2019-25
00-0033040,Tyreek Hill,WR,20.688235294117646,17,351.7,16.0,29.527720739219713,0,1.0,2023,<30,0,2019-25
00-0031381,Davante Adams,WR,20.441176470588236,17,347.5,17.0,30.71047227926078,0,0.0,2023,30+,0,2019-25
00-0031588,Stefon Diggs,WR,20.44375,16,327.1,17.0,29.779603011635867,1,0.0,2023,<30,1-3,2019-25
00-0036358,CeeDee Lamb,WR,18.18235294117647,17,309.1,17.0,24.424366872005475,0,0.0,2023,<30,0,2019-25
00-0035676,A.J. Brown,WR,18.064705882352943,17,307.1,17.0,26.195756331279945,0,0.0,2023,<30,0,2019-25
00-0036963,Amon-Ra St. Brown,WR,17.1,16,273.6,16.0,23.87953456536619,1,1.0,2023,<30,1-3,2019-25
00-0036613,Jaylen Waddle,WR,15.776470588235293,17,268.2,14.0,24.791238877481177,0,3.0,2023,<30,0,2019-25
00-0036912,DeVonta Smith,WR,15.53529411764706,17,264.1,16.0,24.82135523613963,0,1.0,2023,<30,0,2019-25
00-0031544,Amari Cooper,WR,14.911764705882353,17,253.5,15.0,29.232032854209447,0,2.0,2023,<30,0,2019-25
00-0036900,Ja'Marr Chase,WR,20.7,12,248.4,16.0,23.526351813826146,5,1.0,2023,<30,4+,2019-25
00-0034775,Christian Kirk,WR,14.494117647058824,17,246.4,12.0,26.809034907597535,0,5.0,2023,<30,0,2019-25
00-0032211,Tyler Lockett,WR,15.2375,16,243.8,17.0,30.94866529774127,1,0.0,2023,30+,1-3,2019-25
00-0031408,Mike Evans,WR,15.76,15,236.4,17.0,30.053388090349078,2,0.0,2023,30+,1-3,2019-25
00-0035659,Terry McLaurin,WR,13.823529411764707,17,235.0,17.0,27.98631074606434,0,0.0,2023,<30,0,2019-25
00-0035640,DK Metcalf,WR,13.51764705882353,17,229.8,16.0,25.738535249828885,0,1.0,2023,<30,0,2019-25
00-0036261,Brandon Aiyuk,WR,13.488235294117647,17,229.3,16.0,25.4839151266256,0,1.0,2023,<30,0,2019-25
00-0036410,Tee Higgins,WR,16.20714285714286,14,226.9,12.0,24.643394934976044,3,5.0,2023,<30,1-3,2019-25
00-0033921,Chris Godwin Jr.,WR,15.053333333333335,15,225.8,17.0,27.534565366187543,2,0.0,2023,<30,1-3,2019-25
00-0037740,Garrett Wilson,WR,12.952941176470588,17,220.2,17.0,23.134839151266256,0,0.0,2023,<30,0,2019-25
00-0036252,Michael Pittman,WR,13.71875,16,219.5,16.0,25.930184804928132,1,1.0,2023,<30,1-3,2019-25
00-0033908,Cooper Kupp,WR,23.211111111111112,9,208.9,12.0,30.236824093086927,8,5.0,2023,30+,4+,2019-25
00-0036407,Jerry Jeudy,WR,13.913333333333334,15,208.70000000000002,16.0,24.380561259411362,2,1.0,2023,<30,1-3,2019-25
00-0034827,DJ Moore,WR,11.976470588235296,17,203.60000000000002,17.0,26.406570841889117,0,0.0,2023,<30,0,2019-25
00-0037239,Chris Olave,WR,13.513333333333334,15,202.70000000000002,16.0,23.20328542094456,2,1.0,2023,<30,1-3,2019-25
00-0033891,Zay Jones,WR,12.56875,16,201.1,9.0,28.449007529089666,1,8.0,2023,<30,1-3,2019-25
00-0033857,JuJu Smith-Schuster,WR,11.76875,16,188.3,11.0,26.798083504449007,1,6.0,2023,<30,1-3,2019-25
00-0034960,Jakobi Meyers,WR,13.12857142857143,14,183.8,16.0,26.833675564681723,3,1.0,2023,<30,1-3,2019-25
00-0033536,Mike Williams,WR,14.038461538461538,13,182.5,3.0,28.933607118412045,4,14.0,2023,<30,4+,2019-25
00-0035216,Diontae Johnson,WR,10.629411764705882,17,180.7,13.0,27.1813826146475,0,4.0,2023,<30,0,2019-25
00-0037238,Drake London,WR,10.594117647058823,17,180.1,16.0,22.130047912388775,0,1.0,2023,<30,0,2019-25
00-0030035,Adam Thielen,WR,10.588235294117647,17,180.0,17.0,33.05133470225873,0,0.0,2023,30+,0,2019-25
00-0034521,Allen Lazard,WR,11.753333333333334,15,176.3,14.0,27.748117727583846,2,3.0,2023,<30,1-3,2019-25
00-0033282,Curtis Samuel,WR,10.370588235294118,17,176.3,16.0,27.080082135523615,0,1.0,2023,<30,0,2019-25
00-0036196,Gabe Davis,WR,11.54,15,173.1,16.0,24.528405201916495,2,1.0,2023,<30,1-3,2019-25
00-0036988,Josh Palmer,WR,10.76875,16,172.3,10.0,23.967145790554415,1,7.0,2023,<30,1-3,2019-25
00-0033009,Tyler Boyd,WR,10.6325,16,170.12,17.0,28.8186173853525,1,0.0,2023,<30,1-3,2019-25
00-0035719,Deebo Samuel Sr.,WR,13.069230769230769,13,169.9,15.0,27.652292950034223,4,2.0,2023,<30,4+,2019-25
00-0038124,Christian Watson,WR,12.042857142857144,14,168.60000000000002,9.0,24.331279945242983,3,8.0,2023,<30,1-3,2019-25
00-0036233,Donovan Peoples-Jones,WR,9.91764705882353,17,168.6,14.0,24.555783709787818,0,3.0,2023,<30,0,2019-25
00-0037247,George Pickens,WR,9.882352941176471,17,168.0,17.0,22.518822724161534,0,0.0,2023,<30,0,2019-25
00-0030279,Keenan Allen,WR,16.7,10,167.0,13.0,31.370294318959616,7,4.0,2023,30+,4+,2019-25
00-0034348,Courtland Sutton,WR,10.726666666666667,15,160.9,16.0,27.917864476386036,2,1.0,2023,<30,1-3,2019-25
00-0036345,K.J. Osborn,WR,9.329411764705881,17,158.6,15.0,26.250513347022586,0,2.0,2023,<30,0,2019-25
00-0035662,Marquise Brown,WR,13.125,12,157.5,13.0,26.26694045174538,5,4.0,2023,<30,4+,2019-25
00-0033555,Mack Hollins,WR,9.156470588235294,17,155.66,12.0,29.982203969883642,0,5.0,2023,<30,0,2019-25
00-0030564,DeAndre Hopkins,WR,17.188888888888886,9,154.7,17.0,31.260780287474333,8,0.0,2023,30+,4+,2019-25
00-0035639,Parris Campbell,WR,8.770588235294117,17,149.1,10.0,26.151950718685832,0,7.0,2023,<30,0,2019-25
00-0031236,Brandin Cooks,WR,11.315384615384614,13,147.1,16.0,29.95756331279945,4,1.0,2023,<30,4+,2019-25
00-0034286,Richie James,WR,8.65625,16,138.5,9.0,28.01368925393566,1,8.0,2023,<30,1-3,2019-25
00-0037741,Jahan Dotson,WR,11.008333333333333,12,132.1,17.0,23.468856947296374,5,0.0,2023,<30,4+,2019-25
00-0035535,Darius Slayton,WR,9.876923076923077,13,128.4,17.0,26.65845311430527,4,0.0,2023,<30,4+,2019-25
00-0034272,Marquez Valdes-Scantling,WR,7.288235294117648,17,123.9,16.0,28.917180013689254,0,1.0,2023,<30,0,2019-25
00-0034411,Russell Gage,WR,9.507692307692308,13,123.60000000000001,0.0,27.633127994524298,4,17.0,2023,<30,4+,2019-25
00-0033466,Isaiah McKenzie,WR,7.986666666666667,15,119.80000000000001,13.0,28.421629021218344,2,4.0,2023,<30,1-3,2019-25
00-0029293,Marvin Jones,WR,7.4,16,118.4,4.0,33.497604380561256,1,13.0,2023,30+,1-3,2019-25
00-0030431,Robert Woods,WR,6.923529411764706,17,117.7,14.0,31.416837782340863,0,3.0,2023,30+,0,2019-25
00-0032398,Chris Moore,WR,7.7733333333333325,15,116.6,15.0,30.234086242299796,2,2.0,2023,30+,1-3,2019-25
00-0035500,Greg Dortch,WR,7.2875,16,116.6,16.0,25.284052019164957,1,1.0,2023,<30,1-3,2019-25
00-0032464,Kalif Raymond,WR,6.835294117647059,17,116.2,17.0,29.089664613278575,0,0.0,2023,<30,0,2019-25
00-0036331,Devin Duvernay,WR,8.292857142857143,14,116.10000000000001,13.0,25.99315537303217,3,4.0,2023,<30,1-3,2019-25
00-0033591,Noah Brown,WR,7.15625,16,114.5,10.0,27.67693360711841,1,7.0,2023,<30,1-3,2019-25
00-0031763,DeAndre Carter,WR,6.723529411764706,17,114.3,17.0,30.417522245037645,0,0.0,2023,30+,0,2019-25
00-0037664,Alec Pierce,WR,7.018750000000001,16,112.30000000000001,17.0,23.356605065023956,1,0.0,2023,<30,1-3,2019-25
00-0035208,Olamide Zaccheaus,WR,6.875,16,110.0,11.0,26.132785763175907,1,6.0,2023,<30,1-3,2019-25
00-0034764,Michael Gallup,WR,7.528571428571429,14,105.4,16.0,27.51813826146475,3,1.0,2023,<30,1-3,2019-25
00-0032775,Demarcus Robinson,WR,6.58125,16,105.3,8.0,28.969199178644764,1,9.0,2023,<30,1-3,2019-25
00-0036326,Chase Claypool,WR,7.002666666666667,15,105.04,11.0,25.177275838466805,2,6.0,2023,<30,1-3,2019-25
00-0031547,DeVante Parker,WR,8.700000000000001,12,104.4,13.0,30.636550308008214,5,4.0,2023,30+,4+,2019-25
00-0033943,Josh Reynolds,WR,8.658333333333333,12,103.9,16.0,28.56399726214921,5,1.0,2023,<30,4+,2019-25
00-0030506,Travis Kelce,TE,19.13529411764706,17,325.3,15.0,33.93018480492813,0,2.0,2023,all,0,2019-25
00-0035229,T.J. Hockenson,TE,12.964705882352941,17,220.4,15.0,26.187542778918548,0,2.0,2023,all,0,2019-25
00-0033288,George Kittle,TE,13.466666666666667,15,202.0,16.0,29.919233401779604,2,1.0,2023,all,1-3,2019-25
00-0034753,Mark Andrews,TE,13.0,15,195.0,10.0,28.01095140314853,2,7.0,2023,all,1-3,2019-25
00-0033881,Evan Engram,TE,10.58235294117647,17,179.9,17.0,29.021218343600275,0,0.0,2023,all,0,2019-25
00-0033110,Tyler Higbee,TE,9.5,16,152.0,15.0,30.688569472963724,1,2.0,2023,all,1-3,2019-25
00-0033357,Taysom Hill,TE,9.3,16,148.8,16.0,33.04859685147159,1,1.0,2023,all,1-3,2019-25
00-0036894,Pat Freiermuth,TE,9.879999999999999,15,148.2,11.0,24.876112251882272,2,6.0,2023,all,1-3,2019-25
00-0036290,Cole Kmet,TE,8.66470588235294,17,147.29999999999998,16.0,24.503764544832308,0,1.0,2023,all,0,2019-25
00-0034351,Dallas Goedert,TE,11.891666666666666,12,142.7,14.0,28.684462696783026,5,3.0,2023,all,4+,2019-25
00-0034383,Dalton Schultz,TE,9.513333333333332,15,142.7,15.0,27.16495550992471,2,2.0,2023,all,1-3,2019-25
00-0033885,David Njoku,TE,10.142857142857142,14,142.0,16.0,27.16769336071184,3,1.0,2023,all,1-3,2019-25
00-0033895,Gerald Everett,TE,9.3,15,139.5,15.0,29.21013004791239,2,2.0,2023,all,1-3,2019-25
00-0035689,Dawson Knox,TE,9.046666666666665,15,135.7,10.0,26.819986310746064,2,7.0,2023,all,1-3,2019-25
00-0036040,Juwan Johnson,TE,8.425,16,134.8,13.0,26.989733059548254,1,4.0,2023,all,1-3,2019-25
00-0034270,Tyler Conklin,TE,7.735294117647059,17,131.5,17.0,28.11498973305955,0,0.0,2023,all,0,2019-25
00-0035644,Noah Fant,TE,7.211764705882352,17,122.6,15.0,25.804243668720055,0,2.0,2023,all,0,2019-25
00-0034364,Jordan Akins,TE,7.766666666666667,15,116.5,13.0,31.392197125256672,2,4.0,2023,all,1-3,2019-25
00-0030061,Zach Ertz,TE,11.56,10,115.60000000000001,7.0,32.832306639288156,7,10.0,2023,all,4+,2019-25
00-0033757,Robert Tonyan,TE,6.588235294117647,17,112.0,12.0,29.363449691991786,0,5.0,2023,all,0,2019-25
00-0034830,Hayden Hurst,TE,8.107692307692307,13,105.4,9.0,30.04517453798768,4,8.0,2023,all,4+,2019-25
00-0033090,Hunter Henry,TE,6.49375,16,103.9,13.0,28.758384668035593,1,4.0,2023,all,1-3,2019-25
00-0034829,Mike Gesicki,TE,5.776470588235294,17,98.2,15.0,27.93702943189596,0,2.0,2023,all,0,2019-25
00-0032392,Austin Hooper,TE,5.729411764705882,17,97.4,16.0,28.865160848733744,0,1.0,2023,all,0,2019-25
00-0033873,Patrick Mahomes,QB,25.49411764705882,17,433.4,16.0,27.980835044490075,0,1.0,2023,all,0,2019-25
00-0034857,Josh Allen,QB,25.72,16,411.52,17.0,27.304585900068446,1,0.0,2023,all,1-3,2019-25
00-0036389,Jalen Hurts,QB,25.40266666666667,15,381.04,17.0,25.09240246406571,2,0.0,2023,all,1-3,2019-25
00-0036442,Joe Burrow,QB,22.41875,16,358.7,10.0,26.748802190280628,1,7.0,2023,all,1-3,2019-25
00-0029604,Kirk Cousins,QB,18.09294117647059,17,307.58,8.0,35.058179329226554,0,9.0,2023,all,0,2019-25
00-0036945,Justin Fields,QB,20.332,15,304.98,13.0,24.517453798767967,2,4.0,2023,all,1-3,2019-25
00-0030565,Geno Smith,QB,17.87529411764706,17,303.88,15.0,32.917180013689254,0,2.0,2023,all,0,2019-25
00-0036971,Trevor Lawrence,QB,17.389411764705883,17,295.62,16.0,23.928815879534564,0,1.0,2023,all,0,2019-25
00-0035710,Daniel Jones,QB,18.25,16,292.0,6.0,26.288843258042437,1,11.0,2023,all,1-3,2019-25
00-0033106,Jared Goff,QB,16.72470588235294,17,284.32,17.0,28.906228610540726,0,0.0,2023,all,0,2019-25
00-0036355,Justin Herbert,QB,16.54470588235294,17,281.26,13.0,25.503080082135522,0,4.0,2023,all,0,2019-25
00-0034796,Lamar Jackson,QB,20.173333333333336,12,242.08,16.0,26.67214236824093,5,1.0,2023,all,4+,2019-25
00-0023459,Aaron Rodgers,QB,14.07058823529412,17,239.20000000000002,1.0,39.77275838466804,0,16.0,2023,all,0,2019-25
00-0036212,Tua Tagovailoa,QB,18.378461538461536,13,238.92,17.0,25.52498288843258,4,0.0,2023,all,4+,2019-25
00-0029263,Russell Wilson,QB,15.050666666666668,15,225.76000000000002,15.0,34.77891854893908,2,2.0,2023,all,1-3,2019-25
00-0031280,Derek Carr,QB,14.605333333333334,15,219.08,17.0,32.45448323066393,2,0.0,2023,all,1-3,2019-25
00-0035228,Kyler Murray,QB,18.501818181818184,11,203.52,8.0,26.091718001368925,6,9.0,2023,all,4+,2019-25
00-0033077,Dak Prescott,QB,16.55,12,198.6,17.0,30.116358658453116,5,0.0,2023,all,4+,2019-25
00-0032268,Marcus Mariota,QB,15.120000000000001,13,196.56,2.0,29.861738535249827,4,15.0,2023,all,4+,2019-25
00-0036898,Davis Mills,QB,12.101333333333333,15,181.51999999999998,5.0,24.8870636550308,2,12.0,2023,all,1-3,2019-25
00-0027973,Andy Dalton,QB,12.445714285714287,14,174.24,2.0,35.865845311430526,3,15.0,2023,all,1-3,2019-25
00-0036972,Mac Jones,QB,12.148571428571428,14,170.07999999999998,11.0,25.013004791238878,3,6.0,2023,all,1-3,2019-25
00-0033119,Jacoby Brissett,QB,12.044285714285715,14,168.62,2.0,30.746064339493497,3,15.0,2023,all,1-3,2019-25
00-0033280,Christian McCaffrey,RB,25.76875,16,412.3,4.0,28.26009582477755,1,13.0,2024,27-28,1-3,2019-25
00-0038120,Breece Hall,RB,17.61764705882353,17,299.5,16.0,23.279945242984258,0,1.0,2024,<27,0,2019-25
00-0036973,Travis Etienne,RB,16.96470588235294,17,288.4,15.0,25.623545516769337,0,2.0,2024,<27,0,2019-25
00-0037256,Rachaad White,RB,16.11176470588235,17,273.9,15.0,25.661875427789184,0,2.0,2024,<27,0,2019-25
00-0031687,Raheem Mostert,RB,18.246666666666666,15,273.7,13.0,32.421629021218344,2,4.0,2024,29+,1-3,2019-25
00-0037840,Kyren Williams,RB,22.75,12,273.0,16.0,24.041067761806982,5,1.0,2024,<27,4+,2019-25
00-0033897,Joe Mixon,RB,15.882352941176471,17,270.0,14.0,28.13141683778234,0,3.0,2024,27-28,0,2019-25
00-0032764,Derrick Henry,RB,15.21529411764706,17,258.66,17.0,30.68309377138946,0,0.0,2024,29+,0,2019-25
00-0038542,Bijan Robinson,RB,14.929411764705883,17,253.8,17.0,22.611909650924023,0,0.0,2024,<27,0,2019-25
00-0039139,Jahmyr Gibbs,RB,16.540000000000003,15,248.10000000000002,17.0,22.477754962354553,2,0.0,2024,<27,1-3,2019-25
00-0037248,James Cook,RB,14.21764705882353,17,241.70000000000002,16.0,24.960985626283367,0,1.0,2024,<27,0,2019-25
00-0033906,Alvin Kamara,RB,17.923076923076923,13,233.0,14.0,29.130732375085557,4,3.0,2024,29+,4+,2019-25
00-0034844,Saquon Barkley,RB,16.15714285714286,14,226.20000000000002,16.0,27.583846680355922,3,1.0,2024,27-28,1-3,2019-25
00-0035261,Tony Pollard,RB,13.270588235294117,17,225.6,16.0,27.364818617385353,0,1.0,2024,27-28,0,2019-25
00-0037197,Isiah Pacheco,RB,15.921428571428573,14,222.9,7.0,25.527720739219713,3,10.0,2024,<27,1-3,2019-25
00-0037267,Jerome Ford,RB,12.776470588235295,17,217.20000000000002,14.0,24.996577686516083,0,3.0,2024,<27,0,2019-25
00-0035685,David Montgomery,RB,15.442857142857145,14,216.20000000000002,14.0,27.260780287474333,3,3.0,2024,27-28,1-3,2019-25
00-0033553,James Conner,RB,16.423076923076923,13,213.5,16.0,29.352498288843258,4,1.0,2024,29+,4+,2019-25
00-0039040,De'Von Achane,RB,18.88181818181818,11,207.7,17.0,22.910335386721425,6,0.0,2024,<27,4+,2019-25
00-0036275,D'Andre Swift,RB,12.83125,16,205.3,17.0,25.65639972621492,1,0.0,2024,<27,1-3,2019-25
00-0038134,Kenneth Walker III,RB,13.493333333333334,15,202.4,11.0,23.890485968514717,2,6.0,2024,<27,1-3,2019-25
00-0037228,Jaylen Warren,RB,11.905882352941177,17,202.4,15.0,25.859000684462696,0,2.0,2024,<27,0,2019-25
00-0036893,Najee Harris,RB,11.852941176470589,17,201.5,17.0,26.507871321013006,0,0.0,2024,<27,0,2019-25
00-0037746,Brian Robinson,RB,13.306666666666668,15,199.60000000000002,14.0,25.472963723477072,2,3.0,2024,<27,1-3,2019-25
00-0033699,Austin Ekeler,RB,13.457142857142857,14,188.4,12.0,29.319644079397673,3,5.0,2024,29+,1-3,2019-25
00-0035700,Josh Jacobs,RB,14.392307692307693,13,187.1,17.0,26.579055441478438,4,0.0,2024,<27,4+,2019-25
00-0034184,Gus Edwards,RB,11.0,17,187.0,11.0,29.412731006160165,0,6.0,2024,29+,0,2019-25
00-0036555,Chuba Hubbard,RB,10.911764705882353,17,185.5,15.0,25.251197809719372,0,2.0,2024,<27,0,2019-25
00-0036997,Javonte Williams,RB,11.2,16,179.2,17.0,24.37782340862423,1,0.0,2024,<27,1-3,2019-25
00-0035250,Devin Singletary,RB,10.372941176470588,17,176.34,15.0,27.019849418206707,0,2.0,2024,27-28,0,2019-25
00-0036251,Zack Moss,RB,12.542857142857143,14,175.6,8.0,26.7378507871321,3,9.0,2024,<27,1-3,2019-25
00-0033045,Ezekiel Elliott,RB,10.264705882352942,17,174.5,15.0,29.138945927446954,0,2.0,2024,29+,0,2019-25
00-0036223,Jonathan Taylor,RB,15.940000000000001,10,159.4,14.0,25.642710472279262,7,3.0,2024,<27,4+,2019-25
00-0039032,Tyjae Spears,RB,9.047058823529412,17,153.8,12.0,23.238877481177276,0,5.0,2024,<27,0,2019-25
00-0036875,Rhamondre Stevenson,RB,12.141666666666667,12,145.70000000000002,15.0,26.546201232032853,5,2.0,2024,<27,4+,2019-25
00-0033293,Aaron Jones,RB,13.081818181818182,11,143.9,17.0,29.7741273100616,6,0.0,2024,29+,4+,2019-25
00-0037263,Tyler Allgeier,RB,8.094117647058823,17,137.6,17.0,24.40520191649555,0,0.0,2024,<27,0,2019-25
00-0034972,Alexander Mattison,RB,8.325000000000001,16,133.20000000000002,14.0,26.22861054072553,1,3.0,2024,<27,1-3,2019-25
00-0036328,Antonio Gibson,RB,7.9625,16,127.4,17.0,26.217659137577,1,0.0,2024,<27,1-3,2019-25
00-0036906,Khalil Herbert,RB,10.125,12,121.5,11.0,26.390143737166323,5,6.0,2024,<27,4+,2019-25
00-0033526,Samaje Perine,RB,7.135294117647058,17,121.3,17.0,28.985626283367555,0,0.0,2024,27-28,0,2019-25
00-0033923,Kareem Hunt,RB,7.9,15,118.5,13.0,29.097878165639973,2,4.0,2024,29+,1-3,2019-25
00-0036265,AJ Dillon,RB,7.840000000000001,15,117.60000000000001,0.0,26.360027378507873,2,17.0,2024,<27,1-3,2019-25
00-0034975,Justice Hill,RB,6.831250000000001,16,109.30000000000001,15.0,26.822724161533195,1,2.0,2024,<27,1-3,2019-25
00-0039165,Zach Charbonnet,RB,6.63125,16,106.1,17.0,23.67145790554415,1,0.0,2024,<27,1-3,2019-25
00-0038794,Jaleel McLaughlin,RB,6.235294117647059,17,106.0,16.0,23.991786447638603,0,1.0,2024,<27,0,2019-25
00-0037276,Ty Chandler,RB,6.5,16,104.0,14.0,26.33264887063655,1,3.0,2024,<27,1-3,2019-25
00-0039021,Roschon Johnson,RB,6.806666666666667,15,102.1,13.0,23.60848733744011,2,4.0,2024,<27,1-3,2019-25
00-0036919,Kenny Gainwell,RB,6.08625,16,97.38,17.0,25.49486652977413,1,0.0,2024,<27,1-3,2019-25
00-0036139,Rico Dowdle,RB,5.71875,16,91.5,16.0,26.24229979466119,1,1.0,2024,<27,1-3,2019-25
00-0033925,D'Onta Foreman,RB,10.133333333333333,9,91.2,10.0,28.380561259411362,8,7.0,2024,27-28,4+,2019-25
00-0035243,Miles Sanders,RB,5.4750000000000005,16,87.60000000000001,11.0,27.362080766598222,1,6.0,2024,27-28,1-3,2019-25
00-0031376,Jerick McKinnon,RB,7.03,12,84.36,0.0,32.355920602327174,5,17.0,2024,29+,4+,2019-25
00-0030513,Latavius Murray,RB,5.526666666666667,15,82.9,0.0,34.64476386036961,2,17.0,2024,29+,1-3,2019-25
00-0037258,Dameon Pierce,RB,5.9071428571428575,14,82.7,10.0,24.55852156057495,3,7.0,2024,<27,1-3,2019-25
00-0038040,Zamir White,RB,6.1461538461538465,13,79.9,8.0,24.980150581793293,4,9.0,2024,<27,4+,2019-25
00-0038705,Emari Demercado,RB,6.663636363636363,11,73.3,13.0,25.639972621492127,6,4.0,2024,<27,4+,2019-25
00-0038454,Keaton Mitchell,RB,10.414285714285715,7,72.9,4.0,22.647501711156742,10,13.0,2024,<27,4+,2019-25
00-0036360,Clyde Edwards-Helaire,RB,4.673333333333334,15,70.10000000000001,2.0,25.418206707734427,2,15.0,2024,<27,1-3,2019-25
00-0036370,Joshua Kelley,RB,3.6294117647058823,17,61.7,1.0,26.806297056810404,0,16.0,2024,<27,0,2019-25
00-0033948,Jamaal Williams,RB,4.676923076923077,13,60.800000000000004,14.0,29.440109514031484,4,3.0,2024,29+,4+,2019-25
00-0036924,Michael Carter,RB,3.9200000000000004,15,58.800000000000004,3.0,25.347022587268995,2,14.0,2024,<27,1-3,2019-25
00-0038597,Chase Brown,RB,4.458333333333333,12,53.5,16.0,24.473648186173854,5,1.0,2024,<27,4+,2019-25
00-0036567,Elijah Mitchell,RB,4.318181818181818,11,47.5,0.0,26.360027378507873,6,17.0,2024,<27,4+,2019-25
00-0033308,Matt Breida,RB,3.1266666666666665,15,46.9,0.0,29.533196440793976,2,17.0,2024,29+,1-3,2019-25
00-0036414,Cam Akers,RB,6.671428571428571,7,46.699999999999996,16.0,25.22108145106092,10,1.0,2024,<27,4+,2019-25
00-0034838,Royce Freeman,RB,4.2,11,46.2,0.0,28.54483230663929,6,17.0,2024,27-28,4+,2019-25
00-0037525,Jordan Mason,RB,2.79375,16,44.7,12.0,25.300479123887747,1,5.0,2024,<27,1-3,2019-25
00-0038551,Kendre Miller,RB,6.185714285714285,7,43.3,6.0,22.250513347022586,10,11.0,2024,<27,4+,2019-25
00-0036020,Salvon Ahmed,RB,6.128571428571428,7,42.9,0.0,25.700205338809035,10,17.0,2024,<27,4+,2019-25
00-0036358,CeeDee Lamb,WR,24.80588235294118,17,421.70000000000005,15.0,25.426420260095824,0,2.0,2024,<30,0,2019-25
00-0033040,Tyreek Hill,WR,24.681250000000002,16,394.90000000000003,17.0,30.529774127310063,1,0.0,2024,30+,1-3,2019-25
00-0036963,Amon-Ra St. Brown,WR,21.525000000000002,16,344.40000000000003,17.0,24.88158795345654,1,0.0,2024,<30,1-3,2019-25
00-0039075,Puka Nacua,WR,18.176470588235293,17,309.0,11.0,23.28542094455852,0,6.0,2024,<30,0,2019-25
00-0034827,DJ Moore,WR,17.676470588235293,17,300.5,17.0,27.408624229979466,0,0.0,2024,<30,0,2019-25
00-0035676,A.J. Brown,WR,17.65294117647059,17,300.1,13.0,27.197809719370294,0,4.0,2024,<30,0,2019-25
00-0030279,Keenan Allen,WR,22.52769230769231,13,292.86,15.0,32.37234770704997,4,2.0,2024,30+,4+,2019-25
00-0031408,Mike Evans,WR,16.88235294117647,17,287.0,14.0,31.055441478439427,0,3.0,2024,30+,0,2019-25
00-0031588,Stefon Diggs,WR,16.54705882352941,17,281.3,8.0,30.781656399726216,0,9.0,2024,30+,0,2019-25
00-0036900,Ja'Marr Chase,WR,16.88875,16,270.22,17.0,24.528405201916495,1,0.0,2024,<30,1-3,2019-25
00-0031381,Davante Adams,WR,15.876470588235296,17,269.90000000000003,14.0,31.71252566735113,0,3.0,2024,30+,0,2019-25
00-0036554,Nico Collins,WR,17.86,15,267.9,12.0,25.481177275838466,2,5.0,2024,<30,1-3,2019-25
00-0036261,Brandon Aiyuk,WR,16.23125,16,259.7,7.0,26.48596851471595,1,10.0,2024,<30,1-3,2019-25
00-0036252,Michael Pittman,WR,16.04375,16,256.7,16.0,26.93223819301848,1,1.0,2024,<30,1-3,2019-25
00-0035719,Deebo Samuel Sr.,WR,16.546666666666667,15,248.2,15.0,28.654346338124572,2,2.0,2024,<30,1-3,2019-25
00-0031544,Amari Cooper,WR,16.066666666666666,15,241.0,13.0,30.234086242299796,2,4.0,2024,30+,1-3,2019-25
00-0037239,Chris Olave,WR,14.925,16,238.8,8.0,24.205338809034906,1,9.0,2024,<30,1-3,2019-25
00-0034837,Calvin Ridley,WR,13.876470588235295,17,235.9,17.0,29.724845995893222,0,0.0,2024,<30,0,2019-25
00-0030035,Adam Thielen,WR,13.852941176470589,17,235.5,10.0,34.053388090349074,0,7.0,2024,30+,0,2019-25
00-0036912,DeVonta Smith,WR,14.4125,16,230.6,13.0,25.82340862422998,1,4.0,2024,<30,1-3,2019-25
00-0035640,DK Metcalf,WR,14.36875,16,229.9,15.0,26.740588637919235,1,2.0,2024,<30,1-3,2019-25
00-0030564,DeAndre Hopkins,WR,13.41764705882353,17,228.1,16.0,32.26283367556468,0,1.0,2024,30+,0,2019-25
00-0038994,Jordan Addison,WR,13.194117647058825,17,224.3,15.0,22.62012320328542,0,2.0,2024,<30,0,2019-25
00-0039146,Jayden Reed,WR,13.668750000000001,16,218.70000000000002,17.0,24.369609856262834,1,0.0,2024,<30,1-3,2019-25
00-0034960,Jakobi Meyers,WR,13.66125,16,218.58,15.0,27.835728952772072,1,2.0,2024,<30,1-3,2019-25
00-0037247,George Pickens,WR,12.723529411764707,17,216.3,14.0,23.520876112251884,0,3.0,2024,<30,0,2019-25
00-0037740,Garrett Wilson,WR,12.717647058823529,17,216.2,17.0,24.136892539356605,0,0.0,2024,<30,0,2019-25
00-0039067,Rashee Rice,WR,13.46875,16,215.5,4.0,24.386036960985628,1,13.0,2024,<30,1-3,2019-25
00-0033921,Chris Godwin Jr.,WR,12.48235294117647,17,212.2,7.0,28.536618754277892,0,10.0,2024,<30,0,2019-25
00-0036322,Justin Jefferson,WR,20.97,10,209.7,17.0,25.23750855578371,7,0.0,2024,<30,4+,2019-25
00-0039064,Zay Flowers,WR,12.99375,16,207.9,17.0,23.99726214921287,1,0.0,2024,<30,1-3,2019-25
00-0035659,Terry McLaurin,WR,12.041176470588237,17,204.70000000000002,17.0,28.98836413415469,0,0.0,2024,<30,0,2019-25
00-0036613,Jaylen Waddle,WR,14.507142857142856,14,203.1,15.0,25.793292265571527,3,2.0,2024,<30,1-3,2019-25
00-0032211,Tyler Lockett,WR,11.905882352941177,17,202.4,17.0,31.95071868583162,0,0.0,2024,30+,0,2019-25
00-0034348,Courtland Sutton,WR,11.887500000000001,16,190.20000000000002,16.0,28.919917864476385,1,1.0,2024,<30,1-3,2019-25
00-0037238,Drake London,WR,11.08625,16,177.38,17.0,23.132101300479125,1,0.0,2024,<30,1-3,2019-25
00-0031236,Brandin Cooks,WR,10.91875,16,174.7,10.0,30.9596167008898,1,7.0,2024,30+,1-3,2019-25
00-0037816,Romeo Doubs,WR,10.258823529411766,17,174.4,13.0,24.410677618069816,0,4.0,2024,<30,0,2019-25
00-0033908,Cooper Kupp,WR,14.200000000000001,12,170.4,12.0,31.238877481177276,5,5.0,2024,30+,4+,2019-25
00-0038977,Tank Dell,WR,16.95,10,169.5,14.0,24.867898699520875,7,3.0,2024,<30,4+,2019-25
00-0036196,Gabe Davis,WR,10.36875,16,165.9,10.0,25.530458590006845,1,7.0,2024,<30,1-3,2019-25
00-0037545,Rashid Shaheed,WR,10.606666666666666,15,159.1,6.0,26.028747433264886,2,11.0,2024,<30,1-3,2019-25
00-0033282,Curtis Samuel,WR,9.91875,16,158.7,14.0,28.082135523613964,1,3.0,2024,<30,1-3,2019-25
00-0038997,Josh Downs,WR,9.329411764705881,17,158.6,14.0,23.080082135523615,0,3.0,2024,<30,0,2019-25
00-0034775,Christian Kirk,WR,12.771666666666667,12,153.26,8.0,27.811088295687885,5,9.0,2024,<30,4+,2019-25
00-0035216,Diontae Johnson,WR,11.746153846153845,13,152.7,11.0,28.18343600273785,4,6.0,2024,<30,4+,2019-25
00-0035535,Darius Slayton,WR,8.970588235294118,17,152.5,16.0,27.66050650239562,0,1.0,2024,<30,0,2019-25
00-0038543,Jaxon Smith-Njigba,WR,8.811764705882354,17,149.8,17.0,22.570841889117045,0,0.0,2024,<30,0,2019-25
00-0033009,Tyler Boyd,WR,8.605882352941178,17,146.3,15.0,29.82067077344285,0,2.0,2024,<30,0,2019-25
00-0036407,Jerry Jeudy,WR,8.8625,16,141.8,17.0,25.38261464750171,1,0.0,2024,<30,1-3,2019-25
00-0036410,Tee Higgins,WR,11.716666666666667,12,140.6,12.0,25.645448323066393,5,5.0,2024,<30,4+,2019-25
00-0035662,Marquise Brown,WR,10.361538461538462,13,134.70000000000002,2.0,27.26899383983573,4,15.0,2024,<30,4+,2019-25
00-0038117,Wan'Dale Robinson,WR,8.879999999999999,15,133.2,17.0,23.679671457905545,2,0.0,2024,<30,1-3,2019-25
00-0036980,Elijah Moore,WR,8.25625,16,132.1,17.0,24.45722108145106,1,0.0,2024,<30,1-3,2019-25
00-0033943,Josh Reynolds,WR,8.05,16,128.8,8.0,29.56605065023956,1,9.0,2024,<30,1-3,2019-25
00-0037741,Jahan Dotson,WR,7.429411764705883,17,126.3,14.0,24.470910335386723,0,3.0,2024,<30,0,2019-25
00-0036345,K.J. Osborn,WR,8.0,15,120.0,7.0,27.252566735112936,2,10.0,2024,<30,1-3,2019-25
00-0038393,Dontayvion Wicks,WR,7.984,15,119.76,17.0,23.236139630390145,2,0.0,2024,<30,1-3,2019-25
00-0037261,Khalil Shakir,WR,7.25625,16,116.1,15.0,24.602327173169062,1,2.0,2024,<30,1-3,2019-25
00-0034777,DJ Chark,WR,8.25,14,115.5,4.0,27.964407939767284,3,13.0,2024,<30,1-3,2019-25
00-0038559,Michael Wilson,WR,8.807692307692308,13,114.5,16.0,24.54757015742642,4,1.0,2024,<30,4+,2019-25
00-0036849,Tutu Atwell,WR,8.135714285714286,14,113.9,15.0,24.928131416837783,3,2.0,2024,<30,1-3,2019-25
00-0036988,Josh Palmer,WR,10.97,10,109.7,15.0,24.969199178644764,7,2.0,2024,<30,4+,2019-25
00-0031235,Odell Beckham Jr.,WR,7.7857142857142865,14,109.00000000000001,8.0,31.8466803559206,3,9.0,2024,30+,1-3,2019-25
00-0038621,DeMario Douglas,WR,7.6571428571428575,14,107.2,16.0,23.756331279945243,3,1.0,2024,<30,1-3,2019-25
00-0036936,Rondale Moore,WR,6.176470588235294,17,105.0,0.0,24.254620123203285,0,17.0,2024,<30,0,2019-25
00-0033591,Noah Brown,WR,10.46,10,104.60000000000001,11.0,28.67898699520876,7,6.0,2024,<30,4+,2019-25
00-0038124,Christian Watson,WR,11.255555555555555,9,101.3,14.0,25.333333333333332,8,3.0,2024,<30,4+,2019-25
00-0033307,Kendrick Bourne,WR,12.5,8,100.0,12.0,29.10335386721424,9,5.0,2024,<30,4+,2019-25
00-0032464,Kalif Raymond,WR,5.729411764705882,17,97.4,12.0,30.091718001368925,0,5.0,2024,30+,0,2019-25
00-0039065,Sam LaPorta,TE,14.164705882352942,17,240.8,16.0,23.66050650239562,0,1.0,2024,all,0,2019-25
00-0033881,Evan Engram,TE,13.547058823529412,17,230.3,9.0,30.023271731690624,0,8.0,2024,all,0,2019-25
00-0030506,Travis Kelce,TE,14.826666666666666,15,222.4,16.0,34.93223819301848,2,1.0,2024,all,1-3,2019-25
00-0035229,T.J. Hockenson,TE,14.7,15,220.5,10.0,27.189596167008897,2,7.0,2024,all,1-3,2019-25
00-0033288,George Kittle,TE,12.981250000000001,16,207.70000000000002,15.0,30.921286789869953,1,2.0,2024,all,1-3,2019-25
00-0033885,David Njoku,TE,12.7625,16,204.2,11.0,28.16974674880219,1,6.0,2024,all,1-3,2019-25
00-0037744,Trey McBride,TE,10.852941176470589,17,184.5,16.0,24.802190280629706,0,1.0,2024,all,0,2019-25
00-0036290,Cole Kmet,TE,11.4125,16,182.6,16.0,25.505817932922657,1,1.0,2024,all,1-3,2019-25
00-0038041,Jake Ferguson,TE,10.41764705882353,17,177.1,14.0,25.645448323066393,0,3.0,2024,all,0,2019-25
00-0034383,Dalton Schultz,TE,10.133333333333333,15,152.0,17.0,28.16700889801506,2,0.0,2024,all,1-3,2019-25
00-0038933,Dalton Kincaid,TE,9.39375,16,150.3,13.0,24.89801505817933,1,4.0,2024,all,1-3,2019-25
00-0033357,Taysom Hill,TE,8.97,16,143.52,8.0,34.050650239561946,1,9.0,2024,all,1-3,2019-25
00-0034351,Dallas Goedert,TE,9.842857142857143,14,137.8,10.0,29.686516084873375,3,7.0,2024,all,1-3,2019-25
00-0036970,Kyle Pitts,TE,8.076470588235296,17,137.3,17.0,23.928815879534564,0,0.0,2024,all,0,2019-25
00-0034753,Mark Andrews,TE,13.540000000000001,10,135.4,17.0,29.013004791238878,7,0.0,2024,all,4+,2019-25
00-0031260,Logan Thomas,TE,7.925,16,126.8,0.0,33.19644079397673,1,17.0,2024,all,1-3,2019-25
00-0033858,Jonnu Smith,TE,7.394117647058824,17,125.7,17.0,29.05407255304586,0,0.0,2024,all,0,2019-25
00-0034270,Tyler Conklin,TE,7.241176470588235,17,123.1,16.0,29.117043121149898,0,1.0,2024,all,0,2019-25
00-0033090,Hunter Henry,TE,9.223076923076924,13,119.9,16.0,29.760438056125942,4,1.0,2024,all,4+,2019-25
00-0038129,Cade Otton,TE,6.970588235294118,17,118.5,14.0,25.4072553045859,0,3.0,2024,all,0,2019-25
00-0037809,Chig Okonkwo,TE,6.670588235294118,17,113.4,16.0,25.00752908966461,0,1.0,2024,all,0,2019-25
00-0031610,Darren Waller,TE,9.433333333333334,12,113.2,0.0,31.991786447638603,5,17.0,2024,all,4+,2019-25
00-0033895,Gerald Everett,TE,7.406666666666667,15,111.10000000000001,10.0,30.21218343600274,2,7.0,2024,all,1-3,2019-25
00-0033110,Tyler Higbee,TE,7.233333333333333,15,108.5,3.0,31.690622861054074,2,14.0,2024,all,1-3,2019-25
00-0034857,Josh Allen,QB,23.09647058823529,17,392.64,16.0,28.306639288158795,0,1.0,2024,all,0,2019-25
00-0036389,Jalen Hurts,QB,20.98941176470588,17,356.82,15.0,26.094455852156056,0,2.0,2024,all,0,2019-25
00-0033077,Dak Prescott,QB,20.637647058823532,17,350.84000000000003,8.0,31.11841204654346,0,9.0,2024,all,0,2019-25
00-0034796,Lamar Jackson,QB,20.88875,16,334.22,17.0,27.67419575633128,1,0.0,2024,all,1-3,2019-25
00-0036264,Jordan Love,QB,18.76823529411765,17,319.06,15.0,25.856262833675565,0,2.0,2024,all,0,2019-25
00-0037834,Brock Purdy,QB,18.475,16,295.6,15.0,24.706365503080082,1,2.0,2024,all,1-3,2019-25
00-0033106,Jared Goff,QB,17.00588235294118,17,289.1,17.0,29.908281998631075,0,0.0,2024,all,0,2019-25
00-0033873,Patrick Mahomes,QB,18.01375,16,288.22,16.0,28.982888432580424,1,1.0,2024,all,1-3,2019-25
00-0039163,C.J. Stroud,QB,18.934666666666665,15,284.02,17.0,22.937713894592743,2,0.0,2024,all,1-3,2019-25
00-0036212,Tua Tagovailoa,QB,16.374117647058824,17,278.36,11.0,26.527036276522928,0,6.0,2024,all,0,2019-25
00-0034855,Baker Mayfield,QB,16.121176470588235,17,274.06,17.0,29.409993155373034,0,0.0,2024,all,0,2019-25
00-0036971,Trevor Lawrence,QB,16.40875,16,262.54,10.0,24.930869267624914,1,7.0,2024,all,1-3,2019-25
00-0037077,Sam Howell,QB,15.149411764705883,17,257.54,1.0,23.983572895277206,0,16.0,2024,all,0,2019-25
00-0029263,Russell Wilson,QB,17.126666666666665,15,256.9,11.0,35.780971937029435,2,6.0,2024,all,1-3,2019-25
00-0026498,Matthew Stafford,QB,16.206666666666667,15,243.1,16.0,36.591375770020534,2,1.0,2024,all,1-3,2019-25
00-0036355,Justin Herbert,QB,18.627692307692307,13,242.16,17.0,26.50513347022587,4,0.0,2024,all,4+,2019-25
00-0031280,Derek Carr,QB,14.183529411764706,17,241.12,10.0,33.45653661875428,0,7.0,2024,all,0,2019-25
00-0036945,Justin Fields,QB,17.936923076923076,13,233.18,10.0,25.519507186858316,4,7.0,2024,all,4+,2019-25
00-0030565,Geno Smith,QB,15.150666666666666,15,227.26,17.0,33.9192334017796,2,0.0,2024,all,1-3,2019-25
00-0033949,Joshua Dobbs,QB,15.435384615384615,13,200.66,2.0,29.623545516769337,4,15.0,2024,all,4+,2019-25
00-0035289,Gardner Minshew,QB,12.262500000000001,16,196.20000000000002,10.0,28.320328542094455,1,7.0,2024,all,1-3,2019-25
00-0038122,Desmond Ridder,QB,11.809333333333335,15,177.14000000000001,5.0,25.02943189596167,2,12.0,2024,all,1-3,2019-25
00-0039150,Bryce Young,QB,9.77375,16,156.38,14.0,23.129363449691994,1,3.0,2024,all,1-3,2019-25
00-0029604,Kirk Cousins,QB,18.7175,8,149.74,14.0,36.06023271731691,9,3.0,2024,all,4+,2019-25
00-0034844,Saquon Barkley,RB,24.58125,16,393.3,16.0,28.583162217659137,1,1.0,2025,27-28,1-3,2019-25
00-0039139,Jahmyr Gibbs,RB,22.229411764705883,17,377.90000000000003,17.0,23.477070499657767,0,0.0,2025,<27,0,2019-25
00-0032764,Derrick Henry,RB,21.376470588235296,17,363.40000000000003,17.0,31.682409308692677,0,0.0,2025,29+,0,2019-25
00-0038542,Bijan Robinson,RB,20.982352941176472,17,356.70000000000005,17.0,23.61122518822724,0,0.0,2025,<27,0,2019-25
00-0039040,De'Von Achane,RB,17.99411764705882,17,305.9,16.0,23.90965092402464,0,1.0,2025,<27,0,2019-25
00-0035700,Josh Jacobs,RB,17.77058823529412,17,302.1,15.0,27.578370978781656,0,2.0,2025,27-28,0,2019-25
00-0037840,Kyren Williams,RB,17.75625,16,284.1,17.0,25.0403832991102,1,0.0,2025,<27,1-3,2019-25
00-0037248,James Cook,RB,17.41875,16,278.7,17.0,25.960301163586585,1,0.0,2025,<27,1-3,2019-25
00-0033906,Alvin Kamara,RB,19.592857142857145,14,274.3,11.0,30.130047912388775,3,6.0,2025,29+,1-3,2019-25
00-0036223,Jonathan Taylor,RB,19.55,14,273.7,17.0,26.642026009582477,3,0.0,2025,<27,1-3,2019-25
00-0033553,James Conner,RB,16.9875,16,271.8,3.0,30.351813826146476,1,14.0,2025,29+,1-3,2019-25
00-0033897,Joe Mixon,RB,18.678571428571427,14,261.5,0.0,29.130732375085557,3,17.0,2025,29+,1-3,2019-25
00-0038597,Chase Brown,RB,16.125,16,258.0,17.0,25.472963723477072,1,0.0,2025,<27,1-3,2019-25
00-0036555,Chuba Hubbard,RB,16.90666666666667,15,253.60000000000002,15.0,26.250513347022586,2,2.0,2025,<27,1-3,2019-25
00-0039361,Bucky Irving,RB,14.905882352941177,17,253.4,10.0,23.06091718001369,0,7.0,2025,<27,0,2019-25
00-0033293,Aaron Jones,RB,14.564705882352943,17,247.60000000000002,12.0,30.77344284736482,0,5.0,2025,29+,0,2019-25
00-0038120,Breece Hall,RB,15.3375,16,245.4,16.0,24.279260780287473,1,1.0,2025,<27,1-3,2019-25
00-0035685,David Montgomery,RB,16.05142857142857,14,224.72,17.0,28.26009582477755,3,0.0,2025,27-28,1-3,2019-25
00-0036275,D'Andre Swift,RB,12.794117647058824,17,217.5,16.0,26.65571526351814,0,1.0,2025,<27,0,2019-25
00-0036893,Najee Harris,RB,12.564705882352941,17,213.6,3.0,27.50718685831622,0,14.0,2025,27-28,0,2019-25
00-0036139,Rico Dowdle,RB,13.1125,16,209.8,17.0,27.241615331964407,1,0.0,2025,27-28,1-3,2019-25
00-0035261,Tony Pollard,RB,13.106250000000001,16,209.70000000000002,17.0,28.36413415468857,1,0.0,2025,27-28,1-3,2019-25
00-0037256,Rachaad White,RB,13.306666666666667,15,199.6,17.0,26.661190965092402,2,0.0,2025,<27,1-3,2019-25
00-0036158,J.K. Dobbins,RB,15.215384615384616,13,197.8,10.0,26.732375085557837,4,7.0,2025,<27,4+,2019-25
00-0039384,Tyrone Tracy Jr.,RB,11.25294117647059,17,191.3,15.0,25.79876796714579,0,2.0,2025,<27,0,2019-25
00-0039165,Zach Charbonnet,RB,11.170588235294119,17,189.9,16.0,24.670773442847366,0,1.0,2025,<27,0,2019-25
00-0038134,Kenneth Walker III,RB,16.745454545454546,11,184.20000000000002,17.0,24.889801505817932,6,0.0,2025,<27,4+,2019-25
00-0036875,Rhamondre Stevenson,RB,11.926666666666668,15,178.9,14.0,27.54551676933607,2,3.0,2025,27-28,1-3,2019-25
00-0037746,Brian Robinson,RB,12.057142857142859,14,168.8,17.0,26.472279260780287,3,0.0,2025,<27,1-3,2019-25
00-0033923,Kareem Hunt,RB,12.415384615384616,13,161.4,17.0,30.09719370294319,4,0.0,2025,29+,4+,2019-25
00-0036997,Javonte Williams,RB,9.288235294117648,17,157.9,16.0,25.377138945927445,0,1.0,2025,<27,0,2019-25
00-0034972,Alexander Mattison,RB,9.814285714285715,14,137.4,0.0,27.227926078028748,3,17.0,2025,27-28,1-3,2019-25
00-0038555,Tank Bigsby,RB,8.4375,16,135.0,15.0,23.030800821355236,1,2.0,2025,<27,1-3,2019-25
00-0037267,Jerome Ford,RB,9.571428571428571,14,134.0,13.0,25.9958932238193,3,4.0,2025,<27,1-3,2019-25
00-0033699,Austin Ekeler,RB,11.025,12,132.3,2.0,30.31895961670089,5,15.0,2025,29+,4+,2019-25
00-0036973,Travis Etienne,RB,8.68,15,130.2,17.0,26.622861054072555,2,0.0,2025,<27,1-3,2019-25
00-0032104,Ameer Abdullah,RB,8.546666666666665,15,128.2,13.0,32.24366872005476,2,4.0,2025,29+,1-3,2019-25
00-0034975,Justice Hill,RB,8.473333333333334,15,127.10000000000001,10.0,27.822039698836413,2,7.0,2025,27-28,1-3,2019-25
00-0037228,Jaylen Warren,RB,8.273333333333333,15,124.10000000000001,16.0,26.858316221765914,2,1.0,2025,<27,1-3,2019-25
00-0037525,Jordan Mason,RB,10.333333333333334,12,124.0,16.0,26.299794661190965,5,1.0,2025,<27,4+,2019-25
00-0039875,Ray Davis,RB,6.829411764705883,17,116.10000000000001,17.0,25.806981519507186,0,0.0,2025,<27,0,2019-25
00-0039032,Tyjae Spears,RB,9.466666666666667,12,113.60000000000001,13.0,24.238193018480494,5,4.0,2025,<27,4+,2019-25
00-0037263,Tyler Allgeier,RB,6.423529411764706,17,109.2,17.0,25.404517453798768,0,0.0,2025,<27,0,2019-25
00-0036328,Antonio Gibson,RB,6.082352941176471,17,103.4,5.0,27.21697467488022,0,12.0,2025,27-28,0,2019-25
00-0038794,Jaleel McLaughlin,RB,6.075,16,97.2,8.0,24.99110198494182,1,9.0,2025,<27,1-3,2019-25
00-0035250,Devin Singletary,RB,6.4399999999999995,15,96.6,17.0,28.019164955509925,2,0.0,2025,27-28,1-3,2019-25
00-0039363,Isaac Guerendo,RB,6.0125,16,96.2,7.0,25.201916495550993,1,10.0,2025,<27,1-3,2019-25
00-0038797,Emanuel Wilson,RB,5.647058823529412,17,96.0,17.0,26.34360027378508,0,0.0,2025,<27,0,2019-25
00-0035537,Ty Johnson,RB,5.482352941176471,17,93.2,17.0,27.980835044490075,0,0.0,2025,27-28,0,2019-25
00-0036414,Cam Akers,RB,5.825,16,93.2,4.0,26.220396988364133,1,13.0,2025,<27,1-3,2019-25
00-0039794,Braelon Allen,RB,5.011764705882353,17,85.2,4.0,21.639972621492127,0,13.0,2025,<27,0,2019-25
00-0036251,Zack Moss,RB,10.2375,8,81.9,0.0,27.737166324435318,9,17.0,2025,27-28,4+,2019-25
00-0033526,Samaje Perine,RB,4.788235294117648,17,81.4,15.0,29.984941820670773,0,2.0,2025,29+,0,2019-25
00-0039021,Roschon Johnson,RB,5.953846153846154,13,77.4,6.0,24.607802874743328,4,11.0,2025,<27,4+,2019-25
00-0035243,Miles Sanders,RB,7.027272727272728,11,77.30000000000001,4.0,28.361396303901437,6,13.0,2025,27-28,4+,2019-25
00-0038951,Sean Tucker,RB,4.2176470588235295,17,71.7,17.0,23.876796714579054,0,0.0,2025,<27,0,2019-25
00-0031687,Raheem Mostert,RB,5.453846153846154,13,70.9,12.0,33.42094455852156,4,5.0,2025,29+,4+,2019-25
00-0034184,Gus Edwards,RB,5.827272727272727,11,64.1,0.0,30.412046543463383,6,17.0,2025,29+,4+,2019-25
00-0033955,Jeremy McNichols,RB,4.253333333333334,15,63.800000000000004,16.0,29.70841889117043,2,1.0,2025,29+,1-3,2019-25
00-0034791,Nick Chubb,RB,7.9125,8,63.3,15.0,29.7056810403833,9,2.0,2025,29+,4+,2019-25
00-0036919,Kenny Gainwell,RB,3.682352941176471,17,62.6,17.0,26.494182067077343,0,0.0,2025,<27,0,2019-25
00-0033045,Ezekiel Elliott,RB,3.8333333333333335,15,57.5,0.0,30.138261464750173,2,17.0,2025,29+,1-3,2019-25
00-0037197,Isiah Pacheco,RB,8.12857142857143,7,56.900000000000006,13.0,26.527036276522928,10,4.0,2025,<27,4+,2019-25
00-0033854,Dare Ogunbowale,RB,3.5,16,56.0,14.0,31.353867214236825,1,3.0,2025,29+,1-3,2019-25
00-0038705,Emari Demercado,RB,4.207692307692308,13,54.7,12.0,26.639288158795345,4,5.0,2025,<27,4+,2019-25
00-0036984,Trey Sermon,RB,3.586666666666667,15,53.800000000000004,3.0,26.611909650924023,2,14.0,2025,<27,1-3,2019-25
00-0039373,Audric Estimé,RB,3.746153846153846,13,48.7,5.0,22.012320328542096,4,12.0,2025,<27,4+,2019-25
00-0039921,Trey Benson,RB,3.9166666666666665,12,47.0,4.0,23.134839151266256,5,13.0,2025,<27,4+,2019-25
00-0037258,Dameon Pierce,RB,4.65,10,46.5,5.0,25.557837097878167,7,12.0,2025,<27,4+,2019-25
00-0039798,Isaiah Davis,RB,3.5307692307692307,13,45.9,16.0,23.550992470910334,4,1.0,2025,<27,4+,2019-25
00-0036900,Ja'Marr Chase,WR,24.529411764705884,17,417.0,16.0,25.527720739219713,0,1.0,2025,<30,0,2019-25
00-0036322,Justin Jefferson,WR,19.116470588235295,17,324.98,17.0,26.236824093086927,0,0.0,2025,<30,0,2019-25
00-0036963,Amon-Ra St. Brown,WR,18.951764705882354,17,322.18,17.0,25.880903490759753,0,0.0,2025,<30,0,2019-25
00-0039893,Brian Thomas Jr.,WR,17.058823529411764,17,290.0,14.0,22.924024640657084,0,3.0,2025,<30,0,2019-25
00-0037238,Drake London,WR,16.78235294117647,17,285.3,12.0,24.13141683778234,0,5.0,2025,<30,0,2019-25
00-0039337,Malik Nabers,WR,18.540000000000003,15,278.1,4.0,22.12183436002738,2,13.0,2025,<30,1-3,2019-25
00-0035659,Terry McLaurin,WR,16.194117647058825,17,275.3,10.0,29.987679671457904,0,7.0,2025,<30,0,2019-25
00-0036358,CeeDee Lamb,WR,17.860000000000003,15,267.90000000000003,13.0,26.425735797399042,2,4.0,2025,<30,1-3,2019-25
00-0037740,Garrett Wilson,WR,15.170588235294119,17,257.90000000000003,7.0,25.136208076659823,0,10.0,2025,<30,0,2019-25
00-0038543,Jaxon Smith-Njigba,WR,15.147058823529411,17,257.5,17.0,23.57015742642026,0,0.0,2025,<30,0,2019-25
00-0036407,Jerry Jeudy,WR,14.81764705882353,17,251.9,17.0,26.38193018480493,0,0.0,2025,<30,0,2019-25
00-0031381,Davante Adams,WR,17.557142857142857,14,245.79999999999998,14.0,32.71184120465435,3,3.0,2025,30+,1-3,2019-25
00-0039915,Ladd McConkey,WR,15.3375,16,245.4,16.0,23.83025325119781,1,1.0,2025,<30,1-3,2019-25
00-0034348,Courtland Sutton,WR,15.3,16,244.8,17.0,29.919233401779604,1,0.0,2025,<30,1-3,2019-25
00-0031408,Mike Evans,WR,17.385714285714286,14,243.4,8.0,32.054757015742645,3,9.0,2025,30+,1-3,2019-25
00-0034827,DJ Moore,WR,14.182352941176472,17,241.10000000000002,17.0,28.407939767282684,0,0.0,2025,<30,0,2019-25
00-0036410,Tee Higgins,WR,18.758333333333336,12,225.10000000000002,15.0,26.64476386036961,5,2.0,2025,<30,4+,2019-25
00-0035676,A.J. Brown,WR,17.26153846153846,13,224.4,15.0,28.197125256673512,4,2.0,2025,<30,4+,2019-25
00-0033040,Tyreek Hill,WR,13.1,17,222.7,4.0,31.529089664613277,0,13.0,2025,30+,0,2019-25
00-0034960,Jakobi Meyers,WR,14.833333333333334,15,222.5,16.0,28.83504449007529,2,1.0,2025,<30,1-3,2019-25
00-0039064,Zay Flowers,WR,12.764705882352942,17,217.0,17.0,24.996577686516083,0,0.0,2025,<30,0,2019-25
00-0037240,Jameson Williams,WR,14.446666666666667,15,216.70000000000002,17.0,24.459958932238195,2,0.0,2025,<30,1-3,2019-25
00-0036554,Nico Collins,WR,18.05,12,216.60000000000002,15.0,26.480492813141684,5,2.0,2025,<30,4+,2019-25
00-0038994,Jordan Addison,WR,14.366666666666667,15,215.5,14.0,23.619438740588638,2,3.0,2025,<30,1-3,2019-25
00-0039075,Puka Nacua,WR,19.463636363636365,11,214.1,16.0,24.28473648186174,6,1.0,2025,<30,4+,2019-25
00-0036259,Jauan Jennings,WR,14.133333333333333,15,212.0,15.0,28.16974674880219,2,2.0,2025,<30,1-3,2019-25
00-0036912,DeVonta Smith,WR,15.569230769230769,13,202.4,17.0,26.822724161533195,4,0.0,2025,<30,4+,2019-25
00-0039146,Jayden Reed,WR,11.852941176470589,17,201.5,5.0,25.36892539356605,0,12.0,2025,<30,0,2019-25
00-0034837,Calvin Ridley,WR,11.805882352941177,17,200.70000000000002,7.0,30.72416153319644,0,10.0,2025,30+,0,2019-25
00-0039849,Marvin Harrison Jr.,WR,11.735294117647058,17,199.5,12.0,23.082819986310746,0,5.0,2025,<30,0,2019-25
00-0036309,Darnell Mooney,WR,12.262500000000001,16,196.20000000000002,15.0,27.865845311430526,1,2.0,2025,<30,1-3,2019-25
00-0035640,DK Metcalf,WR,13.046666666666665,15,195.7,15.0,27.73990417522245,2,2.0,2025,<30,1-3,2019-25
00-0039894,Xavier Worthy,WR,11.7,16,187.2,14.0,22.373716632443532,1,3.0,2025,<30,1-3,2019-25
00-0030279,Keenan Allen,WR,12.393333333333334,15,185.9,17.0,33.37166324435318,2,0.0,2025,30+,1-3,2019-25
00-0037261,Khalil Shakir,WR,12.366666666666667,15,185.5,16.0,25.60164271047228,2,1.0,2025,<30,1-3,2019-25
00-0038997,Josh Downs,WR,13.214285714285714,14,185.0,16.0,24.079397672826833,3,1.0,2025,<30,1-3,2019-25
00-0038117,Wan'Dale Robinson,WR,10.747058823529413,17,182.70000000000002,16.0,24.67898699520876,0,1.0,2025,<30,0,2019-25
00-0033908,Cooper Kupp,WR,14.958333333333334,12,179.5,16.0,32.238193018480494,5,1.0,2025,30+,4+,2019-25
00-0038544,Quentin Johnston,WR,11.846666666666668,15,177.70000000000002,13.0,24.01095140314853,2,4.0,2025,<30,1-3,2019-25
00-0036550,Rashod Bateman,WR,11.006250000000001,16,176.10000000000002,13.0,25.782340862423,1,4.0,2025,<30,1-3,2019-25
00-0036252,Michael Pittman,WR,10.55,16,168.8,17.0,27.9315537303217,1,0.0,2025,<30,1-3,2019-25
00-0037247,George Pickens,WR,11.957142857142857,14,167.4,17.0,24.520191649555098,3,0.0,2025,<30,1-3,2019-25
00-0037664,Alec Pierce,WR,10.36875,16,165.9,15.0,25.357973990417523,1,2.0,2025,<30,1-3,2019-25
00-0035719,Deebo Samuel Sr.,WR,10.573333333333334,15,158.60000000000002,16.0,29.65366187542779,2,1.0,2025,<30,1-3,2019-25
00-0036613,Jaylen Waddle,WR,10.173333333333334,15,152.6,16.0,26.792607802874745,2,1.0,2025,<30,1-3,2019-25
00-0037666,Jalen Tolbert,WR,8.941176470588236,17,152.0,12.0,26.535249828884325,0,5.0,2025,<30,0,2019-25
00-0039919,Rome Odunze,WR,8.700000000000001,17,147.9,12.0,23.27173169062286,0,5.0,2025,<30,0,2019-25
00-0038621,DeMario Douglas,WR,9.231250000000001,16,147.70000000000002,16.0,24.75564681724846,1,1.0,2025,<30,1-3,2019-25
00-0030564,DeAndre Hopkins,WR,9.1875,16,147.0,17.0,33.2621492128679,1,0.0,2025,30+,1-3,2019-25
00-0030035,Adam Thielen,WR,14.25,10,142.5,14.0,35.05270362765229,7,3.0,2025,30+,4+,2019-25
00-0034407,Ray-Ray McCloud,WR,8.382352941176471,17,142.5,6.0,28.903490759753595,0,11.0,2025,<30,0,2019-25
00-0038977,Tank Dell,WR,10.107142857142858,14,141.5,0.0,25.867214236824093,3,17.0,2025,<30,1-3,2019-25
00-0033921,Chris Godwin Jr.,WR,20.114285714285717,7,140.8,9.0,29.53593429158111,10,8.0,2025,<30,4+,2019-25
00-0036182,Nick Westbrook-Ikhine,WR,9.799999999999999,14,137.2,13.0,28.473648186173854,3,4.0,2025,<30,1-3,2019-25
00-0039855,Jalen McMillan,WR,10.415384615384616,13,135.4,4.0,23.759069130732374,4,13.0,2025,<30,4+,2019-25
00-0038976,Marvin Mims Jr.,WR,7.794117647058823,17,132.5,15.0,23.479808350444902,0,2.0,2025,<30,0,2019-25
00-0037816,Romeo Doubs,WR,10.161538461538461,13,132.1,16.0,25.409993155373034,4,1.0,2025,<30,4+,2019-25
00-0038563,Tre Tucker,WR,7.605882352941177,17,129.3,17.0,24.50924024640657,0,0.0,2025,<30,0,2019-25
00-0034521,Allen Lazard,WR,10.625,12,127.5,9.0,29.749486652977414,5,8.0,2025,<30,4+,2019-25
00-0039342,Xavier Legette,WR,8.34,15,125.10000000000001,15.0,24.61327857631759,2,2.0,2025,<30,1-3,2019-25
00-0038559,Michael Wilson,WR,7.78125,16,124.5,17.0,25.54688569472964,1,0.0,2025,<30,1-3,2019-25
00-0032775,Demarcus Robinson,WR,7.264705882352941,17,123.5,14.0,30.97056810403833,0,3.0,2025,30+,0,2019-25
00-0038608,Kayshon Boutte,WR,8.226666666666667,15,123.4,14.0,23.345653661875428,2,3.0,2025,<30,1-3,2019-25
00-0031544,Amari Cooper,WR,9.438461538461539,13,122.7,0.0,31.23340177960301,4,17.0,2025,30+,4+,2019-25
00-0036980,Elijah Moore,WR,7.2,17,122.4,9.0,25.456536618754278,0,8.0,2025,<30,0,2019-25
00-0031588,Stefon Diggs,WR,15.24,8,121.92,17.0,31.78097193702943,9,0.0,2025,30+,4+,2019-25
00-0032211,Tyler Lockett,WR,7.117647058823529,17,121.0,17.0,32.95003422313484,0,0.0,2025,30+,0,2019-25
00-0037837,Calvin Austin III,WR,7.105882352941176,17,120.8,14.0,26.466803559206024,0,3.0,2025,<30,0,2019-25
00-0038619,Andrei Iosivas,WR,7.052941176470589,17,119.9,15.0,25.905544147843944,0,2.0,2025,<30,0,2019-25
00-0035208,Olamide Zaccheaus,WR,7.15,16,114.4,14.0,28.134154688569474,1,3.0,2025,<30,1-3,2019-25
00-0039338,Brock Bowers,TE,15.629411764705882,17,265.7,12.0,22.743326488706366,0,5.0,2025,all,0,2019-25
00-0037744,Trey McBride,TE,15.51875,16,248.3,17.0,25.801505817932924,1,0.0,2025,all,1-3,2019-25
00-0033288,George Kittle,TE,16.173333333333336,15,242.60000000000002,11.0,31.920602327173167,2,6.0,2025,all,1-3,2019-25
00-0033858,Jonnu Smith,TE,13.25294117647059,17,225.3,17.0,30.053388090349078,0,0.0,2025,all,0,2019-25
00-0030506,Travis Kelce,TE,12.30625,16,196.9,17.0,35.931553730321696,1,0.0,2025,all,1-3,2019-25
00-0034753,Mark Andrews,TE,11.105882352941178,17,188.8,17.0,30.012320328542096,0,0.0,2025,all,0,2019-25
00-0030061,Zach Ertz,TE,10.435294117647059,17,177.4,13.0,34.83367556468173,0,4.0,2025,all,0,2019-25
00-0039065,Sam LaPorta,TE,11.00625,16,176.1,9.0,24.659822039698838,1,8.0,2025,all,1-3,2019-25
00-0036894,Pat Freiermuth,TE,10.01764705882353,17,170.3,15.0,26.87748117727584,0,2.0,2025,all,0,2019-25
00-0038996,Tucker Kraft,TE,9.605882352941178,17,163.3,8.0,24.851471594798085,0,9.0,2025,all,0,2019-25
00-0033885,David Njoku,TE,13.5,11,148.5,11.0,29.169062286105408,6,6.0,2025,all,4+,2019-25
00-0033090,Hunter Henry,TE,9.18125,16,146.9,17.0,30.759753593429156,1,0.0,2025,all,1-3,2019-25
00-0034829,Mike Gesicki,TE,8.9375,16,143.0,12.0,29.93839835728953,1,5.0,2025,all,1-3,2019-25
00-0038129,Cade Otton,TE,10.15,14,142.1,15.0,26.406570841889117,3,2.0,2025,all,1-3,2019-25
00-0036970,Kyle Pitts,TE,7.717647058823529,17,131.2,17.0,24.928131416837783,0,0.0,2025,all,0,2019-25
00-0037838,Isaiah Likely,TE,8.346666666666668,15,125.2,12.0,25.39630390143737,2,5.0,2025,all,1-3,2019-25
00-0036040,Juwan Johnson,TE,8.186666666666667,15,122.80000000000001,17.0,28.99110198494182,2,0.0,2025,all,1-3,2019-25
00-0034270,Tyler Conklin,TE,7.61875,16,121.9,6.0,30.116358658453116,1,11.0,2025,all,1-3,2019-25
00-0036290,Cole Kmet,TE,7.525,16,120.4,16.0,26.50513347022587,1,1.0,2025,all,1-3,2019-25
00-0034383,Dalton Schultz,TE,6.952941176470588,17,118.2,17.0,29.166324435318277,0,0.0,2025,all,0,2019-25
00-0037809,Chig Okonkwo,TE,7.1000000000000005,16,113.60000000000001,17.0,26.00684462696783,1,0.0,2025,all,1-3,2019-25
00-0036637,Noah Gray,TE,7.08125,16,113.3,14.0,26.365503080082135,1,3.0,2025,all,1-3,2019-25
00-0034159,Will Dissly,TE,7.34,15,110.1,8.0,29.17453798767967,2,9.0,2025,all,1-3,2019-25
00-0032392,Austin Hooper,TE,6.3882352941176475,17,108.60000000000001,13.0,30.86652977412731,0,4.0,2025,all,0,2019-25
00-0034796,Lamar Jackson,QB,25.492941176470588,17,433.38,13.0,28.673511293634498,0,4.0,2025,all,0,2019-25
00-0036442,Joe Burrow,QB,22.871764705882352,17,388.82,8.0,28.750171115674195,0,9.0,2025,all,0,2019-25
00-0034857,Josh Allen,QB,23.69,16,379.04,16.0,29.305954825462013,1,1.0,2025,all,1-3,2019-25
00-0034855,Baker Mayfield,QB,21.51764705882353,17,365.8,17.0,30.409308692676248,0,0.0,2025,all,0,2019-25
00-0039910,Jayden Daniels,QB,21.10705882352941,17,358.82,7.0,24.72826830937714,0,10.0,2025,all,0,2019-25
00-0033106,Jared Goff,QB,20.027058823529412,17,340.46,17.0,30.90759753593429,0,0.0,2025,all,0,2019-25
00-0039732,Bo Nix,QB,18.658823529411762,17,317.2,17.0,25.541409993155373,0,0.0,2025,all,0,2019-25
00-0036389,Jalen Hurts,QB,21.008,15,315.12,16.0,27.093771389459274,2,1.0,2025,all,1-3,2019-25
00-0034869,Sam Darnold,QB,18.11529411764706,17,307.96000000000004,17.0,28.265571526351813,0,0.0,2025,all,0,2019-25
00-0035228,Kyler Murray,QB,17.48470588235294,17,297.24,5.0,28.093086926762492,0,12.0,2025,all,0,2019-25
00-0036355,Justin Herbert,QB,16.788235294117644,17,285.4,16.0,27.50444900752909,0,1.0,2025,all,0,2019-25
00-0033873,Patrick Mahomes,QB,17.68875,16,283.02,14.0,29.982203969883642,1,3.0,2025,all,1-3,2019-25
00-0037834,Brock Purdy,QB,17.790666666666667,15,266.86,9.0,25.7056810403833,2,8.0,2025,all,1-3,2019-25
00-0030565,Geno Smith,QB,15.647058823529411,17,266.0,15.0,34.91854893908282,0,2.0,2025,all,0,2019-25
00-0023459,Aaron Rodgers,QB,15.092941176470587,17,256.58,16.0,41.7741273100616,0,1.0,2025,all,0,2019-25
00-0039918,Caleb Williams,QB,14.97294117647059,17,254.54000000000002,17.0,23.811088295687885,0,0.0,2025,all,0,2019-25
00-0036264,Jordan Love,QB,15.590666666666667,15,233.86,15.0,26.855578370978783,2,2.0,2025,all,1-3,2019-25
00-0039163,C.J. Stroud,QB,12.963529411764705,17,220.38,14.0,23.93702943189596,0,3.0,2025,all,0,2019-25
00-0026498,Matthew Stafford,QB,13.41125,16,214.58,17.0,37.59069130732375,1,0.0,2025,all,1-3,2019-25
00-0039150,Bryce Young,QB,13.930000000000001,14,195.02,16.0,24.128678986995208,3,1.0,2025,all,1-3,2019-25
00-0029604,Kirk Cousins,QB,13.165714285714285,14,184.32,10.0,37.059548254620125,3,7.0,2025,all,1-3,2019-25
00-0036212,Tua Tagovailoa,QB,16.507272727272724,11,181.57999999999998,14.0,27.526351813826146,6,3.0,2025,all,4+,2019-25
00-0029263,Russell Wilson,QB,16.434545454545454,11,180.78,6.0,36.780287474332646,6,11.0,2025,all,4+,2019-25
00-0039851,Drake Maye,QB,13.626153846153848,13,177.14000000000001,17.0,23.030800821355236,4,0.0,2025,all,4+,2019-25
