ecr_rank,player,pos,team_26,age,draft_year,draft_round,bye,ecr_ovr,ecr_sd,ecr_best,ecr_worst,ecr_pos,ecr_bestball,status_26,g_25,ppgA_25,ppgB_25,top6A_25,floorA_25,ptsA_25,ptsB_25,ppr_25,tgt_25,rec_25,re_yds_25,re_td_25,tgt_share_25,car_25,ru_yds_25,ru_td_25,pass_yds_25,pass_td_25,int_25,ru100_25,re100_25,p300_25,snap_pct_25,g_24,ppgA_24,ppgB_24,ppr_24,tgt_24,tgt_share_24,car_24
1,Ja'Marr Chase,WR,CIN,26.5,2021.0,1.0,6.0,1.55,0.95,1,4,1.18,3.17,ACT,16.0,20.25625,20.475,30.48333333333333,9.875,324.1,327.6,313.6,185.0,125.0,1412.0,8.0,0.3228621291448517,3.0,14.0,0.0,0.0,0.0,0.0,0.0,7.0,0.0,0.94375,17.0,24.529411764705884,24.41176470588235,403.0,175.0,0.27910685805422647,3.0
2,Jahmyr Gibbs,RB,DET,24.5,2023.0,1.0,6.0,2.48,1.3,1,7,1.19,1.5,ACT,17.0,22.494117647058825,22.17058823529412,38.51666666666667,11.600000000000001,382.40000000000003,376.90000000000003,366.9,94.0,77.0,616.0,5.0,0.1709090909090909,243.0,1223.0,13.0,0.0,0.0,0.0,3.0,1.0,0.0,0.67,17.0,22.229411764705883,21.93529411764706,362.9,63.0,0.12115384615384615,250.0
3,Puka Nacua,WR,LA,25.3,2023.0,5.0,11.0,3.19,1.22,1,8,2.11,4.0,ACT,16.0,24.40625,24.3125,35.36666666666667,16.450000000000003,390.5,389.0,375.0,166.0,129.0,1715.0,10.0,0.3029197080291971,10.0,105.0,1.0,0.0,0.0,0.0,0.0,6.0,0.0,0.6825,11.0,19.463636363636365,19.69090909090909,206.6,106.0,0.29859154929577464,11.0
4,Bijan Robinson,RB,ATL,24.6,2023.0,1.0,11.0,4.1,1.43,2,7,1.83,1.5,ACT,17.0,22.870588235294118,22.63529411764706,34.61666666666667,14.7,388.8,384.8,370.8,103.0,79.0,820.0,4.0,0.19884169884169883,287.0,1478.0,7.0,0.0,0.0,0.0,5.0,2.0,0.0,0.7817647058823529,17.0,20.982352941176472,20.68823529411765,341.7,72.0,0.13358070500927643,304.0
5,Jaxon Smith-Njigba,WR,SEA,24.6,2023.0,1.0,11.0,4.67,1.29,1,8,3.21,6.17,ACT,17.0,21.964705882352945,22.229411764705883,29.75,19.8,373.40000000000003,377.90000000000003,359.9,163.0,119.0,1793.0,10.0,0.35824175824175825,7.0,36.0,0.0,0.0,0.0,0.0,0.0,9.0,0.0,0.7741176470588236,17.0,15.147058823529411,15.235294117647058,253.0,137.0,0.24077328646748683,5.0
6,Amon-Ra St. Brown,WR,DET,26.9,2021.0,4.0,6.0,5.42,1.26,3,9,3.63,7.33,ACT,17.0,19.5,19.647058823529413,31.349999999999998,13.7,331.5,334.0,324.0,172.0,117.0,1401.0,11.0,0.31272727272727274,3.0,9.0,0.0,0.0,0.0,0.0,0.0,5.0,0.0,0.8523529411764706,17.0,18.951764705882354,19.187058823529412,316.18,141.0,0.27115384615384613,2.0
7,CeeDee Lamb,WR,DAL,27.4,2020.0,1.0,14.0,9.0,1.82,6,16,5.66,11.5,ACT,13.0,16.146153846153847,16.376923076923077,21.433333333333334,11.5,209.9,212.9,200.9,117.0,75.0,1077.0,3.0,0.2526997840172786,1.0,2.0,0.0,0.0,0.0,0.0,0.0,6.0,0.0,0.7285714285714285,15.0,17.860000000000003,17.96,263.40000000000003,152.0,0.27289048473967686,14.0
8,Christian McCaffrey,RB,SF,30.3,2017.0,1.0,8.0,9.24,4.26,5,24,3.85,8.33,ACT,17.0,25.211764705882356,24.976470588235294,34.85,17.6,428.6,424.6,416.6,129.0,102.0,924.0,7.0,0.2476007677543186,311.0,1202.0,10.0,0.0,0.0,0.0,4.0,0.0,0.0,0.8311764705882353,4.0,11.950000000000001,11.950000000000001,47.8,19.0,0.18627450980392157,50.0
9,Justin Jefferson,WR,MIN,27.2,2020.0,1.0,6.0,9.36,2.3,4,20,5.85,13.0,ACT,17.0,12.117647058823529,12.205882352941176,18.46666666666667,7.7,206.0,207.5,201.5,141.0,84.0,1048.0,2.0,0.30257510729613735,2.0,7.0,0.0,0.0,0.0,0.0,0.0,3.0,0.0,0.9417647058823531,17.0,19.116470588235295,19.263529411764708,317.48,154.0,0.3013698630136986,1.0
10,Jonathan Taylor,RB,IND,27.6,2020.0,2.0,13.0,11.93,5.35,7,33,4.56,7.33,ACT,17.0,22.488235294117647,22.01764705882353,38.68333333333333,12.8,382.3,374.3,362.3,55.0,46.0,378.0,2.0,0.10396975425330812,323.0,1585.0,18.0,0.0,0.0,0.0,5.0,0.0,0.0,0.8258823529411765,14.0,19.55,18.764285714285712,244.7,31.0,0.07969151670951156,303.0
11,Drake London,WR,ATL,25.1,2022.0,1.0,11.0,12.91,3.81,8,26,7.9,18.17,ACT,12.0,17.45,17.65833333333333,27.36666666666667,7.625,209.39999999999998,211.89999999999998,201.9,112.0,68.0,919.0,7.0,0.30434782608695654,0.0,0.0,0.0,0.0,0.0,0.0,0.0,5.0,0.0,0.9066666666666666,17.0,16.78235294117647,16.870588235294118,280.8,158.0,0.29313543599257885,1.0
12,A.J. Brown,WR,NE,29.2,2019.0,2.0,11.0,14.25,5.45,6,35,8.54,19.17,ACT,15.0,15.186666666666667,15.353333333333333,25.533333333333335,8.5,227.8,230.3,220.3,121.0,78.0,1003.0,7.0,0.2951219512195122,0.0,0.0,0.0,0.0,0.0,0.0,0.0,5.0,0.0,0.9066666666666666,13.0,17.26153846153846,17.453846153846154,216.9,97.0,0.34275618374558303,0.0
13,James Cook III,RB,BUF,27.0,2022.0,2.0,7.0,15.97,6.48,7,34,5.75,10.33,ACT,17.0,19.658823529411766,18.952941176470592,30.833333333333332,10.700000000000001,334.20000000000005,322.20000000000005,302.2,40.0,33.0,291.0,2.0,0.08350730688935282,309.0,1621.0,12.0,0.0,0.0,0.0,9.0,0.0,0.0,0.571764705882353,16.0,17.41875,17.16875,266.7,38.0,0.08050847457627118,207.0
14,Nico Collins,WR,HOU,27.5,2021.0,3.0,8.0,16.0,3.86,9,28,9.69,22.33,ACT,15.0,15.38,15.48,22.46666666666667,9.3,230.70000000000002,232.20000000000002,226.2,120.0,71.0,1117.0,6.0,0.2464065708418891,2.0,15.0,1.0,0.0,0.0,0.0,0.0,3.0,0.0,0.772,12.0,18.05,18.21666666666667,210.6,99.0,0.24812030075187969,0.0
15,Chase Brown,RB,CIN,26.5,2023.0,5.0,6.0,17.86,5.64,8,34,6.64,13.83,ACT,17.0,17.15294117647059,16.976470588235294,24.566666666666663,11.799999999999999,291.6,288.6,282.6,88.0,69.0,437.0,5.0,0.14497528830313014,232.0,1019.0,6.0,0.0,0.0,0.0,3.0,0.0,0.0,,16.0,16.125,16.0625,255.0,65.0,0.11187607573149742,229.0
16,Chris Olave,WR,NO,26.2,2022.0,1.0,8.0,17.99,5.73,9,36,10.74,27.0,ACT,16.0,17.03125,17.125,25.316666666666663,12.15,272.5,274.0,268.0,156.0,100.0,1163.0,9.0,0.2937853107344633,1.0,-3.0,0.0,0.0,0.0,1.0,0.0,3.0,0.0,0.843125,8.0,9.775,9.8375,76.7,44.0,0.19047619047619047,1.0
17,Brock Bowers,TE,LV,23.7,2024.0,1.0,13.0,19.03,5.03,11,57,1.45,18.83,ACT,12.0,14.933333333333332,15.016666666666666,21.166666666666668,9.400000000000002,179.2,180.2,176.2,86.0,64.0,680.0,7.0,0.23626373626373626,2.0,2.0,0.0,0.0,0.0,0.0,0.0,2.0,0.0,0.8591666666666667,17.0,15.629411764705882,15.688235294117646,262.7,153.0,0.25888324873096447,5.0
18,George Pickens,WR,DAL,25.5,2022.0,2.0,14.0,20.43,6.12,9,40,11.81,24.83,ACT,17.0,17.61176470588235,17.758823529411764,29.25,11.8,299.4,301.9,291.9,137.0,93.0,1429.0,9.0,0.2257001647446458,0.0,0.0,0.0,0.0,0.0,0.0,0.0,5.0,0.0,0.8111764705882354,14.0,11.957142857142857,12.028571428571428,164.4,103.0,0.27034120734908135,2.0
19,De'Von Achane,RB,MIA,24.9,2023.0,3.0,6.0,20.99,7.12,10,43,7.77,15.0,ACT,16.0,20.925,20.675,28.45,16.575000000000003,334.8,330.8,322.8,85.0,67.0,488.0,4.0,0.19813519813519814,238.0,1350.0,8.0,0.0,0.0,0.0,4.0,0.0,0.0,0.75375,17.0,17.99411764705882,17.876470588235293,299.9,87.0,0.1564748201438849,203.0
20,Trey McBride,TE,ARI,26.8,2022.0,2.0,14.0,21.0,6.17,16,57,1.68,26.17,ACT,17.0,18.847058823529412,18.93529411764706,28.71666666666667,12.2,320.40000000000003,321.90000000000003,315.9,169.0,126.0,1239.0,11.0,0.2739059967585089,0.0,0.0,0.0,0.0,0.0,0.0,0.0,3.0,0.0,0.9135294117647058,16.0,15.51875,15.6125,243.8,147.0,0.2934131736526946,1.0
21,DeVonta Smith,WR,PHI,27.8,2021.0,1.0,10.0,24.04,6.77,12,45,13.53,30.0,ACT,17.0,12.047058823529412,12.105882352941176,20.616666666666667,7.0,204.79999999999998,205.79999999999998,201.79999999999998,113.0,77.0,1008.0,4.0,0.2435344827586207,0.0,0.0,0.0,0.0,0.0,0.0,0.0,2.0,0.0,0.8441176470588235,13.0,15.569230769230769,15.646153846153847,199.4,89.0,0.28525641025641024,1.0
22,Saquon Barkley,RB,PHI,29.6,2018.0,1.0,10.0,24.35,6.98,10,39,8.83,17.17,ACT,16.0,15.08125,14.89375,22.566666666666666,9.3,241.3,238.3,232.29999999999998,50.0,37.0,273.0,2.0,0.11627906976744186,280.0,1140.0,7.0,0.0,0.0,0.0,3.0,0.0,0.0,0.783125,16.0,24.58125,23.70625,355.3,43.0,0.11405835543766578,345.0
23,Malik Nabers,WR,NYG,23.1,2024.0,1.0,8.0,24.54,9.07,11,51,13.42,30.0,ACT,4.0,14.65,14.775,14.65,3.825,58.6,59.1,57.1,35.0,18.0,271.0,2.0,0.28688524590163933,0.0,0.0,0.0,0.0,0.0,0.0,0.0,1.0,0.0,0.795,15.0,18.540000000000003,18.64,273.6,170.0,0.3490759753593429,5.0
24,Rashee Rice,WR,KC,26.4,2023.0,2.0,5.0,24.68,9.11,9,48,13.69,31.17,ACT,8.0,18.95,19.0125,22.400000000000002,11.525000000000002,151.6,152.1,150.1,78.0,53.0,571.0,5.0,0.2867647058823529,5.0,20.0,1.0,0.0,0.0,0.0,0.0,1.0,0.0,0.74875,4.0,16.975,17.225,64.9,29.0,0.25663716814159293,1.0
25,Omarion Hampton,RB,LAC,23.5,2025.0,1.0,7.0,25.57,7.74,7,47,9.15,22.17,ACT,9.0,15.41111111111111,15.299999999999999,19.933333333333334,8.100000000000001,138.7,137.7,135.7,35.0,32.0,192.0,1.0,0.125,124.0,545.0,4.0,0.0,0.0,0.0,1.0,0.0,0.0,0.6344444444444445,,,,,,,
26,Josh Allen,QB,BUF,30.3,2018.0,1.0,7.0,25.84,2.66,21,39,1.04,32.0,ACT,16.0,22.78875,26.28875,32.913333333333334,16.39,364.62,420.62,364.62,0.0,0.0,0.0,0.0,0.0,112.0,579.0,14.0,3668.0,25.0,10.0,0.0,0.0,3.0,0.9217647058823529,16.0,23.69,27.565,379.04,0.0,0.0,102.0
27,Kenneth Walker III,RB,KC,25.9,2022.0,2.0,5.0,26.05,8.38,12,53,9.29,15.0,ACT,17.0,11.641176470588235,11.523529411764706,19.783333333333335,6.6000000000000005,197.9,195.9,191.9,36.0,31.0,282.0,0.0,0.07912087912087912,221.0,1027.0,5.0,0.0,0.0,0.0,2.0,0.0,0.0,0.4688235294117647,11.0,16.745454545454546,16.654545454545456,181.2,53.0,0.13802083333333334,153.0
28,Ashton Jeanty,RB,LV,22.8,2025.0,1.0,13.0,26.37,9.16,11,53,9.47,22.67,ACT,17.0,14.770588235294117,14.652941176470588,24.75,8.2,251.1,249.1,245.1,73.0,55.0,346.0,5.0,0.14807302231237324,266.0,975.0,5.0,0.0,0.0,0.0,2.0,0.0,0.0,0.7788235294117647,,,,,,,
29,Garrett Wilson,WR,NYJ,26.1,2022.0,1.0,13.0,29.62,7.77,12,47,15.89,38.5,ACT,7.0,14.214285714285714,14.214285714285714,16.583333333333332,6.65,99.5,99.5,99.5,59.0,36.0,395.0,4.0,0.3430232558139535,0.0,0.0,0.0,0.0,0.0,0.0,0.0,0.0,0.0,0.87,17.0,15.170588235294119,15.28823529411765,251.9,154.0,0.2614601018675722,2.0
30,Zay Flowers,WR,BAL,26.0,2023.0,1.0,13.0,30.3,8.32,15,48,15.89,29.0,ACT,17.0,14.576470588235296,14.664705882352942,22.483333333333334,11.4,247.8,249.3,243.3,118.0,86.0,1211.0,5.0,0.28992628992628994,10.0,62.0,1.0,0.0,0.0,0.0,0.0,3.0,0.0,0.8647058823529411,17.0,12.764705882352942,12.911764705882353,209.5,116.0,0.2538293216630197,9.0
31,Lamar Jackson,QB,BAL,29.7,2018.0,1.0,13.0,32.06,8.8,25,61,2.59,49.83,ACT,13.0,16.52769230769231,19.75846153846154,24.95333333333333,7.220000000000001,214.86,256.86,214.86,0.0,0.0,0.0,0.0,0.0,67.0,349.0,2.0,2549.0,21.0,7.0,0.0,0.0,0.0,0.9223076923076923,17.0,25.492941176470588,30.492941176470588,430.38,0.0,0.0,139.0
32,Jaylen Waddle,WR,DEN,27.8,2021.0,1.0,10.0,34.78,7.82,18,62,17.95,41.33,ACT,16.0,12.22625,12.2575,19.42,7.0,195.62,196.12,194.12,100.0,64.0,910.0,6.0,0.2331002331002331,2.0,28.0,0.0,8.0,0.0,0.0,0.0,1.0,0.0,0.77625,15.0,10.173333333333334,10.24,149.6,83.0,0.1656686626746507,4.0
33,Ladd McConkey,WR,LAC,24.8,2024.0,2.0,7.0,34.85,7.19,18,51,17.92,37.67,ACT,16.0,11.49375,11.55625,18.733333333333334,4.25,183.9,184.9,180.9,106.0,66.0,789.0,6.0,0.21157684630738524,0.0,0.0,0.0,0.0,0.0,0.0,0.0,2.0,0.0,0.775,16.0,15.3375,15.43125,240.9,112.0,0.24507658643326038,0.0
34,Tetairoa McMillan,WR,CAR,23.4,2025.0,1.0,5.0,35.61,6.89,18,50,18.12,35.67,ACT,17.0,12.729411764705883,12.788235294117648,19.9,8.600000000000001,216.4,217.4,213.4,122.0,70.0,1014.0,7.0,0.25416666666666665,0.0,0.0,0.0,0.0,0.0,0.0,0.0,2.0,0.0,0.871764705882353,,,,,,,
35,Tee Higgins,WR,CIN,27.6,2020.0,2.0,6.0,36.89,6.93,19,51,18.56,36.17,ACT,15.0,14.206666666666667,14.24,22.0,9.0,213.1,213.6,211.6,98.0,59.0,846.0,11.0,0.1859582542694497,0.0,0.0,0.0,0.0,0.0,0.0,0.0,1.0,0.0,0.8086666666666666,12.0,18.758333333333336,18.84166666666667,222.1,109.0,0.2494279176201373,0.0
36,Colston Loveland,TE,CHI,22.4,2025.0,1.0,10.0,37.44,13.7,22,95,3.23,41.5,ACT,16.0,10.4125,10.44375,19.283333333333335,5.075,166.6,167.1,165.1,82.0,58.0,713.0,6.0,0.16532258064516128,1.0,-2.0,0.0,0.0,0.0,0.0,0.0,1.0,0.0,0.645,,,,,,,
37,Drake Maye,QB,NE,24.0,2024.0,1.0,11.0,37.67,12.69,26,74,3.27,59.0,ACT,17.0,20.70352941176471,24.468235294117648,26.53,15.96,351.96000000000004,415.96000000000004,351.96,1.0,1.0,2.0,0.0,0.002074688796680498,103.0,450.0,4.0,4394.0,31.0,8.0,0.0,0.0,1.0,0.9576470588235295,13.0,13.626153846153848,15.933846153846154,177.14000000000001,0.0,0.0,54.0
38,Derrick Henry,RB,BAL,32.7,2016.0,2.0,13.0,37.72,8.5,16,47,13.46,18.83,ACT,17.0,18.147058823529413,17.5,29.450000000000003,11.200000000000001,308.5,297.5,279.5,21.0,15.0,150.0,0.0,0.051597051597051594,307.0,1595.0,16.0,0.0,0.0,0.0,8.0,0.0,0.0,0.5452941176470588,17.0,21.376470588235296,20.847058823529412,336.4,22.0,0.04814004376367615,325.0
39,Breece Hall,RB,NYJ,25.3,2022.0,2.0,13.0,39.93,5.96,28,56,14.12,29.0,ACT,16.0,13.72875,13.60375,22.560000000000002,6.875000000000001,219.66,217.66,207.66,48.0,36.0,350.0,1.0,0.1085972850678733,243.0,1065.0,4.0,4.0,1.0,0.0,4.0,0.0,0.0,0.64375,16.0,15.3375,15.30625,240.9,76.0,0.13818181818181818,209.0
40,Emeka Egbuka,WR,TB,23.9,2025.0,1.0,10.0,40.83,7.26,15,62,20.55,40.5,ACT,17.0,11.776470588235293,11.86470588235294,21.733333333333334,5.0,200.2,201.7,195.7,127.0,63.0,938.0,6.0,0.2351851851851852,2.0,9.0,0.0,0.0,0.0,0.0,0.0,3.0,0.0,0.776470588235294,,,,,,,
41,Jeremiyah Love,RB,ARI,21.3,2026.0,1.0,14.0,41.44,8.17,27,65,14.58,27.5,ACT,,,,,,,,,,,,,,,,,,,,,,,,,,,,,,
42,Kyren Williams,RB,LA,26.0,2022.0,5.0,11.0,41.52,6.69,24,59,14.91,35.0,ACT,17.0,15.664705882352942,15.605882352941178,22.099999999999998,11.1,266.3,265.3,263.3,50.0,36.0,281.0,3.0,0.08605851979345955,259.0,1252.0,10.0,0.0,0.0,0.0,1.0,0.0,0.0,0.6829411764705882,16.0,17.75625,17.50625,272.1,40.0,0.07984031936127745,316.0
43,Javonte Williams,RB,DAL,26.4,2021.0,2.0,14.0,44.62,6.03,31,61,15.86,29.33,ACT,16.0,15.55,15.425,22.333333333333332,11.125,248.8,246.8,242.8,51.0,35.0,137.0,2.0,0.08732876712328767,252.0,1201.0,11.0,0.0,0.0,0.0,2.0,0.0,0.0,0.69,17.0,9.288235294117648,9.288235294117648,157.9,70.0,0.12987012987012986,139.0
44,Joe Burrow,QB,CIN,29.7,2020.0,1.0,6.0,45.81,12.92,27,72,4.48,58.17,ACT,8.0,16.8075,21.5575,20.320000000000004,8.375,134.46,172.46,134.46,0.0,0.0,0.0,0.0,0.0,14.0,41.0,0.0,1809.0,17.0,5.0,0.0,0.0,2.0,0.8775,17.0,22.871764705882352,28.048235294117646,372.82,0.0,0.0,42.0
45,Josh Jacobs,RB,GB,28.6,2019.0,1.0,11.0,46.94,8.44,24,67,16.98,40.17,EXE,15.0,15.806666666666668,15.806666666666668,24.233333333333334,11.25,237.10000000000002,237.10000000000002,237.1,44.0,36.0,282.0,1.0,0.10256410256410256,234.0,929.0,13.0,0.0,0.0,0.0,0.0,0.0,0.0,0.5906666666666667,17.0,17.77058823529412,17.594117647058823,293.1,43.0,0.09287257019438445,301.0
46,Luther Burden III,WR,CHI,22.7,2025.0,2.0,10.0,46.99,8.76,20,69,23.64,56.83,ACT,15.0,8.726666666666667,8.793333333333333,15.699999999999998,2.35,130.9,131.9,127.9,60.0,47.0,652.0,2.0,0.1279317697228145,6.0,37.0,0.0,0.0,0.0,0.0,0.0,2.0,0.0,0.39666666666666667,,,,,,,
47,Terry McLaurin,WR,WAS,31.0,2019.0,3.0,7.0,47.16,6.18,26,68,23.64,48.0,ACT,10.0,11.42,11.42,14.066666666666668,8.65,114.2,114.2,114.2,60.0,38.0,582.0,3.0,0.23255813953488372,0.0,0.0,0.0,0.0,0.0,0.0,0.0,0.0,0.0,0.704,17.0,16.194117647058825,16.341176470588238,267.8,117.0,0.23260437375745527,2.0
48,Travis Etienne Jr.,RB,NO,27.6,2021.0,1.0,8.0,47.64,7.61,31,65,16.99,38.0,ACT,17.0,15.28823529411765,15.170588235294119,22.783333333333335,9.5,259.90000000000003,257.90000000000003,253.9,52.0,36.0,292.0,6.0,0.10358565737051793,260.0,1107.0,7.0,0.0,0.0,0.0,2.0,0.0,0.0,0.6011764705882353,15.0,8.68,8.68,130.2,52.0,0.11016949152542373,150.0
49,Davante Adams,WR,LA,33.7,2014.0,2.0,11.0,50.13,8.07,29,69,25.17,51.83,ACT,14.0,16.02857142857143,16.064285714285713,23.049999999999997,9.600000000000001,224.4,224.9,222.9,114.0,60.0,789.0,14.0,0.24782608695652175,0.0,0.0,0.0,0.0,0.0,0.0,0.0,1.0,0.0,0.7142857142857143,14.0,17.557142857142857,17.664285714285715,241.29999999999998,141.0,0.29497907949790797,0.0
50,DJ Moore,WR,BUF,29.4,2018.0,1.0,7.0,52.06,12.57,19,100,25.68,49.67,ACT,17.0,10.128235294117648,10.245882352941177,19.263333333333335,3.1,172.18,174.18,172.18,85.0,50.0,682.0,6.0,0.15977443609022557,15.0,79.0,1.0,2.0,1.0,0.0,0.0,0.0,0.0,0.8482352941176471,17.0,14.182352941176472,14.241176470588236,238.1,140.0,0.2661596958174905,14.0
51,Tyler Warren,TE,IND,24.3,2025.0,1.0,13.0,53.13,10.95,22,73,3.99,66.83,ACT,17.0,11.088235294117647,11.088235294117647,16.783333333333335,7.6,188.5,188.5,188.5,112.0,76.0,817.0,4.0,0.21172022684310018,6.0,8.0,1.0,0.0,0.0,0.0,0.0,0.0,0.0,0.8382352941176471,,,,,,,
52,Jayden Daniels,QB,WAS,25.7,2024.0,1.0,7.0,53.22,15.63,27,101,5.55,56.33,ACT,7.0,16.325714285714287,18.611428571428572,18.593333333333337,16.18,114.28,130.28,114.28,0.0,0.0,0.0,0.0,0.0,58.0,278.0,2.0,1262.0,8.0,3.0,0.0,0.0,0.0,0.9028571428571429,17.0,21.10705882352941,24.10705882352941,355.82,0.0,0.0,148.0
53,D'Andre Swift,RB,CHI,27.7,2020.0,2.0,10.0,54.7,7.96,34,75,19.7,56.0,ACT,16.0,14.85,14.6625,22.766666666666666,9.375,237.6,234.6,228.6,48.0,34.0,299.0,1.0,0.0963855421686747,223.0,1087.0,9.0,0.0,0.0,0.0,3.0,0.0,0.0,0.57875,17.0,12.794117647058824,12.735294117647058,214.5,52.0,0.09885931558935361,253.0
54,Jameson Williams,WR,DET,25.5,2022.0,1.0,6.0,54.74,10.27,40,96,27.01,49.0,ACT,17.0,13.288235294117648,13.405882352941177,23.38333333333333,5.7,225.9,227.9,219.9,102.0,65.0,1117.0,7.0,0.18545454545454546,6.0,12.0,0.0,0.0,0.0,0.0,0.0,4.0,0.0,0.9017647058823529,15.0,14.446666666666667,14.546666666666669,212.2,91.0,0.1887966804979253,11.0
55,Mike Evans,WR,SF,33.1,2014.0,1.0,8.0,56.16,10.72,38,83,27.49,49.5,ACT,8.0,10.787500000000001,10.850000000000001,13.483333333333334,8.925,86.30000000000001,86.80000000000001,84.8,62.0,30.0,368.0,3.0,0.23134328358208955,0.0,0.0,0.0,0.0,0.0,0.0,0.0,1.0,0.0,0.65625,14.0,17.385714285714286,17.45714285714286,240.4,110.0,0.24070021881838075,0.0
56,Jalen Hurts,QB,PHI,28.1,2020.0,2.0,10.0,56.5,12.78,30,79,5.86,66.83,ACT,16.0,18.81625,22.06625,26.08,13.879999999999999,301.06,353.06,301.06,0.0,0.0,0.0,0.0,0.0,105.0,421.0,8.0,3224.0,25.0,6.0,0.0,0.0,1.0,0.9762500000000001,15.0,21.008,23.541333333333334,315.12,0.0,0.0,150.0
57,Cam Skattebo,RB,NYG,24.6,2025.0,4.0,8.0,57.42,8.38,41,77,20.61,56.67,ACT,8.0,15.9625,15.9625,19.133333333333336,12.25,127.7,127.7,127.7,32.0,24.0,207.0,2.0,0.1322314049586777,101.0,410.0,5.0,0.0,0.0,0.0,0.0,0.0,0.0,0.5225,,,,,,,
58,Rome Odunze,WR,CHI,24.3,2024.0,1.0,10.0,57.49,9.47,40,88,28.37,60.17,ACT,12.0,12.424999999999999,12.508333333333333,20.266666666666666,5.175,149.1,150.1,146.1,90.0,44.0,661.0,6.0,0.23684210526315788,0.0,0.0,0.0,0.0,0.0,0.0,0.0,2.0,0.0,0.8808333333333334,17.0,8.700000000000001,8.758823529411766,144.9,101.0,0.1920152091254753,3.0
59,Christian Watson,WR,GB,27.3,2022.0,2.0,11.0,57.65,10.81,38,107,28.27,51.83,ACT,10.0,13.39,13.440000000000001,18.333333333333336,6.825,133.9,134.4,132.4,55.0,35.0,611.0,6.0,0.19230769230769232,1.0,3.0,0.0,0.0,0.0,0.0,0.0,1.0,0.0,0.6769999999999999,14.0,7.735714285714286,7.807142857142857,105.3,53.0,0.13383838383838384,4.0
60,Bucky Irving,RB,TB,24.1,2024.0,4.0,10.0,58.68,9.01,41,80,21.25,52.67,ACT,10.0,14.0,14.05,17.61666666666667,8.925,140.0,140.5,138.5,35.0,30.0,277.0,3.0,0.11290322580645161,173.0,588.0,1.0,0.0,0.0,0.0,0.0,1.0,0.0,0.616,17.0,14.905882352941177,14.729411764705883,244.4,52.0,0.09236234458259325,207.0
61,David Montgomery,RB,HOU,29.3,2019.0,3.0,8.0,61.35,8.62,43,78,22.15,55.17,ACT,17.0,9.99529411764706,10.054117647058824,16.97,6.0,169.92000000000002,170.92000000000002,166.92,29.0,24.0,192.0,0.0,0.05272727272727273,158.0,716.0,8.0,3.0,1.0,0.0,1.0,0.0,0.0,0.37058823529411766,14.0,16.05142857142857,16.122857142857143,221.72,38.0,0.08983451536643026,185.0
62,Quinshon Judkins,RB,CLE,22.9,2025.0,2.0,11.0,62.03,9.2,39,78,22.36,58.67,ACT,14.0,12.342857142857143,12.271428571428572,18.96666666666667,6.775,172.8,171.8,169.8,36.0,26.0,171.0,0.0,0.08275862068965517,230.0,827.0,7.0,0.0,0.0,0.0,1.0,0.0,0.0,0.505,,,,,,,
63,Parker Washington,WR,JAX,24.5,2023.0,6.0,7.0,63.29,16.2,40,110,29.99,70.5,ACT,16.0,11.73125,11.79375,20.200000000000003,5.65,187.7,188.7,184.7,95.0,58.0,847.0,5.0,0.20169851380042464,7.0,0.0,0.0,0.0,0.0,0.0,0.0,2.0,0.0,0.61375,14.0,7.035714285714286,7.071428571428571,97.0,51.0,0.11724137931034483,0.0
64,Caleb Williams,QB,CHI,24.8,2024.0,1.0,10.0,67.1,12.55,37,98,7.48,68.33,ACT,17.0,18.745882352941177,22.04,26.963333333333335,11.8,318.68,374.68,318.68,2.0,2.0,22.0,1.0,0.0037593984962406013,77.0,388.0,3.0,3942.0,27.0,7.0,0.0,0.0,1.0,0.9905882352941177,17.0,14.97294117647059,17.796470588235294,254.54,0.0,0.0,81.0
65,Bhayshul Tuten,RB,JAX,24.6,2025.0,4.0,7.0,67.19,9.61,43,93,24.0,61.17,ACT,15.0,5.906666666666666,5.906666666666666,10.816666666666668,2.05,88.6,88.6,88.6,14.0,10.0,79.0,2.0,0.03255813953488372,83.0,307.0,5.0,0.0,0.0,0.0,0.0,0.0,0.0,0.21133333333333332,,,,,,,
66,Carnell Tate,WR,TEN,21.6,2026.0,1.0,9.0,68.27,14.79,45,116,32.06,53.17,ACT,,,,,,,,,,,,,,,,,,,,,,,,,,,,,,
67,Marvin Harrison Jr.,WR,ARI,24.1,2024.0,1.0,14.0,68.6,12.38,40,110,32.43,69.0,ACT,12.0,10.65,10.65,16.71666666666667,5.075,127.80000000000001,127.80000000000001,127.80000000000001,73.0,41.0,608.0,4.0,0.18024691358024691,0.0,0.0,0.0,0.0,0.0,0.0,0.0,0.0,0.0,0.7125,17.0,11.735294117647058,11.794117647058824,196.5,116.0,0.22179732313575526,0.0
68,TreVeyon Henderson,RB,NE,23.9,2025.0,2.0,11.0,70.96,9.86,46,96,25.41,61.33,ACT,17.0,12.482352941176472,12.364705882352942,23.166666666666668,5.5,212.20000000000002,210.20000000000002,206.2,42.0,35.0,221.0,1.0,0.08713692946058091,180.0,911.0,9.0,0.0,0.0,0.0,2.0,0.0,0.0,0.4588235294117647,,,,,,,
69,Justin Herbert,QB,LAC,28.5,2020.0,1.0,7.0,71.63,13.71,30,105,8.25,67.5,ACT,16.0,18.43,21.805,27.63,12.76,294.88,348.88,286.88,0.0,0.0,0.0,0.0,0.0,83.0,498.0,2.0,3727.0,26.0,13.0,0.0,0.0,4.0,0.968125,17.0,16.788235294117644,19.72941176470588,285.4,0.0,0.0,69.0
70,Jadarian Price,RB,SEA,22.9,2026.0,1.0,11.0,73.22,12.09,47,127,25.98,67.17,ACT,,,,,,,,,,,,,,,,,,,,,,,,,,,,,,
71,Harold Fannin Jr.,TE,CLE,22.1,2025.0,3.0,11.0,73.44,11.84,54,112,6.14,84.83,ACT,16.0,11.74375,11.775,17.583333333333332,8.2,187.9,188.4,186.4,107.0,72.0,731.0,6.0,0.214,7.0,13.0,1.0,0.0,0.0,0.0,0.0,1.0,0.0,0.759375,,,,,,,
72,Chris Godwin Jr.,WR,TB,30.5,2017.0,3.0,10.0,76.5,14.19,45,121,35.07,84.33,ACT,9.0,9.38888888888889,9.444444444444445,12.366666666666665,5.6,84.5,85.0,83.0,51.0,33.0,360.0,2.0,0.18345323741007194,0.0,0.0,0.0,0.0,0.0,0.0,0.0,1.0,0.0,0.7088888888888889,7.0,20.114285714285717,20.25714285714286,137.8,62.0,0.26609442060085836,1.0
73,Rhamondre Stevenson,RB,NE,28.5,2021.0,4.0,11.0,77.27,9.37,56,117,27.35,84.33,ACT,14.0,12.985714285714286,12.914285714285715,22.666666666666668,4.800000000000001,181.8,180.8,178.8,37.0,32.0,345.0,2.0,0.09438775510204081,130.0,603.0,7.0,0.0,0.0,0.0,1.0,0.0,0.0,0.5935714285714286,15.0,11.926666666666668,11.860000000000001,175.9,41.0,0.09339407744874716,207.0
74,Jaylen Warren,RB,PIT,27.9,,,9.0,77.34,8.0,65,99,27.39,79.67,ACT,16.0,13.94375,13.81875,19.883333333333336,9.149999999999999,223.1,221.1,217.1,45.0,40.0,333.0,2.0,0.09090909090909091,211.0,958.0,6.0,0.0,0.0,0.0,2.0,0.0,0.0,0.5075000000000001,15.0,8.273333333333333,8.273333333333333,124.1,47.0,0.11838790931989925,120.0
75,Trevor Lawrence,QB,JAX,26.9,2021.0,1.0,7.0,77.84,13.06,54,105,9.35,79.0,ACT,17.0,19.89294117647059,23.42235294117647,28.296666666666663,15.02,338.18,398.18,338.18,0.0,0.0,0.0,0.0,0.0,82.0,359.0,9.0,4007.0,29.0,12.0,0.0,0.0,1.0,0.9670588235294119,10.0,14.52,17.119999999999997,145.2,0.0,0.0,26.0
76,Dak Prescott,QB,DAL,33.1,2016.0,4.0,14.0,78.25,11.81,54,105,9.25,83.83,ACT,17.0,18.457647058823532,22.69294117647059,26.093333333333334,12.040000000000001,313.78000000000003,385.78000000000003,313.78000000000003,0.0,0.0,0.0,0.0,0.0,53.0,177.0,2.0,4552.0,30.0,10.0,0.0,0.0,6.0,0.9505882352941176,8.0,14.565000000000001,17.815,116.52,0.0,0.0,13.0
77,Kyle Pitts Sr.,TE,ATL,25.9,2021.0,1.0,11.0,78.91,10.93,61,131,6.79,91.83,ACT,17.0,12.488235294117647,12.51764705882353,21.483333333333334,5.800000000000001,212.3,212.8,210.8,118.0,88.0,928.0,5.0,0.2277992277992278,0.0,0.0,0.0,0.0,0.0,0.0,0.0,1.0,0.0,0.88,17.0,7.717647058823529,7.717647058823529,131.2,74.0,0.137291280148423,0.0
78,DK Metcalf,WR,PIT,28.7,2019.0,2.0,9.0,78.91,12.57,48,115,36.17,73.0,ACT,15.0,12.68,12.746666666666666,18.883333333333336,8.1,190.2,191.2,187.2,99.0,59.0,850.0,6.0,0.22654462242562928,2.0,12.0,1.0,0.0,0.0,0.0,0.0,2.0,0.0,0.8726666666666667,15.0,13.046666666666665,13.146666666666667,191.2,108.0,0.2125984251968504,0.0
79,Brian Thomas Jr.,WR,JAX,23.9,2024.0,1.0,7.0,80.0,13.65,49,123,36.31,78.5,ACT,14.0,9.914285714285715,9.914285714285715,13.9,7.6,138.8,138.8,138.8,91.0,48.0,707.0,2.0,0.21311475409836064,3.0,21.0,1.0,0.0,0.0,0.0,0.0,0.0,0.0,0.7764285714285715,17.0,17.058823529411764,17.176470588235293,284.0,133.0,0.2547892720306513,6.0
80,Michael Pittman Jr.,WR,PIT,28.9,2020.0,2.0,9.0,80.44,14.36,45,117,36.84,83.5,ACT,17.0,11.994117647058824,12.023529411764706,20.416666666666668,4.0,203.9,204.4,202.4,111.0,80.0,784.0,7.0,0.20982986767485823,0.0,0.0,0.0,0.0,0.0,0.0,0.0,1.0,0.0,0.8552941176470588,16.0,10.55,10.6125,165.8,111.0,0.24288840262582057,0.0
81,Tucker Kraft,TE,GB,25.9,2023.0,3.0,11.0,80.46,13.73,32,106,7.09,68.67,ACT,8.0,15.024999999999999,15.149999999999999,18.383333333333336,8.9,120.19999999999999,121.19999999999999,117.19999999999999,44.0,32.0,489.0,6.0,0.18803418803418803,1.0,3.0,0.0,0.0,0.0,0.0,0.0,2.0,0.0,0.86,17.0,9.605882352941178,9.605882352941178,163.3,70.0,0.1511879049676026,3.0
82,Courtland Sutton,WR,DEN,30.9,2018.0,2.0,10.0,83.3,14.56,49,116,37.54,83.5,ACT,17.0,13.100000000000001,13.158823529411766,21.133333333333336,8.0,222.70000000000002,223.70000000000002,219.7,124.0,74.0,1017.0,7.0,0.21565217391304348,0.0,0.0,0.0,0.0,0.0,0.0,0.0,2.0,0.0,0.8535294117647059,16.0,15.3,15.51875,240.3,135.0,0.26264591439688717,0.0
83,Tony Pollard,RB,TEN,29.4,2019.0,4.0,9.0,84.99,10.37,67,120,30.27,98.33,ACT,17.0,11.458823529411765,11.282352941176471,17.716666666666665,7.800000000000001,194.8,191.8,185.8,41.0,33.0,206.0,0.0,0.07750472589792061,242.0,1082.0,5.0,0.0,0.0,0.0,3.0,0.0,0.0,0.6247058823529412,16.0,13.106250000000001,12.918750000000001,200.7,57.0,0.11974789915966387,260.0
84,Wan'Dale Robinson,WR,TEN,25.7,2022.0,2.0,9.0,85.58,14.64,48,123,38.64,95.67,ACT,16.0,13.9,13.99375,22.983333333333334,7.75,222.4,223.9,217.89999999999998,140.0,92.0,1014.0,4.0,0.29723991507430997,3.0,5.0,0.0,0.0,0.0,0.0,0.0,3.0,0.0,0.9075,17.0,10.747058823529413,10.747058823529413,182.70000000000002,140.0,0.2527075812274368,3.0
85,Sam LaPorta,TE,DET,25.7,2023.0,2.0,6.0,85.85,14.01,54,131,7.9,85.17,ACT,9.0,11.877777777777778,11.877777777777778,14.983333333333334,6.9,106.9,106.9,106.9,49.0,40.0,489.0,3.0,0.18631178707224336,0.0,0.0,0.0,0.0,0.0,0.0,0.0,0.0,0.0,0.9066666666666667,16.0,11.00625,11.0375,174.6,83.0,0.16973415132924335,0.0
86,Josh Downs,WR,IND,25.1,2023.0,3.0,13.0,87.25,14.9,52,133,39.12,99.83,ACT,16.0,8.65,8.65,13.516666666666666,5.4,138.4,138.4,138.4,88.0,58.0,566.0,4.0,0.17706237424547283,2.0,-2.0,0.0,0.0,0.0,0.0,0.0,0.0,0.0,0.586875,14.0,13.214285714285714,13.25,183.5,107.0,0.25598086124401914,1.0
87,Michael Wilson,WR,ARI,26.5,2023.0,3.0,14.0,88.37,16.52,52,133,39.49,100.0,ACT,17.0,13.241176470588234,13.329411764705881,25.700000000000003,6.6,225.1,226.6,220.6,126.0,78.0,1006.0,7.0,0.20421393841166938,0.0,0.0,0.0,0.0,0.0,0.0,0.0,3.0,0.0,0.8135294117647058,16.0,7.78125,7.78125,124.5,71.0,0.1446028513238289,1.0
88,Rico Dowdle,RB,PIT,28.2,,,9.0,88.82,12.94,65,122,31.19,93.5,ACT,17.0,13.547058823529412,13.194117647058825,25.183333333333334,5.4,230.3,224.3,216.3,50.0,39.0,297.0,1.0,0.10416666666666667,236.0,1076.0,6.0,0.0,0.0,0.0,3.0,0.0,0.0,0.5605882352941176,16.0,13.1125,12.8625,197.8,49.0,0.08419243986254296,235.0
89,Jonathon Brooks,RB,CAR,23.1,2024.0,2.0,5.0,90.84,18.61,61,152,31.39,94.67,ACT,,,,,,,,,,,,,,,,,,,,,,,,3.0,2.5,2.5,7.5,3.0,0.028037383177570093,9.0
90,Quentin Johnston,WR,LAC,25.0,2023.0,1.0,7.0,95.75,14.0,64,134,41.97,94.5,ACT,13.0,13.284615384615384,13.323076923076922,19.45,9.2,172.7,173.2,171.2,84.0,51.0,735.0,8.0,0.20192307692307693,2.0,7.0,0.0,0.0,0.0,0.0,0.0,1.0,0.0,0.7685714285714286,15.0,11.846666666666668,11.913333333333334,174.70000000000002,91.0,0.21666666666666667,3.0
91,Stefon Diggs,WR,WAS,32.8,2015.0,5.0,7.0,96.49,32.07,48,215,42.19,115.17,ACT,17.0,12.811764705882354,12.958823529411765,21.366666666666664,5.800000000000001,217.8,220.3,210.3,102.0,85.0,1013.0,4.0,0.21161825726141079,0.0,0.0,0.0,0.0,0.0,0.0,0.0,5.0,0.0,0.5376470588235295,8.0,15.24,15.24,121.92,64.0,0.23880597014925373,3.0
92,Brock Purdy,QB,SF,26.7,2022.0,7.0,8.0,96.5,10.0,63,119,12.39,86.33,ACT,9.0,19.70888888888889,24.59777777777778,24.683333333333334,16.78,177.38,221.38,177.38,0.0,0.0,0.0,0.0,0.0,33.0,147.0,3.0,2167.0,20.0,10.0,0.0,0.0,2.0,0.9777777777777779,15.0,17.790666666666667,21.124000000000002,266.86,0.0,0.0,66.0
93,RJ Harvey,RB,DEN,25.6,2025.0,2.0,10.0,97.46,16.53,65,140,33.83,89.5,ACT,17.0,12.15294117647059,12.15294117647059,21.3,6.0,206.60000000000002,206.60000000000002,206.6,58.0,47.0,356.0,5.0,0.10086956521739131,146.0,540.0,7.0,0.0,0.0,0.0,0.0,0.0,0.0,0.4211764705882353,,,,,,,
94,Jaxson Dart,QB,NYG,23.3,2025.0,1.0,8.0,97.46,12.9,59,119,13.07,87.33,ACT,14.0,17.255714285714287,19.398571428571426,25.459999999999997,14.065000000000001,241.58,271.58,241.58,0.0,0.0,0.0,0.0,0.0,86.0,487.0,9.0,2272.0,15.0,5.0,0.0,0.0,0.0,0.8364285714285714,,,,,,,
95,Travis Kelce,TE,KC,36.9,2013.0,3.0,5.0,98.53,14.77,66,139,9.9,108.17,ACT,17.0,11.364705882352942,11.364705882352942,18.066666666666666,8.399999999999999,193.20000000000002,193.20000000000002,193.2,108.0,76.0,851.0,5.0,0.19672131147540983,1.0,1.0,0.0,0.0,0.0,0.0,0.0,0.0,0.0,0.8188235294117647,16.0,12.30625,12.3375,195.4,133.0,0.24050632911392406,1.0
96,George Kittle,TE,SF,32.9,2017.0,5.0,8.0,98.93,18.8,66,229,9.97,103.0,ACT,11.0,14.818181818181818,14.863636363636363,20.833333333333332,9.3,163.0,163.5,161.5,69.0,57.0,628.0,7.0,0.22847682119205298,1.0,-3.0,0.0,0.0,0.0,0.0,0.0,1.0,0.0,0.8118181818181818,15.0,16.173333333333336,16.30666666666667,236.6,94.0,0.22014051522248243,0.0
97,Chuba Hubbard,RB,CAR,27.2,2021.0,4.0,5.0,98.94,16.75,72,143,34.1,102.83,ACT,15.0,8.360000000000001,8.360000000000001,14.316666666666668,3.75,125.4,125.4,125.39999999999999,39.0,30.0,223.0,3.0,0.09027777777777778,134.0,511.0,1.0,0.0,0.0,0.0,0.0,0.0,0.0,0.458,15.0,16.90666666666667,16.64,241.6,54.0,0.11739130434782609,250.0
98,Bo Nix,QB,DEN,26.5,2024.0,1.0,10.0,99.3,10.03,70,125,12.89,96.17,ACT,17.0,17.93176470588235,21.343529411764706,26.38,13.36,304.84,362.84,304.84,1.0,0.0,0.0,0.0,0.0017391304347826088,83.0,356.0,5.0,3931.0,25.0,11.0,0.0,0.0,4.0,0.9964705882352942,17.0,18.658823529411762,22.305882352941175,317.2,1.0,0.0018552875695732839,92.0
99,Kenny Gainwell,RB,TB,27.5,2021.0,5.0,10.0,100.1,13.81,77,141,34.43,112.5,ACT,17.0,13.01764705882353,13.01764705882353,23.98333333333333,6.5,221.3,221.3,221.3,85.0,73.0,486.0,3.0,0.1644100580270793,114.0,537.0,5.0,0.0,0.0,0.0,0.0,0.0,0.0,0.4964705882352941,17.0,3.682352941176471,3.682352941176471,62.6,22.0,0.05263157894736842,75.0
100,Alec Pierce,WR,IND,26.4,2022.0,2.0,13.0,100.32,20.32,62,142,43.17,79.5,ACT,15.0,12.42,12.486666666666668,20.883333333333336,5.7,186.3,187.3,183.3,84.0,47.0,1003.0,6.0,0.17987152034261242,0.0,0.0,0.0,0.0,0.0,0.0,0.0,2.0,0.0,0.8593333333333334,16.0,10.36875,10.4625,161.4,69.0,0.14345114345114346,0.0
101,J.K. Dobbins,RB,DEN,27.7,2020.0,2.0,10.0,100.48,15.26,78,127,34.4,110.83,ACT,10.0,12.190000000000001,11.99,15.433333333333332,9.1,121.9,119.9,115.9,14.0,11.0,37.0,0.0,0.04281345565749235,153.0,772.0,4.0,0.0,0.0,0.0,2.0,0.0,0.0,0.511,13.0,15.215384615384616,15.061538461538463,191.79999999999998,38.0,0.10187667560321716,195.0
102,Patrick Mahomes II,QB,KC,31.0,2017.0,1.0,5.0,101.49,11.44,63,132,13.89,85.17,ACT,14.0,20.405714285714286,23.834285714285716,27.86666666666667,13.205,285.68,333.68,285.68,1.0,1.0,-10.0,0.0,0.0020964360587002098,64.0,422.0,5.0,3587.0,22.0,11.0,0.0,0.0,2.0,0.9742857142857143,16.0,17.68875,21.31375,283.02,1.0,0.0018083182640144665,58.0
103,Jayden Reed,WR,GB,26.4,2023.0,2.0,11.0,104.21,13.94,76,133,44.98,106.17,ACT,5.0,9.7,9.7,9.7,8.100000000000001,48.5,48.5,48.5,22.0,19.0,207.0,1.0,0.16923076923076924,3.0,28.0,0.0,0.0,0.0,0.0,0.0,0.0,0.0,0.4114285714285714,17.0,11.852941176470589,11.941176470588236,197.0,75.0,0.16198704103671707,20.0
104,Matthew Stafford,QB,LA,38.6,2009.0,1.0,11.0,104.33,12.84,63,129,14.59,109.83,ACT,17.0,21.081176470588236,26.610588235294117,29.01,13.600000000000001,358.38,452.38,350.38,0.0,0.0,0.0,0.0,0.0,29.0,1.0,0.0,4707.0,46.0,8.0,0.0,0.0,4.0,0.9852941176470589,16.0,13.41125,16.16125,214.58,0.0,0.0,30.0
105,Jakobi Meyers,WR,JAX,29.8,,,7.0,104.5,18.17,68,150,44.84,98.0,ACT,16.0,10.9875,10.9875,15.616666666666665,7.7250000000000005,175.8,175.8,175.8,110.0,75.0,835.0,3.0,0.2286902286902287,5.0,13.0,0.0,0.0,0.0,0.0,0.0,0.0,0.0,0.85,15.0,14.833333333333334,14.933333333333334,218.0,129.0,0.24855491329479767,2.0
106,Jordan Addison,WR,MIN,24.6,2023.0,1.0,6.0,105.63,15.9,71,165,45.13,92.83,ACT,14.0,9.864285714285714,9.935714285714285,14.933333333333335,6.975,138.1,139.1,135.1,79.0,42.0,610.0,3.0,0.1970074812967581,2.0,81.0,1.0,0.0,0.0,0.0,0.0,2.0,0.0,0.8514285714285714,15.0,14.366666666666667,14.433333333333334,212.5,99.0,0.21428571428571427,3.0
107,Jared Goff,QB,DET,31.9,2016.0,1.0,6.0,106.4,10.26,63,131,15.19,102.5,ACT,17.0,17.474117647058822,22.18,25.25,12.68,297.06,377.06,297.06,0.0,0.0,0.0,0.0,0.0,19.0,45.0,0.0,4564.0,34.0,8.0,0.0,0.0,6.0,0.9852941176470589,17.0,20.027058823529412,24.38,324.46,1.0,0.0019230769230769232,35.0
108,Makai Lemon,WR,PHI,22.3,2026.0,1.0,10.0,109.7,17.81,71,149,46.42,94.67,ACT,,,,,,,,,,,,,,,,,,,,,,,,,,,,,,
109,Rachaad White,RB,WAS,27.7,2022.0,3.0,7.0,111.88,16.1,78,156,37.48,113.67,ACT,17.0,8.411764705882353,8.411764705882353,13.783333333333337,5.200000000000001,143.0,143.0,143.0,45.0,40.0,218.0,0.0,0.08333333333333333,132.0,572.0,4.0,0.0,0.0,0.0,0.0,0.0,0.0,0.5105882352941177,15.0,13.306666666666667,13.306666666666667,199.6,57.0,0.11491935483870967,144.0
110,Blake Corum,RB,LA,25.8,2024.0,3.0,11.0,112.07,13.81,80,143,37.2,103.5,ACT,17.0,7.364705882352942,7.305882352941176,14.616666666666669,2.4000000000000004,125.2,124.2,122.2,14.0,8.0,36.0,0.0,0.024096385542168676,145.0,746.0,6.0,0.0,0.0,0.0,1.0,0.0,0.0,0.2911764705882353,15.0,2.2333333333333334,2.2333333333333334,33.5,8.0,0.016359918200409,58.0
111,Dalton Kincaid,TE,BUF,26.9,2023.0,1.0,7.0,112.42,16.11,85,155,12.09,109.5,ACT,12.0,10.758333333333333,10.841666666666667,16.366666666666667,6.2250000000000005,129.1,130.1,126.10000000000001,49.0,39.0,571.0,5.0,0.14626865671641792,0.0,0.0,0.0,0.0,0.0,0.0,0.0,2.0,0.0,0.3741666666666667,13.0,7.753846153846154,7.753846153846154,100.8,75.0,0.20215633423180593,0.0
112,Kyler Murray,QB,MIN,29.1,2019.0,1.0,6.0,112.82,8.64,92,134,16.66,104.83,ACT,5.0,15.556000000000001,17.956,15.556000000000001,14.06,77.78,89.78,77.78,0.0,0.0,0.0,0.0,0.0,29.0,173.0,1.0,962.0,6.0,3.0,0.0,0.0,0.0,0.9879999999999999,17.0,17.48470588235294,20.19058823529412,297.24,0.0,0.0,78.0
113,Jacory Croskey-Merritt,RB,WAS,25.4,2025.0,7.0,7.0,113.67,15.81,72,135,37.56,115.5,ACT,17.0,8.605882352941178,8.488235294117647,17.316666666666666,3.0,146.3,144.3,140.3,13.0,9.0,68.0,0.0,0.03009259259259259,175.0,805.0,8.0,0.0,0.0,0.0,2.0,0.0,0.0,0.3947058823529412,,,,,,,
114,Jordan Mason,RB,MIN,27.3,,,6.0,115.68,16.31,75,152,38.22,123.17,ACT,16.0,8.24375,8.18125,13.800000000000002,4.175,131.9,130.9,128.9,16.0,14.0,51.0,0.0,0.035398230088495575,159.0,758.0,6.0,0.0,0.0,0.0,1.0,0.0,0.0,0.4275,12.0,10.333333333333334,10.083333333333334,115.0,14.0,0.04375,153.0
115,Aaron Jones Sr.,RB,MIN,31.8,2017.0,5.0,6.0,115.78,17.31,77,156,38.82,134.17,ACT,12.0,9.891666666666667,9.891666666666667,13.516666666666666,6.95,118.7,118.7,118.7,41.0,28.0,199.0,1.0,0.13758389261744966,132.0,548.0,2.0,0.0,0.0,0.0,0.0,0.0,0.0,0.5508333333333333,17.0,14.564705882352943,14.447058823529414,241.6,62.0,0.12133072407045009,255.0
116,Kyle Monangai,RB,CHI,24.3,2025.0,7.0,10.0,116.95,14.16,84,162,38.82,109.67,ACT,17.0,8.982352941176472,8.864705882352942,16.5,3.3000000000000003,152.70000000000002,150.70000000000002,146.7,30.0,18.0,164.0,0.0,0.05639097744360902,169.0,783.0,5.0,0.0,0.0,0.0,2.0,0.0,0.0,0.4088235294117647,,,,,,,
117,Dallas Goedert,TE,PHI,31.7,2018.0,2.0,10.0,117.24,17.18,85,173,12.93,122.67,ACT,15.0,12.44,12.473333333333333,19.666666666666668,6.550000000000001,186.6,187.1,185.1,82.0,60.0,591.0,11.0,0.20048899755501223,0.0,0.0,0.0,0.0,0.0,0.0,0.0,1.0,0.0,0.846,10.0,10.51,10.559999999999999,103.6,52.0,0.19330855018587362,0.0
118,KC Concepcion,WR,CLE,22.0,2026.0,1.0,11.0,118.1,28.89,71,289,48.59,100.67,ACT,,,,,,,,,,,,,,,,,,,,,,,,,,,,,,
119,Baker Mayfield,QB,TB,31.4,2018.0,1.0,10.0,118.39,9.73,70,141,18.54,116.33,ACT,17.0,15.99529411764706,19.289411764705882,21.813333333333333,12.7,271.92,327.92,271.92,0.0,0.0,0.0,0.0,0.0,55.0,382.0,1.0,3693.0,26.0,11.0,0.0,0.0,2.0,0.9711764705882354,17.0,21.51764705882353,27.04705882352941,365.8,0.0,0.0,60.0
120,Jake Ferguson,TE,DAL,27.6,2022.0,4.0,14.0,118.47,19.47,73,181,13.35,125.17,ACT,17.0,11.064705882352941,11.064705882352941,18.849999999999998,7.300000000000001,188.1,188.1,188.1,102.0,82.0,600.0,8.0,0.16803953871499178,1.0,1.0,0.0,0.0,0.0,0.0,0.0,0.0,0.0,0.6670588235294117,14.0,7.457142857142857,7.457142857142857,104.4,86.0,0.16862745098039217,0.0
121,Jordan Love,QB,GB,27.9,2020.0,1.0,11.0,118.95,9.54,92,144,18.48,116.17,ACT,15.0,15.675999999999998,19.009333333333334,23.02333333333333,10.07,235.14,285.14,235.14000000000001,0.0,0.0,0.0,0.0,0.0,47.0,199.0,0.0,3381.0,23.0,6.0,0.0,0.0,2.0,0.9426666666666667,15.0,15.590666666666667,19.057333333333336,233.86,0.0,0.0,25.0
122,Isaiah Likely,TE,NYG,26.4,2022.0,4.0,8.0,123.13,29.19,87,236,13.65,119.83,ACT,12.0,5.141666666666667,5.141666666666667,8.100000000000001,2.5,61.7,61.7,61.7,36.0,27.0,307.0,1.0,0.12413793103448276,0.0,0.0,0.0,0.0,0.0,0.0,0.0,0.0,0.0,0.5592857142857143,15.0,8.346666666666668,8.38,123.7,58.0,0.14356435643564355,0.0
123,Khalil Shakir,WR,BUF,26.6,2022.0,5.0,7.0,123.36,17.66,83,201,51.09,133.83,ACT,16.0,10.49375,10.525,16.15,7.125,167.9,168.4,166.4,95.0,72.0,719.0,4.0,0.2106430155210643,1.0,5.0,0.0,0.0,0.0,0.0,0.0,1.0,0.0,0.5975,15.0,12.366666666666667,12.433333333333334,182.5,100.0,0.22988505747126436,2.0
124,Tyler Shough,QB,NO,27.0,2025.0,2.0,8.0,124.28,13.68,98,207,19.67,122.0,ACT,11.0,14.360000000000001,16.541818181818183,19.89333333333333,8.580000000000002,157.96,181.96,157.96,0.0,0.0,0.0,0.0,0.0,45.0,186.0,3.0,2384.0,10.0,6.0,0.0,0.0,2.0,0.8345454545454545,,,,,,,
125,Jalen Coker,WR,CAR,24.9,,,5.0,124.68,17.62,81,176,51.43,116.83,ACT,11.0,8.218181818181819,8.218181818181819,12.266666666666666,4.35,90.4,90.4,90.4,43.0,33.0,394.0,3.0,0.14878892733564014,0.0,0.0,0.0,0.0,0.0,0.0,0.0,0.0,0.0,0.6936363636363636,11.0,8.55090909090909,8.596363636363636,92.56,46.0,0.14465408805031446,0.0
126,Romeo Doubs,WR,NE,26.4,2022.0,4.0,11.0,127.35,16.1,81,176,52.2,127.83,ACT,16.0,10.3375,10.3375,17.05,5.324999999999999,165.4,165.4,165.4,85.0,55.0,724.0,6.0,0.18888888888888888,0.0,0.0,0.0,0.0,0.0,0.0,0.0,0.0,0.0,0.775625,13.0,10.161538461538461,10.161538461538461,132.1,72.0,0.19672131147540983,0.0
127,Matthew Golden,WR,GB,23.1,2025.0,1.0,11.0,128.79,20.72,76,195,52.84,137.17,ACT,14.0,5.0,5.0,9.066666666666668,1.9000000000000001,70.0,70.0,70.0,44.0,29.0,361.0,0.0,0.11671087533156499,10.0,49.0,0.0,0.0,0.0,0.0,0.0,0.0,0.0,0.5321428571428571,,,,,,,
128,Xavier Worthy,WR,KC,23.4,2024.0,1.0,5.0,129.35,14.95,91,184,52.96,110.67,ACT,14.0,7.8500000000000005,7.8500000000000005,11.733333333333334,5.625,109.9,109.9,109.9,73.0,42.0,532.0,1.0,0.16043956043956045,11.0,87.0,0.0,0.0,0.0,0.0,0.0,0.0,0.0,0.7057142857142857,16.0,11.7,11.7,187.2,98.0,0.17721518987341772,20.0
129,Malik Willis,QB,MIA,27.3,2022.0,3.0,6.0,130.02,22.69,98,255,20.37,114.0,ACT,4.0,12.795,14.294999999999998,12.794999999999998,4.525,51.18,57.17999999999999,51.18,0.0,0.0,0.0,0.0,0.0,22.0,123.0,2.0,422.0,3.0,0.0,0.0,0.0,0.0,0.4225,6.0,8.633333333333335,9.633333333333335,51.8,0.0,0.0,20.0
130,Mark Andrews,TE,BAL,31.0,2018.0,3.0,13.0,131.7,23.7,87,229,14.85,137.5,ACT,17.0,7.705882352941177,7.705882352941177,14.750000000000002,3.4000000000000004,131.0,131.0,131.0,70.0,48.0,422.0,5.0,0.171990171990172,10.0,48.0,1.0,0.0,0.0,0.0,0.0,0.0,0.0,0.6170588235294118,17.0,11.105882352941178,11.105882352941178,188.8,69.0,0.15098468271334792,4.0
131,De'Zhaun Stribling,WR,SF,23.7,2026.0,2.0,8.0,132.96,42.69,71,281,53.94,153.2,ACT,,,,,,,,,,,,,,,,,,,,,,,,,,,,,,
132,Juwan Johnson,TE,NO,30.0,,,8.0,134.2,22.46,87,226,15.33,127.17,ACT,17.0,10.58235294117647,10.58235294117647,15.666666666666666,7.100000000000001,179.9,179.9,179.9,102.0,77.0,889.0,3.0,0.18053097345132743,0.0,0.0,0.0,0.0,0.0,0.0,0.0,0.0,0.0,0.75,15.0,8.186666666666667,8.186666666666667,122.8,66.0,0.13865546218487396,0.0
133,Jordyn Tyson,WR,NO,22.1,2026.0,1.0,8.0,135.15,28.83,91,241,53.51,93.83,RES,,,,,,,,,,,,,,,,,,,,,,,,,,,,,,
134,Woody Marks,RB,HOU,25.7,2025.0,4.0,8.0,137.25,13.91,93,168,45.02,152.83,ACT,16.0,9.06875,9.06875,15.950000000000001,4.75,145.1,145.1,145.1,36.0,24.0,208.0,3.0,0.06936416184971098,196.0,703.0,2.0,0.0,0.0,0.0,0.0,0.0,0.0,0.515,,,,,,,
135,Deebo Samuel Sr.,WR,SF,30.7,2019.0,2.0,8.0,138.51,32.33,81,232,56.26,129.33,ACT,16.0,11.762500000000001,11.762500000000001,19.55,6.225,188.20000000000002,188.20000000000002,188.2,99.0,72.0,727.0,5.0,0.24688279301745636,17.0,75.0,1.0,0.0,0.0,0.0,0.0,0.0,0.0,0.7225,15.0,10.573333333333334,10.640000000000002,155.6,81.0,0.1956521739130435,42.0
136,Tyler Allgeier,RB,ARI,26.4,2022.0,5.0,14.0,138.72,12.17,117,177,45.49,147.83,ACT,17.0,7.235294117647059,7.235294117647059,12.950000000000001,2.3000000000000003,123.0,123.0,123.0,16.0,14.0,96.0,0.0,0.03088803088803089,143.0,514.0,8.0,0.0,0.0,0.0,0.0,0.0,0.0,0.3023529411764706,17.0,6.423529411764706,6.364705882352942,106.2,13.0,0.02411873840445269,137.0
137,Tyjae Spears,RB,TEN,25.2,2023.0,3.0,9.0,139.37,18.2,93,197,45.62,176.33,ACT,13.0,8.592307692307692,8.592307692307692,12.500000000000002,6.5,111.7,111.7,111.7,50.0,45.0,264.0,0.0,0.1201923076923077,72.0,283.0,2.0,0.0,0.0,0.0,0.0,0.0,0.0,0.4592307692307692,12.0,9.466666666666667,9.466666666666667,113.6,35.0,0.09943181818181818,84.0
138,Sam Darnold,QB,SEA,29.3,2018.0,1.0,11.0,139.95,14.35,113,208,22.49,142.6,ACT,17.0,13.848235294117648,17.024705882352944,22.37666666666667,6.08,235.42000000000002,289.42,235.42000000000002,0.0,0.0,0.0,0.0,0.0,35.0,95.0,0.0,4048.0,25.0,14.0,0.0,0.0,2.0,0.9617647058823531,17.0,18.11529411764706,22.58588235294118,307.96,0.0,0.0,67.0
139,Chris Rodriguez Jr.,RB,JAX,27.0,2023.0,6.0,7.0,140.02,17.97,102,228,45.66,138.0,ACT,12.0,7.666666666666667,7.666666666666667,11.483333333333334,4.875,92.0,92.0,92.0,4.0,3.0,30.0,0.0,0.013245033112582781,112.0,500.0,6.0,0.0,0.0,0.0,0.0,0.0,0.0,0.3123076923076923,7.0,4.5,4.5,31.5,1.0,0.004694835680751174,35.0
140,C.J. Stroud,QB,HOU,24.9,2023.0,1.0,8.0,145.31,18.15,108,236,23.3,138.5,ACT,14.0,14.895714285714286,17.752857142857142,20.756666666666668,10.64,208.54,248.54,208.54,0.0,0.0,0.0,0.0,0.0,48.0,209.0,1.0,3041.0,19.0,8.0,0.0,0.0,1.0,0.9121428571428571,17.0,12.963529411764705,15.551764705882352,220.38,1.0,0.0018315018315018315,52.0
141,Daniel Jones,QB,IND,29.3,2019.0,1.0,13.0,147.99,24.94,113,255,23.19,148.0,ACT,13.0,17.41846153846154,20.64923076923077,22.84,15.500000000000002,226.44,268.44,226.44,0.0,0.0,0.0,0.0,0.0,45.0,164.0,5.0,3101.0,19.0,8.0,0.0,0.0,2.0,0.9146153846153846,10.0,13.530000000000001,15.13,135.3,0.0,0.0,67.0
142,Rashid Shaheed,WR,SEA,28.0,,,11.0,148.75,16.13,123,205,58.81,136.5,ACT,18.0,8.783333333333333,8.81111111111111,15.533333333333333,3.7,158.1,158.6,156.6,92.0,59.0,687.0,2.0,0.16696914700544466,9.0,69.0,0.0,0.0,0.0,0.0,0.0,1.0,0.0,0.6088888888888889,6.0,13.633333333333335,13.633333333333335,81.8,41.0,0.24550898203592814,6.0
143,Dylan Sampson,RB,CLE,22.0,2025.0,4.0,11.0,148.86,19.69,93,219,48.81,156.83,ACT,15.0,5.840000000000001,5.840000000000001,11.416666666666666,1.5500000000000003,87.60000000000001,87.60000000000001,87.60000000000001,40.0,33.0,271.0,2.0,0.08639308855291576,65.0,175.0,0.0,0.0,0.0,0.0,0.0,0.0,0.0,0.26466666666666666,,,,,,,
144,Denzel Boston,WR,CLE,22.8,2026.0,2.0,11.0,150.61,33.36,100,305,59.23,133.0,ACT,,,,,,,,,,,,,,,,,,,,,,,,,,,,,,
145,Keaton Mitchell,RB,LAC,24.6,,,7.0,151.49,27.75,102,301,49.15,157.0,ACT,13.0,4.261538461538462,4.261538461538462,7.133333333333333,2.3,55.400000000000006,55.400000000000006,55.4,12.0,9.0,63.0,0.0,0.039735099337748346,59.0,341.0,1.0,0.0,0.0,0.0,0.0,0.0,0.0,0.17461538461538462,4.0,1.7000000000000002,1.7000000000000002,6.8,1.0,0.009174311926605505,15.0
146,Houston Texans,DST,HOU,,,,8.0,152.91,5.61,143,175,1.76,193.67,,,,,,,,,,,,,,,,,,,,,,,,,,,,,,,
147,Zach Charbonnet,RB,SEA,25.7,2023.0,2.0,11.0,154.18,27.84,117,275,50.24,157.83,RES,16.0,11.525,11.4625,18.583333333333336,6.425,184.4,183.4,181.4,24.0,20.0,144.0,0.0,0.05517241379310345,184.0,730.0,12.0,0.0,0.0,0.0,1.0,0.0,0.0,0.48375,17.0,11.170588235294119,11.111764705882353,186.9,52.0,0.0913884007029877,135.0
148,Jonah Coleman,RB,DEN,23.1,2026.0,4.0,10.0,156.36,30.08,116,304,50.58,153.5,ACT,,,,,,,,,,,,,,,,,,,,,,,,,,,,,,
149,Cam Ward,QB,TEN,24.3,2025.0,1.0,9.0,156.55,21.06,128,255,25.0,151.0,ACT,17.0,10.980000000000002,12.744705882352942,16.636666666666667,6.880000000000001,186.66000000000003,216.66000000000003,186.66,0.0,0.0,0.0,0.0,0.0,39.0,159.0,2.0,3169.0,15.0,7.0,0.0,0.0,0.0,0.9464705882352941,,,,,,,
150,Brenton Strange,TE,JAX,25.7,2023.0,2.0,7.0,159.0,23.72,112,226,18.54,152.5,ACT,12.0,9.833333333333334,9.833333333333334,13.75,5.45,118.0,118.0,118.0,60.0,46.0,540.0,3.0,0.16853932584269662,0.0,0.0,0.0,0.0,0.0,0.0,0.0,0.0,0.0,0.7483333333333334,14.0,6.507142857142857,6.507142857142857,91.1,53.0,0.11699779249448124,0.0
151,Chig Okonkwo,TE,WAS,27.0,2022.0,4.0,7.0,160.38,24.86,112,228,18.65,150.0,ACT,17.0,7.294117647058823,7.294117647058823,11.866666666666667,4.0,124.0,124.0,124.0,79.0,56.0,560.0,2.0,0.14933837429111532,0.0,0.0,0.0,0.0,0.0,0.0,0.0,0.0,0.0,0.6370588235294118,16.0,7.1000000000000005,7.1000000000000005,113.60000000000001,70.0,0.14583333333333334,1.0
152,Tyrone Tracy Jr.,RB,NYG,26.8,2024.0,5.0,8.0,162.2,34.27,117,274,51.66,154.5,ACT,15.0,10.92,10.853333333333333,18.316666666666666,6.15,163.8,162.8,160.8,48.0,36.0,288.0,2.0,0.10810810810810811,176.0,740.0,2.0,0.0,0.0,0.0,1.0,0.0,0.0,0.5446666666666666,17.0,11.25294117647059,11.076470588235296,182.3,53.0,0.09566787003610108,192.0
153,Tre Tucker,WR,LV,25.5,2023.0,3.0,13.0,162.97,25.95,116,247,63.43,176.83,ACT,17.0,9.6,9.629411764705882,17.25,5.0,163.2,163.7,161.7,92.0,57.0,696.0,5.0,0.18661257606490872,11.0,51.0,0.0,0.0,0.0,0.0,0.0,1.0,0.0,0.9482352941176471,17.0,7.605882352941177,7.605882352941177,129.3,81.0,0.13705583756345177,9.0
154,Dalton Schultz,TE,HOU,30.2,2018.0,4.0,8.0,163.71,23.62,111,209,19.03,152.33,ACT,17.0,10.452941176470588,10.452941176470588,16.566666666666666,5.800000000000001,177.70000000000002,177.70000000000002,177.70000000000002,106.0,82.0,777.0,3.0,0.19168173598553345,0.0,0.0,0.0,0.0,0.0,0.0,0.0,0.0,0.0,0.7105882352941176,17.0,6.952941176470588,6.952941176470588,118.2,85.0,0.15567765567765568,0.0
155,Denver Broncos,DST,DEN,,,,10.0,163.88,7.69,149,210,3.15,199.33,,,,,,,,,,,,,,,,,,,,,,,,,,,,,,,
156,Isiah Pacheco,RB,DET,27.5,2022.0,7.0,6.0,163.96,24.36,127,252,53.1,211.6,ACT,13.0,6.7153846153846155,6.7153846153846155,9.866666666666667,3.9000000000000004,87.3,87.3,87.3,26.0,19.0,101.0,1.0,0.06435643564356436,118.0,462.0,1.0,0.0,0.0,0.0,0.0,0.0,0.0,0.5169230769230769,7.0,8.12857142857143,8.12857142857143,56.900000000000006,16.0,0.06477732793522267,83.0
157,Hunter Henry,TE,NE,31.8,2016.0,2.0,11.0,164.67,22.97,112,229,19.1,165.0,ACT,17.0,10.605882352941178,10.63529411764706,17.933333333333334,6.6000000000000005,180.3,180.8,178.8,87.0,60.0,768.0,7.0,0.18049792531120332,0.0,0.0,0.0,0.0,0.0,0.0,0.0,1.0,0.0,0.7941176470588235,16.0,9.18125,9.2125,145.4,97.0,0.20638297872340425,0.0
158,Mike Washington Jr.,RB,LV,,,,13.0,165.41,38.15,101,308,52.21,179.0,,,,,,,,,,,,,,,,,,,,,,,,,,,,,,,
159,Alvin Kamara,RB,NO,31.1,2017.0,3.0,8.0,166.12,33.73,117,278,52.71,171.67,ACT,11.0,9.154545454545454,9.154545454545454,12.916666666666666,6.2,100.7,100.7,100.7,39.0,33.0,186.0,0.0,0.10483870967741936,131.0,471.0,1.0,0.0,0.0,0.0,0.0,0.0,0.0,0.6372727272727272,14.0,19.592857142857145,19.37857142857143,265.3,89.0,0.21549636803874092,228.0
160,Jauan Jennings,WR,MIN,29.2,2020.0,7.0,6.0,166.54,31.64,109,282,64.48,175.33,ACT,15.0,11.553333333333335,11.553333333333335,17.166666666666668,7.3,173.3,173.3,173.3,90.0,55.0,643.0,9.0,0.20454545454545456,0.0,0.0,0.0,0.0,0.0,0.0,0.0,0.0,0.0,0.8206666666666667,15.0,14.133333333333333,14.166666666666666,210.5,113.0,0.2627906976744186,0.0
161,Adonai Mitchell,WR,NYJ,23.9,2024.0,2.0,13.0,166.84,25.6,110,232,64.84,169.0,ACT,16.0,5.5875,5.61875,12.066666666666668,1.2750000000000001,89.4,89.9,87.89999999999999,74.0,33.0,453.0,2.0,0.15195071868583163,1.0,-4.0,0.0,0.0,0.0,0.0,0.0,1.0,0.0,0.50625,17.0,3.1623529411764704,3.1623529411764704,53.76,55.0,0.11178861788617886,4.0
162,Seattle Seahawks,DST,SEA,,,,11.0,167.85,12.73,148,280,3.9,201.33,,,,,,,,,,,,,,,,,,,,,,,,,,,,,,,
163,Los Angeles Rams,DST,LAR,,,,11.0,167.92,8.16,144,206,3.79,203.33,,,,,,,,,,,,,,,,,,,,,,,,,,,,,,,
164,Jerry Jeudy,WR,CLE,27.4,2020.0,1.0,11.0,167.97,26.95,121,262,65.34,179.83,ACT,17.0,7.1000000000000005,7.1000000000000005,12.800000000000002,3.7,120.7,120.7,120.7,106.0,50.0,602.0,2.0,0.2034548944337812,1.0,5.0,0.0,0.0,0.0,0.0,0.0,0.0,0.0,0.8452941176470588,17.0,14.81764705882353,14.641176470588235,240.9,145.0,0.22870662460567823,0.0
165,Tank Bigsby,RB,PHI,24.0,2023.0,3.0,10.0,171.53,24.67,133,243,55.07,168.67,ACT,15.0,3.7866666666666666,3.7199999999999998,8.633333333333335,0.2,56.8,55.8,53.8,4.0,3.0,32.0,0.0,0.00966183574879227,63.0,356.0,2.0,0.0,0.0,0.0,1.0,0.0,0.0,0.1264705882352941,16.0,8.4375,8.3125,129.0,12.0,0.024291497975708502,168.0
166,Bryce Young,QB,CAR,25.1,2023.0,1.0,5.0,172.12,30.09,134,326,26.04,159.8,ACT,16.0,14.1275,16.8775,22.720000000000002,8.709999999999999,226.04,270.04,218.04,0.0,0.0,0.0,0.0,0.0,54.0,216.0,2.0,3011.0,23.0,11.0,0.0,0.0,2.0,0.9675,14.0,13.930000000000001,16.072857142857142,195.02,0.0,0.0,43.0
167,Jalen McMillan,WR,TB,24.8,2024.0,3.0,10.0,172.6,26.65,133,293,66.35,177.5,ACT,4.0,7.85,7.975,7.8500000000000005,3.225,31.4,31.9,29.9,15.0,12.0,178.0,0.0,0.12195121951219512,1.0,1.0,0.0,0.0,0.0,0.0,0.0,1.0,0.0,0.515,13.0,10.415384615384616,10.415384615384616,135.4,58.0,0.13425925925925927,4.0
168,Philadelphia Eagles,DST,PHI,,,,10.0,174.88,9.42,156,235,6.19,204.67,,,,,,,,,,,,,,,,,,,,,,,,,,,,,,,
169,Braelon Allen,RB,NYJ,22.6,2024.0,4.0,13.0,175.43,30.23,122,288,56.06,193.83,ACT,4.0,3.825,3.825,3.825,0.9750000000000001,15.3,15.3,15.3,3.0,2.0,17.0,0.0,0.028846153846153848,18.0,76.0,1.0,0.0,0.0,0.0,0.0,0.0,0.0,0.2325,17.0,5.011764705882353,5.011764705882353,85.2,27.0,0.04584040747028863,92.0
170,Brian Robinson Jr.,RB,ATL,27.5,2022.0,3.0,11.0,177.08,21.55,134,243,57.11,176.67,ACT,17.0,3.6764705882352944,3.6764705882352944,6.75,2.1,62.50000000000001,62.50000000000001,62.5,12.0,8.0,25.0,0.0,0.023032629558541268,92.0,400.0,2.0,0.0,0.0,0.0,0.0,0.0,0.0,0.16705882352941176,14.0,12.057142857142859,11.842857142857143,159.79999999999998,25.0,0.059665871121718374,187.0
171,MarShawn Lloyd,RB,GB,25.7,2024.0,3.0,11.0,179.03,50.93,118,327,56.02,189.5,ACT,,,,,,,,,,,,,,,,,,,,,,,,1.0,2.8,2.8,2.8,1.0,0.07692307692307693,6.0
172,Kayshon Boutte,WR,HOU,24.3,2023.0,6.0,8.0,179.43,29.01,126,273,68.45,194.83,ACT,14.0,8.971428571428572,9.007142857142856,16.03333333333333,3.625,125.6,126.1,124.1,46.0,33.0,551.0,6.0,0.11645569620253164,0.0,0.0,0.0,0.0,0.0,0.0,0.0,1.0,0.0,0.6749999999999999,15.0,8.226666666666667,8.26,121.9,68.0,0.15077605321507762,0.0
173,Omar Cooper Jr.,WR,NYJ,22.7,2026.0,1.0,13.0,180.82,37.35,126,315,69.27,151.5,ACT,,,,,,,,,,,,,,,,,,,,,,,,,,,,,,
174,Tre' Harris,WR,LAC,24.5,2025.0,2.0,7.0,181.2,29.01,121,273,69.57,177.83,ACT,16.0,4.3375,4.3375,7.366666666666667,2.35,69.4,69.4,69.4,43.0,30.0,324.0,1.0,0.08481262327416174,2.0,10.0,0.0,0.0,0.0,0.0,0.0,0.0,0.0,0.4852941176470588,,,,,,,
175,Ryan Flournoy,WR,DAL,26.9,2024.0,6.0,14.0,184.82,30.37,136,328,70.42,184.5,ACT,15.0,7.8,7.866666666666666,14.450000000000001,2.9,117.0,118.0,114.0,56.0,40.0,475.0,4.0,0.10408921933085502,4.0,25.0,0.0,0.0,0.0,0.0,0.0,2.0,0.0,0.4475,9.0,2.0222222222222226,2.0222222222222226,18.2,14.0,0.041791044776119404,0.0
176,Minnesota Vikings,DST,MIN,,,,6.0,185.95,12.14,164,252,8.27,211.0,,,,,,,,,,,,,,,,,,,,,,,,,,,,,,,
177,Pittsburgh Steelers,DST,PIT,,,,9.0,186.35,8.78,161,239,8.21,226.0,,,,,,,,,,,,,,,,,,,,,,,,,,,,,,,
178,Dontayvion Wicks,WR,PHI,25.2,2023.0,5.0,10.0,186.73,34.61,107,289,70.44,179.83,ACT,13.0,5.8307692307692305,5.8307692307692305,9.750000000000002,1.9,75.8,75.8,75.8,46.0,30.0,332.0,2.0,0.12885154061624648,1.0,6.0,0.0,0.0,0.0,0.0,0.0,0.0,0.0,0.44642857142857145,17.0,6.5,6.5,110.5,76.0,0.16414686825053995,0.0
179,New England Patriots,DST,NE,,,,11.0,186.74,19.03,160,356,8.0,213.0,,,,,,,,,,,,,,,,,,,,,,,,,,,,,,,
180,Jacksonville Jaguars,DST,JAC,,,,7.0,189.41,17.53,151,280,9.56,214.33,,,,,,,,,,,,,,,,,,,,,,,,,,,,,,,
181,Emmett Johnson,RB,KC,22.9,2026.0,5.0,5.0,189.73,35.16,143,283,59.11,189.0,ACT,,,,,,,,,,,,,,,,,,,,,,,,,,,,,,
182,Travis Hunter,WR,JAX,,,,7.0,189.75,40.51,96,305,72.34,167.17,ACT,,,,,,,,,,,,,,,,,,,,,,,,,,,,,,
183,Jalen Nailor,WR,LV,27.5,2022.0,6.0,13.0,190.27,33.11,116,302,71.86,166.83,ACT,17.0,6.011764705882353,6.041176470588235,12.566666666666665,0.0,102.2,102.7,100.7,53.0,29.0,444.0,4.0,0.11373390557939914,2.0,13.0,0.0,0.0,0.0,0.0,0.0,1.0,0.0,0.6535294117647058,15.0,7.0,7.0,105.0,42.0,0.09230769230769231,3.0
184,T.J. Hockenson,TE,MIN,29.2,2019.0,1.0,6.0,190.29,27.45,112,298,22.06,154.33,ACT,15.0,7.52,7.52,11.283333333333333,4.55,112.8,112.8,112.8,66.0,51.0,438.0,3.0,0.15602836879432624,1.0,0.0,0.0,0.0,0.0,0.0,0.0,0.0,0.0,0.7793333333333333,10.0,8.8,8.85,86.5,62.0,0.18397626112759644,0.0
185,Malik Washington,WR,MIA,25.9,2024.0,6.0,6.0,190.64,32.86,128,289,72.36,203.0,ACT,17.0,6.864705882352942,6.864705882352942,10.4,4.1,116.7,116.7,116.7,65.0,46.0,317.0,3.0,0.14412416851441243,17.0,110.0,1.0,0.0,0.0,0.0,0.0,0.0,0.0,0.57,14.0,4.057142857142857,4.057142857142857,56.8,36.0,0.07894736842105263,5.0
186,Pat Bryant,WR,DEN,23.8,2025.0,3.0,10.0,190.7,31.27,116,293,72.14,188.83,ACT,13.0,5.753846153846154,5.753846153846154,9.316666666666668,3.8,74.8,74.8,74.8,49.0,31.0,378.0,1.0,0.10961968680089486,0.0,0.0,0.0,0.0,0.0,0.0,0.0,0.0,0.0,0.4766666666666667,,,,,,,
187,Los Angeles Chargers,DST,LAC,,,,7.0,193.51,22.45,162,356,9.97,220.33,,,,,,,,,,,,,,,,,,,,,,,,,,,,,,,
188,Keenan Allen,WR,IND,34.4,2013.0,3.0,13.0,193.66,59.8,100,303,73.2,192.83,ACT,17.0,10.835294117647058,10.86470588235294,18.033333333333335,6.7,184.2,184.7,182.7,122.0,81.0,777.0,4.0,0.22634508348794063,0.0,0.0,0.0,0.0,0.0,0.0,0.0,1.0,0.0,0.5547058823529412,15.0,12.393333333333334,12.426666666666668,184.4,121.0,0.2725225225225225,0.0
189,Jacoby Brissett,QB,ARI,33.7,2016.0,3.0,14.0,194.36,40.89,129,338,26.94,180.8,ACT,14.0,16.81714285714286,20.245714285714286,22.563333333333333,15.835,235.44,283.44,227.44,0.0,0.0,0.0,0.0,0.0,38.0,168.0,1.0,3366.0,23.0,8.0,0.0,0.0,4.0,0.8571428571428571,7.0,6.4628571428571435,7.034285714285715,45.24,0.0,0.0,15.0
190,Ray Davis,RB,BUF,26.8,2024.0,4.0,7.0,194.45,33.88,145,271,59.71,207.83,ACT,17.0,3.9470588235294124,3.8882352941176475,9.750000000000002,0.1,67.10000000000001,66.10000000000001,64.1,13.0,10.0,86.0,2.0,0.027139874739039668,58.0,275.0,0.0,0.0,0.0,0.0,1.0,0.0,0.0,0.14294117647058824,17.0,6.829411764705883,6.829411764705883,116.1,19.0,0.03838383838383838,113.0
191,Baltimore Ravens,DST,BAL,,,,13.0,198.22,23.3,161,356,10.63,254.67,,,,,,,,,,,,,,,,,,,,,,,,,,,,,,,
192,Jaylin Noel,WR,HOU,24.0,2025.0,3.0,8.0,200.36,30.29,140,319,75.0,182.83,ACT,17.0,4.023529411764706,4.023529411764706,9.700000000000001,0.0,68.4,68.4,68.4,35.0,26.0,292.0,2.0,0.06329113924050633,6.0,12.0,0.0,0.0,0.0,0.0,0.0,0.0,0.0,0.26,,,,,,,
193,Kimani Vidal,RB,LAC,25.0,2024.0,6.0,7.0,201.17,35.76,157,317,62.19,222.8,ACT,13.0,9.761538461538462,9.53076923076923,18.150000000000002,2.9,126.9,123.9,117.89999999999999,22.0,16.0,136.0,1.0,0.05472636815920398,155.0,643.0,3.0,0.0,0.0,0.0,3.0,0.0,0.0,0.5446153846153846,9.0,3.6333333333333337,3.6333333333333337,32.7,9.0,0.03260869565217391,43.0
194,Calvin Ridley,WR,TEN,31.7,2018.0,1.0,9.0,202.32,33.97,133,312,75.39,199.4,ACT,7.0,6.971428571428571,7.042857142857143,7.75,3.25,48.8,49.3,47.3,36.0,17.0,303.0,0.0,0.16363636363636364,0.0,0.0,0.0,0.0,0.0,0.0,0.0,1.0,0.0,0.5714285714285714,17.0,11.805882352941177,11.83529411764706,199.20000000000002,120.0,0.23715415019762845,8.0
195,Green Bay Packers,DST,GB,,,,11.0,204.15,21.04,183,280,13.76,222.33,,,,,,,,,,,,,,,,,,,,,,,,,,,,,,,
196,Sean Tucker,RB,TB,24.9,,,10.0,204.71,37.1,148,337,62.45,218.2,ACT,17.0,5.552941176470589,5.4941176470588236,12.933333333333332,0.0,94.4,93.4,91.4,11.0,8.0,34.0,1.0,0.020370370370370372,86.0,320.0,7.0,0.0,0.0,0.0,1.0,0.0,0.0,0.15823529411764706,17.0,4.2176470588235295,4.158823529411765,68.7,12.0,0.021314387211367674,50.0
197,AJ Barner,TE,SEA,24.4,2024.0,4.0,11.0,208.19,25.7,124,268,24.07,163.0,ACT,17.0,8.664705882352942,8.664705882352942,15.566666666666668,3.4000000000000004,147.3,147.3,147.3,68.0,52.0,519.0,6.0,0.14945054945054945,10.0,14.0,1.0,0.0,0.0,0.0,0.0,0.0,0.0,0.7729411764705882,15.0,5.233333333333333,5.233333333333333,78.5,38.0,0.07279693486590039,0.0
198,Greg Dulcich,TE,MIA,26.5,2022.0,3.0,6.0,208.5,38.55,131,306,24.49,159.5,ACT,9.0,6.977777777777778,6.977777777777778,8.566666666666668,4.4,62.800000000000004,62.800000000000004,62.800000000000004,33.0,26.0,335.0,1.0,0.1527777777777778,1.0,-7.0,0.0,0.0,0.0,0.0,0.0,0.0,0.0,0.422,4.0,1.95,1.95,7.8,12.0,0.0916030534351145,0.0
199,Kansas City Chiefs,DST,KC,,,,5.0,209.54,18.51,178,280,13.19,238.33,,,,,,,,,,,,,,,,,,,,,,,,,,,,,,,
200,Caleb Douglas,WR,MIA,23.0,2026.0,3.0,6.0,211.13,56.48,115,341,78.85,198.8,ACT,,,,,,,,,,,,,,,,,,,,,,,,,,,,,,
201,James Conner,RB,ARI,31.4,2017.0,3.0,14.0,211.4,43.64,130,332,63.84,220.6,RES,3.0,11.100000000000001,11.100000000000001,11.100000000000001,9.450000000000001,33.300000000000004,33.300000000000004,33.3,9.0,8.0,38.0,1.0,0.10227272727272728,32.0,95.0,1.0,0.0,0.0,0.0,0.0,0.0,0.0,0.5,16.0,16.9875,16.6125,253.8,55.0,0.1120162932790224,236.0
202,Tank Dell,WR,HOU,26.9,2023.0,3.0,8.0,211.44,33.22,136,350,78.89,191.6,RES,,,,,,,,,,,,,,,,,,,,,,,,14.0,10.107142857142858,10.142857142857142,140.0,81.0,0.18080357142857142,9.0
203,Oronde Gadsden II,TE,LAC,23.2,2025.0,5.0,7.0,211.73,42.58,97,295,25.45,165.83,ACT,15.0,8.860000000000001,8.893333333333334,15.916666666666666,3.6500000000000004,132.9,133.4,131.4,69.0,49.0,664.0,3.0,0.14435146443514643,0.0,0.0,0.0,0.0,0.0,0.0,0.0,1.0,0.0,0.626,,,,,,,
204,Terrance Ferguson,TE,LA,23.5,2025.0,2.0,11.0,212.67,42.9,112,281,25.47,174.17,ACT,11.0,4.736363636363636,4.736363636363636,8.416666666666668,0.0,52.1,52.1,52.1,25.0,11.0,231.0,3.0,0.06510416666666667,1.0,0.0,0.0,0.0,0.0,0.0,0.0,0.0,0.0,0.3671428571428571,,,,,,,
205,Troy Franklin,WR,DEN,23.6,2024.0,4.0,10.0,216.18,40.05,142,341,80.33,218.4,ACT,17.0,10.41764705882353,10.41764705882353,18.666666666666668,4.1,177.1,177.1,177.1,104.0,65.0,709.0,6.0,0.1808695652173913,5.0,12.0,0.0,0.0,0.0,0.0,0.0,0.0,0.0,0.5958823529411765,16.0,4.1937500000000005,4.1937500000000005,67.1,53.0,0.10642570281124498,2.0
206,Aaron Rodgers,QB,PIT,42.8,2005.0,1.0,9.0,216.72,37.88,153,341,28.3,167.8,ACT,16.0,14.1925,17.1925,20.316666666666666,10.175,227.08,275.08,227.08,1.0,1.0,-9.0,0.0,0.00205761316872428,21.0,61.0,1.0,3322.0,24.0,7.0,0.0,0.0,0.0,0.956875,17.0,15.092941176470587,18.50470588235294,256.58,0.0,0.0,22.0
207,Isaac TeSlaa,WR,DET,24.6,2025.0,3.0,6.0,217.77,25.84,165,302,80.06,187.2,ACT,14.0,5.421428571428572,5.421428571428572,11.183333333333335,0.0,75.9,75.9,75.9,27.0,16.0,239.0,6.0,0.05844155844155844,0.0,0.0,0.0,0.0,0.0,0.0,0.0,0.0,0.0,0.39647058823529413,,,,,,,
208,Nicholas Singleton,RB,TEN,22.7,2026.0,5.0,9.0,218.87,38.14,148,323,65.08,199.0,ACT,,,,,,,,,,,,,,,,,,,,,,,,,,,,,,
209,Darnell Mooney,WR,NYG,28.9,2020.0,5.0,8.0,219.02,27.26,163,362,81.4,199.8,ACT,15.0,5.486666666666666,5.486666666666666,8.833333333333334,2.6,82.3,82.3,82.3,72.0,32.0,443.0,1.0,0.16179775280898875,0.0,0.0,0.0,0.0,0.0,0.0,0.0,0.0,0.0,0.8193333333333332,16.0,12.262500000000001,12.325000000000001,193.2,106.0,0.21115537848605578,0.0
210,Cleveland Browns,DST,CLE,,,,11.0,219.26,31.51,183,318,15.64,229.33,,,,,,,,,,,,,,,,,,,,,,,,,,,,,,,
211,Detroit Lions,DST,DET,,,,6.0,220.32,26.34,174,330,14.9,234.67,,,,,,,,,,,,,,,,,,,,,,,,,,,,,,,
212,Gunnar Helm,TE,TEN,24.0,2025.0,4.0,9.0,220.43,31.2,143,316,25.9,193.5,ACT,16.0,5.73125,5.73125,9.933333333333332,2.575,91.7,91.7,91.7,55.0,44.0,357.0,2.0,0.11088709677419355,0.0,0.0,0.0,0.0,0.0,0.0,0.0,0.0,0.0,0.525625,,,,,,,
213,Washington Commanders,DST,WAS,,,,7.0,220.83,61.48,190,358,26.37,,,,,,,,,,,,,,,,,,,,,,,,,,,,,,,,
214,Geno Smith,QB,NYJ,35.9,2013.0,2.0,13.0,222.37,35.29,147,342,28.38,181.6,ACT,15.0,11.593333333333334,14.26,18.493333333333336,6.530000000000001,173.9,213.9,173.9,0.0,0.0,0.0,0.0,0.0,41.0,109.0,0.0,3025.0,19.0,17.0,0.0,0.0,1.0,0.9646666666666667,17.0,15.647058823529411,18.705882352941178,266.0,0.0,0.0,53.0
215,Cyrus Allen,WR,KC,23.6,2026.0,5.0,5.0,222.38,58.16,123,376,82.76,212.2,ACT,,,,,,,,,,,,,,,,,,,,,,,,,,,,,,
216,Ja'Kobi Lane,WR,BAL,22.1,2026.0,3.0,13.0,222.62,48.29,140,326,82.66,198.17,ACT,,,,,,,,,,,,,,,,,,,,,,,,,,,,,,
217,Kenyon Sadiq,TE,NYJ,21.5,2026.0,1.0,13.0,222.64,34.79,138,375,26.02,155.67,ACT,,,,,,,,,,,,,,,,,,,,,,,,,,,,,,
218,Cooper Kupp,WR,SEA,33.2,2017.0,3.0,11.0,222.96,27.71,142,289,82.74,210.0,ACT,16.0,7.26875,7.26875,11.733333333333334,4.775,116.3,116.3,116.3,70.0,47.0,593.0,2.0,0.16241299303944315,0.0,0.0,0.0,0.0,0.0,1.0,0.0,0.0,0.0,0.755625,12.0,14.958333333333334,15.083333333333334,175.0,100.0,0.2617801047120419,2.0
219,Rashod Bateman,WR,BAL,26.8,2021.0,1.0,13.0,226.05,29.79,150,327,82.8,210.67,ACT,13.0,4.261538461538462,4.261538461538462,7.583333333333333,1.7000000000000002,55.400000000000006,55.400000000000006,55.4,38.0,19.0,224.0,2.0,0.11411411411411411,0.0,0.0,0.0,0.0,0.0,0.0,0.0,0.0,0.0,0.693076923076923,16.0,11.006250000000001,11.037500000000001,174.60000000000002,72.0,0.17061611374407584,0.0
220,Jaydon Blue,RB,DAL,22.7,2025.0,5.0,14.0,226.47,42.72,145,321,66.71,218.0,CUT,5.0,4.08,4.08,4.08,0.7000000000000001,20.400000000000002,20.400000000000002,20.4,1.0,1.0,5.0,0.0,0.006666666666666667,38.0,129.0,1.0,0.0,0.0,0.0,0.0,0.0,0.0,0.256,,,,,,,
221,Buffalo Bills,DST,BUF,,,,7.0,227.39,26.63,189,349,15.19,242.0,,,,,,,,,,,,,,,,,,,,,,,,,,,,,,,
222,Emanuel Wilson,RB,SEA,27.3,,,11.0,228.95,40.49,132,393,68.03,235.75,ACT,17.0,5.73529411764706,5.676470588235295,13.366666666666669,1.4,97.50000000000001,96.50000000000001,94.5,17.0,15.0,99.0,0.0,0.03695652173913044,125.0,496.0,3.0,0.0,0.0,0.0,1.0,0.0,0.0,0.3111764705882353,17.0,5.647058823529412,5.647058823529412,96.0,14.0,0.03023758099352052,103.0
223,Kaytron Allen,RB,WAS,23.7,2026.0,6.0,7.0,232.16,38.35,156,343,68.28,212.6,ACT,,,,,,,,,,,,,,,,,,,,,,,,,,,,,,
224,Germie Bernard,WR,PIT,22.8,2026.0,2.0,9.0,233.44,30.74,166,328,86.07,178.33,ACT,,,,,,,,,,,,,,,,,,,,,,,,,,,,,,
225,Antonio Williams,WR,WAS,22.2,2026.0,3.0,7.0,233.94,40.42,136,362,86.24,205.8,ACT,,,,,,,,,,,,,,,,,,,,,,,,,,,,,,
226,Tennessee Titans,DST,TEN,,,,9.0,234.77,59.04,161,355,25.09,,,,,,,,,,,,,,,,,,,,,,,,,,,,,,,,
227,Zachariah Branch,WR,ATL,22.5,2026.0,3.0,11.0,235.11,34.27,160,316,86.36,205.6,ACT,,,,,,,,,,,,,,,,,,,,,,,,,,,,,,
228,Malachi Fields,WR,NYG,23.0,2026.0,3.0,8.0,236.07,35.07,137,328,87.61,216.67,ACT,,,,,,,,,,,,,,,,,,,,,,,,,,,,,,
229,Justice Hill,RB,BAL,28.8,2019.0,4.0,13.0,236.52,40.45,141,327,69.56,256.4,ACT,10.0,6.5200000000000005,6.5200000000000005,10.483333333333334,0.7,65.2,65.2,65.2,27.0,21.0,169.0,1.0,0.108,18.0,93.0,2.0,0.0,0.0,0.0,0.0,0.0,0.0,0.371,15.0,8.473333333333334,8.473333333333334,127.10000000000001,51.0,0.12408759124087591,47.0
230,Jaylen Wright,RB,MIA,23.4,2024.0,4.0,6.0,236.57,28.21,162,308,68.97,245.0,ACT,9.0,5.688888888888889,5.577777777777778,7.916666666666667,1.7000000000000002,51.2,50.2,48.2,9.0,5.0,44.0,0.0,0.04390243902439024,70.0,288.0,2.0,0.0,0.0,0.0,1.0,0.0,0.0,0.215,13.0,2.053846153846154,2.053846153846154,26.7,6.0,0.014218009478672985,68.0
231,Kaelon Black,RB,SF,24.9,2026.0,3.0,8.0,237.76,51.05,128,327,70.0,211.75,ACT,,,,,,,,,,,,,,,,,,,,,,,,,,,,,,
232,Pat Freiermuth,TE,PIT,27.9,2021.0,2.0,9.0,238.46,27.26,155,333,27.71,188.5,ACT,15.0,7.673333333333334,7.706666666666667,12.85,3.6,115.10000000000001,115.60000000000001,113.60000000000001,54.0,41.0,486.0,4.0,0.11416490486257928,0.0,0.0,0.0,0.0,0.0,0.0,0.0,1.0,0.0,0.5035294117647059,17.0,10.01764705882353,10.01764705882353,170.3,78.0,0.1729490022172949,0.0
233,Jack Bech,WR,LV,23.7,2025.0,2.0,13.0,239.01,33.11,140,391,87.78,256.2,ACT,14.0,3.0285714285714285,3.0285714285714285,5.699999999999999,0.0,42.4,42.4,42.4,29.0,20.0,224.0,0.0,0.07631578947368421,0.0,0.0,0.0,0.0,0.0,0.0,0.0,0.0,0.0,0.3975,,,,,,,
234,Cade Otton,TE,TB,27.4,2022.0,4.0,10.0,239.93,24.95,178,320,28.37,192.67,ACT,15.0,8.146666666666667,8.146666666666667,13.883333333333335,4.3500000000000005,122.2,122.2,122.19999999999999,81.0,59.0,572.0,1.0,0.16910229645093947,0.0,0.0,0.0,0.0,0.0,0.0,0.0,0.0,0.0,0.9349999999999999,14.0,10.15,10.185714285714285,140.6,87.0,0.19037199124726478,1.0
235,Ted Hurst III,WR,TB,22.2,2026.0,3.0,10.0,242.97,39.88,154,391,88.7,204.17,ACT,,,,,,,,,,,,,,,,,,,,,,,,,,,,,,
236,George Holani,RB,SEA,26.7,,,11.0,243.54,41.6,154,332,71.71,247.4,ACT,10.0,2.08,2.08,3.466666666666667,0.0,20.8,20.8,20.8,2.0,2.0,15.0,0.0,0.007662835249042145,22.0,73.0,1.0,0.0,0.0,0.0,0.0,0.0,0.0,0.05545454545454545,3.0,0.6333333333333333,0.6333333333333333,1.9,1.0,0.012195121951219513,3.0
237,Chris Bell,WR,MIA,22.3,2026.0,3.0,6.0,244.04,35.04,154,310,89.66,224.5,ACT,,,,,,,,,,,,,,,,,,,,,,,,,,,,,,
238,Chimere Dike,WR,TEN,24.7,2025.0,4.0,9.0,244.36,37.24,165,344,89.79,234.4,ACT,17.0,7.535294117647059,7.535294117647059,15.216666666666667,2.8,128.1,128.1,128.1,74.0,48.0,423.0,4.0,0.13988657844990549,11.0,18.0,0.0,0.0,0.0,0.0,0.0,0.0,0.0,0.5929411764705882,,,,,,,
239,Keon Coleman,WR,BUF,23.3,2024.0,2.0,7.0,246.9,32.15,154,331,91.04,238.4,ACT,12.0,8.658333333333333,8.700000000000001,12.65,4.775,103.9,104.4,102.4,59.0,38.0,404.0,4.0,0.17352941176470588,0.0,0.0,0.0,0.0,0.0,0.0,0.0,1.0,0.0,0.6523076923076924,13.0,8.692307692307692,8.73076923076923,111.5,57.0,0.1553133514986376,1.0
240,Devaughn Vele,WR,NO,28.7,2024.0,7.0,8.0,248.58,36.9,154,302,90.66,221.8,ACT,9.0,7.366666666666666,7.366666666666666,9.916666666666666,2.5,66.3,66.3,66.3,39.0,25.0,293.0,2.0,0.12580645161290321,0.0,0.0,0.0,0.0,0.0,0.0,0.0,0.0,0.0,0.5015384615384616,13.0,8.192307692307692,8.192307692307692,106.5,55.0,0.12971698113207547,0.0
241,Ollie Gordon II,RB,MIA,22.7,2025.0,6.0,6.0,248.68,30.56,162,332,72.87,245.2,ACT,17.0,3.182352941176471,3.182352941176471,7.7,0.0,54.1,54.1,54.1,9.0,7.0,32.0,1.0,0.019955654101995565,70.0,199.0,3.0,0.0,0.0,0.0,0.0,0.0,0.0,0.22411764705882353,,,,,,,
242,Dallas Cowboys,DST,DAL,,,,14.0,249.34,51.76,183,356,20.79,,,,,,,,,,,,,,,,,,,,,,,,,,,,,,,,
243,Najee Harris,RB,NYG,28.5,2021.0,1.0,8.0,249.45,50.91,160,360,74.07,279.0,ACT,3.0,3.866666666666667,3.866666666666667,3.866666666666667,2.4000000000000004,11.600000000000001,11.600000000000001,11.6,3.0,3.0,25.0,0.0,0.02830188679245283,15.0,61.0,0.0,0.0,0.0,0.0,0.0,0.0,0.0,0.21666666666666667,17.0,12.564705882352941,12.388235294117647,204.6,48.0,0.10643015521064302,263.0
244,David Njoku,TE,LAC,30.2,2017.0,1.0,7.0,250.34,30.0,144,355,30.82,223.83,ACT,11.0,7.845454545454545,7.845454545454545,11.1,4.45,86.3,86.3,86.3,48.0,33.0,293.0,4.0,0.12532637075718014,0.0,0.0,0.0,0.0,0.0,0.0,0.0,0.0,0.0,0.6391666666666667,11.0,13.5,13.5,148.5,97.0,0.22769953051643194,0.0
245,Elic Ayomanor,WR,TEN,23.3,2025.0,4.0,9.0,251.77,33.47,180,350,92.83,242.0,ACT,16.0,7.28125,7.28125,11.583333333333334,3.675,116.5,116.5,116.5,89.0,41.0,515.0,4.0,0.18126272912423624,0.0,0.0,0.0,0.0,0.0,0.0,0.0,0.0,0.0,0.805625,,,,,,,
246,Demond Claiborne,RB,MIN,22.9,2026.0,6.0,6.0,252.01,35.09,160,354,73.67,237.8,ACT,,,,,,,,,,,,,,,,,,,,,,,,,,,,,,
247,New York Giants,DST,NYG,,,,8.0,253.0,52.66,172,357,22.31,,,,,,,,,,,,,,,,,,,,,,,,,,,,,,,,
248,Isaiah Davis,RB,NYJ,24.6,2024.0,5.0,13.0,253.97,27.56,162,326,73.4,267.0,ACT,16.0,4.45,4.45,9.600000000000001,1.1,71.2,71.2,71.2,28.0,21.0,186.0,0.0,0.06334841628959276,43.0,236.0,1.0,0.0,0.0,0.0,0.0,0.0,0.0,0.28,13.0,3.5307692307692307,3.5307692307692307,45.9,12.0,0.026200873362445413,30.0
249,Evan Engram,TE,DEN,32.0,2017.0,1.0,10.0,253.98,25.23,195,306,30.8,223.2,ACT,16.0,6.425,6.425,10.233333333333333,3.1,102.8,102.8,102.8,76.0,50.0,461.0,1.0,0.13768115942028986,1.0,7.0,0.0,0.0,0.0,0.0,0.0,0.0,0.0,0.42125,9.0,10.11111111111111,10.166666666666666,89.5,64.0,0.25098039215686274,0.0
250,Las Vegas Raiders,DST,LV,,,,13.0,255.6,69.26,170,360,27.51,,,,,,,,,,,,,,,,,,,,,,,,,,,,,,,,
251,San Francisco 49ers,DST,SF,,,,8.0,257.6,30.2,165,356,19.21,,,,,,,,,,,,,,,,,,,,,,,,,,,,,,,,
252,New York Jets,DST,NYJ,,,,13.0,258.25,68.33,191,361,28.54,,,,,,,,,,,,,,,,,,,,,,,,,,,,,,,,
253,Ty Johnson,RB,BUF,29.0,2019.0,6.0,7.0,259.3,30.37,162,332,75.07,233.0,ACT,17.0,5.9,5.9,11.366666666666665,2.4000000000000004,100.30000000000001,100.30000000000001,100.3,33.0,24.0,263.0,2.0,0.06889352818371608,50.0,200.0,3.0,0.0,0.0,0.0,0.0,0.0,0.0,0.2958823529411765,17.0,5.482352941176471,5.511764705882353,91.7,25.0,0.050505050505050504,41.0
254,Fernando Mendoza,QB,LV,22.9,2026.0,1.0,13.0,259.46,37.89,159,368,30.54,177.2,ACT,,,,,,,,,,,,,,,,,,,,,,,,,,,,,,
255,New Orleans Saints,DST,NO,,,,8.0,260.49,37.79,172,337,18.59,270.67,,,,,,,,,,,,,,,,,,,,,,,,,,,,,,,
256,Elijah Sarratt,WR,BAL,23.3,2026.0,4.0,13.0,261.62,24.26,204,323,95.97,206.67,ACT,,,,,,,,,,,,,,,,,,,,,,,,,,,,,,
257,Tory Horton,WR,SEA,23.8,2025.0,5.0,11.0,261.68,27.07,208,369,95.38,231.2,ACT,8.0,8.1375,8.1375,10.85,0.0,65.1,65.1,65.1,22.0,13.0,161.0,5.0,0.10628019323671498,0.0,0.0,0.0,0.0,0.0,0.0,0.0,0.0,0.0,0.48125,,,,,,,
258,LeQuint Allen Jr.,RB,JAX,22.1,2025.0,7.0,7.0,262.4,30.17,160,343,75.92,275.75,ACT,16.0,1.55,1.55,2.5666666666666664,0.825,24.8,24.8,24.8,11.0,10.0,54.0,0.0,0.02335456475583864,23.0,94.0,0.0,0.0,0.0,0.0,0.0,0.0,0.0,0.22588235294117645,,,,,,,
259,Samaje Perine,RB,CIN,31.0,2017.0,4.0,6.0,262.41,39.64,152,331,76.74,256.6,ACT,15.0,5.193333333333333,5.193333333333333,9.383333333333335,1.55,77.9,77.9,77.9,21.0,17.0,87.0,0.0,0.03932584269662921,84.0,382.0,3.0,0.0,0.0,0.0,0.0,0.0,0.0,,17.0,4.788235294117648,4.788235294117648,81.4,35.0,0.06140350877192982,20.0
260,Chicago Bears,DST,CHI,,,,10.0,263.0,51.06,167,355,19.72,,,,,,,,,,,,,,,,,,,,,,,,,,,,,,,,
261,Christian Kirk,WR,SF,29.8,2018.0,2.0,8.0,264.59,32.97,176,374,96.18,228.0,RES,11.0,5.263636363636364,5.263636363636364,8.433333333333334,1.6,57.9,57.9,57.9,52.0,28.0,239.0,1.0,0.1440443213296399,0.0,0.0,0.0,0.0,0.0,0.0,0.0,0.0,0.0,0.48615384615384616,8.0,8.8625,8.8625,70.9,47.0,0.1950207468879668,0.0
262,Xavier Legette,WR,CAR,25.6,2024.0,1.0,5.0,264.69,29.96,195,332,96.27,239.25,ACT,15.0,5.953333333333334,5.953333333333334,11.65,1.75,89.30000000000001,89.30000000000001,89.3,64.0,35.0,363.0,3.0,0.1509433962264151,1.0,0.0,0.0,0.0,0.0,0.0,0.0,0.0,0.0,0.6786666666666666,15.0,8.34,8.34,125.10000000000001,84.0,0.17987152034261242,6.0
263,Darius Slayton,WR,NYG,29.7,2019.0,5.0,8.0,264.83,26.08,184,334,96.37,242.2,ACT,14.0,7.057142857142858,7.057142857142858,10.833333333333334,4.225,98.80000000000001,98.80000000000001,98.8,63.0,37.0,538.0,1.0,0.15180722891566265,0.0,0.0,0.0,0.0,0.0,0.0,0.0,0.0,0.0,0.812857142857143,16.0,7.0625,7.125,110.0,71.0,0.1360153256704981,2.0
264,Tyquan Thornton,WR,KC,26.1,2022.0,2.0,5.0,264.9,31.58,166,373,96.77,232.0,ACT,12.0,6.733333333333333,6.733333333333333,10.983333333333334,2.9250000000000003,80.8,80.8,80.8,37.0,19.0,438.0,3.0,0.08872901678657075,0.0,0.0,0.0,0.0,0.0,0.0,0.0,0.0,0.0,0.39,4.0,2.175,2.175,8.7,8.0,0.07407407407407407,0.0
265,Jordan James,RB,SF,22.5,2025.0,5.0,8.0,264.94,35.83,164,343,76.8,250.6,ACT,,,,,,,,,,,,,,,,,,,,,,,0.016666666666666666,,,,,,,
266,Cincinnati Bengals,DST,CIN,,,,6.0,265.42,63.26,185,356,23.5,,,,,,,,,,,,,,,,,,,,,,,,,,,,,,,,
267,Colby Parkinson,TE,LA,27.7,2020.0,4.0,11.0,265.87,20.28,215,345,33.23,258.4,ACT,14.0,9.271428571428572,9.271428571428572,15.966666666666669,3.8,129.8,129.8,129.8,56.0,43.0,408.0,8.0,0.11428571428571428,0.0,0.0,0.0,0.0,0.0,0.0,0.0,0.0,0.0,0.604,16.0,4.0875,4.0875,65.4,49.0,0.09859154929577464,0.0
268,Darren Waller,TE,CAR,34.0,2015.0,6.0,5.0,267.85,35.83,209,357,33.11,266.75,ACT,9.0,9.855555555555556,9.855555555555556,14.16666666666667,2.7,88.7,88.7,88.7,34.0,24.0,283.0,6.0,0.1459227467811159,1.0,4.0,0.0,0.0,0.0,0.0,0.0,0.0,0.0,0.44999999999999996,,,,,,,
269,Marvin Mims Jr.,WR,DEN,24.5,2023.0,2.0,10.0,267.99,26.52,208,369,97.91,231.5,ACT,15.0,6.333333333333333,6.333333333333333,11.333333333333334,3.35,95.0,95.0,95.0,51.0,37.0,322.0,1.0,0.09902912621359224,12.0,78.0,1.0,0.0,0.0,0.0,0.0,0.0,0.0,0.3686666666666667,17.0,7.794117647058823,7.852941176470588,129.5,52.0,0.09647495361781076,13.0
270,Atlanta Falcons,DST,ATL,,,,11.0,268.04,41.24,167,356,19.35,264.67,,,,,,,,,,,,,,,,,,,,,,,,,,,,,,,
271,Alec Ingold,RB,LAC,,,,7.0,270.5,7.5,263,278,112.2,,ACT,,,,,,,,,,,,,,,,,,,,,,,,,,,,,,
272,Tampa Bay Buccaneers,DST,TB,,,,10.0,271.14,59.73,187,356,22.64,,,,,,,,,,,,,,,,,,,,,,,,,,,,,,,,
273,Chris Brooks,RB,GB,26.7,,,11.0,271.15,29.49,175,358,78.84,296.75,ACT,17.0,1.9235294117647062,1.9235294117647062,4.216666666666668,0.1,32.7,32.7,32.7,17.0,13.0,91.0,0.0,0.03695652173913044,27.0,106.0,0.0,0.0,0.0,0.0,0.0,0.0,0.0,0.20058823529411765,11.0,3.8363636363636364,3.8363636363636364,42.2,13.0,0.04693140794223827,36.0
274,Devin Neal,RB,NO,23.1,2025.0,6.0,8.0,271.65,33.2,201,364,80.02,295.67,RES,9.0,6.666666666666667,6.666666666666667,9.466666666666667,2.2,60.0,60.0,60.0,19.0,17.0,104.0,0.0,0.06333333333333334,57.0,206.0,2.0,0.0,0.0,0.0,0.0,0.0,0.0,0.4,,,,,,,
275,Tua Tagovailoa,QB,ATL,28.5,2020.0,1.0,11.0,272.03,34.69,139,348,31.61,203.0,ACT,14.0,11.478571428571428,14.47857142857143,18.38,6.66,160.7,202.70000000000002,160.7,0.0,0.0,0.0,0.0,0.0,20.0,43.0,0.0,2660.0,20.0,15.0,0.0,0.0,1.0,0.9542857142857143,11.0,16.507272727272724,20.68909090909091,181.57999999999998,0.0,0.0,17.0
276,DJ Giddens,RB,IND,23.0,2025.0,5.0,13.0,272.34,23.49,222,327,78.49,289.25,ACT,5.0,1.9200000000000004,1.9200000000000004,1.9200000000000004,0.30000000000000004,9.600000000000001,9.600000000000001,9.6,2.0,0.0,0.0,0.0,0.013333333333333334,26.0,96.0,0.0,0.0,0.0,0.0,0.0,0.0,0.0,0.12000000000000001,,,,,,,
277,Mike Gesicki,TE,CIN,30.9,2018.0,2.0,6.0,273.14,23.74,226,352,34.06,198.8,ACT,12.0,5.891666666666667,5.891666666666667,9.333333333333334,2.325,70.7,70.7,70.7,42.0,28.0,307.0,2.0,0.1037037037037037,0.0,0.0,0.0,0.0,0.0,0.0,0.0,0.0,0.0,0.3853846153846154,16.0,8.9375,8.96875,141.5,83.0,0.13741721854304637,0.0
278,Brandon Aiyuk,WR,SF,28.5,2020.0,1.0,8.0,273.21,48.46,163,381,102.05,248.5,,,,,,,,,,,,,,,,,,,,,,,,,7.0,9.12857142857143,9.200000000000001,62.400000000000006,47.0,0.2422680412371134,0.0
279,Malik Davis,RB,DAL,27.8,,,14.0,273.91,29.97,177,358,80.0,290.5,ACT,10.0,4.36,4.26,7.066666666666666,0.37500000000000006,43.6,42.6,40.599999999999994,5.0,2.0,16.0,0.0,0.014084507042253521,52.0,250.0,2.0,0.0,0.0,0.0,1.0,0.0,0.0,0.207,,,,,,,
280,Mason Taylor,TE,NYJ,22.3,2025.0,2.0,13.0,274.29,27.61,200,336,34.62,236.6,ACT,13.0,6.838461538461539,6.838461538461539,11.133333333333333,3.0,88.9,88.9,88.9,65.0,44.0,369.0,1.0,0.18786127167630057,0.0,0.0,0.0,0.0,0.0,0.0,0.0,0.0,0.0,0.8107692307692307,,,,,,,
281,Seth McGowan,RB,IND,24.9,2026.0,7.0,13.0,274.37,40.11,175,343,81.48,269.25,ACT,,,,,,,,,,,,,,,,,,,,,,,,,,,,,,
282,Kyle Williams,WR,NE,23.8,2025.0,3.0,11.0,275.03,33.25,202,369,101.0,270.0,ACT,14.0,3.5142857142857147,3.5142857142857147,7.8500000000000005,0.0,49.2,49.2,49.2,21.0,10.0,209.0,3.0,0.051470588235294115,2.0,3.0,0.0,0.0,0.0,0.0,0.0,0.0,0.0,0.30823529411764705,,,,,,,
283,Indianapolis Colts,DST,IND,,,,13.0,275.07,36.62,171,356,19.13,279.0,,,,,,,,,,,,,,,,,,,,,,,,,,,,,,,
284,Trey Benson,RB,ARI,24.1,2024.0,3.0,14.0,276.23,36.67,160,349,82.88,300.0,RES,4.0,8.85,8.85,8.85,8.325,35.4,35.4,35.4,16.0,13.0,64.0,0.0,0.125,29.0,160.0,0.0,0.0,0.0,0.0,0.0,0.0,0.0,0.48250000000000004,12.0,3.9166666666666665,3.9166666666666665,47.0,6.0,0.016574585635359115,63.0
285,Jahan Dotson,WR,ATL,26.5,2022.0,1.0,11.0,276.8,48.8,154,374,101.35,252.0,ACT,15.0,3.3466666666666667,3.3466666666666667,6.8166666666666655,0.65,50.2,50.2,50.2,36.0,18.0,262.0,1.0,0.0851063829787234,0.0,0.0,0.0,0.0,0.0,0.0,0.0,0.0,0.0,0.5688235294117647,14.0,2.992857142857143,2.992857142857143,41.9,33.0,0.09269662921348315,1.0
286,Andrei Iosivas,WR,CIN,26.9,2023.0,6.0,6.0,276.89,33.96,195,359,102.51,250.75,ACT,15.0,5.993333333333334,5.993333333333334,11.283333333333333,2.6,89.9,89.9,89.9,58.0,33.0,435.0,2.0,0.1039426523297491,3.0,14.0,0.0,0.0,0.0,0.0,0.0,0.0,0.0,0.7617647058823529,17.0,7.052941176470589,7.052941176470589,119.9,61.0,0.09728867623604466,0.0
287,Josh Williams,RB,TB,26.3,,,10.0,278.0,35.0,243,313,119.75,,DEV,2.0,0.55,0.55,0.55,0.275,1.1,1.1,1.1,0.0,0.0,0.0,0.0,0.0,4.0,11.0,0.0,0.0,0.0,0.0,0.0,0.0,0.0,0.043333333333333335,,,,,,,
288,Carolina Panthers,DST,CAR,,,,5.0,278.32,54.99,185,356,23.24,,,,,,,,,,,,,,,,,,,,,,,,,,,,,,,,
289,DeMario Douglas,WR,NE,25.8,2023.0,6.0,11.0,278.87,58.68,168,385,103.5,248.0,ACT,16.0,6.08125,6.1125,10.716666666666667,2.5250000000000004,97.3,97.8,95.8,46.0,31.0,447.0,3.0,0.0989247311827957,7.0,21.0,0.0,0.0,0.0,0.0,0.0,1.0,0.0,0.25882352941176473,16.0,9.231250000000001,9.231250000000001,147.7,87.0,0.18354430379746836,3.0
290,Miami Dolphins,DST,MIA,,,,6.0,280.29,77.02,185,359,26.81,235.0,,,,,,,,,,,,,,,,,,,,,,,,,,,,,,,
291,Theo Johnson,TE,NYG,25.5,2024.0,4.0,8.0,280.76,28.09,203,349,35.89,257.25,ACT,15.0,8.52,8.52,14.083333333333336,4.85,127.8,127.8,127.8,74.0,45.0,528.0,5.0,0.167420814479638,0.0,0.0,0.0,0.0,0.0,0.0,0.0,0.0,0.0,0.8673333333333333,11.0,6.1909090909090905,6.1909090909090905,68.1,43.0,0.11944444444444445,0.0
292,Mack Hollins,WR,NE,33.0,2017.0,4.0,11.0,282.08,34.6,199,387,103.89,284.0,ACT,14.0,8.207142857142857,8.242857142857144,12.366666666666667,5.075,114.9,115.4,113.4,65.0,46.0,550.0,2.0,0.15892420537897312,1.0,4.0,0.0,0.0,0.0,0.0,0.0,1.0,0.0,0.6773333333333333,17.0,5.811764705882353,5.811764705882353,98.8,50.0,0.10101010101010101,0.0
293,Tyreek Hill,WR,FA,32.5,2016.0,5.0,,282.61,41.47,192,385,103.92,235.0,,4.0,13.75,13.875,13.75,11.524999999999999,55.0,55.5,53.5,29.0,21.0,265.0,1.0,0.24786324786324787,0.0,0.0,0.0,0.0,0.0,0.0,0.0,1.0,0.0,0.6849999999999999,17.0,13.1,13.188235294117646,218.2,123.0,0.22122302158273383,8.0
294,Kendre Miller,RB,NO,24.2,2023.0,3.0,8.0,282.95,33.93,162,365,82.83,302.0,ACT,7.0,4.757142857142857,4.757142857142857,5.433333333333334,2.2,33.3,33.3,33.3,5.0,5.0,30.0,0.0,0.021834061135371178,47.0,193.0,1.0,0.0,0.0,0.0,0.0,0.0,0.0,0.24285714285714285,6.0,4.85,4.85,29.099999999999998,8.0,0.04060913705583756,39.0
295,Brashard Smith,RB,KC,23.4,2025.0,7.0,5.0,283.11,25.97,222,366,82.72,274.25,ACT,17.0,3.7235294117647055,3.7235294117647055,8.366666666666667,0.7000000000000001,63.3,63.3,63.3,35.0,25.0,172.0,1.0,0.06375227686703097,44.0,151.0,0.0,0.0,0.0,0.0,0.0,0.0,0.0,0.16705882352941176,,,,,,,
296,Charlie Kolar,TE,LAC,27.6,2022.0,4.0,7.0,284.08,40.23,196,382,38.15,243.5,ACT,13.0,2.784615384615385,2.784615384615385,5.250000000000001,0.0,36.2,36.2,36.2,15.0,10.0,142.0,2.0,0.04792332268370607,0.0,0.0,0.0,0.0,0.0,0.0,0.0,0.0,0.0,0.4035294117647059,10.0,2.83,2.83,28.3,11.0,0.040740740740740744,1.0
297,Eli Stowers,TE,PHI,23.4,2026.0,2.0,10.0,286.04,37.76,203,377,37.52,222.8,ACT,,,,,,,,,,,,,,,,,,,,,,,,,,,,,,
298,Michael Penix Jr.,QB,ATL,26.3,2024.0,1.0,11.0,286.52,27.57,199,346,32.54,212.2,ACT,9.0,13.364444444444445,15.586666666666666,17.216666666666665,7.9,120.28,140.28,120.28,0.0,0.0,0.0,0.0,0.0,21.0,70.0,1.0,1982.0,9.0,3.0,0.0,0.0,1.0,0.9322222222222223,5.0,8.82,10.42,44.1,0.0,0.0,7.0
299,Arizona Cardinals,DST,ARI,,,,14.0,287.0,75.0,212,362,31.15,,,,,,,,,,,,,,,,,,,,,,,,,,,,,,,,
300,Adam Randall,RB,BAL,22.2,2026.0,5.0,13.0,287.12,30.22,201,337,84.94,278.5,RES,,,,,,,,,,,,,,,,,,,,,,,,,,,,,,
301,Xavier Hutchinson,WR,HOU,26.3,2023.0,6.0,8.0,287.42,58.14,176,384,107.08,222.0,ACT,16.0,6.125,6.125,11.200000000000001,2.525,98.0,98.0,98.0,57.0,35.0,428.0,3.0,0.11198428290766209,3.0,22.0,0.0,0.0,0.0,0.0,0.0,0.0,0.0,0.5747058823529412,14.0,1.6928571428571428,1.6928571428571428,23.7,26.0,0.05895691609977324,0.0
302,Kirk Cousins,QB,LV,38.1,2012.0,4.0,13.0,288.51,32.58,179,347,32.88,229.0,ACT,10.0,10.354000000000001,12.554,15.11,3.6400000000000006,103.54,125.54,103.53999999999999,0.0,0.0,0.0,0.0,0.0,14.0,7.0,1.0,1721.0,10.0,5.0,0.0,0.0,1.0,0.861,14.0,13.165714285714285,15.737142857142857,176.32,0.0,0.0,23.0
303,Hollywood Brown,WR,PHI,29.3,2019.0,1.0,10.0,288.84,23.06,239,382,105.43,268.5,ACT,16.0,8.60625,8.60625,13.66666666666667,5.025,137.7,137.7,137.7,74.0,49.0,587.0,5.0,0.14258188824662812,0.0,0.0,0.0,0.0,0.0,0.0,0.0,0.0,0.0,0.535,2.0,9.05,9.05,18.1,15.0,0.189873417721519,0.0
304,Emari Demercado,RB,DAL,27.6,,,5.0,289.63,35.57,162,380,84.9,295.0,ACT,12.0,4.858333333333333,4.858333333333333,8.183333333333334,1.6,58.3,58.3,58.3,20.0,13.0,101.0,1.0,0.04640371229698376,44.0,312.0,0.0,0.0,0.0,0.0,0.0,0.0,0.0,0.2323076923076923,13.0,4.207692307692308,4.207692307692308,54.699999999999996,20.0,0.05181347150259067,24.0
305,Jalen Tolbert,WR,MIA,27.5,2022.0,3.0,6.0,289.65,46.51,194,378,105.31,256.6,ACT,12.0,3.858333333333333,3.858333333333333,7.250000000000001,0.0,46.3,46.3,46.3,34.0,18.0,203.0,1.0,0.08056872037914692,0.0,0.0,0.0,0.0,0.0,0.0,0.0,0.0,0.0,0.5130769230769231,17.0,8.941176470588236,8.941176470588236,152.0,79.0,0.12762520193861066,0.0
306,Bryce Lance,WR,NO,24.1,2026.0,4.0,8.0,289.7,41.46,180,351,106.73,255.0,ACT,,,,,,,,,,,,,,,,,,,,,,,,,,,,,,
307,Deshaun Watson,QB,CLE,31.0,2017.0,1.0,11.0,289.72,26.08,221,346,33.03,191.5,ACT,,,,,,,,,,,,,,,,,,,,,,,,7.0,10.959999999999999,12.388571428571428,76.72,0.0,0.0,31.0
308,Isaiah Bond,WR,CLE,22.5,,,11.0,290.48,27.42,224,380,107.55,286.33,ACT,15.0,3.646666666666667,3.646666666666667,6.616666666666668,1.75,54.7,54.7,54.7,44.0,18.0,338.0,0.0,0.09341825902335456,5.0,29.0,0.0,0.0,0.0,0.0,0.0,0.0,0.0,0.48062499999999997,,,,,,,
309,Jake Tonges,TE,SF,27.2,,,8.0,290.84,33.68,158,358,37.42,275.8,ACT,10.0,9.330000000000002,9.330000000000002,13.4,4.85,93.30000000000001,93.30000000000001,93.3,46.0,34.0,293.0,5.0,0.13690476190476192,0.0,0.0,0.0,0.0,0.0,0.0,0.0,0.0,0.0,0.3317647058823529,2.0,0.0,0.0,0.0,0.0,0.0,0.0
310,Bam Knight,RB,ARI,25.4,,,14.0,291.97,27.43,233,337,87.91,,ACT,12.0,7.741666666666666,7.741666666666666,12.616666666666665,3.2250000000000005,92.89999999999999,92.89999999999999,92.9,31.0,22.0,160.0,1.0,0.0670995670995671,82.0,269.0,4.0,0.0,0.0,0.0,0.0,0.0,0.0,0.3308333333333333,,,,,,,
311,Kendrick Bourne,WR,ARI,31.1,,,14.0,292.65,46.21,224,365,107.64,275.0,ACT,14.0,6.792857142857144,6.864285714285715,12.25,3.0250000000000004,95.10000000000001,96.10000000000001,92.1,53.0,37.0,551.0,0.0,0.12211981566820276,0.0,0.0,0.0,0.0,0.0,0.0,0.0,2.0,0.0,0.566875,12.0,5.425,5.425,65.1,38.0,0.10215053763440861,1.0
312,Kaleb Johnson,RB,GB,23.1,2025.0,3.0,9.0,292.75,32.81,214,381,86.53,295.0,ACT,10.0,0.8800000000000001,0.8800000000000001,1.3833333333333335,0.30000000000000004,8.8,8.8,8.8,2.0,1.0,9.0,0.0,0.007067137809187279,28.0,69.0,0.0,0.0,0.0,0.0,0.0,0.0,0.0,0.091,,,,,,,
313,Skyler Bell,WR,BUF,24.2,2026.0,4.0,7.0,292.79,31.99,222,386,107.41,249.4,ACT,,,,,,,,,,,,,,,,,,,,,,,,,,,,,,
314,Darnell Washington,TE,PIT,25.1,2023.0,3.0,9.0,293.7,31.02,229,356,37.74,246.6,ACT,13.0,5.6461538461538465,5.6461538461538465,8.233333333333333,3.5,73.4,73.4,73.4,43.0,31.0,364.0,1.0,0.1096938775510204,0.0,0.0,0.0,0.0,0.0,0.0,0.0,0.0,0.0,0.5725,13.0,3.4615384615384617,3.4615384615384617,45.0,25.0,0.07225433526011561,0.0
315,Tommy Myers,TE,FA,,,,,293.75,48.58,254,373,56.33,,,,,,,,,,,,,,,,,,,,,,,,,,,,,,,,
316,Jaleel McLaughlin,RB,DEN,26.0,,,10.0,294.53,23.99,233,358,86.78,348.0,CUT,8.0,3.9250000000000003,3.9250000000000003,5.166666666666667,2.875,31.400000000000002,31.400000000000002,31.4,6.0,4.0,27.0,0.0,0.021897810218978103,37.0,187.0,1.0,0.0,0.0,0.0,0.0,0.0,0.0,0.16,16.0,6.075,6.075,97.2,27.0,0.0536779324055666,113.0
317,Roman Hemby,RB,LV,24.1,,,13.0,295.5,22.5,273,318,126.67,,DEV,,,,,,,,,,,,,,,,,,,,,,,,,,,,,,
318,Tyler Badie,RB,DEN,27.6,2022.0,6.0,10.0,296.0,62.0,234,358,130.4,,ACT,16.0,2.2125,2.2125,4.033333333333334,0.9,35.4,35.4,35.4,31.0,19.0,141.0,0.0,0.056466302367941715,8.0,23.0,0.0,0.0,0.0,0.0,0.0,0.0,0.0,0.175,3.0,3.1333333333333333,3.1333333333333333,9.4,3.0,0.03333333333333333,11.0
319,Devin Singletary,RB,NYG,29.0,2019.0,3.0,8.0,297.23,22.53,234,366,87.28,304.5,ACT,17.0,6.3999999999999995,6.3999999999999995,13.649999999999999,1.1,108.8,108.8,108.8,19.0,18.0,151.0,0.0,0.03777335984095427,119.0,437.0,5.0,0.0,0.0,0.0,0.0,0.0,0.0,0.27647058823529413,15.0,6.4399999999999995,6.4399999999999995,96.6,24.0,0.049281314168377825,113.0
320,Isaiah Williams,WR,FA,39.6,,,,297.5,76.5,221,374,141.0,,,,,,,,,,,,,,,,,,,,,,,,,,,,,,,,
321,Shedeur Sanders,QB,CLE,24.6,2025.0,5.0,11.0,297.94,27.16,204,348,34.29,209.6,ACT,8.0,10.6125,12.6125,13.323333333333336,4.65,84.9,100.9,84.89999999999999,0.0,0.0,0.0,0.0,0.0,21.0,169.0,1.0,1400.0,7.0,10.0,0.0,0.0,1.0,0.91625,,,,,,,
322,Kyle Juszczyk,RB,SF,,,,8.0,298.55,50.44,201,359,91.67,351.0,ACT,,,,,,,,,,,,,,,,,,,,,,,,,,,,,,
323,Roman Wilson,WR,PIT,25.2,2024.0,3.0,9.0,298.87,46.71,219,382,118.29,268.5,ACT,9.0,4.288888888888889,4.288888888888889,6.533333333333335,0.0,38.6,38.6,38.6,21.0,12.0,166.0,2.0,0.07894736842105263,0.0,0.0,0.0,0.0,0.0,0.0,0.0,0.0,0.0,0.33076923076923076,,,,,,,
324,Michael Mayer,TE,LV,25.2,2023.0,2.0,13.0,299.27,30.09,241,361,38.96,271.2,ACT,13.0,5.676923076923076,5.676923076923076,10.033333333333335,2.0,73.8,73.8,73.8,50.0,35.0,328.0,1.0,0.12919896640826872,0.0,0.0,0.0,0.0,0.0,0.0,0.0,0.0,0.0,0.6176923076923077,11.0,3.3272727272727276,3.3272727272727276,36.6,32.0,0.08,0.0
325,Chris Brazzell II,WR,CAR,22.9,2026.0,3.0,5.0,299.46,36.71,237,376,112.93,246.0,RES,,,,,,,,,,,,,,,,,,,,,,,,,,,,,,
326,Jarquez Hunter,RB,MIA,23.7,2025.0,4.0,6.0,299.68,22.22,238,368,87.89,,DEV,,,,,,,,,,,,,,,,,,,,,,,0.0,,,,,,,
327,Elijah Arroyo,TE,SEA,23.4,2025.0,2.0,11.0,300.8,33.0,209,367,39.22,264.67,ACT,13.0,2.838461538461538,2.838461538461538,5.383333333333334,0.0,36.9,36.9,36.9,26.0,15.0,179.0,1.0,0.07669616519174041,0.0,0.0,0.0,0.0,0.0,0.0,0.0,0.0,0.0,0.39538461538461533,,,,,,,
328,Jerome Ford,RB,WAS,27.0,2022.0,5.0,7.0,301.18,22.76,239,365,90.86,334.0,,13.0,3.353846153846154,3.353846153846154,6.1499999999999995,0.9,43.6,43.6,43.6,32.0,26.0,103.0,0.0,0.07637231503579953,24.0,73.0,0.0,0.0,0.0,0.0,0.0,0.0,0.0,0.3046153846153846,14.0,9.571428571428571,9.571428571428571,134.0,43.0,0.083984375,104.0
329,Isaiah Williams,WR,NYJ,25.6,,,13.0,301.6,27.66,264,346,128.5,322.0,ACT,15.0,4.046666666666667,4.046666666666667,8.766666666666667,0.0,60.7,60.7,60.7,36.0,26.0,193.0,0.0,0.09022556390977443,3.0,34.0,0.0,0.0,0.0,0.0,0.0,0.0,0.0,0.36133333333333334,8.0,0.325,0.325,2.6,3.0,0.01090909090909091,0.0
330,Tahj Brooks,RB,CIN,24.3,2025.0,6.0,6.0,302.0,19.82,231,332,90.59,311.5,ACT,12.0,0.5333333333333333,0.5333333333333333,1.0666666666666667,0.0,6.4,6.4,6.4,2.0,1.0,9.0,0.0,0.004889975550122249,16.0,45.0,0.0,0.0,0.0,0.0,0.0,0.0,0.0,,,,,,,,
331,Joshua Palmer,WR,BUF,27.0,2021.0,3.0,7.0,302.48,35.86,239,376,111.21,275.75,ACT,12.0,4.358333333333333,4.358333333333333,6.666666666666667,2.0250000000000004,52.300000000000004,52.300000000000004,52.3,37.0,22.0,303.0,0.0,0.10818713450292397,0.0,0.0,0.0,0.0,0.0,0.0,0.0,0.0,0.0,0.48333333333333334,15.0,7.16,7.16,107.4,65.0,0.15046296296296297,0.0
332,Trevor Etienne,RB,CAR,22.2,2025.0,4.0,5.0,302.76,19.44,243,337,90.12,325.5,RES,17.0,0.8058823529411765,0.8058823529411765,2.1833333333333336,0.0,13.700000000000001,13.700000000000001,13.7,3.0,3.0,13.0,0.0,0.00625,20.0,94.0,0.0,0.0,0.0,0.0,0.0,0.0,0.0,0.05588235294117647,,,,,,,
333,Isaac Guerendo,RB,SF,26.2,2024.0,4.0,8.0,303.33,26.04,233,379,89.63,345.5,RES,7.0,0.0,0.0,0.0,0.0,0.0,0.0,0.0,0.0,0.0,0.0,0.0,0.0,0.0,0.0,0.0,0.0,0.0,0.0,0.0,0.0,0.0,0.0,16.0,6.0125,6.0125,96.2,16.0,0.03571428571428571,84.0
334,Max Bredeson,RB,MIN,23.9,2026.0,5.0,6.0,305.5,4.5,301,310,98.33,,ACT,,,,,,,,,,,,,,,,,,,,,,,,,,,,,,
335,Oscar Delp,TE,NO,23.1,2026.0,3.0,8.0,305.83,33.05,254,381,41.49,312.0,ACT,,,,,,,,,,,,,,,,,,,,,,,,,,,,,,
336,Eli Heidenreich,RB,PIT,23.1,2026.0,7.0,9.0,307.31,24.41,263,354,92.81,344.0,ACT,,,,,,,,,,,,,,,,,,,,,,,,,,,,,,
337,Joe Mixon,RB,FA,30.1,2017.0,2.0,,307.38,27.04,251,354,91.43,320.0,,,,,,,,,,,,,,,,,,,,,,,,,14.0,18.678571428571427,18.178571428571427,240.5,52.0,0.12121212121212122,245.0
338,Audric Estime,RB,NO,23.0,2024.0,5.0,8.0,307.49,21.3,251,364,93.03,,ACT,5.0,9.62,9.62,9.620000000000001,6.6000000000000005,48.099999999999994,48.099999999999994,48.1,13.0,12.0,103.0,0.0,0.08176100628930817,46.0,198.0,1.0,0.0,0.0,0.0,0.0,0.0,0.0,0.39285714285714285,13.0,3.746153846153846,3.746153846153846,48.7,5.0,0.01179245283018868,76.0
339,KaVontae Turpin,WR,DAL,30.1,,,14.0,308.07,50.61,223,376,117.72,254.5,ACT,15.0,5.633333333333334,5.633333333333334,9.866666666666667,2.95,84.5,84.5,84.5,38.0,26.0,396.0,2.0,0.06972477064220184,17.0,89.0,0.0,0.0,0.0,0.0,0.0,0.0,0.0,0.3546666666666667,17.0,6.129411764705883,6.129411764705883,104.2,52.0,0.0840064620355412,16.0
340,Konata Mumpfield,WR,LA,23.9,2025.0,7.0,11.0,309.32,30.33,258,377,114.76,303.0,ACT,10.0,2.52,2.52,4.2,0.0,25.2,25.2,25.2,23.0,10.0,92.0,1.0,0.06686046511627906,0.0,0.0,0.0,0.0,0.0,0.0,0.0,0.0,0.0,0.32176470588235295,,,,,,,
341,Will Shipley,RB,PHI,24.0,2024.0,4.0,10.0,310.44,18.57,244,360,92.81,346.0,ACT,14.0,1.3928571428571428,1.3928571428571428,2.75,0.05,19.5,19.5,19.5,12.0,9.0,56.0,0.0,0.031088082901554404,14.0,49.0,0.0,0.0,0.0,0.0,0.0,0.0,0.0,0.12466666666666668,13.0,1.2076923076923076,1.2076923076923076,15.7,4.0,0.012307692307692308,30.0
342,Hunter Luepke,RB,DAL,26.5,,,14.0,312.6,14.35,292,337,108.71,,ACT,14.0,2.642857142857143,2.642857142857143,5.2,0.30000000000000004,37.0,37.0,37.0,15.0,13.0,109.0,1.0,0.030425963488843813,16.0,71.0,0.0,0.0,0.0,0.0,0.0,0.0,0.0,0.21058823529411766,14.0,1.9214285714285715,1.9214285714285715,26.9,16.0,0.03319502074688797,12.0
343,Tez Johnson,WR,TB,24.3,2025.0,7.0,10.0,312.79,32.93,223,386,114.05,268.67,ACT,15.0,6.16,6.16,13.166666666666666,1.2,92.4,92.4,92.4,44.0,28.0,322.0,5.0,0.09243697478991597,7.0,22.0,0.0,0.0,0.0,0.0,0.0,0.0,0.0,0.470625,,,,,,,
344,Olamide Zaccheaus,WR,ATL,29.1,,,11.0,313.72,28.62,258,371,114.35,251.67,ACT,14.0,6.057142857142858,6.057142857142858,10.116666666666669,3.15,84.80000000000001,84.80000000000001,84.8,65.0,39.0,313.0,2.0,0.14908256880733944,4.0,25.0,0.0,0.0,0.0,0.0,0.0,0.0,0.0,0.53625,16.0,7.15,7.15,114.4,64.0,0.13305613305613306,1.0
345,Erick All Jr.,TE,CIN,26.0,2024.0,4.0,6.0,314.23,39.52,209,409,42.21,281.25,ACT,,,,,,,,,,,,,,,,,,,,,,,,8.0,4.4750000000000005,4.4750000000000005,35.8,22.0,0.0842911877394636,0.0
346,Kareem Hunt,RB,FA,31.1,2017.0,3.0,,314.33,21.41,262,378,95.0,,,17.0,8.729411764705883,8.670588235294119,16.000000000000004,4.3999999999999995,148.4,147.4,145.4,25.0,18.0,143.0,1.0,0.04553734061930783,163.0,611.0,8.0,0.0,0.0,0.0,1.0,0.0,0.0,0.47058823529411764,13.0,12.415384615384616,12.261538461538462,155.4,32.0,0.06837606837606838,200.0
347,Malik Benson,WR,LV,23.9,2026.0,6.0,13.0,314.92,47.53,239,397,114.38,278.5,ACT,,,,,,,,,,,,,,,,,,,,,,,,,,,,,,
348,Tai Felton,WR,MIN,23.5,2025.0,3.0,6.0,316.0,29.25,277,350,140.45,,ACT,12.0,0.4583333333333333,0.4583333333333333,0.9166666666666666,0.0,5.5,5.5,5.5,3.0,3.0,25.0,0.0,0.008928571428571428,0.0,0.0,0.0,0.0,0.0,0.0,0.0,0.0,0.0,0.04411764705882353,,,,,,,
349,Barion Brown,WR,NO,22.7,2026.0,6.0,8.0,316.0,59.1,241,396,125.67,291.0,ACT,,,,,,,,,,,,,,,,,,,,,,,,,,,,,,
350,Jalen Royals,WR,KC,23.6,2025.0,4.0,5.0,316.32,28.63,265,376,119.58,340.0,ACT,2.0,1.2,1.2,1.2,0.6,2.4,2.4,2.4,3.0,2.0,4.0,0.0,0.046153846153846156,0.0,0.0,0.0,0.0,0.0,0.0,0.0,0.0,0.0,0.19,,,,,,,
351,Tyler Lockett,WR,LV,33.9,2015.0,3.0,13.0,316.5,11.5,305,328,139.33,,,17.0,3.9470588235294115,3.9470588235294115,8.266666666666667,1.5,67.1,67.1,67.1,55.0,32.0,291.0,1.0,0.10763209393346379,0.0,0.0,0.0,0.0,0.0,0.0,0.0,0.0,0.0,0.5,17.0,7.117647058823529,7.117647058823529,121.0,74.0,0.13005272407732865,0.0
352,Brenen Thompson,WR,LAC,23.1,2026.0,4.0,7.0,316.72,36.09,258,396,116.53,263.67,ACT,,,,,,,,,,,,,,,,,,,,,,,,,,,,,,
353,Raheim Sanders,RB,CLE,24.3,,,11.0,317.0,21.56,266,363,94.67,317.0,ACT,4.0,5.075,5.075,5.074999999999999,4.25,20.3,20.3,20.299999999999997,4.0,3.0,21.0,0.0,0.035398230088495575,27.0,92.0,1.0,0.0,0.0,0.0,0.0,0.0,0.0,0.2575,,,,,,,
354,Adam Prentice,RB,DEN,,,,10.0,317.0,0.0,317,317,121.6,,DEV,,,,,,,,,,,,,,,,,,,,,,,,,,,,,,
355,Sione Vaki,RB,DET,25.1,2024.0,4.0,6.0,317.0,20.4,275,343,104.0,332.0,ACT,8.0,0.05,0.05,0.06666666666666667,0.0,0.4,0.4,0.4,0.0,0.0,0.0,0.0,0.0,1.0,4.0,0.0,0.0,0.0,0.0,0.0,0.0,0.0,0.0009090909090909091,9.0,0.8999999999999999,0.8999999999999999,8.1,3.0,0.010169491525423728,6.0
356,Jordan Watkins,WR,SF,24.6,2025.0,4.0,8.0,318.0,3.0,315,321,157.25,,ACT,2.0,2.3000000000000003,2.3000000000000003,2.3000000000000003,2.0,4.6000000000000005,4.6000000000000005,4.6,3.0,2.0,26.0,0.0,0.06,0.0,0.0,0.0,0.0,0.0,0.0,0.0,0.0,0.0,0.1025,,,,,,,
357,Colbie Young,WR,CIN,24.1,2026.0,4.0,6.0,318.14,38.59,240,380,127.45,290.0,ACT,,,,,,,,,,,,,,,,,,,,,,,,,,,,,,
358,Treylon Burks,WR,WAS,26.5,2022.0,1.0,7.0,318.55,44.09,222,408,118.0,259.5,ACT,8.0,3.625,3.625,4.833333333333333,1.5750000000000002,29.0,29.0,29.0,22.0,10.0,130.0,1.0,0.11956521739130435,0.0,0.0,0.0,0.0,0.0,0.0,0.0,0.0,0.0,0.6012500000000001,5.0,1.5,1.5,7.5,8.0,0.06015037593984962,2.0
359,Carson Beck,QB,ARI,24.8,2026.0,3.0,14.0,318.85,23.31,244,359,38.14,239.0,ACT,,,,,,,,,,,,,,,,,,,,,,,,,,,,,,
360,Luke McCaffrey,WR,WAS,25.4,2024.0,3.0,7.0,319.16,31.57,257,402,117.27,287.67,ACT,9.0,5.7,5.7,8.549999999999999,0.0,51.300000000000004,51.300000000000004,51.3,15.0,11.0,203.0,3.0,0.0625,0.0,0.0,0.0,0.0,0.0,0.0,0.0,0.0,0.0,0.31666666666666665,13.0,2.6769230769230767,2.6769230769230767,34.8,24.0,0.06,0.0
361,Cedric Tillman,WR,FA,26.4,2023.0,3.0,,319.47,31.31,273,391,118.02,282.0,,12.0,5.0,5.0,8.116666666666665,1.75,60.0,60.0,60.0,39.0,21.0,270.0,2.0,0.10955056179775281,0.0,0.0,0.0,0.0,0.0,0.0,0.0,0.0,0.0,0.6184615384615384,9.0,8.933333333333334,8.933333333333334,80.4,49.0,0.1436950146627566,1.0
362,Roschon Johnson,RB,CHI,25.6,2023.0,4.0,10.0,319.93,31.74,275,387,97.71,312.5,ACT,6.0,0.2833333333333334,0.2833333333333334,0.2833333333333334,0.0,1.7000000000000002,1.7000000000000002,1.7000000000000002,0.0,0.0,0.0,0.0,0.0,2.0,17.0,0.0,0.0,0.0,0.0,0.0,0.0,0.0,0.008571428571428572,13.0,5.953846153846154,5.953846153846154,77.39999999999999,20.0,0.049019607843137254,55.0
363,Van Jefferson,WR,WAS,30.1,2020.0,2.0,7.0,320.5,38.32,264,371,142.2,,,14.0,5.0,5.0,8.116666666666665,2.325,70.0,70.0,70.0,52.0,29.0,350.0,1.0,0.11981566820276497,0.0,0.0,0.0,0.0,0.0,0.0,0.0,0.0,0.0,0.585625,15.0,4.24,4.24,63.6,40.0,0.10025062656641603,0.0
364,Cole Kmet,TE,CHI,27.5,2020.0,2.0,10.0,320.61,26.77,259,381,43.09,281.5,ACT,16.0,4.91875,4.91875,8.250000000000002,2.45,78.7,78.7,78.7,48.0,30.0,347.0,2.0,0.096579476861167,0.0,0.0,0.0,0.0,0.0,0.0,0.0,0.0,0.0,0.714375,16.0,7.525,7.525,120.4,55.0,0.11224489795918367,0.0
365,Demarcus Robinson,WR,SF,32.0,2016.0,4.0,8.0,321.23,48.91,241,388,130.61,284.0,ACT,14.0,4.1571428571428575,4.1571428571428575,6.833333333333333,1.925,58.2,58.2,58.2,35.0,22.0,276.0,1.0,0.08433734939759036,1.0,6.0,0.0,0.0,0.0,0.0,0.0,0.0,0.0,0.46785714285714286,17.0,7.264705882352941,7.264705882352941,123.5,64.0,0.11829944547134935,0.0
366,Ashton Dulin,WR,IND,29.3,,,13.0,321.36,19.38,298,370,129.6,359.0,ACT,12.0,1.6666666666666667,1.6666666666666667,3.3333333333333335,0.0,20.0,20.0,20.0,10.0,5.0,106.0,0.0,0.026737967914438502,3.0,44.0,0.0,0.0,0.0,0.0,0.0,0.0,0.0,0.21333333333333335,13.0,1.4769230769230768,1.4769230769230768,19.2,8.0,0.021798365122615803,5.0
367,Dont'e Thornton Jr.,WR,LV,23.8,2025.0,4.0,13.0,322.35,33.15,272,368,126.73,272.5,ACT,11.0,2.1363636363636362,2.1363636363636362,3.6833333333333336,0.0,23.5,23.5,23.5,30.0,10.0,135.0,0.0,0.09404388714733543,0.0,0.0,0.0,0.0,0.0,0.0,0.0,0.0,0.0,0.4533333333333333,,,,,,,
368,Kalif Raymond,WR,CHI,32.1,,,10.0,322.8,40.45,245,377,119.65,243.5,ACT,15.0,4.453333333333333,4.453333333333333,9.000000000000002,0.7,66.8,66.8,66.8,30.0,24.0,289.0,1.0,0.06097560975609756,2.0,19.0,0.0,0.0,0.0,0.0,0.0,0.0,0.0,0.366,12.0,4.708333333333333,4.708333333333333,56.5,22.0,0.06646525679758308,2.0
369,Eli Raridon,TE,NE,22.6,2026.0,3.0,11.0,323.22,37.7,209,411,44.83,265.25,ACT,,,,,,,,,,,,,,,,,,,,,,,,,,,,,,
370,John Metchie III,WR,CAR,26.1,2022.0,2.0,5.0,323.27,38.27,272,375,118.19,283.0,ACT,13.0,5.5307692307692315,5.5307692307692315,9.85,1.4,71.9,71.9,71.9,48.0,33.0,274.0,2.0,0.14285714285714285,3.0,-5.0,0.0,0.0,0.0,0.0,0.0,0.0,0.0,0.46125,10.0,5.540000000000001,5.540000000000001,55.4,37.0,0.1167192429022082,0.0
371,Tyler Higbee,TE,LA,33.7,2016.0,4.0,11.0,323.73,26.36,268,379,44.96,319.0,ACT,10.0,7.109999999999999,7.109999999999999,10.55,3.6,71.1,71.1,71.1,36.0,25.0,281.0,3.0,0.11214953271028037,0.0,0.0,0.0,0.0,0.0,0.0,0.0,0.0,0.0,0.5549999999999999,3.0,8.866666666666667,8.866666666666667,26.6,12.0,0.13793103448275862,0.0
372,J.J. McCarthy,QB,MIN,23.6,2024.0,1.0,6.0,326.11,17.8,281,374,38.15,254.33,ACT,10.0,12.538,14.738,18.016666666666666,6.495,125.38,147.38,125.38,0.0,0.0,0.0,0.0,0.0,37.0,181.0,4.0,1632.0,11.0,12.0,0.0,0.0,0.0,0.916,,,,,,,
373,Max Klare,TE,LA,23.2,2026.0,2.0,11.0,326.75,25.34,274,380,47.8,317.5,ACT,,,,,,,,,,,,,,,,,,,,,,,,,,,,,,
374,Odell Beckham Jr.,WR,NYG,33.8,2014.0,1.0,8.0,326.8,34.15,262,361,130.75,283.0,ACT,,,,,,,,,,,,,,,,,,,,,,,,8.0,1.8125,1.8125,14.5,18.0,0.06642066420664207,0.0
375,Noah Gray,TE,KC,27.4,2021.0,5.0,5.0,327.17,22.43,290,367,44.83,290.5,ACT,14.0,2.771428571428572,2.771428571428572,4.8,1.125,38.800000000000004,38.800000000000004,38.8,37.0,21.0,178.0,0.0,0.08277404921700224,0.0,0.0,0.0,0.0,0.0,0.0,0.0,0.0,0.0,0.52125,16.0,7.08125,7.08125,113.3,49.0,0.08941605839416059,1.0
376,Phil Mafah,RB,DAL,23.9,2025.0,7.0,14.0,327.23,28.39,283,383,102.53,330.0,CUT,1.0,10.9,10.9,10.9,10.9,10.9,10.9,10.9,2.0,2.0,11.0,0.0,0.08695652173913043,5.0,18.0,1.0,0.0,0.0,0.0,0.0,0.0,0.0,0.18,,,,,,,
377,Devontez Walker,WR,BAL,25.2,2024.0,4.0,13.0,328.0,36.98,258,380,127.2,306.0,ACT,8.0,4.7,4.7,6.266666666666667,0.0,37.6,37.6,37.6,8.0,6.0,136.0,3.0,0.04145077720207254,0.0,0.0,0.0,0.0,0.0,0.0,0.0,0.0,0.0,0.24666666666666667,3.0,3.033333333333333,3.033333333333333,9.1,3.0,0.04918032786885246,0.0
378,Jawhar Jordan,RB,HOU,27.1,2024.0,6.0,8.0,328.08,28.35,283,407,97.0,325.0,DEV,4.0,8.175,7.925,8.174999999999999,2.7750000000000004,32.7,31.7,29.7,7.0,7.0,34.0,0.0,0.06140350877192982,43.0,193.0,0.0,0.0,0.0,0.0,1.0,0.0,0.0,0.3,,,,,,,
379,Patrick Ricard,RB,NYG,32.3,,,8.0,328.33,48.03,278,393,112.0,,ACT,5.0,0.42000000000000004,0.42000000000000004,0.42000000000000004,0.0,2.1,2.1,2.1,2.0,1.0,8.0,0.0,0.016260162601626018,1.0,3.0,0.0,0.0,0.0,0.0,0.0,0.0,0.0,,10.0,1.1199999999999999,1.1199999999999999,11.2,5.0,0.0199203187250996,0.0
380,Kevin Coleman Jr.,WR,MIA,23.0,2026.0,5.0,6.0,329.48,39.37,241,374,122.08,282.0,ACT,,,,,,,,,,,,,,,,,,,,,,,,,,,,,,
381,Ja'Tavion Sanders,TE,CAR,23.5,2024.0,4.0,5.0,329.75,32.62,256,399,45.61,273.0,ACT,12.0,4.5,4.5,7.550000000000001,1.5750000000000002,54.0,54.0,54.0,34.0,29.0,190.0,1.0,0.09742120343839542,0.0,0.0,0.0,0.0,0.0,0.0,0.0,0.0,0.0,0.48307692307692307,15.0,4.88,4.88,73.2,43.0,0.09513274336283185,0.0
382,Dawson Knox,TE,BUF,29.8,2019.0,3.0,7.0,329.97,30.37,268,414,45.53,288.5,ACT,16.0,6.48125,6.48125,11.666666666666666,3.45,103.7,103.7,103.7,49.0,36.0,417.0,4.0,0.1084070796460177,0.0,0.0,0.0,0.0,0.0,0.0,0.0,0.0,0.0,0.5829411764705883,14.0,4.2214285714285715,4.2214285714285715,59.1,33.0,0.07913669064748201,0.0
383,British Brooks,RB,HOU,26.8,,,8.0,330.0,8.0,322,338,123.2,,ACT,8.0,0.9750000000000001,0.9750000000000001,1.3,0.0,7.800000000000001,7.800000000000001,7.8,0.0,0.0,0.0,0.0,0.0,17.0,78.0,0.0,0.0,0.0,0.0,0.0,0.0,0.0,0.06666666666666667,2.0,0.1,0.1,0.2,0.0,0.0,1.0
384,Michael Carter,RB,TEN,27.3,2021.0,4.0,9.0,330.13,28.69,282,387,100.93,341.0,DEV,13.0,7.615384615384615,7.615384615384615,11.350000000000001,5.6,99.0,99.0,99.0,45.0,33.0,267.0,0.0,0.09,92.0,333.0,1.0,0.0,0.0,0.0,0.0,0.0,0.0,0.4523076923076923,3.0,11.933333333333332,11.933333333333332,35.8,11.0,0.10377358490566038,35.0
385,J'Mari Taylor,RB,JAX,24.5,,,7.0,330.42,19.22,307,364,104.0,304.0,DEV,,,,,,,,,,,,,,,,,,,,,,,,,,,,,,
386,Lew Nichols III,RB,PIT,25.1,2023.0,7.0,9.0,331.5,5.5,326,337,117.25,,DEV,1.0,0.0,0.0,0.0,0.0,0.0,0.0,0.0,0.0,0.0,0.0,0.0,0.0,0.0,0.0,0.0,0.0,0.0,0.0,0.0,0.0,0.0,0.0,,,,,,,
387,CJ Daniels,WR,LA,24.7,2026.0,6.0,11.0,331.64,31.09,277,384,132.81,281.0,ACT,,,,,,,,,,,,,,,,,,,,,,,,,,,,,,
388,Tutu Atwell,WR,LA,26.9,2021.0,2.0,11.0,332.0,39.01,247,380,122.82,220.0,ACT,8.0,3.9,3.9,5.199999999999999,0.0,31.2,31.2,31.2,15.0,6.0,192.0,1.0,0.05172413793103448,0.0,0.0,0.0,0.0,0.0,0.0,0.0,0.0,0.0,0.279,15.0,6.593333333333334,6.593333333333334,98.9,62.0,0.13333333333333333,2.0
389,Jacob Saylors,RB,DET,26.5,,,6.0,333.0,4.0,329,337,120.0,,ACT,11.0,0.1,0.1,0.18333333333333335,0.0,1.1,1.1,1.1,0.0,0.0,0.0,0.0,0.0,2.0,11.0,0.0,0.0,0.0,0.0,0.0,0.0,0.0,0.008125,,,,,,,
390,Mac Jones,QB,SF,28.0,2021.0,1.0,8.0,333.51,17.97,294,378,38.18,303.5,ACT,11.0,11.82181818181818,14.73090909090909,19.013333333333332,2.69,130.04,162.04,130.04,0.0,0.0,0.0,0.0,0.0,36.0,60.0,0.0,2151.0,13.0,6.0,0.0,0.0,3.0,0.7436363636363637,10.0,9.608,11.208,96.08,0.0,0.0,28.0
391,Drew Allar,QB,PIT,22.5,2026.0,3.0,9.0,334.0,8.0,326,342,56.57,,ACT,,,,,,,,,,,,,,,,,,,,,,,,,,,,,,
392,Reggie Gilliam,RB,NE,29.1,,,11.0,335.0,32.41,304,389,114.8,,ACT,11.0,0.43636363636363634,0.43636363636363634,0.7999999999999999,0.0,4.8,4.8,4.8,2.0,2.0,24.0,0.0,0.006622516556291391,2.0,4.0,0.0,0.0,0.0,0.0,0.0,0.0,0.0,,7.0,0.1,0.1,0.7,0.0,0.0,3.0
393,Zavion Thomas,WR,CHI,22.6,2026.0,3.0,10.0,335.0,29.2,294,387,130.67,267.0,ACT,,,,,,,,,,,,,,,,,,,,,,,,,,,,,,
394,DeAndre Hopkins,WR,BAL,34.3,2013.0,1.0,13.0,336.0,39.61,287,384,135.33,,,17.0,3.9411764705882355,3.9411764705882355,8.216666666666667,0.0,67.0,67.0,67.0,39.0,22.0,330.0,2.0,0.09582309582309582,0.0,0.0,0.0,0.0,0.0,0.0,0.0,0.0,0.0,0.33,16.0,9.1875,9.1875,147.0,80.0,0.14492753623188406,0.0
395,Jonnu Smith,TE,GB,31.1,2017.0,3.0,11.0,336.25,42.74,275,387,50.4,316.0,ACT,17.0,5.011764705882353,5.011764705882353,9.183333333333335,1.6,85.2,85.2,85.2,54.0,38.0,222.0,2.0,0.10444874274661509,9.0,70.0,1.0,0.0,0.0,0.0,0.0,0.0,0.0,0.5270588235294118,17.0,13.25294117647059,13.311764705882354,222.3,111.0,0.19964028776978418,2.0
396,Tyler Goodson,RB,ATL,25.8,,,11.0,336.57,22.23,313,373,102.0,,DEV,10.0,0.52,0.52,0.8333333333333334,0.05,5.2,5.2,5.2,3.0,2.0,8.0,0.0,0.00967741935483871,9.0,24.0,0.0,0.0,0.0,0.0,0.0,0.0,0.0,0.05,14.0,3.1714285714285717,3.1714285714285717,44.4,15.0,0.03676470588235294,32.0
397,Robert Henry Jr.,RB,WAS,24.7,,,7.0,337.0,47.98,270,384,112.0,,DEV,,,,,,,,,,,,,,,,,,,,,,,,,,,,,,
398,Rasheen Ali,RB,BAL,25.6,2024.0,5.0,13.0,337.3,24.75,310,373,107.23,331.0,ACT,15.0,1.6133333333333333,1.6133333333333333,3.9499999999999997,0.0,24.2,24.2,24.2,11.0,9.0,68.0,1.0,0.03064066852367688,7.0,24.0,0.0,0.0,0.0,0.0,0.0,0.0,0.0,0.13,5.0,0.62,0.62,3.1,2.0,0.015625,10.0
399,Savion Williams,WR,GB,24.8,2025.0,3.0,11.0,337.52,24.87,291,374,126.07,271.0,RES,12.0,2.1250000000000004,2.1250000000000004,3.883333333333333,0.22500000000000003,25.500000000000004,25.500000000000004,25.5,10.0,10.0,78.0,1.0,0.02967359050445104,11.0,37.0,0.0,0.0,0.0,0.0,0.0,0.0,0.0,0.11499999999999999,,,,,,,
400,Ronnie Rivers,RB,LA,27.6,,,11.0,338.25,28.48,292,365,113.17,,ACT,6.0,0.7666666666666667,0.7666666666666667,0.7666666666666667,0.0,4.6000000000000005,4.6000000000000005,4.6,0.0,0.0,0.0,0.0,0.0,9.0,46.0,0.0,0.0,0.0,0.0,0.0,0.0,0.0,0.024545454545454547,6.0,3.0500000000000003,3.0500000000000003,18.299999999999997,6.0,0.031746031746031744,22.0
401,Ty Chandler,RB,NO,28.3,2022.0,5.0,8.0,338.33,47.47,278,394,133.0,,RES,3.0,2.9333333333333336,2.9333333333333336,2.9333333333333336,1.2000000000000002,8.8,8.8,8.8,4.0,3.0,11.0,0.0,0.06349206349206349,17.0,47.0,0.0,0.0,0.0,0.0,0.0,0.0,0.0,0.2233333333333333,14.0,2.028571428571429,2.028571428571429,28.4,6.0,0.014388489208633094,56.0
402,Dylan Laube,RB,LV,26.7,2024.0,6.0,13.0,338.6,18.58,313,365,114.5,,ACT,17.0,0.33529411764705885,0.33529411764705885,0.9500000000000002,0.0,5.7,5.7,5.7,4.0,3.0,18.0,0.0,0.008113590263691683,7.0,9.0,0.0,0.0,0.0,0.0,0.0,0.0,0.0,0.02882352941176471,6.0,-0.3333333333333333,-0.3333333333333333,-2.0,0.0,0.0,1.0
403,Dyami Brown,WR,WAS,26.9,2021.0,3.0,7.0,338.71,32.61,287,378,133.82,358.0,ACT,11.0,4.5181818181818185,4.5181818181818185,7.800000000000001,0.9,49.7,49.7,49.7,37.0,20.0,227.0,1.0,0.11598746081504702,6.0,30.0,0.0,0.0,0.0,0.0,0.0,0.0,0.0,0.36642857142857144,15.0,4.493333333333334,4.493333333333334,67.4,40.0,0.09009009009009009,3.0
404,Justin Joly,TE,MIA,22.2,2026.0,5.0,10.0,338.77,27.99,261,378,50.1,306.5,ACT,,,,,,,,,,,,,,,,,,,,,,,,,,,,,,
405,Jam Miller,RB,NE,22.4,2026.0,7.0,11.0,339.0,24.09,297,371,100.0,335.0,CUT,,,,,,,,,,,,,,,,,,,,,,,,,,,,,,
406,Chris Blair,WR,ATL,28.9,,,11.0,339.0,7.0,332,346,160.25,,ACT,1.0,0.0,0.0,0.0,0.0,0.0,0.0,0.0,0.0,0.0,0.0,0.0,0.0,0.0,0.0,0.0,0.0,0.0,0.0,0.0,0.0,0.0,0.05333333333333334,2.0,1.35,1.35,2.7,2.0,0.03278688524590164,0.0
407,Mitch Tinsley,WR,CIN,27.0,,,6.0,340.0,42.15,277,387,146.0,225.0,CUT,8.0,3.95,3.95,5.266666666666667,1.4249999999999998,31.6,31.6,31.6,24.0,8.0,116.0,2.0,0.08540925266903915,0.0,0.0,0.0,0.0,0.0,0.0,0.0,0.0,0.0,0.24647058823529414,,,,,,,
408,Zavier Scott,RB,MIN,27.2,,,6.0,340.25,19.49,317,365,111.2,342.0,CUT,11.0,3.563636363636364,3.563636363636364,5.933333333333334,0.7999999999999999,39.2,39.2,39.2,16.0,14.0,98.0,1.0,0.05161290322580645,32.0,114.0,0.0,0.0,0.0,0.0,0.0,0.0,0.0,0.10187500000000001,,,,,,,
409,Nick Westbrook-Ikhine,WR,IND,29.5,,,13.0,341.27,48.49,218,412,125.76,246.0,DEV,13.0,1.5307692307692307,1.5307692307692307,3.1333333333333333,0.0,19.9,19.9,19.9,20.0,11.0,89.0,0.0,0.05747126436781609,0.0,0.0,0.0,0.0,0.0,0.0,0.0,0.0,0.0,0.442,14.0,9.799999999999999,9.835714285714285,135.7,60.0,0.1405152224824356,0.0
410,John Bates,TE,WAS,28.8,2021.0,4.0,7.0,341.67,36.06,274,395,58.0,,ACT,10.0,2.73,2.73,4.033333333333332,1.525,27.3,27.3,27.3,16.0,11.0,103.0,1.0,0.06477732793522267,0.0,0.0,0.0,0.0,0.0,0.0,0.0,0.0,0.0,0.514,13.0,1.1076923076923078,1.1076923076923078,14.4,13.0,0.03209876543209877,0.0
411,Khalil Herbert,RB,SF,28.4,2021.0,6.0,8.0,341.75,64.57,231,390,103.0,324.0,,5.0,1.32,1.32,1.32,0.0,6.6000000000000005,6.6000000000000005,6.6,4.0,1.0,4.0,0.0,0.025806451612903226,16.0,52.0,0.0,0.0,0.0,0.0,0.0,0.0,0.0,0.13571428571428573,11.0,2.8636363636363638,2.8636363636363638,31.5,11.0,0.024553571428571428,36.0
412,Deion Burks,WR,IND,23.7,2026.0,7.0,13.0,342.33,20.2,319,370,137.17,313.5,ACT,,,,,,,,,,,,,,,,,,,,,,,,,,,,,,
413,Moliki Matavao,TE,NO,23.5,2025.0,7.0,8.0,343.0,52.0,291,395,94.6,,RES,1.0,3.0,3.0,3.0,3.0,3.0,3.0,3.0,2.0,2.0,10.0,0.0,0.07407407407407407,0.0,0.0,0.0,0.0,0.0,0.0,0.0,0.0,0.0,0.21333333333333335,,,,,,,
414,Jake Browning,QB,TB,30.4,,,10.0,343.0,35.0,308,378,59.29,,,5.0,9.748000000000001,12.148,9.748000000000001,5.4,48.74,60.74,48.74,0.0,0.0,0.0,0.0,0.0,9.0,39.0,1.0,771.0,6.0,8.0,0.0,0.0,0.0,0.734,2.0,-0.1,-0.1,-0.2,0.0,0.0,2.0
415,Ty Simpson,QB,LA,23.7,2026.0,1.0,11.0,343.53,21.51,294,382,40.46,,ACT,,,,,,,,,,,,,,,,,,,,,,,,,,,,,,
416,Antonio Gibson,RB,FA,28.2,2020.0,3.0,,343.67,15.52,325,363,113.8,,,5.0,4.640000000000001,4.640000000000001,4.640000000000001,0.8000000000000003,23.200000000000003,23.200000000000003,23.200000000000003,3.0,2.0,6.0,0.0,0.020134228187919462,25.0,106.0,1.0,0.0,0.0,0.0,0.0,0.0,0.0,0.16599999999999998,17.0,6.082352941176471,6.082352941176471,103.4,29.0,0.05823293172690763,120.0
417,Jahdae Walker,WR,CHI,24.2,,,10.0,343.75,24.83,307,377,144.6,300.0,ACT,6.0,4.45,4.45,4.45,0.0,26.7,26.7,26.7,10.0,6.0,87.0,2.0,0.04950495049504951,0.0,0.0,0.0,0.0,0.0,0.0,0.0,0.0,0.0,0.15111111111111108,,,,,,,
418,Joe Flacco,QB,CIN,41.6,2008.0,1.0,6.0,343.91,23.52,296,381,40.65,321.0,ACT,13.0,11.896923076923077,14.05076923076923,21.636666666666667,1.2600000000000002,154.66,182.66,146.66,0.0,0.0,0.0,0.0,0.0,21.0,35.0,1.0,2479.0,15.0,10.0,0.0,0.0,2.0,0.7784615384615384,7.0,14.14857142857143,18.14857142857143,99.04,0.0,0.0,9.0
419,Michael Woods II,WR,DEN,26.5,2022.0,6.0,10.0,344.5,51.5,293,396,149.0,,,,,,,,,,,,,,,,,,,,,,,,,,5.0,2.7,2.7,13.5,17.0,0.085,0.0
420,Marlin Klein,TE,HOU,24.0,2026.0,2.0,8.0,344.8,11.97,323,357,59.62,307.0,ACT,,,,,,,,,,,,,,,,,,,,,,,,,,,,,,
421,Jordan Whittington,WR,LA,25.9,2024.0,6.0,11.0,345.0,27.52,307,385,132.0,286.0,ACT,15.0,2.4200000000000004,2.4200000000000004,4.633333333333333,0.25,36.300000000000004,36.300000000000004,36.3,25.0,18.0,171.0,0.0,0.04844961240310078,3.0,12.0,0.0,0.0,0.0,0.0,0.0,0.0,0.0,0.4082352941176471,14.0,3.75,3.75,52.5,28.0,0.06320541760722348,2.0
422,Terrell Jennings,RB,FA,25.7,,,,345.0,20.58,318,375,107.29,,,6.0,2.5333333333333337,2.5333333333333337,2.5333333333333337,0.125,15.200000000000001,15.200000000000001,15.200000000000001,1.0,1.0,9.0,0.0,0.005988023952095809,23.0,73.0,1.0,0.0,0.0,0.0,0.0,0.0,0.0,0.08285714285714287,2.0,1.65,1.65,3.3,1.0,0.01694915254237288,13.0
423,Elijah Moore,WR,PHI,26.5,2021.0,2.0,10.0,345.0,39.11,305,388,150.4,318.0,ACT,9.0,3.1777777777777776,3.1777777777777776,4.6499999999999995,0.7,28.599999999999998,28.599999999999998,28.599999999999998,17.0,9.0,112.0,0.0,0.06439393939393939,6.0,24.0,1.0,0.0,0.0,0.0,0.0,0.0,0.0,0.31444444444444447,17.0,7.2,7.229411764705882,120.9,102.0,0.1608832807570978,1.0
424,Justin Fields,QB,KC,27.5,2021.0,1.0,5.0,345.51,22.1,295,389,39.87,267.0,ACT,9.0,15.851111111111111,17.406666666666666,21.623333333333335,4.9,142.66,156.66,142.66,1.0,0.0,0.0,0.0,0.004484304932735426,71.0,383.0,4.0,1259.0,7.0,1.0,0.0,0.0,0.0,0.8977777777777778,10.0,11.914,13.114,119.14,0.0,0.0,62.0
425,Xavier Restrepo,WR,TEN,24.4,,,9.0,346.0,33.0,313,379,147.75,,CUT,2.0,3.55,3.55,3.55,3.025,7.1,7.1,7.1,7.0,3.0,41.0,0.0,0.0958904109589041,0.0,0.0,0.0,0.0,0.0,0.0,0.0,0.0,0.0,0.22,,,,,,,
426,Noah Fant,TE,NO,28.8,2019.0,1.0,8.0,346.18,21.79,290,383,51.74,338.0,ACT,13.0,5.753846153846154,5.753846153846154,9.700000000000001,1.9,74.8,74.8,74.8,41.0,34.0,288.0,3.0,0.08577405857740586,0.0,0.0,0.0,0.0,0.0,0.0,0.0,0.0,0.0,0.3793333333333333,14.0,7.428571428571429,7.428571428571429,104.0,64.0,0.13445378151260504,0.0
427,Anthony Richardson Sr.,QB,IND,24.3,2023.0,1.0,13.0,346.95,25.08,295,392,44.75,315.5,ACT,2.0,1.0799999999999998,1.0799999999999998,1.0799999999999998,0.49,2.1599999999999997,2.1599999999999997,2.1599999999999997,1.0,1.0,9.0,0.0,0.01818181818181818,4.0,-1.0,0.0,9.0,0.0,0.0,0.0,0.0,0.0,0.11499999999999999,11.0,14.850909090909092,16.30545454545455,163.35999999999999,1.0,0.003663003663003663,86.0
428,Dameon Pierce,RB,PHI,26.6,2022.0,4.0,10.0,347.5,16.23,320,365,109.62,,DEV,5.0,0.72,0.72,0.72,0.0,3.6,3.6,3.6,1.0,0.0,0.0,0.0,0.0058823529411764705,14.0,36.0,0.0,0.0,0.0,0.0,0.0,0.0,0.0,0.08399999999999999,10.0,4.65,4.55,43.5,4.0,0.012944983818770227,40.0
429,Jacob Cowing,WR,SF,25.6,2024.0,4.0,8.0,347.67,24.28,316,375,154.8,,ACT,,,,,,,,,,,,,,,,,,,,,,,,15.0,0.8466666666666666,0.8466666666666666,12.7,6.0,0.01411764705882353,1.0
430,Jeremy McNichols,RB,WAS,30.7,2017.0,5.0,7.0,347.8,22.5,322,385,113.38,,RES,16.0,4.54375,4.54375,8.133333333333335,1.9000000000000001,72.7,72.7,72.7,31.0,25.0,196.0,0.0,0.07908163265306123,44.0,221.0,1.0,0.0,0.0,0.0,0.0,0.0,0.0,0.31941176470588234,15.0,4.253333333333334,4.253333333333334,63.800000000000004,12.0,0.02702702702702703,55.0
431,Cade Klubnik,QB,NYJ,22.9,2026.0,4.0,13.0,347.83,22.5,325,398,42.38,315.0,ACT,,,,,,,,,,,,,,,,,,,,,,,,,,,,,,
432,Tommy Tremble,TE,CAR,26.3,2021.0,3.0,5.0,347.87,27.11,295,401,52.26,343.0,ACT,15.0,4.260000000000001,4.260000000000001,8.483333333333333,1.2999999999999998,63.900000000000006,63.900000000000006,63.900000000000006,37.0,27.0,249.0,2.0,0.08604651162790698,0.0,0.0,0.0,0.0,0.0,0.0,0.0,0.0,0.0,0.6011764705882353,10.0,5.64,5.64,56.4,32.0,0.09907120743034056,0.0
433,Will Kacmarek,TE,MIA,23.6,2026.0,3.0,6.0,348.0,23.84,320,384,62.3,356.0,ACT,,,,,,,,,,,,,,,,,,,,,,,,,,,,,,
434,Jaylin Lane,WR,WAS,24.4,2025.0,4.0,7.0,348.61,28.8,298,410,130.91,342.0,ACT,15.0,3.4133333333333336,3.4133333333333336,6.366666666666667,1.1,51.2,51.2,51.2,32.0,16.0,225.0,0.0,0.08163265306122448,1.0,7.0,0.0,0.0,0.0,0.0,0.0,0.0,0.0,0.362,,,,,,,
435,Matt Hibner,TE,BAL,,,,13.0,348.8,26.04,298,370,65.27,350.5,,,,,,,,,,,,,,,,,,,,,,,,,,,,,,,
436,Jameis Winston,QB,NYG,32.7,2015.0,1.0,8.0,350.73,19.17,320,388,41.11,326.0,ACT,3.0,14.426666666666668,16.426666666666666,14.426666666666668,5.5200000000000005,43.28,49.28,43.28,1.0,1.0,33.0,1.0,0.010101010101010102,7.0,23.0,1.0,567.0,2.0,2.0,0.0,0.0,1.0,0.6766666666666666,11.0,12.64909090909091,15.012727272727274,131.14,0.0,0.0,25.0
437,Ben Sinnott,TE,WAS,24.2,2024.0,2.0,7.0,352.15,15.88,330,383,56.95,339.5,ACT,9.0,3.1555555555555554,3.1555555555555554,4.2,1.7000000000000002,28.4,28.4,28.4,13.0,11.0,114.0,1.0,0.06132075471698113,0.0,0.0,0.0,0.0,0.0,0.0,0.0,0.0,0.0,0.360625,7.0,1.9714285714285715,1.9714285714285715,13.8,5.0,0.025252525252525252,0.0
438,Marcus Mariota,QB,WAS,32.9,2015.0,1.0,7.0,352.24,27.73,297,398,42.86,288.0,ACT,10.0,12.55,14.55,18.11,5.7700000000000005,125.5,145.5,125.5,0.0,0.0,0.0,0.0,0.0,50.0,297.0,1.0,1695.0,10.0,7.0,0.0,0.0,0.0,0.7454545454545454,3.0,15.253333333333336,17.92,45.760000000000005,0.0,0.0,18.0
439,Quinn Ewers,QB,JAX,23.5,2025.0,7.0,6.0,353.0,9.27,345,366,49.83,,ACT,4.0,8.295,9.795,8.295,5.705,33.18,39.18,33.18,1.0,1.0,-6.0,0.0,0.00980392156862745,8.0,19.0,0.0,622.0,3.0,3.0,0.0,0.0,0.0,0.79,,,,,,,
440,Cade Stover,TE,HOU,26.2,2024.0,4.0,8.0,353.0,4.32,347,357,72.5,345.0,ACT,6.0,3.316666666666667,3.316666666666667,3.3166666666666664,2.1,19.900000000000002,19.900000000000002,19.900000000000002,16.0,12.0,76.0,0.0,0.09142857142857143,4.0,3.0,0.0,0.0,0.0,0.0,0.0,0.0,0.0,0.44,14.0,2.4499999999999997,2.4499999999999997,34.3,22.0,0.048458149779735685,0.0
441,Luke Musgrave,TE,GB,26.0,2023.0,2.0,11.0,353.9,18.75,300,378,54.46,326.0,RES,13.0,3.784615384615385,3.784615384615385,6.183333333333334,1.6,49.2,49.2,49.2,31.0,24.0,252.0,0.0,0.08333333333333333,0.0,0.0,0.0,0.0,0.0,0.0,0.0,0.0,0.0,0.4005882352941177,7.0,1.6428571428571428,1.6428571428571428,11.5,10.0,0.05025125628140704,0.0
442,Austin Ekeler,RB,FA,31.3,,,,354.2,21.46,313,385,107.55,,,2.0,6.55,6.55,6.55,5.475,13.1,13.1,13.1,7.0,5.0,38.0,0.0,0.10144927536231885,14.0,43.0,0.0,0.0,0.0,0.0,0.0,0.0,0.0,0.495,12.0,11.025,11.025,132.3,41.0,0.12023460410557185,77.0
443,Elijah Higgins,TE,ARI,25.9,2023.0,6.0,14.0,354.3,10.28,337,370,54.8,324.5,ACT,17.0,3.4176470588235297,3.4176470588235297,7.283333333333334,1.1,58.1,58.1,58.1,37.0,30.0,301.0,0.0,0.059967585089141004,0.0,0.0,0.0,0.0,0.0,0.0,0.0,0.0,0.0,0.4252941176470588,15.0,3.2800000000000002,3.2800000000000002,49.2,24.0,0.052980132450331126,0.0
444,Joe Milton III,QB,DAL,26.5,2024.0,6.0,14.0,355.25,23.58,322,398,44.75,,CUT,4.0,2.58,3.08,2.58,-0.4849999999999999,10.32,12.32,10.32,0.0,0.0,0.0,0.0,0.0,5.0,50.0,0.0,183.0,1.0,2.0,0.0,0.0,0.0,0.21,1.0,19.240000000000002,21.240000000000002,19.24,0.0,0.0,10.0
445,Austin Hooper,TE,ATL,31.9,2016.0,3.0,11.0,355.45,22.12,309,392,53.64,285.0,ACT,13.0,4.561538461538462,4.561538461538462,7.183333333333334,2.0,59.300000000000004,59.300000000000004,59.3,26.0,21.0,263.0,2.0,0.07046070460704607,0.0,0.0,0.0,0.0,0.0,0.0,0.0,0.0,0.0,0.5,17.0,6.3882352941176475,6.3882352941176475,108.6,59.0,0.11847389558232932,0.0
446,Kene Nwangwu,RB,NYJ,28.6,2021.0,4.0,13.0,356.5,13.5,343,370,120.0,,ACT,10.0,1.09,1.09,1.8166666666666667,0.0,10.9,10.9,10.9,1.0,0.0,0.0,0.0,0.0040650406504065045,13.0,49.0,0.0,0.0,0.0,0.0,0.0,0.0,0.0,0.04416666666666667,2.0,3.0,3.0,6.0,0.0,0.0,0.0
447,Greg Dortch,WR,DET,28.3,,,6.0,356.8,28.3,302,397,133.54,295.5,,12.0,6.258333333333334,6.258333333333334,10.466666666666667,2.4,75.10000000000001,75.10000000000001,75.10000000000001,33.0,29.0,206.0,3.0,0.0744920993227991,7.0,15.0,1.0,0.0,0.0,0.0,0.0,0.0,0.0,0.3358333333333334,17.0,5.311764705882353,5.311764705882353,90.3,50.0,0.09560229445506692,5.0
448,Reggie Virgil,WR,ARI,22.3,2026.0,5.0,14.0,357.5,13.5,344,371,158.38,275.0,ACT,,,,,,,,,,,,,,,,,,,,,,,,,,,,,,
449,Gardner Minshew II,QB,ARI,30.3,2019.0,6.0,14.0,357.5,22.5,335,380,53.45,,ACT,4.0,-0.08000000000000007,-0.08000000000000007,-0.08000000000000007,-0.5050000000000001,-0.3200000000000003,-0.3200000000000003,-0.3200000000000003,0.0,0.0,0.0,0.0,0.0,6.0,2.0,0.0,37.0,0.0,1.0,0.0,0.0,0.0,0.1675,10.0,9.632,11.432,96.32,0.0,0.0,19.0
450,Marquez Valdes-Scantling,WR,DAL,31.9,2018.0,5.0,14.0,357.67,24.73,323,379,145.25,,,9.0,3.5555555555555554,3.5555555555555554,5.0666666666666655,1.6,32.0,32.0,32.0,29.0,14.0,120.0,1.0,0.08734939759036145,0.0,0.0,0.0,0.0,0.0,0.0,0.0,0.0,0.0,0.48,13.0,6.615384615384615,6.653846153846154,84.5,44.0,0.11924119241192412,1.0
451,Noah Whittington,RB,HOU,24.7,,,8.0,359.5,21.5,338,381,122.0,,DEV,,,,,,,,,,,,,,,,,,,,,,,,,,,,,,
452,Tyrod Taylor,QB,GB,37.1,2011.0,6.0,11.0,360.33,23.47,328,383,46.67,,ACT,6.0,9.91,11.576666666666668,9.91,3.69,59.46,69.46000000000001,59.46,0.0,0.0,0.0,0.0,0.0,27.0,143.0,1.0,779.0,5.0,5.0,0.0,0.0,0.0,0.6699999999999999,2.0,10.030000000000001,13.030000000000001,20.06,0.0,0.0,3.0
453,Cash Jones,RB,ATL,26.4,,,11.0,360.5,22.5,338,383,116.25,,DEV,,,,,,,,,,,,,,,,,,,,,,,,,,,,,,
454,Tim Patrick,WR,NYJ,32.8,,,13.0,361.0,30.1,323,397,146.8,,ACT,13.0,3.976923076923077,3.976923076923077,7.883333333333334,0.0,51.7,51.7,51.7,24.0,15.0,187.0,3.0,0.060453400503778336,0.0,0.0,0.0,0.0,0.0,0.0,0.0,0.0,0.0,0.3175,15.0,6.16,6.16,92.4,44.0,0.09401709401709402,0.0
455,Xavier Smith,WR,LA,29.0,,,11.0,361.0,42.43,289,397,152.43,,ACT,16.0,3.0187500000000003,3.0187500000000003,6.816666666666666,0.0,48.300000000000004,48.300000000000004,48.3,24.0,18.0,303.0,0.0,0.043875685557586835,0.0,0.0,0.0,0.0,0.0,0.0,0.0,0.0,0.0,0.214375,14.0,0.4428571428571429,0.4428571428571429,6.2,2.0,0.0044742729306487695,4.0
456,Damien Martinez,RB,GB,22.6,2025.0,7.0,11.0,361.29,20.45,332,394,109.2,357.0,CUT,,,,,,,,,,,,,,,,,,,,,,,,,,,,,,
457,Josh Oliver,TE,MIN,29.5,2019.0,3.0,6.0,361.4,7.66,350,372,63.1,352.0,ACT,12.0,4.583333333333333,4.583333333333333,7.949999999999998,1.475,55.0,55.0,55.0,19.0,15.0,160.0,4.0,0.059006211180124224,0.0,0.0,0.0,0.0,0.0,0.0,0.0,0.0,0.0,0.458,12.0,5.483333333333333,5.483333333333333,65.8,28.0,0.07799442896935933,0.0
458,Daniel Bellinger,TE,TEN,26.0,2022.0,4.0,9.0,361.42,22.22,312,392,56.39,324.0,ACT,13.0,4.584615384615384,4.584615384615384,8.583333333333334,1.6,59.6,59.6,59.6,26.0,19.0,286.0,2.0,0.06372549019607843,0.0,0.0,0.0,0.0,0.0,0.0,0.0,0.0,0.0,0.499375,12.0,2.2083333333333335,2.2083333333333335,26.5,17.0,0.04239401496259352,0.0
459,Michael Burton,RB,CLE,,,,11.0,362.0,36.0,326,398,138.8,,ACT,,,,,,,,,,,,,,,,,,,,,,,,,,,,,,
460,Jalen Reagor,WR,MIA,27.7,2020.0,1.0,6.0,363.33,30.14,322,393,142.5,,DEV,,,,,,,,,,,,,,,,,,,,,,,,7.0,2.1,2.1,14.7,12.0,0.057692307692307696,3.0
461,Durham Smythe,TE,BAL,31.1,2018.0,4.0,13.0,363.5,21.5,342,385,72.71,322.0,ACT,7.0,0.9285714285714286,0.9285714285714286,1.0833333333333335,0.0,6.5,6.5,6.5,6.0,4.0,25.0,0.0,0.027906976744186046,0.0,0.0,0.0,0.0,0.0,0.0,0.0,0.0,0.0,0.25411764705882356,14.0,1.0214285714285716,1.0214285714285716,14.3,17.0,0.03571428571428571,0.0
462,Drew Sample,TE,CIN,30.4,2019.0,2.0,6.0,364.33,8.22,355,375,72.4,,ACT,12.0,2.658333333333333,2.658333333333333,4.583333333333333,0.875,31.9,31.9,31.9,20.0,15.0,106.0,1.0,0.046296296296296294,1.0,3.0,0.0,0.0,0.0,0.0,0.0,0.0,0.0,0.5358823529411765,11.0,3.3181818181818183,3.3181818181818183,36.5,22.0,0.05392156862745098,1.0
463,Jimmy Horn Jr.,WR,CAR,24.0,2025.0,6.0,5.0,365.25,16.9,346,384,157.33,326.0,ACT,10.0,2.87,2.87,3.7000000000000006,1.8750000000000002,28.7,28.7,28.7,15.0,11.0,108.0,0.0,0.06,8.0,69.0,0.0,0.0,0.0,0.0,0.0,0.0,0.0,0.19230769230769232,,,,,,,
464,Mitchell Evans,TE,CAR,23.3,2025.0,5.0,5.0,365.47,23.45,305,395,55.2,290.0,ACT,14.0,3.442857142857143,3.442857142857143,6.366666666666667,1.525,48.2,48.2,48.2,25.0,19.0,171.0,2.0,0.06188118811881188,1.0,1.0,0.0,0.0,0.0,0.0,0.0,0.0,0.0,0.37411764705882355,,,,,,,
465,Tyson Bagent,QB,CHI,26.3,,,10.0,366.0,19.0,347,385,56.78,354.0,ACT,2.0,1.29,1.29,1.29,1.0450000000000002,2.58,2.58,2.58,0.0,0.0,0.0,0.0,0.0,2.0,7.0,0.0,47.0,0.0,0.0,0.0,0.0,0.0,0.06666666666666667,4.0,-0.06500000000000002,-0.06500000000000002,-0.26,0.0,0.0,6.0
466,Zach Ertz,TE,FA,35.8,2013.0,2.0,,367.8,11.92,349,384,56.13,321.0,,13.0,9.838461538461539,9.876923076923077,15.083333333333334,6.1,127.9,128.4,126.39999999999999,72.0,50.0,504.0,4.0,0.20224719101123595,0.0,0.0,0.0,0.0,0.0,0.0,0.0,1.0,0.0,0.6646153846153846,17.0,10.435294117647059,10.435294117647059,177.4,91.0,0.18091451292246521,0.0
467,KeAndre Lambert-Smith,WR,LAC,24.9,2025.0,5.0,7.0,368.0,17.0,351,385,159.14,,ACT,10.0,1.61,1.61,2.6833333333333336,0.0,16.1,16.1,16.1,12.0,5.0,51.0,1.0,0.0380952380952381,0.0,0.0,0.0,0.0,0.0,0.0,0.0,0.0,0.0,0.188,,,,,,,
468,Tanner Koziol,TE,JAX,22.6,2026.0,5.0,7.0,368.2,7.78,354,377,61.36,,ACT,,,,,,,,,,,,,,,,,,,,,,,,,,,,,,
469,Riley Leonard,QB,IND,24.0,2025.0,6.0,13.0,371.2,11.03,351,381,45.44,328.0,ACT,5.0,6.2,7.0,6.2,0.0,31.0,35.0,31.0,0.0,0.0,-3.0,0.0,0.0,6.0,27.0,2.0,415.0,2.0,3.0,0.0,0.0,0.0,0.394,,,,,,,
470,Jackson Hawes,TE,BUF,25.8,2025.0,5.0,7.0,372.8,11.48,357,390,64.15,305.0,ACT,13.0,4.053846153846154,4.053846153846154,6.25,2.0,52.7,52.7,52.7,19.0,16.0,187.0,3.0,0.05277777777777778,0.0,0.0,0.0,0.0,0.0,0.0,0.0,0.0,0.0,0.4388235294117647,,,,,,,
471,Luke Schoonmaker,TE,DAL,28.0,2023.0,2.0,14.0,375.5,3.5,372,379,65.5,323.0,ACT,14.0,1.942857142857143,1.942857142857143,3.216666666666667,1.1500000000000001,27.200000000000003,27.200000000000003,27.2,23.0,14.0,132.0,0.0,0.04483430799220273,0.0,0.0,0.0,0.0,0.0,0.0,0.0,0.0,0.0,0.32941176470588235,12.0,4.758333333333334,4.758333333333334,57.1,36.0,0.07947019867549669,0.0
472,Nate Boerkircher,TE,JAX,25.0,2026.0,2.0,7.0,377.0,13.64,362,395,67.82,,ACT,,,,,,,,,,,,,,,,,,,,,,,,,,,,,,
473,Frank Gore Jr.,RB,BUF,24.5,,,7.0,377.5,11.5,366,389,125.5,,DEV,,,,,,,,,,,,,,,,,,,,,,,,,,,,,,
474,Josh Cameron,WR,JAX,23.5,2026.0,6.0,7.0,377.5,4.5,373,382,159.4,,ACT,,,,,,,,,,,,,,,,,,,,,,,,,,,,,,
475,Jeremy Ruckert,TE,NYJ,26.1,2022.0,3.0,13.0,377.67,5.44,370,382,69.86,,ACT,14.0,3.3500000000000005,3.3500000000000005,5.25,1.7,46.900000000000006,46.900000000000006,46.9,29.0,23.0,179.0,1.0,0.07611548556430446,0.0,0.0,0.0,0.0,0.0,0.0,0.0,0.0,0.0,0.4717647058823529,14.0,2.0357142857142856,2.0357142857142856,28.5,28.0,0.059574468085106386,0.0
476,Jaret Patterson,RB,LAC,26.7,,,7.0,378.5,14.5,364,393,125.6,,,6.0,4.283333333333333,4.283333333333333,4.283333333333334,0.825,25.7,25.7,25.7,4.0,3.0,8.0,0.0,0.022988505747126436,41.0,159.0,1.0,0.0,0.0,0.0,0.0,0.0,0.0,0.28,,,,,,,
477,Trey Lance,QB,LAC,26.3,2021.0,1.0,7.0,378.5,10.5,368,389,50.57,,ACT,4.0,3.385,3.385,3.385,1.375,13.54,13.54,13.54,0.0,0.0,0.0,0.0,0.0,17.0,85.0,0.0,226.0,0.0,1.0,0.0,0.0,0.0,0.3775,4.0,3.185,3.185,12.74,0.0,0.0,11.0
478,Tanner Hudson,TE,CIN,31.8,,,6.0,380.67,4.5,375,386,77.83,,CUT,10.0,4.779999999999999,4.779999999999999,6.75,1.95,47.8,47.8,47.8,24.0,19.0,168.0,2.0,0.06486486486486487,0.0,0.0,0.0,0.0,0.0,0.0,0.0,0.0,0.0,0.14733333333333334,9.0,4.277777777777778,4.277777777777778,38.5,23.0,0.06571428571428571,1.0
479,Velus Jones Jr.,WR,SEA,29.3,2022.0,3.0,11.0,381.0,3.0,378,384,166.5,,DEV,5.0,0.64,0.64,0.64,0.0,3.2,3.2,3.2,0.0,0.0,0.0,0.0,0.0,4.0,32.0,0.0,0.0,0.0,0.0,0.0,0.0,0.0,0.01875,2.0,1.4500000000000002,1.4500000000000002,2.9,1.0,0.0196078431372549,3.0
480,Adam Trautman,TE,DEN,29.6,2020.0,3.0,10.0,383.0,17.83,361,413,64.0,,ACT,13.0,3.5,3.5,5.916666666666667,1.5,45.5,45.5,45.5,23.0,20.0,195.0,1.0,0.05145413870246085,0.0,0.0,0.0,0.0,0.0,0.0,0.0,0.0,0.0,0.5729411764705883,13.0,3.369230769230769,3.369230769230769,43.8,22.0,0.052132701421800945,0.0
481,Jaydn Ott,RB,KC,23.7,,,5.0,383.5,5.5,378,389,125.4,,DEV,,,,,,,,,,,,,,,,,,,,,,,,,,,,,,
482,Lil'Jordan Humphrey,WR,DEN,28.4,,,10.0,389.5,16.5,373,406,158.0,,ACT,7.0,4.942857142857143,4.942857142857143,5.766666666666667,0.95,34.6,34.6,34.599999999999994,25.0,13.0,156.0,1.0,0.1,0.0,0.0,0.0,0.0,0.0,0.0,0.0,0.0,0.0,0.484,14.0,4.5928571428571425,4.5928571428571425,64.3,45.0,0.10204081632653061,0.0
